symbol,date,open,high,low,close,adj_close,volume,created_at
FPT.VN,2010-02-22,11646.14453125,11646.14453125,11439.408203125,11508.3203125,6976.84033203125,1133835,2026-08-06 16:24:45.638407
FPT.VN,2010-02-23,11232.671875,11301.583984375,11025.935546875,11094.84765625,6726.1767578125,937571,2026-08-06 16:24:45.638407
FPT.VN,2010-02-24,11025.935546875,11163.759765625,11025.935546875,11094.84765625,6726.1767578125,1362024,2026-08-06 16:24:45.638407
FPT.VN,2010-02-25,11094.84765625,11232.671875,10957.0234375,11094.84765625,6726.1767578125,1948932,2026-08-06 16:24:45.638407
FPT.VN,2010-02-26,11025.935546875,11025.935546875,10750.287109375,10750.287109375,6517.2890625,4971986,2026-08-06 16:24:45.638407
FPT.VN,2010-03-01,11094.84765625,11094.84765625,11025.935546875,11025.935546875,6684.39794921875,503177,2026-08-06 16:24:45.638407
FPT.VN,2010-03-02,11025.935546875,11025.935546875,10957.0234375,11025.935546875,6684.39794921875,1409404,2026-08-06 16:24:45.638407
FPT.VN,2010-03-03,11163.759765625,11163.759765625,11094.84765625,11163.759765625,6767.9521484375,1513304,2026-08-06 16:24:45.638407
FPT.VN,2010-03-04,11301.583984375,11370.49609375,11163.759765625,11370.49609375,6893.287109375,2242929,2026-08-06 16:24:45.638407
FPT.VN,2010-03-05,11370.49609375,11439.408203125,11301.583984375,11301.583984375,6851.50830078125,2007702,2026-08-06 16:24:45.638407
FPT.VN,2010-03-08,11301.583984375,11439.408203125,11301.583984375,11370.49609375,6893.287109375,2113489,2026-08-06 16:24:45.638407
FPT.VN,2010-03-09,11439.408203125,11577.232421875,11439.408203125,11577.232421875,7018.6181640625,3222801,2026-08-06 16:24:45.638407
FPT.VN,2010-03-10,11783.96875,12128.529296875,11646.14453125,12128.529296875,7352.84033203125,8656462,2026-08-06 16:24:45.638407
FPT.VN,2010-03-11,12335.265625,12404.177734375,12128.529296875,12266.353515625,7436.39306640625,1751579,2026-08-06 16:24:45.638407
FPT.VN,2010-03-12,12335.265625,12335.265625,12128.529296875,12266.353515625,7436.39306640625,2446595,2026-08-06 16:24:45.638407
FPT.VN,2010-03-15,12266.353515625,12266.353515625,11990.705078125,12128.529296875,7352.84033203125,1729739,2026-08-06 16:24:45.638407
FPT.VN,2010-03-16,11852.880859375,11921.79296875,11577.232421875,11577.232421875,7018.6181640625,4660284,2026-08-06 16:24:45.638407
FPT.VN,2010-03-17,11783.96875,11852.880859375,11577.232421875,11646.14453125,7060.39697265625,2485049,2026-08-06 16:24:45.638407
FPT.VN,2010-03-18,11646.14453125,11921.79296875,11646.14453125,11921.79296875,7227.50732421875,693637,2026-08-06 16:24:45.638407
FPT.VN,2010-03-19,11990.705078125,11990.705078125,11783.96875,11852.880859375,7185.72998046875,1408243,2026-08-06 16:24:45.638407
FPT.VN,2010-03-22,11783.96875,11783.96875,11577.232421875,11577.232421875,7018.6181640625,1037626,2026-08-06 16:24:45.638407
FPT.VN,2010-03-23,11577.232421875,11715.056640625,11370.49609375,11439.408203125,6935.06396484375,931113,2026-08-06 16:24:45.638407
FPT.VN,2010-03-24,11646.14453125,11783.96875,11577.232421875,11715.056640625,7102.17578125,1757891,2026-08-06 16:24:45.638407
FPT.VN,2010-03-25,11715.056640625,11715.056640625,11439.408203125,11508.3203125,6976.84033203125,1784882,2026-08-06 16:24:45.638407
FPT.VN,2010-03-26,11439.408203125,11508.3203125,11301.583984375,11439.408203125,6935.06396484375,1106989,2026-08-06 16:24:45.638407
FPT.VN,2010-03-29,11577.232421875,11715.056640625,11508.3203125,11646.14453125,7060.39697265625,650248,2026-08-06 16:24:45.638407
FPT.VN,2010-03-30,11646.14453125,11646.14453125,11370.49609375,11508.3203125,6976.84033203125,1558144,2026-08-06 16:24:45.638407
FPT.VN,2010-03-31,11577.232421875,11577.232421875,11508.3203125,11508.3203125,6976.84033203125,1305213,2026-08-06 16:24:45.638407
FPT.VN,2010-04-01,11577.232421875,11715.056640625,11577.232421875,11715.056640625,7102.17578125,2080694,2026-08-06 16:24:45.638407
FPT.VN,2010-04-02,11852.880859375,11921.79296875,11715.056640625,11852.880859375,7185.72998046875,2224355,2026-08-06 16:24:45.638407
FPT.VN,2010-04-05,11921.79296875,11921.79296875,11852.880859375,11852.880859375,7185.72998046875,1210527,2026-08-06 16:24:45.638407
FPT.VN,2010-04-06,11852.880859375,11990.705078125,11852.880859375,11852.880859375,7185.72998046875,2064368,2026-08-06 16:24:45.638407
FPT.VN,2010-04-07,11852.880859375,11921.79296875,11852.880859375,11921.79296875,7227.50732421875,1096251,2026-08-06 16:24:45.638407
FPT.VN,2010-04-08,11852.880859375,11990.705078125,11852.880859375,11852.880859375,7185.72998046875,989086,2026-08-06 16:24:45.638407
FPT.VN,2010-04-09,11852.880859375,11921.79296875,11852.880859375,11852.880859375,7185.72998046875,784840,2026-08-06 16:24:45.638407
FPT.VN,2010-04-12,11990.705078125,11990.705078125,11921.79296875,11990.705078125,7269.28564453125,1371602,2026-08-06 16:24:45.638407
FPT.VN,2010-04-13,11990.705078125,12059.6171875,11921.79296875,12059.6171875,7311.0615234375,1921070,2026-08-06 16:24:45.638407
FPT.VN,2010-04-14,11990.705078125,12059.6171875,11921.79296875,12059.6171875,7311.0615234375,978783,2026-08-06 16:24:45.638407
FPT.VN,2010-04-15,12128.529296875,12128.529296875,11990.705078125,12059.6171875,7311.0615234375,1485588,2026-08-06 16:24:45.638407
FPT.VN,2010-04-16,12128.529296875,12128.529296875,11990.705078125,11990.705078125,7269.28564453125,727666,2026-08-06 16:24:45.638407
FPT.VN,2010-04-19,11990.705078125,11990.705078125,11852.880859375,11852.880859375,7185.72998046875,1843290,2026-08-06 16:24:45.638407
FPT.VN,2010-04-20,11646.14453125,11852.880859375,11646.14453125,11852.880859375,7185.72998046875,894908,2026-08-06 16:24:45.638407
FPT.VN,2010-04-21,11852.880859375,11921.79296875,11783.96875,11852.880859375,7185.72998046875,1119542,2026-08-06 16:24:45.638407
FPT.VN,2010-04-22,11852.880859375,12128.529296875,11852.880859375,12128.529296875,7352.84033203125,1935944,2026-08-06 16:24:45.638407
FPT.VN,2010-04-23,12128.529296875,12128.529296875,12128.529296875,12128.529296875,7352.84033203125,0,2026-08-06 16:24:45.638407
FPT.VN,2010-04-26,12128.529296875,12266.353515625,12128.529296875,12197.44140625,7394.61767578125,1942474,2026-08-06 16:24:45.638407
FPT.VN,2010-04-27,12197.44140625,12335.265625,12197.44140625,12197.44140625,7394.61767578125,2440282,2026-08-06 16:24:45.638407
FPT.VN,2010-04-28,12128.529296875,12197.44140625,12059.6171875,12197.44140625,7394.61767578125,1137898,2026-08-06 16:24:45.638407
FPT.VN,2010-04-29,12266.353515625,12266.353515625,12128.529296875,12128.529296875,7352.84033203125,3348758,2026-08-06 16:24:45.638407
FPT.VN,2010-04-30,12128.529296875,12128.529296875,12128.529296875,12128.529296875,7352.84033203125,0,2026-08-06 16:24:45.638407
FPT.VN,2010-05-03,12128.529296875,12128.529296875,12128.529296875,12128.529296875,7352.84033203125,0,2026-08-06 16:24:45.638407
FPT.VN,2010-05-04,12473.08984375,12473.08984375,12197.44140625,12197.44140625,7394.61767578125,739637,2026-08-06 16:24:45.638407
FPT.VN,2010-05-05,12197.44140625,12266.353515625,12128.529296875,12266.353515625,7436.39306640625,2240245,2026-08-06 16:24:45.638407
FPT.VN,2010-05-06,12128.529296875,12266.353515625,12059.6171875,12059.6171875,7311.0615234375,2173711,2026-08-06 16:24:45.638407
FPT.VN,2010-05-07,11921.79296875,11990.705078125,11783.96875,11921.79296875,7227.50732421875,1529774,2026-08-06 16:24:45.638407
FPT.VN,2010-05-10,11921.79296875,11921.79296875,11577.232421875,11783.96875,7143.95263671875,2436799,2026-08-06 16:24:45.638407
FPT.VN,2010-05-11,9165.3095703125,9234.2216796875,8820.7490234375,8820.7490234375,5347.51904296875,1131731,2026-08-06 16:24:45.638407
FPT.VN,2010-05-12,8820.7490234375,8889.6611328125,8614.0126953125,8889.6611328125,5389.29736328125,679198,2026-08-06 16:24:45.638407
FPT.VN,2010-05-13,8820.7490234375,8820.7490234375,8545.1005859375,8751.8369140625,5305.74169921875,665558,2026-08-06 16:24:45.638407
FPT.VN,2010-05-14,8751.8369140625,8889.6611328125,8751.8369140625,8751.8369140625,5305.74169921875,316199,2026-08-06 16:24:45.638407
FPT.VN,2010-05-17,8751.8369140625,8751.8369140625,8407.2763671875,8407.2763671875,5096.85498046875,987127,2026-08-06 16:24:45.638407
FPT.VN,2010-05-18,8338.3642578125,8476.1884765625,8269.4521484375,8407.2763671875,5096.85498046875,2044561,2026-08-06 16:24:45.638407
FPT.VN,2010-05-19,8131.6279296875,8269.4521484375,8131.6279296875,8200.5400390625,4971.5224609375,2045576,2026-08-06 16:24:45.638407
FPT.VN,2010-05-20,7993.8037109375,8476.1884765625,7993.8037109375,8476.1884765625,5138.63232421875,646112,2026-08-06 16:24:45.638407
FPT.VN,2010-05-21,8200.5400390625,8407.2763671875,8131.6279296875,8407.2763671875,5096.85498046875,1978462,2026-08-06 16:24:45.638407
FPT.VN,2010-05-24,8338.3642578125,8476.1884765625,8269.4521484375,8476.1884765625,5138.63232421875,1099371,2026-08-06 16:24:45.638407
FPT.VN,2010-05-25,8476.1884765625,8476.1884765625,8476.1884765625,8476.1884765625,5138.63232421875,0,2026-08-06 16:24:45.638407
FPT.VN,2010-05-26,9096.3974609375,9096.3974609375,8820.7490234375,8889.6611328125,5389.29736328125,1820507,2026-08-06 16:24:45.638407
FPT.VN,2010-05-27,8889.6611328125,9027.4853515625,8820.7490234375,9027.4853515625,5472.85107421875,5446721,2026-08-06 16:24:45.638407
FPT.VN,2010-05-28,9234.2216796875,9234.2216796875,9027.4853515625,9096.3974609375,5514.6298828125,3447072,2026-08-06 16:24:45.638407
FPT.VN,2010-05-31,9096.3974609375,9096.3974609375,8958.5732421875,8958.5732421875,5431.07373046875,1427615,2026-08-06 16:24:45.638407
FPT.VN,2010-06-01,8958.5732421875,9096.3974609375,8889.6611328125,9096.3974609375,5514.6298828125,1513449,2026-08-06 16:24:45.638407
FPT.VN,2010-06-02,9027.4853515625,9165.3095703125,9027.4853515625,9096.3974609375,5514.6298828125,2121253,2026-08-06 16:24:45.638407
FPT.VN,2010-06-03,9096.3974609375,9234.2216796875,9096.3974609375,9234.2216796875,5598.18408203125,2449352,2026-08-06 16:24:45.638407
FPT.VN,2010-06-04,9234.2216796875,9303.1337890625,9234.2216796875,9234.2216796875,5598.18408203125,1461717,2026-08-06 16:24:45.638407
FPT.VN,2010-06-07,9096.3974609375,9096.3974609375,8889.6611328125,8889.6611328125,5389.29736328125,1756077,2026-08-06 16:24:45.638407
FPT.VN,2010-06-08,8889.6611328125,8958.5732421875,8889.6611328125,8958.5732421875,5431.07373046875,1464401,2026-08-06 16:24:45.638407
FPT.VN,2010-06-09,9096.3974609375,9165.3095703125,9027.4853515625,9096.3974609375,5514.6298828125,1025001,2026-08-06 16:24:45.638407
FPT.VN,2010-06-10,9096.3974609375,9234.2216796875,9096.3974609375,9165.3095703125,5556.40771484375,1211615,2026-08-06 16:24:45.638407
FPT.VN,2010-06-11,9303.1337890625,9303.1337890625,9165.3095703125,9234.2216796875,5598.18408203125,994527,2026-08-06 16:24:45.638407
FPT.VN,2010-06-14,9372.0458984375,9440.9580078125,9372.0458984375,9440.9580078125,5723.51708984375,1617495,2026-08-06 16:24:45.638407
FPT.VN,2010-06-15,9440.9580078125,9440.9580078125,9440.9580078125,9440.9580078125,5723.51708984375,0,2026-08-06 16:24:45.638407
FPT.VN,2010-06-16,9234.2216796875,9303.1337890625,9165.3095703125,9165.3095703125,5556.40771484375,971817,2026-08-06 16:24:45.638407
FPT.VN,2010-06-17,9372.0458984375,9440.9580078125,9303.1337890625,9440.9580078125,5723.51708984375,2061756,2026-08-06 16:24:45.638407
FPT.VN,2010-06-18,9509.8701171875,9509.8701171875,9303.1337890625,9303.1337890625,5639.96240234375,1398085,2026-08-06 16:24:45.638407
FPT.VN,2010-06-21,9509.8701171875,9509.8701171875,9372.0458984375,9509.8701171875,5765.2939453125,1379801,2026-08-06 16:24:45.638407
FPT.VN,2010-06-22,9509.8701171875,9647.6943359375,9440.9580078125,9647.6943359375,5848.84912109375,1978389,2026-08-06 16:24:45.638407
FPT.VN,2010-06-23,9509.8701171875,9578.7822265625,9303.1337890625,9303.1337890625,5639.96240234375,622894,2026-08-06 16:24:45.638407
FPT.VN,2010-06-24,9303.1337890625,9716.6064453125,9303.1337890625,9578.7822265625,5807.07177734375,2292267,2026-08-06 16:24:45.638407
FPT.VN,2010-06-25,9440.9580078125,9578.7822265625,9372.0458984375,9440.9580078125,5723.51708984375,825544,2026-08-06 16:24:45.638407
FPT.VN,2010-06-28,9372.0458984375,9440.9580078125,9372.0458984375,9372.0458984375,5681.73974609375,386071,2026-08-06 16:24:45.638407
FPT.VN,2010-06-29,9509.8701171875,9647.6943359375,9440.9580078125,9578.7822265625,5807.07177734375,3496773,2026-08-06 16:24:45.638407
FPT.VN,2010-06-30,9578.7822265625,9578.7822265625,9303.1337890625,9509.8701171875,5765.2939453125,757994,2026-08-06 16:24:45.638407
FPT.VN,2010-07-01,9372.0458984375,9647.6943359375,9372.0458984375,9647.6943359375,5848.84912109375,2005525,2026-08-06 16:24:45.638407
FPT.VN,2010-07-02,9509.8701171875,9509.8701171875,9303.1337890625,9372.0458984375,5681.73974609375,967972,2026-08-06 16:24:45.638407
FPT.VN,2010-07-05,9509.8701171875,9509.8701171875,9372.0458984375,9440.9580078125,5723.51708984375,1202256,2026-08-06 16:24:45.638407
FPT.VN,2010-07-06,9509.8701171875,9509.8701171875,9303.1337890625,9372.0458984375,5681.73974609375,1861429,2026-08-06 16:24:45.638407
FPT.VN,2010-07-07,9509.8701171875,9509.8701171875,9303.1337890625,9303.1337890625,5639.96240234375,856888,2026-08-06 16:24:45.638407
FPT.VN,2010-07-08,9440.9580078125,9647.6943359375,9440.9580078125,9578.7822265625,5807.07177734375,1236647,2026-08-06 16:24:45.638407
FPT.VN,2010-07-09,9578.7822265625,9578.7822265625,9440.9580078125,9509.8701171875,5765.2939453125,312934,2026-08-06 16:24:45.638407
FPT.VN,2010-07-12,9303.1337890625,9440.9580078125,9303.1337890625,9440.9580078125,5723.51708984375,512536,2026-08-06 16:24:45.638407
FPT.VN,2010-07-13,9647.6943359375,9647.6943359375,9509.8701171875,9578.7822265625,5807.07177734375,3489009,2026-08-06 16:24:45.638407
FPT.VN,2010-07-14,9578.7822265625,9578.7822265625,9440.9580078125,9440.9580078125,5723.51708984375,573121,2026-08-06 16:24:45.638407
FPT.VN,2010-07-15,9372.0458984375,9578.7822265625,9372.0458984375,9578.7822265625,5807.07177734375,1043213,2026-08-06 16:24:45.638407
FPT.VN,2010-07-16,9578.7822265625,9578.7822265625,9509.8701171875,9578.7822265625,5807.07177734375,412336,2026-08-06 16:24:45.638407
FPT.VN,2010-07-19,9578.7822265625,9647.6943359375,9509.8701171875,9647.6943359375,5848.84912109375,845279,2026-08-06 16:24:45.638407
FPT.VN,2010-07-20,9647.6943359375,9647.6943359375,9509.8701171875,9647.6943359375,5848.84912109375,908911,2026-08-06 16:24:45.638407
FPT.VN,2010-07-21,9578.7822265625,9578.7822265625,9509.8701171875,9578.7822265625,5807.07177734375,957524,2026-08-06 16:24:45.638407
FPT.VN,2010-07-22,9647.6943359375,9716.6064453125,9578.7822265625,9647.6943359375,5848.84912109375,2887736,2026-08-06 16:24:45.638407
FPT.VN,2010-07-23,9716.6064453125,9716.6064453125,9647.6943359375,9716.6064453125,5890.62744140625,1307970,2026-08-06 16:24:45.638407
FPT.VN,2010-07-26,9716.6064453125,9716.6064453125,9716.6064453125,9716.6064453125,5890.62744140625,0,2026-08-06 16:24:45.638407
FPT.VN,2010-07-27,9785.5185546875,9992.2548828125,9716.6064453125,9992.2548828125,6057.7373046875,6848724,2026-08-06 16:24:45.638407
FPT.VN,2010-07-28,9785.5185546875,9992.2548828125,9716.6064453125,9785.5185546875,5932.40478515625,1194782,2026-08-06 16:24:45.638407
FPT.VN,2010-07-29,9785.5185546875,10267.9033203125,9785.5185546875,10267.9033203125,6224.845703125,3662636,2026-08-06 16:24:45.638407
FPT.VN,2010-07-30,10474.6396484375,10750.287109375,10336.8154296875,10612.4638671875,6433.73486328125,5244144,2026-08-06 16:24:45.638407
FPT.VN,2010-08-02,10405.7275390625,10612.4638671875,10405.7275390625,10543.5517578125,6391.9560546875,1440167,2026-08-06 16:24:45.638407
FPT.VN,2010-08-03,10750.287109375,11025.935546875,10681.375,10750.287109375,6517.2890625,3129421,2026-08-06 16:24:45.638407
FPT.VN,2010-08-04,10612.4638671875,10750.287109375,10336.8154296875,10405.7275390625,6308.40283203125,2006324,2026-08-06 16:24:45.638407
FPT.VN,2010-08-05,10750.287109375,10888.111328125,10612.4638671875,10888.111328125,6600.8447265625,2200266,2026-08-06 16:24:45.638407
FPT.VN,2010-08-06,10750.287109375,10750.287109375,10474.6396484375,10612.4638671875,6433.73486328125,2010242,2026-08-06 16:24:45.638407
FPT.VN,2010-08-09,10474.6396484375,10474.6396484375,10267.9033203125,10336.8154296875,6266.62548828125,1741929,2026-08-06 16:24:45.638407
FPT.VN,2010-08-10,10267.9033203125,10267.9033203125,10061.1669921875,10198.9912109375,6183.06884765625,2243510,2026-08-06 16:24:45.638407
FPT.VN,2010-08-11,10336.8154296875,10336.8154296875,10198.9912109375,10198.9912109375,6183.06884765625,239435,2026-08-06 16:24:45.638407
FPT.VN,2010-08-12,10130.0791015625,10130.0791015625,9785.5185546875,9785.5185546875,5932.40478515625,1511418,2026-08-06 16:24:45.638407
FPT.VN,2010-08-13,9647.6943359375,9854.4306640625,9578.7822265625,9785.5185546875,5932.40478515625,1256383,2026-08-06 16:24:45.638407
FPT.VN,2010-08-16,9785.5185546875,10130.0791015625,9716.6064453125,10130.0791015625,6141.29345703125,947003,2026-08-06 16:24:45.638407
FPT.VN,2010-08-17,10267.9033203125,10336.8154296875,10061.1669921875,10336.8154296875,6266.62548828125,1059683,2026-08-06 16:24:45.638407
FPT.VN,2010-08-18,10198.9912109375,10198.9912109375,9992.2548828125,9992.2548828125,6057.7373046875,448469,2026-08-06 16:24:45.638407
FPT.VN,2010-08-19,9854.4306640625,9992.2548828125,9854.4306640625,9923.3427734375,6015.958984375,727013,2026-08-06 16:24:45.638407
FPT.VN,2010-08-20,9923.3427734375,10336.8154296875,9716.6064453125,10336.8154296875,6266.62548828125,1034941,2026-08-06 16:24:45.638407
FPT.VN,2010-08-23,10198.9912109375,10198.9912109375,10061.1669921875,10061.1669921875,6099.515625,774319,2026-08-06 16:24:45.638407
FPT.VN,2010-08-24,9923.3427734375,9923.3427734375,9647.6943359375,9647.6943359375,5848.84912109375,1770588,2026-08-06 16:24:45.638407
FPT.VN,2010-08-25,9716.6064453125,9716.6064453125,9303.1337890625,9578.7822265625,5807.07177734375,1892846,2026-08-06 16:24:45.638407
FPT.VN,2010-08-26,9440.9580078125,9785.5185546875,9440.9580078125,9647.6943359375,5848.84912109375,1527162,2026-08-06 16:24:45.638407
FPT.VN,2010-08-27,9509.8701171875,9716.6064453125,9509.8701171875,9647.6943359375,5848.84912109375,669476,2026-08-06 16:24:45.638407
FPT.VN,2010-08-30,9923.3427734375,10130.0791015625,9854.4306640625,9923.3427734375,6015.958984375,1396271,2026-08-06 16:24:45.638407
FPT.VN,2010-08-31,9923.3427734375,10336.8154296875,9923.3427734375,10336.8154296875,6266.62548828125,4285676,2026-08-06 16:24:45.638407
FPT.VN,2010-09-01,10198.9912109375,10267.9033203125,9854.4306640625,10267.9033203125,6224.845703125,2545924,2026-08-06 16:24:45.638407
FPT.VN,2010-09-02,10267.9033203125,10267.9033203125,10267.9033203125,10267.9033203125,6224.845703125,0,2026-08-06 16:24:45.638407
FPT.VN,2010-09-03,10267.9033203125,10267.9033203125,10267.9033203125,10267.9033203125,6224.845703125,0,2026-08-06 16:24:45.638407
FPT.VN,2010-09-06,10405.7275390625,10681.375,10198.9912109375,10198.9912109375,6183.06884765625,3424507,2026-08-06 16:24:45.638407
FPT.VN,2010-09-07,10198.9912109375,10198.9912109375,10061.1669921875,10061.1669921875,6099.515625,2076123,2026-08-06 16:24:45.638407
FPT.VN,2010-09-08,9923.3427734375,10061.1669921875,9923.3427734375,9992.2548828125,6057.7373046875,1266831,2026-08-06 16:24:45.638407
FPT.VN,2010-09-09,10130.0791015625,10130.0791015625,10061.1669921875,10130.0791015625,6141.29345703125,780994,2026-08-06 16:24:45.638407
FPT.VN,2010-09-10,10130.0791015625,10198.9912109375,9992.2548828125,9992.2548828125,6057.7373046875,1059610,2026-08-06 16:24:45.638407
FPT.VN,2010-09-13,10267.9033203125,10267.9033203125,9923.3427734375,10061.1669921875,6099.515625,645242,2026-08-06 16:24:45.638407
FPT.VN,2010-09-14,10061.1669921875,10130.0791015625,9923.3427734375,10061.1669921875,6099.515625,323237,2026-08-06 16:24:45.638407
FPT.VN,2010-09-15,10130.0791015625,10130.0791015625,9923.3427734375,10061.1669921875,6099.515625,741016,2026-08-06 16:24:45.638407
FPT.VN,2010-09-16,10061.1669921875,10130.0791015625,9923.3427734375,9923.3427734375,6015.958984375,779688,2026-08-06 16:24:45.638407
FPT.VN,2010-09-17,9923.3427734375,10130.0791015625,9923.3427734375,10130.0791015625,6141.29345703125,1219742,2026-08-06 16:24:45.638407
FPT.VN,2010-09-20,9992.2548828125,10130.0791015625,9923.3427734375,10061.1669921875,6099.515625,508111,2026-08-06 16:24:45.638407
FPT.VN,2010-09-21,10130.0791015625,10130.0791015625,9923.3427734375,9923.3427734375,6015.958984375,1384009,2026-08-06 16:24:45.638407
FPT.VN,2010-09-22,9785.5185546875,9923.3427734375,9785.5185546875,9854.4306640625,5974.181640625,1603346,2026-08-06 16:24:45.638407
FPT.VN,2010-09-23,9854.4306640625,9854.4306640625,9854.4306640625,9854.4306640625,5974.181640625,0,2026-08-06 16:24:45.638407
FPT.VN,2010-09-24,9716.6064453125,9854.4306640625,9647.6943359375,9716.6064453125,5890.62744140625,1540150,2026-08-06 16:24:45.638407
FPT.VN,2010-09-27,9785.5185546875,9785.5185546875,9647.6943359375,9647.6943359375,5848.84912109375,971672,2026-08-06 16:24:45.638407
FPT.VN,2010-09-28,9716.6064453125,9785.5185546875,9647.6943359375,9785.5185546875,5932.40478515625,1404034,2026-08-06 16:24:45.638407
FPT.VN,2010-09-29,9785.5185546875,9785.5185546875,9647.6943359375,9716.6064453125,5890.62744140625,1623952,2026-08-06 16:24:45.638407
FPT.VN,2010-09-30,9785.5185546875,9854.4306640625,9785.5185546875,9785.5185546875,5932.40478515625,1970771,2026-08-06 16:24:45.638407
FPT.VN,2010-10-01,9923.3427734375,9923.3427734375,9716.6064453125,9785.5185546875,5932.40478515625,1356655,2026-08-06 16:24:45.638407
FPT.VN,2010-10-04,9785.5185546875,9785.5185546875,9647.6943359375,9785.5185546875,5932.40478515625,1681417,2026-08-06 16:24:45.638407
FPT.VN,2010-10-05,9647.6943359375,9923.3427734375,9647.6943359375,9923.3427734375,6015.958984375,2232046,2026-08-06 16:24:45.638407
FPT.VN,2010-10-06,9923.3427734375,9992.2548828125,9854.4306640625,9992.2548828125,6057.7373046875,1769718,2026-08-06 16:24:45.638407
FPT.VN,2010-10-07,9785.5185546875,10198.9912109375,9785.5185546875,10130.0791015625,6141.29345703125,3263505,2026-08-06 16:24:45.638407
FPT.VN,2010-10-08,10130.0791015625,10130.0791015625,10061.1669921875,10061.1669921875,6099.515625,1518964,2026-08-06 16:24:45.638407
FPT.VN,2010-10-11,9854.4306640625,9992.2548828125,9854.4306640625,9923.3427734375,6015.958984375,875753,2026-08-06 16:24:45.638407
FPT.VN,2010-10-12,9854.4306640625,9923.3427734375,9785.5185546875,9854.4306640625,5974.181640625,709889,2026-08-06 16:24:45.638407
FPT.VN,2010-10-13,9854.4306640625,9992.2548828125,9785.5185546875,9992.2548828125,6057.7373046875,2172260,2026-08-06 16:24:45.638407
FPT.VN,2010-10-14,9992.2548828125,10061.1669921875,9923.3427734375,10061.1669921875,6099.515625,1392280,2026-08-06 16:24:45.638407
FPT.VN,2010-10-15,9923.3427734375,9992.2548828125,9785.5185546875,9854.4306640625,5974.181640625,2507542,2026-08-06 16:24:45.638407
FPT.VN,2010-10-18,9923.3427734375,9923.3427734375,9854.4306640625,9854.4306640625,5974.181640625,988070,2026-08-06 16:24:45.638407
FPT.VN,2010-10-19,9923.3427734375,9923.3427734375,9854.4306640625,9854.4306640625,5974.181640625,1866363,2026-08-06 16:24:45.638407
FPT.VN,2010-10-20,9854.4306640625,9854.4306640625,9647.6943359375,9716.6064453125,5890.62744140625,1279238,2026-08-06 16:24:45.638407
FPT.VN,2010-10-21,9647.6943359375,9716.6064453125,9578.7822265625,9578.7822265625,5807.07177734375,1532241,2026-08-06 16:24:45.638407
FPT.VN,2010-10-22,9578.7822265625,9578.7822265625,9509.8701171875,9578.7822265625,5807.07177734375,1128684,2026-08-06 16:24:45.638407
FPT.VN,2010-10-25,9578.7822265625,9647.6943359375,9440.9580078125,9578.7822265625,5807.07177734375,2119947,2026-08-06 16:24:45.638407
FPT.VN,2010-10-26,9578.7822265625,9923.3427734375,9578.7822265625,9854.4306640625,5974.181640625,2615941,2026-08-06 16:24:45.638407
FPT.VN,2010-10-27,9923.3427734375,10130.0791015625,9923.3427734375,9992.2548828125,6057.7373046875,4090210,2026-08-06 16:24:45.638407
FPT.VN,2010-10-28,9923.3427734375,10130.0791015625,9923.3427734375,10130.0791015625,6141.29345703125,3536026,2026-08-06 16:24:45.638407
FPT.VN,2010-10-29,10198.9912109375,10612.4638671875,10198.9912109375,10543.5517578125,6391.9560546875,5567527,2026-08-06 16:24:45.638407
FPT.VN,2010-11-01,10543.5517578125,10543.5517578125,10198.9912109375,10267.9033203125,6224.845703125,1828996,2026-08-06 16:24:45.638407
FPT.VN,2010-11-02,10198.9912109375,10267.9033203125,10061.1669921875,10061.1669921875,6099.515625,916892,2026-08-06 16:24:45.638407
FPT.VN,2010-11-03,10198.9912109375,10198.9912109375,9923.3427734375,10061.1669921875,6099.515625,897882,2026-08-06 16:24:45.638407
FPT.VN,2010-11-04,9992.2548828125,10130.0791015625,9992.2548828125,10130.0791015625,6141.29345703125,349865,2026-08-06 16:24:45.638407
FPT.VN,2010-11-05,10198.9912109375,10474.6396484375,10061.1669921875,10474.6396484375,6350.18017578125,3770310,2026-08-06 16:24:45.638407
FPT.VN,2010-11-08,10474.6396484375,10474.6396484375,9992.2548828125,9992.2548828125,6057.7373046875,1801207,2026-08-06 16:24:45.638407
FPT.VN,2010-11-09,10198.9912109375,10198.9912109375,9992.2548828125,10061.1669921875,6099.515625,2328110,2026-08-06 16:24:45.638407
FPT.VN,2010-11-10,10130.0791015625,10198.9912109375,10061.1669921875,10198.9912109375,6183.06884765625,1823845,2026-08-06 16:24:45.638407
FPT.VN,2010-11-11,9992.2548828125,10198.9912109375,9992.2548828125,9992.2548828125,6057.7373046875,527846,2026-08-06 16:24:45.638407
FPT.VN,2010-11-12,9923.3427734375,9923.3427734375,9716.6064453125,9923.3427734375,6015.958984375,1912799,2026-08-06 16:24:45.638407
FPT.VN,2010-11-15,9785.5185546875,9923.3427734375,9578.7822265625,9647.6943359375,5848.84912109375,1442127,2026-08-06 16:24:45.638407
FPT.VN,2010-11-16,9647.6943359375,9647.6943359375,9509.8701171875,9578.7822265625,5807.07177734375,1993263,2026-08-06 16:24:45.638407
FPT.VN,2010-11-17,9647.6943359375,9716.6064453125,9440.9580078125,9440.9580078125,5723.51708984375,2402045,2026-08-06 16:24:45.638407
FPT.VN,2010-11-18,9647.6943359375,9647.6943359375,9440.9580078125,9509.8701171875,5765.2939453125,1284534,2026-08-06 16:24:45.638407
FPT.VN,2010-11-19,9716.6064453125,9716.6064453125,9372.0458984375,9372.0458984375,5681.73974609375,2052832,2026-08-06 16:24:45.638407
FPT.VN,2010-11-22,9165.3095703125,9509.8701171875,9165.3095703125,9509.8701171875,5765.2939453125,1115116,2026-08-06 16:24:45.638407
FPT.VN,2010-11-23,9716.6064453125,9716.6064453125,9716.6064453125,9716.6064453125,5890.62744140625,1202836,2026-08-06 16:24:45.638407
FPT.VN,2010-11-24,9647.6943359375,9785.5185546875,9509.8701171875,9785.5185546875,5932.40478515625,689936,2026-08-06 16:24:45.638407
FPT.VN,2010-11-25,9716.6064453125,9785.5185546875,9647.6943359375,9647.6943359375,5848.84912109375,550483,2026-08-06 16:24:45.638407
FPT.VN,2010-11-26,9716.6064453125,9716.6064453125,9440.9580078125,9440.9580078125,5723.51708984375,893529,2026-08-06 16:24:45.638407
FPT.VN,2010-11-29,9509.8701171875,9716.6064453125,9509.8701171875,9716.6064453125,5890.62744140625,1181650,2026-08-06 16:24:45.638407
FPT.VN,2010-11-30,10130.0791015625,10130.0791015625,9647.6943359375,9647.6943359375,5848.84912109375,1765727,2026-08-06 16:24:45.638407
FPT.VN,2010-12-01,9716.6064453125,9716.6064453125,9440.9580078125,9440.9580078125,5723.51708984375,5019292,2026-08-06 16:24:45.638407
FPT.VN,2010-12-02,9578.7822265625,9647.6943359375,9440.9580078125,9509.8701171875,5765.2939453125,1290919,2026-08-06 16:24:45.638407
FPT.VN,2010-12-03,9716.6064453125,9716.6064453125,9509.8701171875,9509.8701171875,5765.2939453125,1664584,2026-08-06 16:24:45.638407
FPT.VN,2010-12-06,9509.8701171875,9509.8701171875,9303.1337890625,9440.9580078125,5723.51708984375,4483827,2026-08-06 16:24:45.638407
FPT.VN,2010-12-07,9372.0458984375,9440.9580078125,9303.1337890625,9303.1337890625,5639.96240234375,2476923,2026-08-06 16:24:45.638407
FPT.VN,2010-12-08,9372.0458984375,9372.0458984375,9234.2216796875,9234.2216796875,5598.18408203125,1051556,2026-08-06 16:24:45.638407
FPT.VN,2010-12-09,9303.1337890625,9440.9580078125,9234.2216796875,9372.0458984375,5681.73974609375,1168590,2026-08-06 16:24:45.638407
FPT.VN,2010-12-10,9440.9580078125,9440.9580078125,9303.1337890625,9440.9580078125,5723.51708984375,3044603,2026-08-06 16:24:45.638407
FPT.VN,2010-12-13,9440.9580078125,9647.6943359375,9440.9580078125,9578.7822265625,5807.07177734375,2779845,2026-08-06 16:24:45.638407
FPT.VN,2010-12-14,9578.7822265625,9578.7822265625,9372.0458984375,9509.8701171875,5765.2939453125,2783038,2026-08-06 16:24:45.638407
FPT.VN,2010-12-15,9440.9580078125,9509.8701171875,9303.1337890625,9303.1337890625,5639.96240234375,3117884,2026-08-06 16:24:45.638407
FPT.VN,2010-12-16,9165.3095703125,9303.1337890625,9027.4853515625,9027.4853515625,5472.85107421875,3289262,2026-08-06 16:24:45.638407
FPT.VN,2010-12-17,9096.3974609375,9165.3095703125,9027.4853515625,9096.3974609375,5514.6298828125,3025375,2026-08-06 16:24:45.638407
FPT.VN,2010-12-20,9096.3974609375,9234.2216796875,8889.6611328125,9096.3974609375,5514.6298828125,2989605,2026-08-06 16:24:45.638407
FPT.VN,2010-12-21,8958.5732421875,9096.3974609375,8889.6611328125,8958.5732421875,5431.07373046875,3534647,2026-08-06 16:24:45.638407
FPT.VN,2010-12-22,8958.5732421875,9027.4853515625,8889.6611328125,8889.6611328125,5389.29736328125,1821595,2026-08-06 16:24:45.638407
FPT.VN,2010-12-23,8820.7490234375,8958.5732421875,8820.7490234375,8958.5732421875,5431.07373046875,252350,2026-08-06 16:24:45.638407
FPT.VN,2010-12-24,8958.5732421875,9027.4853515625,8820.7490234375,8889.6611328125,5389.29736328125,1683086,2026-08-06 16:24:45.638407
FPT.VN,2010-12-27,8958.5732421875,8958.5732421875,8820.7490234375,8889.6611328125,5389.29736328125,1858309,2026-08-06 16:24:45.638407
FPT.VN,2010-12-28,8958.5732421875,8958.5732421875,8820.7490234375,8958.5732421875,5431.07373046875,2069665,2026-08-06 16:24:45.638407
FPT.VN,2010-12-29,8958.5732421875,8958.5732421875,8751.8369140625,8889.6611328125,5389.29736328125,2372152,2026-08-06 16:24:45.638407
FPT.VN,2010-12-30,8751.8369140625,8889.6611328125,8751.8369140625,8751.8369140625,5305.74169921875,3895977,2026-08-06 16:24:45.638407
FPT.VN,2010-12-31,8751.8369140625,8889.6611328125,8751.8369140625,8889.6611328125,5389.29736328125,2112038,2026-08-06 16:24:45.638407
FPT.VN,2011-01-03,8889.6611328125,8889.6611328125,8889.6611328125,8889.6611328125,5389.29736328125,0,2026-08-06 16:24:45.638407
FPT.VN,2011-01-04,8958.5732421875,8958.5732421875,8751.8369140625,8751.8369140625,5305.74169921875,1838138,2026-08-06 16:24:45.638407
FPT.VN,2011-01-05,8820.7490234375,8820.7490234375,8545.1005859375,8614.0126953125,5222.18798828125,2316937,2026-08-06 16:24:45.638407
FPT.VN,2011-01-06,8545.1005859375,8682.9248046875,8545.1005859375,8614.0126953125,5222.18798828125,969133,2026-08-06 16:24:45.638407
FPT.VN,2011-01-07,8545.1005859375,8614.0126953125,8545.1005859375,8545.1005859375,5180.40869140625,3498877,2026-08-06 16:24:45.638407
FPT.VN,2011-01-10,8545.1005859375,8751.8369140625,8545.1005859375,8614.0126953125,5222.18798828125,2827877,2026-08-06 16:24:45.638407
FPT.VN,2011-01-11,8614.0126953125,8682.9248046875,8476.1884765625,8614.0126953125,5222.18798828125,1801352,2026-08-06 16:24:45.638407
FPT.VN,2011-01-12,8682.9248046875,8682.9248046875,8407.2763671875,8407.2763671875,5096.85498046875,2650623,2026-08-06 16:24:45.638407
FPT.VN,2011-01-13,8338.3642578125,8476.1884765625,8338.3642578125,8338.3642578125,5055.0771484375,1502711,2026-08-06 16:24:45.638407
FPT.VN,2011-01-14,8614.0126953125,8751.8369140625,8614.0126953125,8751.8369140625,5305.74169921875,1342579,2026-08-06 16:24:45.638407
FPT.VN,2011-01-17,9165.3095703125,9165.3095703125,8958.5732421875,8958.5732421875,5431.07373046875,4284225,2026-08-06 16:24:45.638407
FPT.VN,2011-01-18,8958.5732421875,9096.3974609375,8889.6611328125,8958.5732421875,5431.07373046875,2514725,2026-08-06 16:24:45.638407
FPT.VN,2011-01-19,9096.3974609375,9096.3974609375,8889.6611328125,8889.6611328125,5389.29736328125,1775377,2026-08-06 16:24:45.638407
FPT.VN,2011-01-20,8820.7490234375,8889.6611328125,8751.8369140625,8751.8369140625,5305.74169921875,1021301,2026-08-06 16:24:45.638407
FPT.VN,2011-01-21,8958.5732421875,8958.5732421875,8820.7490234375,8820.7490234375,5347.51904296875,2070681,2026-08-06 16:24:45.638407
FPT.VN,2011-01-24,8820.7490234375,8820.7490234375,8682.9248046875,8682.9248046875,5263.96435546875,2687989,2026-08-06 16:24:45.638407
FPT.VN,2011-01-25,8614.0126953125,8751.8369140625,8614.0126953125,8614.0126953125,5222.18798828125,3176220,2026-08-06 16:24:45.638407
FPT.VN,2011-01-26,8545.1005859375,8614.0126953125,8476.1884765625,8545.1005859375,5180.40869140625,2524955,2026-08-06 16:24:45.638407
FPT.VN,2011-01-27,8476.1884765625,8958.5732421875,8476.1884765625,8958.5732421875,5431.07373046875,2806691,2026-08-06 16:24:45.638407
FPT.VN,2011-01-28,9027.4853515625,9027.4853515625,8682.9248046875,8682.9248046875,5263.96435546875,2960800,2026-08-06 16:24:45.638407
FPT.VN,2011-01-31,8682.9248046875,8682.9248046875,8682.9248046875,8682.9248046875,5263.96435546875,0,2026-08-06 16:24:45.638407
FPT.VN,2011-02-01,8682.9248046875,8682.9248046875,8682.9248046875,8682.9248046875,5263.96435546875,0,2026-08-06 16:24:45.638407
FPT.VN,2011-02-02,8682.9248046875,8682.9248046875,8682.9248046875,8682.9248046875,5263.96435546875,0,2026-08-06 16:24:45.638407
FPT.VN,2011-02-03,8682.9248046875,8682.9248046875,8682.9248046875,8682.9248046875,5263.96435546875,0,2026-08-06 16:24:45.638407
FPT.VN,2011-02-04,8682.9248046875,8682.9248046875,8682.9248046875,8682.9248046875,5263.96435546875,0,2026-08-06 16:24:45.638407
FPT.VN,2011-02-07,8682.9248046875,8682.9248046875,8682.9248046875,8682.9248046875,5263.96435546875,0,2026-08-06 16:24:45.638407
FPT.VN,2011-02-08,8751.8369140625,9096.3974609375,8751.8369140625,8751.8369140625,5305.74169921875,3483858,2026-08-06 16:24:45.638407
FPT.VN,2011-02-09,8958.5732421875,8958.5732421875,8682.9248046875,8682.9248046875,5263.96435546875,1531661,2026-08-06 16:24:45.638407
FPT.VN,2011-02-10,8682.9248046875,8751.8369140625,8614.0126953125,8614.0126953125,5222.18798828125,2852909,2026-08-06 16:24:45.638407
FPT.VN,2011-02-11,8614.0126953125,8614.0126953125,8476.1884765625,8545.1005859375,5180.40869140625,4186129,2026-08-06 16:24:45.638407
FPT.VN,2011-02-14,8682.9248046875,8682.9248046875,8407.2763671875,8476.1884765625,5138.63232421875,2110006,2026-08-06 16:24:45.638407
FPT.VN,2011-02-15,8407.2763671875,8476.1884765625,8407.2763671875,8476.1884765625,5138.63232421875,1933767,2026-08-06 16:24:45.638407
FPT.VN,2011-02-16,8476.1884765625,8545.1005859375,8407.2763671875,8407.2763671875,5096.85498046875,1299989,2026-08-06 16:24:45.638407
FPT.VN,2011-02-17,8407.2763671875,8407.2763671875,8269.4521484375,8407.2763671875,5096.85498046875,1327125,2026-08-06 16:24:45.638407
FPT.VN,2011-02-18,8269.4521484375,8407.2763671875,7993.8037109375,7993.8037109375,4846.18994140625,4896527,2026-08-06 16:24:45.638407
FPT.VN,2011-02-21,7855.9794921875,7855.9794921875,7649.2431640625,7649.2431640625,4637.3017578125,2533735,2026-08-06 16:24:45.638407
FPT.VN,2011-02-22,7373.5947265625,7649.2431640625,7304.6826171875,7442.5068359375,4511.9697265625,4748803,2026-08-06 16:24:45.638407
FPT.VN,2011-02-23,7373.5947265625,7649.2431640625,7373.5947265625,7373.5947265625,4470.19140625,2756772,2026-08-06 16:24:45.638407
FPT.VN,2011-02-24,7166.8583984375,7304.6826171875,7029.0341796875,7304.6826171875,4428.4150390625,4290683,2026-08-06 16:24:45.638407
FPT.VN,2011-02-25,7304.6826171875,7649.2431640625,7235.7705078125,7649.2431640625,4637.3017578125,2654976,2026-08-06 16:24:45.638407
FPT.VN,2011-02-28,7580.3310546875,7787.0673828125,7442.5068359375,7442.5068359375,4511.9697265625,3385109,2026-08-06 16:24:45.638407
FPT.VN,2011-03-01,7442.5068359375,7511.4189453125,7373.5947265625,7511.4189453125,4553.7470703125,1623807,2026-08-06 16:24:45.638407
FPT.VN,2011-03-02,7511.4189453125,7511.4189453125,7166.8583984375,7166.8583984375,4344.85986328125,3107509,2026-08-06 16:24:45.638407
FPT.VN,2011-03-03,7235.7705078125,7511.4189453125,7235.7705078125,7442.5068359375,4511.9697265625,1767106,2026-08-06 16:24:45.638407
FPT.VN,2011-03-04,7580.3310546875,7580.3310546875,7442.5068359375,7442.5068359375,4511.9697265625,1889653,2026-08-06 16:24:45.638407
FPT.VN,2011-03-07,7442.5068359375,7511.4189453125,7442.5068359375,7442.5068359375,4511.9697265625,963256,2026-08-06 16:24:45.638407
FPT.VN,2011-03-08,7442.5068359375,7580.3310546875,7442.5068359375,7580.3310546875,4595.5244140625,1693824,2026-08-06 16:24:45.638407
FPT.VN,2011-03-09,7580.3310546875,7580.3310546875,7235.7705078125,7442.5068359375,4511.9697265625,1277424,2026-08-06 16:24:45.638407
FPT.VN,2011-03-10,7373.5947265625,7511.4189453125,7373.5947265625,7511.4189453125,4553.7470703125,2187787,2026-08-06 16:24:45.638407
FPT.VN,2011-03-11,7580.3310546875,7580.3310546875,7442.5068359375,7442.5068359375,4511.9697265625,2096656,2026-08-06 16:24:45.638407
FPT.VN,2011-03-14,7304.6826171875,7442.5068359375,7304.6826171875,7304.6826171875,4428.4150390625,1300134,2026-08-06 16:24:45.638407
FPT.VN,2011-03-15,7235.7705078125,7304.6826171875,7235.7705078125,7235.7705078125,4386.63671875,1379873,2026-08-06 16:24:45.638407
FPT.VN,2011-03-16,7235.7705078125,7304.6826171875,7166.8583984375,7304.6826171875,4428.4150390625,1786188,2026-08-06 16:24:45.638407
FPT.VN,2011-03-17,7235.7705078125,7304.6826171875,7166.8583984375,7166.8583984375,4344.85986328125,861604,2026-08-06 16:24:45.638407
FPT.VN,2011-03-18,7166.8583984375,7304.6826171875,7097.9462890625,7304.6826171875,4428.4150390625,2990113,2026-08-06 16:24:45.638407
FPT.VN,2011-03-21,7373.5947265625,7373.5947265625,7304.6826171875,7304.6826171875,4428.4150390625,1662842,2026-08-06 16:24:45.638407
FPT.VN,2011-03-22,7304.6826171875,7373.5947265625,7235.7705078125,7304.6826171875,4428.4150390625,1557128,2026-08-06 16:24:45.638407
FPT.VN,2011-03-23,7304.6826171875,7373.5947265625,7304.6826171875,7373.5947265625,4470.19140625,736808,2026-08-06 16:24:45.638407
FPT.VN,2011-03-24,7304.6826171875,7373.5947265625,7235.7705078125,7304.6826171875,4428.4150390625,382733,2026-08-06 16:24:45.638407
FPT.VN,2011-03-25,7235.7705078125,7235.7705078125,7166.8583984375,7235.7705078125,4386.63671875,719104,2026-08-06 16:24:45.638407
FPT.VN,2011-03-28,7304.6826171875,7304.6826171875,7097.9462890625,7166.8583984375,4344.85986328125,490117,2026-08-06 16:24:45.638407
FPT.VN,2011-03-29,7166.8583984375,7166.8583984375,7097.9462890625,7097.9462890625,4303.08203125,256050,2026-08-06 16:24:45.638407
FPT.VN,2011-03-30,7029.0341796875,7097.9462890625,6960.1220703125,7029.0341796875,4261.30517578125,1426890,2026-08-06 16:24:45.638407
FPT.VN,2011-03-31,7029.0341796875,7097.9462890625,6960.1220703125,7029.0341796875,4261.30517578125,421043,2026-08-06 16:24:45.638407
FPT.VN,2011-04-01,7029.0341796875,7029.0341796875,6849.86279296875,6877.427734375,4169.39306640625,890772,2026-08-06 16:24:45.638407
FPT.VN,2011-04-04,7166.8583984375,7166.8583984375,7166.8583984375,7166.8583984375,4344.85986328125,956435,2026-08-06 16:24:45.638407
FPT.VN,2011-04-05,7511.4189453125,7511.4189453125,7511.4189453125,7511.4189453125,4553.7470703125,890409,2026-08-06 16:24:45.638407
FPT.VN,2011-04-06,7855.9794921875,7855.9794921875,7855.9794921875,7855.9794921875,4762.63427734375,2353795,2026-08-06 16:24:45.638407
FPT.VN,2011-04-07,8200.5400390625,8200.5400390625,7855.9794921875,7924.8916015625,4804.412109375,8665024,2026-08-06 16:24:45.638407
FPT.VN,2011-04-08,7855.9794921875,7924.8916015625,7787.0673828125,7924.8916015625,4804.412109375,1563078,2026-08-06 16:24:45.638407
FPT.VN,2011-04-11,7924.8916015625,7924.8916015625,7924.8916015625,7924.8916015625,4804.412109375,0,2026-08-06 16:24:45.638407
FPT.VN,2011-04-12,7924.8916015625,7924.8916015625,7924.8916015625,7924.8916015625,4804.412109375,0,2026-08-06 16:24:45.638407
FPT.VN,2011-04-13,7924.8916015625,7924.8916015625,7580.3310546875,7580.3310546875,4595.5244140625,1336194,2026-08-06 16:24:45.638407
FPT.VN,2011-04-14,7373.5947265625,7580.3310546875,7304.6826171875,7304.6826171875,4428.4150390625,1041761,2026-08-06 16:24:45.638407
FPT.VN,2011-04-15,7304.6826171875,7373.5947265625,7235.7705078125,7304.6826171875,4428.4150390625,1951181,2026-08-06 16:24:45.638407
FPT.VN,2011-04-18,7304.6826171875,7304.6826171875,7097.9462890625,7097.9462890625,4303.08203125,863491,2026-08-06 16:24:45.638407
FPT.VN,2011-04-19,6960.1220703125,7166.8583984375,6960.1220703125,7029.0341796875,4261.30517578125,882791,2026-08-06 16:24:45.638407
FPT.VN,2011-04-20,7097.9462890625,7097.9462890625,6960.1220703125,6960.1220703125,4219.52685546875,2093246,2026-08-06 16:24:45.638407
FPT.VN,2011-04-21,6960.1220703125,7029.0341796875,6891.2099609375,6960.1220703125,4219.52685546875,913772,2026-08-06 16:24:45.638407
FPT.VN,2011-04-22,7097.9462890625,7097.9462890625,6877.427734375,6877.427734375,4169.39306640625,788758,2026-08-06 16:24:45.638407
FPT.VN,2011-04-25,6891.2099609375,7166.8583984375,6891.2099609375,7166.8583984375,4344.85986328125,757776,2026-08-06 16:24:45.638407
FPT.VN,2011-04-26,7166.8583984375,7235.7705078125,7029.0341796875,7029.0341796875,4261.30517578125,1033708,2026-08-06 16:24:45.638407
FPT.VN,2011-04-27,7166.8583984375,7166.8583984375,6877.427734375,7029.0341796875,4261.30517578125,2054356,2026-08-06 16:24:45.638407
FPT.VN,2011-04-28,7029.0341796875,7029.0341796875,6891.2099609375,6960.1220703125,4219.52685546875,771344,2026-08-06 16:24:45.638407
FPT.VN,2011-04-29,6960.1220703125,7166.8583984375,6960.1220703125,7029.0341796875,4261.30517578125,1443142,2026-08-06 16:24:45.638407
FPT.VN,2011-05-02,7029.0341796875,7029.0341796875,7029.0341796875,7029.0341796875,4261.30517578125,0,2026-08-06 16:24:45.638407
FPT.VN,2011-05-03,7029.0341796875,7029.0341796875,7029.0341796875,7029.0341796875,4261.30517578125,0,2026-08-06 16:24:45.638407
FPT.VN,2011-05-04,6960.1220703125,7166.8583984375,6960.1220703125,7097.9462890625,4303.08203125,841724,2026-08-06 16:24:45.638407
FPT.VN,2011-05-05,7097.9462890625,7097.9462890625,7029.0341796875,7097.9462890625,4303.08203125,719539,2026-08-06 16:24:45.638407
FPT.VN,2011-05-06,7097.9462890625,7304.6826171875,7097.9462890625,7166.8583984375,4344.85986328125,1257906,2026-08-06 16:24:45.638407
FPT.VN,2011-05-09,7304.6826171875,7304.6826171875,7166.8583984375,7304.6826171875,4428.4150390625,1232439,2026-08-06 16:24:45.638407
FPT.VN,2011-05-10,7304.6826171875,7373.5947265625,7304.6826171875,7304.6826171875,4428.4150390625,1337646,2026-08-06 16:24:45.638407
FPT.VN,2011-05-11,7166.8583984375,7304.6826171875,7166.8583984375,7235.7705078125,4386.63671875,2153830,2026-08-06 16:24:45.638407
FPT.VN,2011-05-12,7097.9462890625,7235.7705078125,7097.9462890625,7235.7705078125,4386.63671875,738404,2026-08-06 16:24:45.638407
FPT.VN,2011-05-13,7235.7705078125,7304.6826171875,7235.7705078125,7235.7705078125,4386.63671875,1494802,2026-08-06 16:24:45.638407
FPT.VN,2011-05-16,7235.7705078125,7304.6826171875,7097.9462890625,7097.9462890625,4303.08203125,1113229,2026-08-06 16:24:45.638407
FPT.VN,2011-05-17,7029.0341796875,7166.8583984375,7029.0341796875,7097.9462890625,4303.08203125,747691,2026-08-06 16:24:45.638407
FPT.VN,2011-05-18,6891.2099609375,7029.0341796875,6891.2099609375,7029.0341796875,4261.30517578125,883516,2026-08-06 16:24:45.638407
FPT.VN,2011-05-19,7097.9462890625,7166.8583984375,7029.0341796875,7097.9462890625,4303.08203125,747981,2026-08-06 16:24:45.638407
FPT.VN,2011-05-20,7097.9462890625,7097.9462890625,6863.64501953125,6960.1220703125,4219.52685546875,1614375,2026-08-06 16:24:45.638407
FPT.VN,2011-05-23,6891.2099609375,6891.2099609375,6615.5615234375,6615.5615234375,4010.6396484375,1508080,2026-08-06 16:24:45.638407
FPT.VN,2011-05-24,6408.8251953125,6422.60791015625,6284.78369140625,6284.78369140625,3810.108154296875,1782633,2026-08-06 16:24:45.638407
FPT.VN,2011-05-25,5995.3525390625,6009.13525390625,5981.5703125,5981.5703125,3626.286376953125,2262229,2026-08-06 16:24:45.638407
FPT.VN,2011-05-26,5692.1396484375,6271.0009765625,5692.1396484375,6271.0009765625,3801.751953125,1836760,2026-08-06 16:24:45.638407
FPT.VN,2011-05-27,6560.43212890625,6560.43212890625,6243.43603515625,6284.78369140625,3810.108154296875,2389928,2026-08-06 16:24:45.638407
FPT.VN,2011-05-30,6312.34814453125,6312.34814453125,6243.43603515625,6243.43603515625,3785.04248046875,1509096,2026-08-06 16:24:45.638407
FPT.VN,2011-05-31,6243.43603515625,6243.43603515625,6202.0888671875,6243.43603515625,3785.04248046875,891788,2026-08-06 16:24:45.638407
FPT.VN,2011-06-01,5995.3525390625,6546.6494140625,5995.3525390625,6546.6494140625,3968.862060546875,2980318,2026-08-06 16:24:45.638407
FPT.VN,2011-06-02,6739.603515625,6863.64501953125,6712.03857421875,6863.64501953125,4161.03857421875,2484251,2026-08-06 16:24:45.638407
FPT.VN,2011-06-03,7029.0341796875,7029.0341796875,6849.86279296875,6960.1220703125,4219.52685546875,2975457,2026-08-06 16:24:45.638407
FPT.VN,2011-06-06,6891.2099609375,6960.1220703125,6836.080078125,6891.2099609375,4177.75,1991377,2026-08-06 16:24:45.638407
FPT.VN,2011-06-07,6767.16796875,7166.8583984375,6767.16796875,7166.8583984375,4344.85986328125,2059144,2026-08-06 16:24:45.638407
FPT.VN,2011-06-08,7442.5068359375,7442.5068359375,7029.0341796875,7029.0341796875,4261.30517578125,1940080,2026-08-06 16:24:45.638407
FPT.VN,2011-06-09,6891.2099609375,7029.0341796875,6891.2099609375,7029.0341796875,4261.30517578125,172538,2026-08-06 16:24:45.638407
FPT.VN,2011-06-10,7029.0341796875,7097.9462890625,6960.1220703125,6960.1220703125,4219.52685546875,920302,2026-08-06 16:24:45.638407
FPT.VN,2011-06-13,6891.2099609375,6960.1220703125,6891.2099609375,6960.1220703125,4219.52685546875,927340,2026-08-06 16:24:45.638407
FPT.VN,2011-06-14,6891.2099609375,7235.7705078125,6891.2099609375,6891.2099609375,4177.75,1717767,2026-08-06 16:24:45.638407
FPT.VN,2011-06-15,6891.2099609375,6960.1220703125,6877.427734375,6891.2099609375,4177.75,2822073,2026-08-06 16:24:45.638407
FPT.VN,2011-06-16,6822.2978515625,7029.0341796875,6822.2978515625,6960.1220703125,4219.52685546875,504338,2026-08-06 16:24:45.638407
FPT.VN,2011-06-17,7029.0341796875,7097.9462890625,6891.2099609375,6891.2099609375,4177.75,3420371,2026-08-06 16:24:45.638407
FPT.VN,2011-06-20,6891.2099609375,6960.1220703125,6822.2978515625,6822.2978515625,4135.97216796875,713590,2026-08-06 16:24:45.638407
FPT.VN,2011-06-21,6877.427734375,6960.1220703125,6836.080078125,6891.2099609375,4177.75,794200,2026-08-06 16:24:45.638407
FPT.VN,2011-06-22,6891.2099609375,6960.1220703125,6877.427734375,6960.1220703125,4219.52685546875,1119904,2026-08-06 16:24:45.638407
FPT.VN,2011-06-23,6891.2099609375,6960.1220703125,6849.86279296875,6849.86279296875,4152.68310546875,829244,2026-08-06 16:24:45.638407
FPT.VN,2011-06-24,6849.86279296875,6891.2099609375,6822.2978515625,6822.2978515625,4135.97216796875,1116785,2026-08-06 16:24:45.638407
FPT.VN,2011-06-27,6891.2099609375,6891.2099609375,6698.25634765625,6698.25634765625,4060.7744140625,859137,2026-08-06 16:24:45.638407
FPT.VN,2011-06-28,6698.25634765625,6753.3857421875,6698.25634765625,6753.3857421875,4094.19482421875,605699,2026-08-06 16:24:45.638407
FPT.VN,2011-06-29,6670.69140625,6753.3857421875,6629.34423828125,6629.34423828125,4018.99560546875,1118744,2026-08-06 16:24:45.638407
FPT.VN,2011-06-30,6753.3857421875,6753.3857421875,6601.779296875,6615.5615234375,4010.6396484375,900640,2026-08-06 16:24:45.638407
FPT.VN,2011-07-01,6615.5615234375,6684.4736328125,6422.60791015625,6422.60791015625,3893.663330078125,1007805,2026-08-06 16:24:45.638407
FPT.VN,2011-07-04,6422.60791015625,6477.7373046875,6339.9130859375,6339.9130859375,3843.5302734375,2453342,2026-08-06 16:24:45.638407
FPT.VN,2011-07-05,6339.9130859375,6477.7373046875,6326.130859375,6326.130859375,3835.175048828125,1876448,2026-08-06 16:24:45.638407
FPT.VN,2011-07-06,6339.9130859375,6436.39013671875,6339.9130859375,6436.39013671875,3902.0185546875,715113,2026-08-06 16:24:45.638407
FPT.VN,2011-07-07,6436.39013671875,6477.7373046875,6408.8251953125,6422.60791015625,3893.663330078125,667154,2026-08-06 16:24:45.638407
FPT.VN,2011-07-08,6422.60791015625,6739.603515625,6422.60791015625,6684.4736328125,4052.41650390625,1266323,2026-08-06 16:24:45.638407
FPT.VN,2011-07-11,6684.4736328125,6794.73291015625,6629.34423828125,6698.25634765625,4060.7744140625,1065415,2026-08-06 16:24:45.638407
FPT.VN,2011-07-12,6698.25634765625,6808.515625,6698.25634765625,6794.73291015625,4119.259765625,2118786,2026-08-06 16:24:45.638407
FPT.VN,2011-07-13,6891.2099609375,6891.2099609375,6836.080078125,6891.2099609375,4177.75,2103331,2026-08-06 16:24:45.638407
FPT.VN,2011-07-14,6891.2099609375,6891.2099609375,6822.2978515625,6877.427734375,4169.39306640625,981540,2026-08-06 16:24:45.638407
FPT.VN,2011-07-15,6822.2978515625,6822.2978515625,6753.3857421875,6794.73291015625,4119.259765625,756180,2026-08-06 16:24:45.638407
FPT.VN,2011-07-18,6767.16796875,6808.515625,6767.16796875,6808.515625,4127.6171875,650901,2026-08-06 16:24:45.638407
FPT.VN,2011-07-19,6794.73291015625,6863.64501953125,6794.73291015625,6863.64501953125,4161.03857421875,884895,2026-08-06 16:24:45.638407
FPT.VN,2011-07-20,6877.427734375,7166.8583984375,6877.427734375,7166.8583984375,4344.85986328125,2660273,2026-08-06 16:24:45.638407
FPT.VN,2011-07-21,7166.8583984375,7166.8583984375,6960.1220703125,7029.0341796875,4261.30517578125,1152337,2026-08-06 16:24:45.638407
FPT.VN,2011-07-22,7029.0341796875,7097.9462890625,6960.1220703125,7029.0341796875,4261.30517578125,1063311,2026-08-06 16:24:45.638407
FPT.VN,2011-07-25,6960.1220703125,7097.9462890625,6960.1220703125,7097.9462890625,4303.08203125,1032982,2026-08-06 16:24:45.638407
FPT.VN,2011-07-26,7097.9462890625,7304.6826171875,7097.9462890625,7235.7705078125,4386.63671875,1768267,2026-08-06 16:24:45.638407
FPT.VN,2011-07-27,7304.6826171875,7580.3310546875,7304.6826171875,7580.3310546875,4595.5244140625,3085597,2026-08-06 16:24:45.638407
FPT.VN,2011-07-28,7718.1552734375,7855.9794921875,7718.1552734375,7855.9794921875,4762.63427734375,3901854,2026-08-06 16:24:45.638407
FPT.VN,2011-07-29,7993.8037109375,7993.8037109375,7787.0673828125,7924.8916015625,4804.412109375,7799283,2026-08-06 16:24:45.638407
FPT.VN,2011-08-01,7787.0673828125,7855.9794921875,7580.3310546875,7649.2431640625,4637.3017578125,4002998,2026-08-06 16:24:45.638407
FPT.VN,2011-08-02,7373.5947265625,7649.2431640625,7373.5947265625,7373.5947265625,4470.19140625,1200877,2026-08-06 16:24:45.638407
FPT.VN,2011-08-03,7304.6826171875,7511.4189453125,7304.6826171875,7511.4189453125,4553.7470703125,872488,2026-08-06 16:24:45.638407
FPT.VN,2011-08-04,7511.4189453125,7787.0673828125,7511.4189453125,7649.2431640625,4637.3017578125,915876,2026-08-06 16:24:45.638407
FPT.VN,2011-08-05,7580.3310546875,7649.2431640625,7580.3310546875,7580.3310546875,4595.5244140625,809799,2026-08-06 16:24:45.638407
FPT.VN,2011-08-08,7442.5068359375,7580.3310546875,7373.5947265625,7373.5947265625,4470.19140625,2598019,2026-08-06 16:24:45.638407
FPT.VN,2011-08-09,7166.8583984375,7373.5947265625,7097.9462890625,7097.9462890625,4303.08203125,3078486,2026-08-06 16:24:45.638407
FPT.VN,2011-08-10,7166.8583984375,7373.5947265625,7166.8583984375,7235.7705078125,4386.63671875,3545531,2026-08-06 16:24:45.638407
FPT.VN,2011-08-11,7235.7705078125,7442.5068359375,7166.8583984375,7442.5068359375,4511.9697265625,2293791,2026-08-06 16:24:45.638407
FPT.VN,2011-08-12,7442.5068359375,7442.5068359375,7442.5068359375,7442.5068359375,4511.9697265625,0,2026-08-06 16:24:45.638407
FPT.VN,2011-08-15,7442.5068359375,7442.5068359375,7304.6826171875,7442.5068359375,4511.9697265625,1496326,2026-08-06 16:24:45.638407
FPT.VN,2011-08-16,7373.5947265625,7511.4189453125,7373.5947265625,7442.5068359375,4511.9697265625,685003,2026-08-06 16:24:45.638407
FPT.VN,2011-08-17,7511.4189453125,7511.4189453125,7442.5068359375,7511.4189453125,4553.7470703125,923205,2026-08-06 16:24:45.638407
FPT.VN,2011-08-18,7718.1552734375,7718.1552734375,7511.4189453125,7580.3310546875,4595.5244140625,589881,2026-08-06 16:24:45.638407
FPT.VN,2011-08-19,7649.2431640625,7649.2431640625,7442.5068359375,7442.5068359375,4511.9697265625,472993,2026-08-06 16:24:45.638407
FPT.VN,2011-08-22,7442.5068359375,7580.3310546875,7442.5068359375,7511.4189453125,4553.7470703125,1172870,2026-08-06 16:24:45.638407
FPT.VN,2011-08-23,7442.5068359375,7580.3310546875,7442.5068359375,7511.4189453125,4553.7470703125,1240057,2026-08-06 16:24:45.638407
FPT.VN,2011-08-24,7511.4189453125,7580.3310546875,7442.5068359375,7511.4189453125,4553.7470703125,1206682,2026-08-06 16:24:45.638407
FPT.VN,2011-08-25,7649.2431640625,7649.2431640625,7442.5068359375,7511.4189453125,4553.7470703125,685510,2026-08-06 16:24:45.638407
FPT.VN,2011-08-26,7580.3310546875,7580.3310546875,7511.4189453125,7580.3310546875,4595.5244140625,1022679,2026-08-06 16:24:45.638407
FPT.VN,2011-08-29,7718.1552734375,7718.1552734375,7511.4189453125,7649.2431640625,4637.3017578125,820175,2026-08-06 16:24:45.638407
FPT.VN,2011-08-30,7718.1552734375,7718.1552734375,7649.2431640625,7718.1552734375,4679.07958984375,2063498,2026-08-06 16:24:45.638407
FPT.VN,2011-08-31,7718.1552734375,7718.1552734375,7649.2431640625,7649.2431640625,4637.3017578125,3749849,2026-08-06 16:24:45.638407
FPT.VN,2011-09-01,7718.1552734375,7787.0673828125,7649.2431640625,7718.1552734375,4679.07958984375,1756948,2026-08-06 16:24:45.638407
FPT.VN,2011-09-02,7718.1552734375,7718.1552734375,7718.1552734375,7718.1552734375,4679.07958984375,0,2026-08-06 16:24:45.638407
FPT.VN,2011-09-05,7787.0673828125,7787.0673828125,7649.2431640625,7718.1552734375,4679.07958984375,1305721,2026-08-06 16:24:45.638407
FPT.VN,2011-09-06,7718.1552734375,7718.1552734375,7580.3310546875,7718.1552734375,4679.07958984375,1377697,2026-08-06 16:24:45.638407
FPT.VN,2011-09-07,7718.1552734375,7718.1552734375,7580.3310546875,7649.2431640625,4637.3017578125,1556475,2026-08-06 16:24:45.638407
FPT.VN,2011-09-08,7718.1552734375,7787.0673828125,7649.2431640625,7718.1552734375,4679.07958984375,1261607,2026-08-06 16:24:45.638407
FPT.VN,2011-09-09,7718.1552734375,7718.1552734375,7511.4189453125,7580.3310546875,4595.5244140625,2214342,2026-08-06 16:24:45.638407
FPT.VN,2011-09-12,7442.5068359375,7511.4189453125,7304.6826171875,7373.5947265625,4470.19140625,1854608,2026-08-06 16:24:45.638407
FPT.VN,2011-09-13,7511.4189453125,7511.4189453125,7235.7705078125,7235.7705078125,4386.63671875,6154144,2026-08-06 16:24:45.638407
FPT.VN,2011-09-14,7166.8583984375,7166.8583984375,6960.1220703125,6960.1220703125,4219.52685546875,4355113,2026-08-06 16:24:45.638407
FPT.VN,2011-09-15,7235.7705078125,7304.6826171875,7166.8583984375,7304.6826171875,4428.4150390625,8407667,2026-08-06 16:24:45.638407
FPT.VN,2011-09-16,7304.6826171875,7649.2431640625,7097.9462890625,7097.9462890625,4303.08203125,10118760,2026-08-06 16:24:45.638407
FPT.VN,2011-09-19,7097.9462890625,7442.5068359375,7097.9462890625,7442.5068359375,4511.9697265625,2394789,2026-08-06 16:24:45.638407
FPT.VN,2011-09-20,7442.5068359375,7511.4189453125,7304.6826171875,7304.6826171875,4428.4150390625,3917018,2026-08-06 16:24:45.638407
FPT.VN,2011-09-21,7373.5947265625,7442.5068359375,7304.6826171875,7373.5947265625,4470.19140625,3785256,2026-08-06 16:24:45.638407
FPT.VN,2011-09-22,7304.6826171875,7442.5068359375,7235.7705078125,7373.5947265625,4470.19140625,1758762,2026-08-06 16:24:45.638407
FPT.VN,2011-09-23,7235.7705078125,7304.6826171875,7166.8583984375,7235.7705078125,4386.63671875,1135504,2026-08-06 16:24:45.638407
FPT.VN,2011-09-26,7166.8583984375,7235.7705078125,7097.9462890625,7097.9462890625,4303.08203125,2127855,2026-08-06 16:24:45.638407
FPT.VN,2011-09-27,7097.9462890625,7166.8583984375,7029.0341796875,7029.0341796875,4261.30517578125,2155354,2026-08-06 16:24:45.638407
FPT.VN,2011-09-28,7097.9462890625,7166.8583984375,7029.0341796875,7097.9462890625,4303.08203125,888232,2026-08-06 16:24:45.638407
FPT.VN,2011-09-29,7097.9462890625,7166.8583984375,7029.0341796875,7097.9462890625,4303.08203125,1247241,2026-08-06 16:24:45.638407
FPT.VN,2011-09-30,7097.9462890625,7166.8583984375,7029.0341796875,7097.9462890625,4303.08203125,2198017,2026-08-06 16:24:45.638407
FPT.VN,2011-10-03,7097.9462890625,7097.9462890625,7029.0341796875,7029.0341796875,4261.30517578125,1273578,2026-08-06 16:24:45.638407
FPT.VN,2011-10-04,6891.2099609375,7029.0341796875,6891.2099609375,7029.0341796875,4261.30517578125,1334671,2026-08-06 16:24:45.638407
FPT.VN,2011-10-05,7029.0341796875,7029.0341796875,6891.2099609375,6960.1220703125,4219.52685546875,4477297,2026-08-06 16:24:45.638407
FPT.VN,2011-10-06,6891.2099609375,6960.1220703125,6836.080078125,6891.2099609375,4177.75,3946113,2026-08-06 16:24:45.638407
FPT.VN,2011-10-07,6877.427734375,6877.427734375,6794.73291015625,6822.2978515625,4135.97216796875,2429979,2026-08-06 16:24:45.638407
FPT.VN,2011-10-10,6698.25634765625,6767.16796875,6698.25634765625,6753.3857421875,4094.19482421875,1748749,2026-08-06 16:24:45.638407
FPT.VN,2011-10-11,6753.3857421875,6753.3857421875,6753.3857421875,6753.3857421875,4094.19482421875,0,2026-08-06 16:24:45.638407
FPT.VN,2011-10-12,6739.603515625,6767.16796875,6725.82080078125,6739.603515625,4085.8388671875,1624533,2026-08-06 16:24:45.638407
FPT.VN,2011-10-13,6698.25634765625,6808.515625,6698.25634765625,6808.515625,4127.6171875,1324368,2026-08-06 16:24:45.638407
FPT.VN,2011-10-14,6822.2978515625,6891.2099609375,6822.2978515625,6891.2099609375,4177.75,1145299,2026-08-06 16:24:45.638407
FPT.VN,2011-10-17,6808.515625,6849.86279296875,6794.73291015625,6794.73291015625,4119.259765625,2215721,2026-08-06 16:24:45.638407
FPT.VN,2011-10-18,6767.16796875,6780.95068359375,6739.603515625,6753.3857421875,4094.19482421875,1150668,2026-08-06 16:24:45.638407
FPT.VN,2011-10-19,6767.16796875,6767.16796875,6712.03857421875,6725.82080078125,4077.483642578125,2017062,2026-08-06 16:24:45.638407
FPT.VN,2011-10-20,6684.4736328125,6739.603515625,6684.4736328125,6712.03857421875,4069.128173828125,1343958,2026-08-06 16:24:45.638407
FPT.VN,2011-10-21,6698.25634765625,6836.080078125,6684.4736328125,6836.080078125,4144.328125,3179412,2026-08-06 16:24:45.638407
FPT.VN,2011-10-24,6836.080078125,6836.080078125,6656.90869140625,6656.90869140625,4035.705322265625,1608063,2026-08-06 16:24:45.638407
FPT.VN,2011-10-25,6629.34423828125,6643.12646484375,6574.21435546875,6574.21435546875,3985.572998046875,1760068,2026-08-06 16:24:45.638407
FPT.VN,2011-10-26,6546.6494140625,6794.73291015625,6546.6494140625,6684.4736328125,4052.41650390625,1997472,2026-08-06 16:24:45.638407
FPT.VN,2011-10-27,6615.5615234375,6698.25634765625,6615.5615234375,6684.4736328125,4052.41650390625,1754263,2026-08-06 16:24:45.638407
FPT.VN,2011-10-28,6753.3857421875,6891.2099609375,6684.4736328125,6891.2099609375,4177.75,2141351,2026-08-06 16:24:45.638407
FPT.VN,2011-10-31,7029.0341796875,7029.0341796875,6822.2978515625,6822.2978515625,4135.97216796875,2973498,2026-08-06 16:24:45.638407
FPT.VN,2011-11-01,6836.080078125,6836.080078125,6767.16796875,6767.16796875,4102.54931640625,1269080,2026-08-06 16:24:45.638407
FPT.VN,2011-11-02,6767.16796875,6877.427734375,6753.3857421875,6849.86279296875,4152.68310546875,2252942,2026-08-06 16:24:45.638407
FPT.VN,2011-11-03,6849.86279296875,6849.86279296875,6753.3857421875,6794.73291015625,4119.259765625,1710802,2026-08-06 16:24:45.638407
FPT.VN,2011-11-04,6794.73291015625,6891.2099609375,6794.73291015625,6877.427734375,4169.39306640625,2605420,2026-08-06 16:24:45.638407
FPT.VN,2011-11-07,6877.427734375,6891.2099609375,6822.2978515625,6863.64501953125,4161.03857421875,2196784,2026-08-06 16:24:45.638407
FPT.VN,2011-11-08,6863.64501953125,6863.64501953125,6725.82080078125,6753.3857421875,4094.19482421875,781793,2026-08-06 16:24:45.638407
FPT.VN,2011-11-09,6808.515625,6808.515625,6725.82080078125,6725.82080078125,4077.483642578125,816765,2026-08-06 16:24:45.638407
FPT.VN,2011-11-10,6698.25634765625,6725.82080078125,6684.4736328125,6725.82080078125,4077.483642578125,1250288,2026-08-06 16:24:45.638407
FPT.VN,2011-11-11,6712.03857421875,6739.603515625,6698.25634765625,6698.25634765625,4060.7744140625,1637158,2026-08-06 16:24:45.638407
FPT.VN,2011-11-14,6601.779296875,6684.4736328125,6601.779296875,6615.5615234375,4010.6396484375,865305,2026-08-06 16:24:45.638407
FPT.VN,2011-11-15,6615.5615234375,6629.34423828125,6546.6494140625,6546.6494140625,3968.862060546875,1984847,2026-08-06 16:24:45.638407
FPT.VN,2011-11-16,6519.08447265625,6615.5615234375,6519.08447265625,6615.5615234375,4010.6396484375,1273433,2026-08-06 16:24:45.638407
FPT.VN,2011-11-17,6615.5615234375,6643.12646484375,6574.21435546875,6643.12646484375,4027.3505859375,1727998,2026-08-06 16:24:45.638407
FPT.VN,2011-11-18,6684.4736328125,6684.4736328125,6587.99658203125,6643.12646484375,4027.3505859375,534231,2026-08-06 16:24:45.638407
FPT.VN,2011-11-21,6601.779296875,6643.12646484375,6601.779296875,6643.12646484375,4027.3505859375,682028,2026-08-06 16:24:45.638407
FPT.VN,2011-11-22,6643.12646484375,6643.12646484375,6643.12646484375,6643.12646484375,4027.3505859375,0,2026-08-06 16:24:45.638407
FPT.VN,2011-11-23,6656.90869140625,6767.16796875,6656.90869140625,6767.16796875,4102.54931640625,2132354,2026-08-06 16:24:45.638407
FPT.VN,2011-11-24,6656.90869140625,6780.95068359375,6656.90869140625,6767.16796875,4102.54931640625,1383138,2026-08-06 16:24:45.638407
FPT.VN,2011-11-25,6712.03857421875,6767.16796875,6712.03857421875,6753.3857421875,4094.19482421875,1587094,2026-08-06 16:24:45.638407
FPT.VN,2011-11-28,6753.3857421875,6753.3857421875,6753.3857421875,6753.3857421875,4094.19482421875,0,2026-08-06 16:24:45.638407
FPT.VN,2011-11-29,6753.3857421875,6753.3857421875,6712.03857421875,6725.82080078125,4077.483642578125,1237591,2026-08-06 16:24:45.638407
FPT.VN,2011-11-30,6725.82080078125,6780.95068359375,6725.82080078125,6767.16796875,4102.54931640625,2514797,2026-08-06 16:24:45.638407
FPT.VN,2011-12-01,6684.4736328125,6780.95068359375,6684.4736328125,6780.95068359375,4110.9052734375,1062803,2026-08-06 16:24:45.638407
FPT.VN,2011-12-02,6780.95068359375,6849.86279296875,6767.16796875,6794.73291015625,4119.259765625,3107001,2026-08-06 16:24:45.638407
FPT.VN,2011-12-05,6808.515625,6891.2099609375,6794.73291015625,6891.2099609375,4177.75,3089878,2026-08-06 16:24:45.638407
FPT.VN,2011-12-06,6960.1220703125,6960.1220703125,6836.080078125,6891.2099609375,4177.75,2068432,2026-08-06 16:24:45.638407
FPT.VN,2011-12-07,6891.2099609375,6960.1220703125,6863.64501953125,6891.2099609375,4177.75,1647025,2026-08-06 16:24:45.638407
FPT.VN,2011-12-08,6891.2099609375,6960.1220703125,6863.64501953125,6863.64501953125,4161.03857421875,325994,2026-08-06 16:24:45.638407
FPT.VN,2011-12-09,6960.1220703125,6960.1220703125,6822.2978515625,6822.2978515625,4135.97216796875,532997,2026-08-06 16:24:45.638407
FPT.VN,2011-12-12,6780.95068359375,6849.86279296875,6780.95068359375,6822.2978515625,4135.97216796875,1689180,2026-08-06 16:24:45.638407
FPT.VN,2011-12-13,6780.95068359375,6836.080078125,6780.95068359375,6808.515625,4127.6171875,1759197,2026-08-06 16:24:45.638407
FPT.VN,2011-12-14,6780.95068359375,6808.515625,6753.3857421875,6753.3857421875,4094.19482421875,1561481,2026-08-06 16:24:45.638407
FPT.VN,2011-12-15,6698.25634765625,6739.603515625,6684.4736328125,6698.25634765625,4060.7744140625,675280,2026-08-06 16:24:45.638407
FPT.VN,2011-12-16,6643.12646484375,6822.2978515625,6643.12646484375,6753.3857421875,4094.19482421875,1235994,2026-08-06 16:24:45.638407
FPT.VN,2011-12-19,6753.3857421875,6822.2978515625,6753.3857421875,6822.2978515625,4135.97216796875,975663,2026-08-06 16:24:45.638407
FPT.VN,2011-12-20,6615.5615234375,6836.080078125,6615.5615234375,6822.2978515625,4135.97216796875,1183391,2026-08-06 16:24:45.638407
FPT.VN,2011-12-21,6822.2978515625,6836.080078125,6794.73291015625,6822.2978515625,4135.97216796875,644226,2026-08-06 16:24:45.638407
FPT.VN,2011-12-22,6822.2978515625,6849.86279296875,6753.3857421875,6822.2978515625,4135.97216796875,1414918,2026-08-06 16:24:45.638407
FPT.VN,2011-12-23,6698.25634765625,6753.3857421875,6698.25634765625,6753.3857421875,4094.19482421875,180084,2026-08-06 16:24:45.638407
FPT.VN,2011-12-26,6780.95068359375,6780.95068359375,6684.4736328125,6739.603515625,4085.8388671875,790572,2026-08-06 16:24:45.638407
FPT.VN,2011-12-27,6739.603515625,6739.603515625,6684.4736328125,6698.25634765625,4060.7744140625,1013972,2026-08-06 16:24:45.638407
FPT.VN,2011-12-28,6725.82080078125,6725.82080078125,6670.69140625,6712.03857421875,4069.128173828125,709599,2026-08-06 16:24:45.638407
FPT.VN,2011-12-29,6753.3857421875,6822.2978515625,6643.12646484375,6822.2978515625,4135.97216796875,1022752,2026-08-06 16:24:45.638407
FPT.VN,2011-12-30,6877.427734375,6877.427734375,6753.3857421875,6849.86279296875,4152.68310546875,1183899,2026-08-06 16:24:45.638407
FPT.VN,2012-01-02,6849.86279296875,6849.86279296875,6849.86279296875,6849.86279296875,4152.68310546875,0,2026-08-06 16:24:45.638407
FPT.VN,2012-01-03,6546.6494140625,6808.515625,6546.6494140625,6780.95068359375,4110.9052734375,542792,2026-08-06 16:24:45.638407
FPT.VN,2012-01-04,6794.73291015625,6794.73291015625,6767.16796875,6780.95068359375,4110.9052734375,215564,2026-08-06 16:24:45.638407
FPT.VN,2012-01-05,6656.90869140625,6739.603515625,6629.34423828125,6643.12646484375,4027.3505859375,470817,2026-08-06 16:24:45.638407
FPT.VN,2012-01-06,6684.4736328125,6698.25634765625,6656.90869140625,6698.25634765625,4060.7744140625,479523,2026-08-06 16:24:45.638407
FPT.VN,2012-01-09,6698.25634765625,6725.82080078125,6643.12646484375,6725.82080078125,4077.483642578125,334338,2026-08-06 16:24:45.638407
FPT.VN,2012-01-10,6684.4736328125,6822.2978515625,6684.4736328125,6822.2978515625,4135.97216796875,1453663,2026-08-06 16:24:45.638407
FPT.VN,2012-01-11,6822.2978515625,6836.080078125,6753.3857421875,6822.2978515625,4135.97216796875,1128756,2026-08-06 16:24:45.638407
FPT.VN,2012-01-12,6725.82080078125,6822.2978515625,6725.82080078125,6767.16796875,4102.54931640625,336007,2026-08-06 16:24:45.638407
FPT.VN,2012-01-13,6753.3857421875,6891.2099609375,6753.3857421875,6891.2099609375,4177.75,1107425,2026-08-06 16:24:45.638407
FPT.VN,2012-01-16,6891.2099609375,7097.9462890625,6891.2099609375,7029.0341796875,4261.30517578125,3313278,2026-08-06 16:24:45.638407
FPT.VN,2012-01-17,6960.1220703125,7029.0341796875,6822.2978515625,6822.2978515625,4135.97216796875,540108,2026-08-06 16:24:45.638407
FPT.VN,2012-01-18,6822.2978515625,6822.2978515625,6822.2978515625,6822.2978515625,4135.97216796875,0,2026-08-06 16:24:45.638407
FPT.VN,2012-01-19,6960.1220703125,6960.1220703125,6822.2978515625,6849.86279296875,4152.68310546875,636753,2026-08-06 16:24:45.638407
FPT.VN,2012-01-20,6877.427734375,6877.427734375,6822.2978515625,6849.86279296875,4152.68310546875,515511,2026-08-06 16:24:45.638407
FPT.VN,2012-01-23,6849.86279296875,6849.86279296875,6849.86279296875,6849.86279296875,4152.68310546875,0,2026-08-06 16:24:45.638407
FPT.VN,2012-01-24,6849.86279296875,6849.86279296875,6849.86279296875,6849.86279296875,4152.68310546875,0,2026-08-06 16:24:45.638407
FPT.VN,2012-01-25,6849.86279296875,6849.86279296875,6849.86279296875,6849.86279296875,4152.68310546875,0,2026-08-06 16:24:45.638407
FPT.VN,2012-01-26,6849.86279296875,6849.86279296875,6849.86279296875,6849.86279296875,4152.68310546875,0,2026-08-06 16:24:45.638407
FPT.VN,2012-01-27,6849.86279296875,6849.86279296875,6849.86279296875,6849.86279296875,4152.68310546875,0,2026-08-06 16:24:45.638407
FPT.VN,2012-01-30,6891.2099609375,6891.2099609375,6849.86279296875,6891.2099609375,4177.75,236097,2026-08-06 16:24:45.638407
FPT.VN,2012-01-31,6891.2099609375,7029.0341796875,6849.86279296875,6849.86279296875,4152.68310546875,304300,2026-08-06 16:24:45.638407
FPT.VN,2012-02-01,7029.0341796875,7029.0341796875,6863.64501953125,6960.1220703125,4219.52685546875,322947,2026-08-06 16:24:45.638407
FPT.VN,2012-02-02,6891.2099609375,7029.0341796875,6891.2099609375,7029.0341796875,4261.30517578125,605046,2026-08-06 16:24:45.638407
FPT.VN,2012-02-03,7029.0341796875,7029.0341796875,6960.1220703125,6960.1220703125,4219.52685546875,1322191,2026-08-06 16:24:45.638407
FPT.VN,2012-02-06,6960.1220703125,7029.0341796875,6891.2099609375,6960.1220703125,4219.52685546875,295811,2026-08-06 16:24:45.638407
FPT.VN,2012-02-07,6960.1220703125,7029.0341796875,6891.2099609375,6960.1220703125,4219.52685546875,543518,2026-08-06 16:24:45.638407
FPT.VN,2012-02-08,7029.0341796875,7097.9462890625,6960.1220703125,7097.9462890625,4303.08203125,1220032,2026-08-06 16:24:45.638407
FPT.VN,2012-02-09,7097.9462890625,7166.8583984375,7029.0341796875,7166.8583984375,4344.85986328125,1115769,2026-08-06 16:24:45.638407
FPT.VN,2012-02-10,7166.8583984375,7166.8583984375,7097.9462890625,7097.9462890625,4303.08203125,1415281,2026-08-06 16:24:45.638407
FPT.VN,2012-02-13,7166.8583984375,7166.8583984375,7029.0341796875,7029.0341796875,4261.30517578125,826197,2026-08-06 16:24:45.638407
FPT.VN,2012-02-14,7029.0341796875,7097.9462890625,6960.1220703125,7029.0341796875,4261.30517578125,883661,2026-08-06 16:24:45.638407
FPT.VN,2012-02-15,7097.9462890625,7097.9462890625,7029.0341796875,7029.0341796875,4261.30517578125,1084860,2026-08-06 16:24:45.638407
FPT.VN,2012-02-16,6960.1220703125,7166.8583984375,6960.1220703125,7097.9462890625,4303.08203125,686309,2026-08-06 16:24:45.638407
FPT.VN,2012-02-17,7029.0341796875,7166.8583984375,7029.0341796875,7166.8583984375,4344.85986328125,745442,2026-08-06 16:24:45.638407
FPT.VN,2012-02-20,7166.8583984375,7442.5068359375,7166.8583984375,7442.5068359375,4511.9697265625,2059580,2026-08-06 16:24:45.638407
FPT.VN,2012-02-21,7442.5068359375,7511.4189453125,7373.5947265625,7442.5068359375,4511.9697265625,2383543,2026-08-06 16:24:45.638407
FPT.VN,2012-02-22,7511.4189453125,7580.3310546875,7442.5068359375,7511.4189453125,4553.7470703125,1128031,2026-08-06 16:24:45.638407
FPT.VN,2012-02-23,7442.5068359375,7580.3310546875,7442.5068359375,7511.4189453125,4553.7470703125,1249272,2026-08-06 16:24:45.638407
FPT.VN,2012-02-24,7649.2431640625,7649.2431640625,7511.4189453125,7511.4189453125,4553.7470703125,1073686,2026-08-06 16:24:45.638407
FPT.VN,2012-02-27,7442.5068359375,7580.3310546875,7442.5068359375,7580.3310546875,4595.5244140625,1023622,2026-08-06 16:24:45.638407
FPT.VN,2012-02-28,7442.5068359375,7580.3310546875,7442.5068359375,7511.4189453125,4553.7470703125,1248329,2026-08-06 16:24:45.638407
FPT.VN,2012-02-29,7511.4189453125,7580.3310546875,7442.5068359375,7580.3310546875,4595.5244140625,1106699,2026-08-06 16:24:45.638407
FPT.VN,2012-03-01,7580.3310546875,7580.3310546875,7511.4189453125,7580.3310546875,4595.5244140625,661277,2026-08-06 16:24:45.638407
FPT.VN,2012-03-02,7580.3310546875,7649.2431640625,7511.4189453125,7649.2431640625,4637.3017578125,1207407,2026-08-06 16:24:45.638407
FPT.VN,2012-03-05,7718.1552734375,7993.8037109375,7718.1552734375,7993.8037109375,4846.18994140625,3100326,2026-08-06 16:24:45.638407
FPT.VN,2012-03-06,7993.8037109375,7993.8037109375,7993.8037109375,7993.8037109375,4846.18994140625,0,2026-08-06 16:24:45.638407
FPT.VN,2012-03-07,7718.1552734375,7924.8916015625,7649.2431640625,7924.8916015625,4804.412109375,1384154,2026-08-06 16:24:45.638407
FPT.VN,2012-03-08,7855.9794921875,7924.8916015625,7649.2431640625,7787.0673828125,4720.85693359375,2321653,2026-08-06 16:24:45.638407
FPT.VN,2012-03-09,7718.1552734375,7924.8916015625,7718.1552734375,7787.0673828125,4720.85693359375,1368700,2026-08-06 16:24:45.638407
FPT.VN,2012-03-12,7718.1552734375,7787.0673828125,7718.1552734375,7787.0673828125,4720.85693359375,1106917,2026-08-06 16:24:45.638407
FPT.VN,2012-03-13,7787.0673828125,7855.9794921875,7787.0673828125,7855.9794921875,4762.63427734375,749432,2026-08-06 16:24:45.638407
FPT.VN,2012-03-14,7855.9794921875,7924.8916015625,7787.0673828125,7855.9794921875,4762.63427734375,987780,2026-08-06 16:24:45.638407
FPT.VN,2012-03-15,7855.9794921875,8131.6279296875,7855.9794921875,8131.6279296875,4929.74462890625,3128840,2026-08-06 16:24:45.638407
FPT.VN,2012-03-16,8200.5400390625,8269.4521484375,8131.6279296875,8131.6279296875,4929.74462890625,2089328,2026-08-06 16:24:45.638407
FPT.VN,2012-03-19,7993.8037109375,8131.6279296875,7924.8916015625,8131.6279296875,4929.74462890625,663018,2026-08-06 16:24:45.638407
FPT.VN,2012-03-20,8131.6279296875,8131.6279296875,8062.7158203125,8062.7158203125,4887.96728515625,684277,2026-08-06 16:24:45.638407
FPT.VN,2012-03-21,8062.7158203125,8131.6279296875,7993.8037109375,8062.7158203125,4887.96728515625,1053951,2026-08-06 16:24:45.638407
FPT.VN,2012-03-22,8062.7158203125,8062.7158203125,7924.8916015625,7924.8916015625,4804.412109375,653368,2026-08-06 16:24:45.638407
FPT.VN,2012-03-23,7993.8037109375,7993.8037109375,7924.8916015625,7993.8037109375,4846.18994140625,517470,2026-08-06 16:24:45.638407
FPT.VN,2012-03-26,7993.8037109375,7993.8037109375,7924.8916015625,7993.8037109375,4846.18994140625,815241,2026-08-06 16:24:45.638407
FPT.VN,2012-03-27,7855.9794921875,7993.8037109375,7855.9794921875,7924.8916015625,4804.412109375,1343305,2026-08-06 16:24:45.638407
FPT.VN,2012-03-28,7787.0673828125,7993.8037109375,7787.0673828125,7993.8037109375,4846.18994140625,1653120,2026-08-06 16:24:45.638407
FPT.VN,2012-03-29,7993.8037109375,8062.7158203125,7924.8916015625,7993.8037109375,4846.18994140625,1365362,2026-08-06 16:24:45.638407
FPT.VN,2012-03-30,8062.7158203125,8131.6279296875,7924.8916015625,7993.8037109375,4846.18994140625,1650508,2026-08-06 16:24:45.638407
FPT.VN,2012-04-02,7993.8037109375,7993.8037109375,7993.8037109375,7993.8037109375,4846.18994140625,0,2026-08-06 16:24:45.638407
FPT.VN,2012-04-03,7993.8037109375,8062.7158203125,7993.8037109375,7993.8037109375,4846.18994140625,564269,2026-08-06 16:24:45.638407
FPT.VN,2012-04-04,8062.7158203125,8131.6279296875,7993.8037109375,7993.8037109375,4846.18994140625,1665890,2026-08-06 16:24:45.638407
FPT.VN,2012-04-05,8062.7158203125,8338.3642578125,7993.8037109375,8200.5400390625,4971.5224609375,3794398,2026-08-06 16:24:45.638407
FPT.VN,2012-04-06,8269.4521484375,8269.4521484375,8200.5400390625,8200.5400390625,4971.5224609375,339708,2026-08-06 16:24:45.638407
FPT.VN,2012-04-09,8338.3642578125,8338.3642578125,8200.5400390625,8269.4521484375,5013.30029296875,628336,2026-08-06 16:24:45.638407
FPT.VN,2012-04-10,8338.3642578125,8338.3642578125,8200.5400390625,8269.4521484375,5013.30029296875,710107,2026-08-06 16:24:45.638407
FPT.VN,2012-04-11,8338.3642578125,8614.0126953125,8269.4521484375,8614.0126953125,5222.18798828125,2916323,2026-08-06 16:24:45.638407
FPT.VN,2012-04-12,8682.9248046875,8751.8369140625,8614.0126953125,8682.9248046875,5263.96435546875,1316314,2026-08-06 16:24:45.638407
FPT.VN,2012-04-13,8682.9248046875,8682.9248046875,8407.2763671875,8407.2763671875,5096.85498046875,939094,2026-08-06 16:24:45.638407
FPT.VN,2012-04-16,8545.1005859375,8682.9248046875,8476.1884765625,8545.1005859375,5180.40869140625,931476,2026-08-06 16:24:45.638407
FPT.VN,2012-04-17,8682.9248046875,8682.9248046875,8476.1884765625,8614.0126953125,5222.18798828125,897955,2026-08-06 16:24:45.638407
FPT.VN,2012-04-18,8682.9248046875,8682.9248046875,8545.1005859375,8545.1005859375,5180.40869140625,825109,2026-08-06 16:24:45.638407
FPT.VN,2012-04-19,8545.1005859375,8614.0126953125,8200.5400390625,8200.5400390625,4971.5224609375,2186335,2026-08-06 16:24:45.638407
FPT.VN,2012-04-20,8269.4521484375,8476.1884765625,8131.6279296875,8131.6279296875,4929.74462890625,1743670,2026-08-06 16:24:45.638407
FPT.VN,2012-04-23,8200.5400390625,8407.2763671875,8062.7158203125,8062.7158203125,4887.96728515625,1009184,2026-08-06 16:24:45.638407
FPT.VN,2012-04-24,8200.5400390625,8269.4521484375,8131.6279296875,8269.4521484375,5013.30029296875,591695,2026-08-06 16:24:45.638407
FPT.VN,2012-04-25,8476.1884765625,8476.1884765625,8269.4521484375,8338.3642578125,5055.0771484375,576386,2026-08-06 16:24:45.638407
FPT.VN,2012-04-26,8476.1884765625,8476.1884765625,8200.5400390625,8200.5400390625,4971.5224609375,1309639,2026-08-06 16:24:45.638407
FPT.VN,2012-04-27,8269.4521484375,8338.3642578125,8200.5400390625,8200.5400390625,4971.5224609375,789338,2026-08-06 16:24:45.638407
FPT.VN,2012-04-30,8200.5400390625,8200.5400390625,8200.5400390625,8200.5400390625,4971.5224609375,0,2026-08-06 16:24:45.638407
FPT.VN,2012-05-01,8200.5400390625,8200.5400390625,8200.5400390625,8200.5400390625,4971.5224609375,0,2026-08-06 16:24:45.638407
FPT.VN,2012-05-02,8545.1005859375,8545.1005859375,8476.1884765625,8545.1005859375,5180.40869140625,3085887,2026-08-06 16:24:45.638407
FPT.VN,2012-05-03,8958.5732421875,8958.5732421875,8820.7490234375,8958.5732421875,5431.07373046875,3994291,2026-08-06 16:24:45.638407
FPT.VN,2012-05-04,8958.5732421875,9165.3095703125,8958.5732421875,9096.3974609375,5514.6298828125,2819896,2026-08-06 16:24:45.638407
FPT.VN,2012-05-07,9165.3095703125,9234.2216796875,9027.4853515625,9234.2216796875,5598.18408203125,2063135,2026-08-06 16:24:45.638407
FPT.VN,2012-05-08,9234.2216796875,9303.1337890625,9096.3974609375,9165.3095703125,5556.40771484375,2262084,2026-08-06 16:24:45.638407
FPT.VN,2012-05-09,9096.3974609375,9165.3095703125,9027.4853515625,9096.3974609375,5514.6298828125,1918893,2026-08-06 16:24:45.638407
FPT.VN,2012-05-10,9165.3095703125,9165.3095703125,9027.4853515625,9027.4853515625,5472.85107421875,2104129,2026-08-06 16:24:45.638407
FPT.VN,2012-05-11,9165.3095703125,9165.3095703125,8889.6611328125,8889.6611328125,5389.29736328125,2063425,2026-08-06 16:24:45.638407
FPT.VN,2012-05-14,8958.5732421875,9027.4853515625,8820.7490234375,8820.7490234375,5347.51904296875,1547043,2026-08-06 16:24:45.638407
FPT.VN,2012-05-15,8958.5732421875,8958.5732421875,8510.64453125,8527.8720703125,5252.0283203125,2034649,2026-08-06 16:24:45.638407
FPT.VN,2012-05-16,8596.7841796875,8614.0126953125,8493.416015625,8493.416015625,5230.8076171875,641861,2026-08-06 16:24:45.638407
FPT.VN,2012-05-17,8527.8720703125,8614.0126953125,8527.8720703125,8579.556640625,5283.85791015625,930054,2026-08-06 16:24:45.638407
FPT.VN,2012-05-18,8579.556640625,8579.556640625,8269.4521484375,8355.591796875,5145.92626953125,1532967,2026-08-06 16:24:45.638407
FPT.VN,2012-05-21,8614.0126953125,8700.15234375,8441.732421875,8700.15234375,5358.12890625,972369,2026-08-06 16:24:45.638407
FPT.VN,2012-05-22,8786.29296875,8786.29296875,8562.328125,8579.556640625,5283.85791015625,519618,2026-08-06 16:24:45.638407
FPT.VN,2012-05-23,8527.8720703125,8579.556640625,8355.591796875,8407.2763671875,5177.75732421875,741988,2026-08-06 16:24:45.638407
FPT.VN,2012-05-24,8407.2763671875,8441.732421875,8372.8203125,8372.8203125,5156.53662109375,580333,2026-08-06 16:24:45.638407
FPT.VN,2012-05-25,8545.1005859375,8545.1005859375,8441.732421875,8545.1005859375,5262.63720703125,602680,2026-08-06 16:24:45.638407
FPT.VN,2012-05-28,8527.8720703125,8614.0126953125,8527.8720703125,8545.1005859375,5262.63720703125,720918,2026-08-06 16:24:45.638407
FPT.VN,2012-05-29,8527.8720703125,8545.1005859375,8476.1884765625,8527.8720703125,5252.0283203125,376769,2026-08-06 16:24:45.638407
FPT.VN,2012-05-30,8614.0126953125,8614.0126953125,8493.416015625,8545.1005859375,5262.63720703125,379788,2026-08-06 16:24:45.638407
FPT.VN,2012-05-31,8493.416015625,8527.8720703125,8493.416015625,8510.64453125,5241.41845703125,812803,2026-08-06 16:24:45.638407
FPT.VN,2012-06-01,8510.64453125,8527.8720703125,8493.416015625,8493.416015625,5230.8076171875,220861,2026-08-06 16:24:45.638407
FPT.VN,2012-06-04,8493.416015625,8493.416015625,8441.732421875,8441.732421875,5198.9775390625,574877,2026-08-06 16:24:45.638407
FPT.VN,2012-06-05,8390.0478515625,8458.9599609375,8390.0478515625,8441.732421875,5198.9775390625,852274,2026-08-06 16:24:45.638407
FPT.VN,2012-06-06,8510.64453125,8510.64453125,8424.50390625,8493.416015625,5230.8076171875,309321,2026-08-06 16:24:45.638407
FPT.VN,2012-06-07,8545.1005859375,8545.1005859375,8493.416015625,8493.416015625,5230.8076171875,186904,2026-08-06 16:24:45.638407
FPT.VN,2012-06-08,8527.8720703125,8614.0126953125,8441.732421875,8441.732421875,5198.9775390625,476607,2026-08-06 16:24:45.638407
FPT.VN,2012-06-11,8510.64453125,8510.64453125,8390.0478515625,8458.9599609375,5209.58740234375,241989,2026-08-06 16:24:45.638407
FPT.VN,2012-06-12,8458.9599609375,8476.1884765625,8424.50390625,8441.732421875,5198.9775390625,495820,2026-08-06 16:24:45.638407
FPT.VN,2012-06-13,8476.1884765625,8476.1884765625,8424.50390625,8441.732421875,5198.9775390625,417459,2026-08-06 16:24:45.638407
FPT.VN,2012-06-14,8476.1884765625,8476.1884765625,8390.0478515625,8407.2763671875,5177.75732421875,410668,2026-08-06 16:24:45.638407
FPT.VN,2012-06-15,8458.9599609375,8458.9599609375,8407.2763671875,8424.50390625,5188.36669921875,632515,2026-08-06 16:24:45.638407
FPT.VN,2012-06-18,8545.1005859375,8545.1005859375,8424.50390625,8458.9599609375,5209.58740234375,200197,2026-08-06 16:24:45.638407
FPT.VN,2012-06-19,8441.732421875,8476.1884765625,8424.50390625,8458.9599609375,5209.58740234375,602274,2026-08-06 16:24:45.638407
FPT.VN,2012-06-20,8527.8720703125,8527.8720703125,8458.9599609375,8493.416015625,5230.8076171875,520779,2026-08-06 16:24:45.638407
FPT.VN,2012-06-21,8476.1884765625,8493.416015625,8441.732421875,8476.1884765625,5220.19775390625,292314,2026-08-06 16:24:45.638407
FPT.VN,2012-06-22,8458.9599609375,8476.1884765625,8441.732421875,8441.732421875,5198.9775390625,390932,2026-08-06 16:24:45.638407
FPT.VN,2012-06-25,8424.50390625,8493.416015625,8424.50390625,8441.732421875,5198.9775390625,248664,2026-08-06 16:24:45.638407
FPT.VN,2012-06-26,8372.8203125,8407.2763671875,8372.8203125,8372.8203125,5156.53662109375,180577,2026-08-06 16:24:45.638407
FPT.VN,2012-06-27,8441.732421875,8441.732421875,8372.8203125,8372.8203125,5156.53662109375,428255,2026-08-06 16:24:45.638407
FPT.VN,2012-06-28,8390.0478515625,8390.0478515625,8114.39990234375,8114.39990234375,4997.384765625,211689,2026-08-06 16:24:45.638407
FPT.VN,2012-06-29,8183.31201171875,8252.2236328125,8114.39990234375,8114.39990234375,4997.384765625,28848,2026-08-06 16:24:45.638407
FPT.VN,2012-07-02,8217.767578125,8338.3642578125,8097.171875,8114.39990234375,4997.384765625,762652,2026-08-06 16:24:45.638407
FPT.VN,2012-07-03,8234.99609375,8234.99609375,8097.171875,8097.171875,4986.7744140625,70350,2026-08-06 16:24:45.638407
FPT.VN,2012-07-04,8183.31201171875,8183.31201171875,8097.171875,8131.6279296875,5007.994140625,107034,2026-08-06 16:24:45.638407
FPT.VN,2012-07-05,8183.31201171875,8200.5400390625,8131.6279296875,8183.31201171875,5039.82470703125,207742,2026-08-06 16:24:45.638407
FPT.VN,2012-07-06,8234.99609375,8234.99609375,8183.31201171875,8183.31201171875,5039.82470703125,155386,2026-08-06 16:24:45.638407
FPT.VN,2012-07-09,8011.03173828125,8183.31201171875,8011.03173828125,8114.39990234375,4997.384765625,83642,2026-08-06 16:24:45.638407
FPT.VN,2012-07-10,8097.171875,8131.6279296875,8097.171875,8097.171875,4986.7744140625,159855,2026-08-06 16:24:45.638407
FPT.VN,2012-07-11,8097.171875,8114.39990234375,8062.7158203125,8114.39990234375,4997.384765625,235662,2026-08-06 16:24:45.638407
FPT.VN,2012-07-12,8097.171875,8114.39990234375,8097.171875,8114.39990234375,4997.384765625,121139,2026-08-06 16:24:45.638407
FPT.VN,2012-07-13,8131.6279296875,8269.4521484375,8097.171875,8234.99609375,5071.65625,174,2026-08-06 16:24:45.638407
FPT.VN,2012-07-16,8321.1357421875,8321.1357421875,8131.6279296875,8148.85595703125,5018.60498046875,133793,2026-08-06 16:24:45.638407
FPT.VN,2012-07-17,8131.6279296875,8148.85595703125,8097.171875,8148.85595703125,5018.60498046875,225620,2026-08-06 16:24:45.638407
FPT.VN,2012-07-18,8166.083984375,8166.083984375,8097.171875,8114.39990234375,4997.384765625,315184,2026-08-06 16:24:45.638407
FPT.VN,2012-07-19,8097.171875,8131.6279296875,8062.7158203125,8131.6279296875,5007.994140625,364580,2026-08-06 16:24:45.638407
FPT.VN,2012-07-20,8217.767578125,8252.2236328125,8114.39990234375,8114.39990234375,4997.384765625,482701,2026-08-06 16:24:45.638407
FPT.VN,2012-07-23,8114.39990234375,8114.39990234375,8079.94384765625,8114.39990234375,4997.384765625,355177,2026-08-06 16:24:45.638407
FPT.VN,2012-07-24,8114.39990234375,8510.64453125,8114.39990234375,8476.1884765625,5220.19775390625,1724631,2026-08-06 16:24:45.638407
FPT.VN,2012-07-25,8441.732421875,8441.732421875,8183.31201171875,8183.31201171875,5039.82470703125,1033548,2026-08-06 16:24:45.638407
FPT.VN,2012-07-26,8131.6279296875,8234.99609375,8131.6279296875,8234.99609375,5071.65625,512420,2026-08-06 16:24:45.638407
FPT.VN,2012-07-27,8269.4521484375,8441.732421875,8269.4521484375,8390.0478515625,5167.14697265625,1096353,2026-08-06 16:24:45.638407
FPT.VN,2012-07-30,8269.4521484375,8441.732421875,8269.4521484375,8390.0478515625,5167.14697265625,1096353,2026-08-06 16:24:45.638407
FPT.VN,2012-07-31,8183.31201171875,8269.4521484375,8183.31201171875,8200.5400390625,5050.43505859375,824238,2026-08-06 16:24:45.638407
FPT.VN,2012-08-01,8148.85595703125,8183.31201171875,8114.39990234375,8131.6279296875,5007.994140625,780994,2026-08-06 16:24:45.638407
FPT.VN,2012-08-02,8097.171875,8200.5400390625,8097.171875,8131.6279296875,5007.994140625,521882,2026-08-06 16:24:45.638407
FPT.VN,2012-08-03,8097.171875,8148.85595703125,8097.171875,8148.85595703125,5018.60498046875,924307,2026-08-06 16:24:45.638407
FPT.VN,2012-08-06,8097.171875,8183.31201171875,8097.171875,8131.6279296875,5007.994140625,861619,2026-08-06 16:24:45.638407
FPT.VN,2012-08-07,8114.39990234375,8148.85595703125,8097.171875,8131.6279296875,5007.994140625,841361,2026-08-06 16:24:45.638407
FPT.VN,2012-08-08,8114.39990234375,8131.6279296875,8097.171875,8114.39990234375,4997.384765625,413686,2026-08-06 16:24:45.638407
FPT.VN,2012-08-09,8114.39990234375,8148.85595703125,8028.259765625,8079.94384765625,4976.1630859375,1885648,2026-08-06 16:24:45.638407
FPT.VN,2012-08-10,8114.39990234375,8114.39990234375,7890.435546875,7890.435546875,4859.45263671875,2677207,2026-08-06 16:24:45.638407
FPT.VN,2012-08-13,8114.39990234375,8114.39990234375,7907.66357421875,8011.03173828125,4933.72314453125,903876,2026-08-06 16:24:45.638407
FPT.VN,2012-08-14,7890.435546875,8079.94384765625,7890.435546875,7976.57568359375,4912.5029296875,1296201,2026-08-06 16:24:45.638407
FPT.VN,2012-08-15,7942.11962890625,7993.8037109375,7924.8916015625,7942.11962890625,4891.28271484375,2314716,2026-08-06 16:24:45.638407
FPT.VN,2012-08-16,7993.8037109375,8062.7158203125,7890.435546875,7890.435546875,4859.45263671875,1880946,2026-08-06 16:24:45.638407
FPT.VN,2012-08-17,7752.611328125,7924.8916015625,7752.611328125,7838.75146484375,4827.62109375,1272925,2026-08-06 16:24:45.638407
FPT.VN,2012-08-20,7924.8916015625,7959.34765625,7838.75146484375,7942.11962890625,4891.28271484375,505745,2026-08-06 16:24:45.638407
FPT.VN,2012-08-21,7924.8916015625,7924.8916015625,7563.10302734375,7580.3310546875,4668.46923828125,2465227,2026-08-06 16:24:45.638407
FPT.VN,2012-08-22,7580.3310546875,7752.611328125,7545.875,7580.3310546875,4668.46923828125,1018514,2026-08-06 16:24:45.638407
FPT.VN,2012-08-23,7580.3310546875,7580.3310546875,7201.314453125,7201.314453125,4435.04638671875,1777452,2026-08-06 16:24:45.638407
FPT.VN,2012-08-24,6891.2099609375,7408.05078125,6873.98193359375,7252.99853515625,4466.8759765625,967551,2026-08-06 16:24:45.638407
FPT.VN,2012-08-27,7252.99853515625,7252.99853515625,6736.15771484375,6736.15771484375,4249.50927734375,1899985,2026-08-06 16:24:45.638407
FPT.VN,2012-08-28,6753.3857421875,6891.2099609375,6529.42138671875,6563.87744140625,4140.8271484375,2247210,2026-08-06 16:24:45.638407
FPT.VN,2012-08-29,6718.9296875,6718.9296875,6546.6494140625,6581.10546875,4151.6953125,3000285,2026-08-06 16:24:45.638407
FPT.VN,2012-08-30,6581.10546875,6632.78955078125,6546.6494140625,6581.10546875,4151.6953125,3229505,2026-08-06 16:24:45.638407
FPT.VN,2012-08-31,6581.10546875,6908.43798828125,6563.87744140625,6908.43798828125,4358.19287109375,2845073,2026-08-06 16:24:45.638407
FPT.VN,2012-09-03,6908.43798828125,6908.43798828125,6908.43798828125,6908.43798828125,4358.19287109375,0,2026-08-06 16:24:45.638407
FPT.VN,2012-09-04,7218.54248046875,7252.99853515625,6994.578125,7201.314453125,4542.955078125,1140989,2026-08-06 16:24:45.638407
FPT.VN,2012-09-05,7201.314453125,7218.54248046875,6977.35009765625,6977.35009765625,4401.66796875,999243,2026-08-06 16:24:45.638407
FPT.VN,2012-09-06,6891.2099609375,6977.35009765625,6736.15771484375,6787.841796875,4282.11474609375,848327,2026-08-06 16:24:45.638407
FPT.VN,2012-09-07,6787.841796875,6805.06982421875,6718.9296875,6770.61376953125,4271.2470703125,613070,2026-08-06 16:24:45.638407
FPT.VN,2012-09-10,6787.841796875,6787.841796875,6563.87744140625,6615.5615234375,4173.43212890625,551252,2026-08-06 16:24:45.638407
FPT.VN,2012-09-11,6408.8251953125,6667.24560546875,6408.8251953125,6632.78955078125,4184.30078125,533955,2026-08-06 16:24:45.638407
FPT.VN,2012-09-12,6615.5615234375,6753.3857421875,6615.5615234375,6667.24560546875,4206.03759765625,319305,2026-08-06 16:24:45.638407
FPT.VN,2012-09-13,6701.70166015625,6701.70166015625,6598.33349609375,6667.24560546875,4206.03759765625,828359,2026-08-06 16:24:45.638407
FPT.VN,2012-09-14,6753.3857421875,6753.3857421875,6667.24560546875,6667.24560546875,4206.03759765625,833873,2026-08-06 16:24:45.638407
FPT.VN,2012-09-17,6667.24560546875,6684.4736328125,6598.33349609375,6650.017578125,4195.16845703125,570523,2026-08-06 16:24:45.638407
FPT.VN,2012-09-18,6615.5615234375,6650.017578125,6512.193359375,6512.193359375,4108.22216796875,980495,2026-08-06 16:24:45.638407
FPT.VN,2012-09-19,6322.68505859375,6460.50927734375,6271.0009765625,6322.68505859375,3988.67138671875,2821739,2026-08-06 16:24:45.638407
FPT.VN,2012-09-20,6339.9130859375,6408.8251953125,6288.22900390625,6322.68505859375,3988.67138671875,803052,2026-08-06 16:24:45.638407
FPT.VN,2012-09-21,6357.14111328125,6408.8251953125,6322.68505859375,6339.9130859375,3999.538818359375,289586,2026-08-06 16:24:45.638407
FPT.VN,2012-09-24,6339.9130859375,6339.9130859375,6288.22900390625,6305.45703125,3977.801513671875,603957,2026-08-06 16:24:45.638407
FPT.VN,2012-09-25,6339.9130859375,6339.9130859375,6288.22900390625,6305.45703125,3977.801513671875,733862,2026-08-06 16:24:45.638407
FPT.VN,2012-09-26,6339.9130859375,6391.59716796875,6288.22900390625,6374.369140625,4021.275146484375,751740,2026-08-06 16:24:45.638407
FPT.VN,2012-09-27,6426.05322265625,6684.4736328125,6391.59716796875,6546.6494140625,4129.958984375,1475328,2026-08-06 16:24:45.638407
FPT.VN,2012-09-28,6546.6494140625,6615.5615234375,6512.193359375,6529.42138671875,4119.09130859375,546667,2026-08-06 16:24:45.638407
FPT.VN,2012-10-01,6443.28125,6477.7373046875,6322.68505859375,6357.14111328125,4010.406982421875,430345,2026-08-06 16:24:45.638407
FPT.VN,2012-10-02,6357.14111328125,6391.59716796875,6322.68505859375,6357.14111328125,4010.406982421875,642035,2026-08-06 16:24:45.638407
FPT.VN,2012-10-03,6357.14111328125,6408.8251953125,6357.14111328125,6357.14111328125,4010.406982421875,381935,2026-08-06 16:24:45.638407
FPT.VN,2012-10-04,6357.14111328125,6391.59716796875,6339.9130859375,6339.9130859375,3999.538818359375,540166,2026-08-06 16:24:45.638407
FPT.VN,2012-10-05,6374.369140625,6374.369140625,6339.9130859375,6339.9130859375,3999.538818359375,267587,2026-08-06 16:24:45.638407
FPT.VN,2012-10-08,6305.45703125,6391.59716796875,6305.45703125,6357.14111328125,4010.406982421875,376595,2026-08-06 16:24:45.638407
FPT.VN,2012-10-09,6374.369140625,6546.6494140625,6357.14111328125,6408.8251953125,4043.01220703125,833757,2026-08-06 16:24:45.638407
FPT.VN,2012-10-10,6460.50927734375,6460.50927734375,6426.05322265625,6460.50927734375,4075.616943359375,248200,2026-08-06 16:24:45.638407
FPT.VN,2012-10-11,6512.193359375,6512.193359375,6443.28125,6443.28125,4064.748291015625,929473,2026-08-06 16:24:45.638407
FPT.VN,2012-10-12,6443.28125,6477.7373046875,6391.59716796875,6391.59716796875,4032.14306640625,265149,2026-08-06 16:24:45.638407
FPT.VN,2012-10-15,6374.369140625,6408.8251953125,6357.14111328125,6357.14111328125,4010.406982421875,371429,2026-08-06 16:24:45.638407
FPT.VN,2012-10-16,6339.9130859375,6408.8251953125,6339.9130859375,6391.59716796875,4032.14306640625,390468,2026-08-06 16:24:45.638407
FPT.VN,2012-10-17,6374.369140625,6426.05322265625,6374.369140625,6391.59716796875,4032.14306640625,154863,2026-08-06 16:24:45.638407
FPT.VN,2012-10-18,6391.59716796875,6391.59716796875,6322.68505859375,6322.68505859375,3988.67138671875,350649,2026-08-06 16:24:45.638407
FPT.VN,2012-10-19,6374.369140625,6374.369140625,6271.0009765625,6305.45703125,3977.801513671875,348908,2026-08-06 16:24:45.638407
FPT.VN,2012-10-22,6357.14111328125,6357.14111328125,6288.22900390625,6288.22900390625,3966.934326171875,333352,2026-08-06 16:24:45.638407
FPT.VN,2012-10-23,6288.22900390625,6305.45703125,6271.0009765625,6288.22900390625,3966.934326171875,444972,2026-08-06 16:24:45.638407
FPT.VN,2012-10-24,6288.22900390625,6305.45703125,6288.22900390625,6288.22900390625,3966.934326171875,475852,2026-08-06 16:24:45.638407
FPT.VN,2012-10-25,6236.544921875,6288.22900390625,6236.544921875,6288.22900390625,3966.934326171875,358427,2026-08-06 16:24:45.638407
FPT.VN,2012-10-26,6288.22900390625,6288.22900390625,6236.544921875,6271.0009765625,3956.065673828125,185279,2026-08-06 16:24:45.638407
FPT.VN,2012-10-29,6236.544921875,6271.0009765625,6236.544921875,6253.77294921875,3945.197509765625,276177,2026-08-06 16:24:45.638407
FPT.VN,2012-10-30,6184.86083984375,6236.544921875,6184.86083984375,6184.86083984375,3901.724609375,548118,2026-08-06 16:24:45.638407
FPT.VN,2012-10-31,6184.86083984375,6202.0888671875,6167.6328125,6167.6328125,3890.856201171875,531053,2026-08-06 16:24:45.638407
FPT.VN,2012-11-01,6098.720703125,6202.0888671875,6098.720703125,6167.6328125,3890.856201171875,406953,2026-08-06 16:24:45.638407
FPT.VN,2012-11-02,5909.21240234375,5960.896484375,5874.75634765625,5874.75634765625,3706.095458984375,561933,2026-08-06 16:24:45.638407
FPT.VN,2012-11-05,5616.3359375,5874.75634765625,5599.10791015625,5840.30029296875,3684.35791015625,568608,2026-08-06 16:24:45.638407
FPT.VN,2012-11-06,5926.4404296875,5926.4404296875,5771.38818359375,5771.38818359375,3640.884765625,260389,2026-08-06 16:24:45.638407
FPT.VN,2012-11-07,5840.30029296875,5891.984375,5805.84423828125,5857.5283203125,3695.22705078125,258822,2026-08-06 16:24:45.638407
FPT.VN,2012-11-08,5891.984375,5891.984375,5823.072265625,5857.5283203125,3695.22705078125,211457,2026-08-06 16:24:45.638407
FPT.VN,2012-11-09,5857.5283203125,5874.75634765625,5823.072265625,5857.5283203125,3695.22705078125,134664,2026-08-06 16:24:45.638407
FPT.VN,2012-11-12,5909.21240234375,6064.2646484375,5909.21240234375,6029.80859375,3803.908935546875,577141,2026-08-06 16:24:45.638407
FPT.VN,2012-11-13,6047.03662109375,6064.2646484375,6012.58056640625,6012.58056640625,3793.040283203125,180635,2026-08-06 16:24:45.638407
FPT.VN,2012-11-14,6047.03662109375,6047.03662109375,5995.3525390625,6029.80859375,3803.908935546875,182899,2026-08-06 16:24:45.638407
FPT.VN,2012-11-15,6029.80859375,6029.80859375,5978.12451171875,5978.12451171875,3771.304443359375,265207,2026-08-06 16:24:45.638407
FPT.VN,2012-11-16,6012.58056640625,6012.58056640625,5943.66845703125,5943.66845703125,3749.568359375,102043,2026-08-06 16:24:45.638407
FPT.VN,2012-11-19,5995.3525390625,5995.3525390625,5857.5283203125,5857.5283203125,3695.22705078125,191142,2026-08-06 16:24:45.638407
FPT.VN,2012-11-20,5805.84423828125,5874.75634765625,5805.84423828125,5857.5283203125,3695.22705078125,127989,2026-08-06 16:24:45.638407
FPT.VN,2012-11-21,5909.21240234375,5909.21240234375,5840.30029296875,5840.30029296875,3684.35791015625,121372,2026-08-06 16:24:45.638407
FPT.VN,2012-11-22,5857.5283203125,5857.5283203125,5823.072265625,5840.30029296875,3684.35791015625,228987,2026-08-06 16:24:45.638407
FPT.VN,2012-11-23,5874.75634765625,5874.75634765625,5840.30029296875,5840.30029296875,3684.35791015625,185337,2026-08-06 16:24:45.638407
FPT.VN,2012-11-26,5857.5283203125,5857.5283203125,5805.84423828125,5805.84423828125,3662.62109375,223705,2026-08-06 16:24:45.638407
FPT.VN,2012-11-27,5805.84423828125,5823.072265625,5754.16015625,5754.16015625,3630.015869140625,286858,2026-08-06 16:24:45.638407
FPT.VN,2012-11-28,5771.38818359375,5771.38818359375,5685.248046875,5685.248046875,3586.542724609375,257661,2026-08-06 16:24:45.638407
FPT.VN,2012-11-29,5685.248046875,5702.47607421875,5616.3359375,5616.3359375,3543.06982421875,428023,2026-08-06 16:24:45.638407
FPT.VN,2012-11-30,5633.56396484375,5650.7919921875,5616.3359375,5633.56396484375,3553.937744140625,257893,2026-08-06 16:24:45.638407
FPT.VN,2012-12-03,5633.56396484375,5633.56396484375,5581.8798828125,5599.10791015625,3532.20068359375,315532,2026-08-06 16:24:45.638407
FPT.VN,2012-12-04,5547.423828125,5650.7919921875,5530.19580078125,5650.7919921875,3564.806396484375,543591,2026-08-06 16:24:45.638407
FPT.VN,2012-12-05,5650.7919921875,5719.7041015625,5564.65185546875,5633.56396484375,3665.696533203125,621951,2026-08-06 16:24:45.638407
FPT.VN,2012-12-06,5581.8798828125,5633.56396484375,5581.8798828125,5599.10791015625,3643.2763671875,385186,2026-08-06 16:24:45.638407
FPT.VN,2012-12-07,5564.65185546875,5616.3359375,5547.423828125,5564.65185546875,3620.856689453125,235546,2026-08-06 16:24:45.638407
FPT.VN,2012-12-10,5599.10791015625,5633.56396484375,5581.8798828125,5633.56396484375,3665.696533203125,217668,2026-08-06 16:24:45.638407
FPT.VN,2012-12-11,5599.10791015625,5633.56396484375,5599.10791015625,5599.10791015625,3643.2763671875,239609,2026-08-06 16:24:45.638407
FPT.VN,2012-12-12,5599.10791015625,5771.38818359375,5599.10791015625,5685.248046875,3699.327392578125,839910,2026-08-06 16:24:45.638407
FPT.VN,2012-12-13,5702.47607421875,5754.16015625,5668.02001953125,5719.7041015625,3721.747802734375,807811,2026-08-06 16:24:45.638407
FPT.VN,2012-12-14,5702.47607421875,5771.38818359375,5685.248046875,5685.248046875,3699.327392578125,356221,2026-08-06 16:24:45.638407
FPT.VN,2012-12-17,5685.248046875,5754.16015625,5650.7919921875,5668.02001953125,3688.116943359375,521591,2026-08-06 16:24:45.638407
FPT.VN,2012-12-18,5599.10791015625,5668.02001953125,5581.8798828125,5581.8798828125,3632.066162109375,552994,2026-08-06 16:24:45.638407
FPT.VN,2012-12-19,5668.02001953125,5805.84423828125,5616.3359375,5736.93212890625,3732.95751953125,876943,2026-08-06 16:24:45.638407
FPT.VN,2012-12-20,5771.38818359375,5771.38818359375,5650.7919921875,5650.7919921875,3676.906982421875,413628,2026-08-06 16:24:45.638407
FPT.VN,2012-12-21,5650.7919921875,5685.248046875,5564.65185546875,5616.3359375,3654.487060546875,1176861,2026-08-06 16:24:45.638407
FPT.VN,2012-12-24,5633.56396484375,5736.93212890625,5633.56396484375,5719.7041015625,3721.747802734375,906023,2026-08-06 16:24:45.638407
FPT.VN,2012-12-25,5719.7041015625,5736.93212890625,5685.248046875,5719.7041015625,3721.747802734375,1097281,2026-08-06 16:24:45.638407
FPT.VN,2012-12-26,5702.47607421875,5909.21240234375,5685.248046875,5909.21240234375,3845.05810546875,1594030,2026-08-06 16:24:45.638407
FPT.VN,2012-12-27,5943.66845703125,6167.6328125,5943.66845703125,6115.94873046875,3979.578857421875,2014043,2026-08-06 16:24:45.638407
FPT.VN,2012-12-28,6115.94873046875,6115.94873046875,6047.03662109375,6064.2646484375,3945.949462890625,885185,2026-08-06 16:24:45.638407
FPT.VN,2012-12-31,6064.2646484375,6064.2646484375,6064.2646484375,6064.2646484375,3945.949462890625,0,2026-08-06 16:24:45.638407
FPT.VN,2013-01-01,6064.2646484375,6064.2646484375,6064.2646484375,6064.2646484375,3945.949462890625,0,2026-08-06 16:24:45.638407
FPT.VN,2013-01-02,6081.49267578125,6305.45703125,6081.49267578125,6271.0009765625,4080.470703125,2207565,2026-08-06 16:24:45.638407
FPT.VN,2013-01-03,6271.0009765625,6305.45703125,6081.49267578125,6184.86083984375,4024.419677734375,2130017,2026-08-06 16:24:45.638407
FPT.VN,2013-01-04,6150.40478515625,6271.0009765625,6133.1767578125,6271.0009765625,4080.470703125,1613765,2026-08-06 16:24:45.638407
FPT.VN,2013-01-07,6236.544921875,6288.22900390625,6202.0888671875,6236.544921875,4058.050048828125,1187425,2026-08-06 16:24:45.638407
FPT.VN,2013-01-08,6253.77294921875,6546.6494140625,6236.544921875,6546.6494140625,4259.83203125,3110397,2026-08-06 16:24:45.638407
FPT.VN,2013-01-09,6873.98193359375,6873.98193359375,6632.78955078125,6718.9296875,4371.931640625,9220441,2026-08-06 16:24:45.638407
FPT.VN,2013-01-10,6667.24560546875,6856.75390625,6650.017578125,6805.06982421875,4427.98291015625,3523619,2026-08-06 16:24:45.638407
FPT.VN,2013-01-11,6805.06982421875,6839.52587890625,6684.4736328125,6701.70166015625,4360.72216796875,3568662,2026-08-06 16:24:45.638407
FPT.VN,2013-01-14,6581.10546875,6632.78955078125,6477.7373046875,6494.96533203125,4226.2021484375,2899926,2026-08-06 16:24:45.638407
FPT.VN,2013-01-15,6494.96533203125,6667.24560546875,6494.96533203125,6581.10546875,4282.251953125,2077312,2026-08-06 16:24:45.638407
FPT.VN,2013-01-16,6650.017578125,6753.3857421875,6581.10546875,6650.017578125,4327.091796875,2138260,2026-08-06 16:24:45.638407
FPT.VN,2013-01-17,6632.78955078125,6667.24560546875,6563.87744140625,6563.87744140625,4271.0419921875,1696073,2026-08-06 16:24:45.638407
FPT.VN,2013-01-18,6512.193359375,6563.87744140625,6494.96533203125,6529.42138671875,4248.6220703125,2106799,2026-08-06 16:24:45.638407
FPT.VN,2013-01-21,6512.193359375,6546.6494140625,6460.50927734375,6494.96533203125,4226.2021484375,690735,2026-08-06 16:24:45.638407
FPT.VN,2013-01-22,6494.96533203125,6529.42138671875,6253.77294921875,6391.59716796875,4158.9404296875,2166470,2026-08-06 16:24:45.638407
FPT.VN,2013-01-23,6357.14111328125,6426.05322265625,6357.14111328125,6391.59716796875,4158.9404296875,1117539,2026-08-06 16:24:45.638407
FPT.VN,2013-01-24,6426.05322265625,6563.87744140625,6426.05322265625,6546.6494140625,4259.83203125,822206,2026-08-06 16:24:45.638407
FPT.VN,2013-01-25,6615.5615234375,6805.06982421875,6615.5615234375,6770.61376953125,4405.56298828125,4571272,2026-08-06 16:24:45.638407
FPT.VN,2013-01-28,6805.06982421875,7029.0341796875,6805.06982421875,6856.75390625,4461.61328125,3242101,2026-08-06 16:24:45.638407
FPT.VN,2013-01-29,6839.52587890625,6891.2099609375,6787.841796875,6805.06982421875,4427.98291015625,1202285,2026-08-06 16:24:45.638407
FPT.VN,2013-01-30,6891.2099609375,7166.8583984375,6891.2099609375,7029.0341796875,4573.71484375,4002954,2026-08-06 16:24:45.638407
FPT.VN,2013-01-31,6994.578125,7011.80615234375,6891.2099609375,6908.43798828125,4495.24267578125,2128334,2026-08-06 16:24:45.638407
FPT.VN,2013-02-01,6891.2099609375,6891.2099609375,6718.9296875,6805.06982421875,4427.98291015625,1876593,2026-08-06 16:24:45.638407
FPT.VN,2013-02-04,6856.75390625,6856.75390625,6753.3857421875,6787.841796875,4416.7724609375,966854,2026-08-06 16:24:45.638407
FPT.VN,2013-02-05,6736.15771484375,6787.841796875,6701.70166015625,6753.3857421875,4394.35302734375,1063383,2026-08-06 16:24:45.638407
FPT.VN,2013-02-06,6736.15771484375,6891.2099609375,6736.15771484375,6787.841796875,4416.7724609375,527628,2026-08-06 16:24:45.638407
FPT.VN,2013-02-07,6805.06982421875,6822.2978515625,6770.61376953125,6822.2978515625,4439.1923828125,902541,2026-08-06 16:24:45.638407
FPT.VN,2013-02-08,6839.52587890625,6977.35009765625,6805.06982421875,6856.75390625,4461.61328125,535000,2026-08-06 16:24:45.638407
FPT.VN,2013-02-11,6856.75390625,6856.75390625,6856.75390625,6856.75390625,4461.61328125,0,2026-08-06 16:24:45.638407
FPT.VN,2013-02-12,6856.75390625,6856.75390625,6856.75390625,6856.75390625,4461.61328125,0,2026-08-06 16:24:45.638407
FPT.VN,2013-02-13,6856.75390625,6856.75390625,6856.75390625,6856.75390625,4461.61328125,0,2026-08-06 16:24:45.638407
FPT.VN,2013-02-14,6856.75390625,6856.75390625,6856.75390625,6856.75390625,4461.61328125,0,2026-08-06 16:24:45.638407
FPT.VN,2013-02-15,6856.75390625,6856.75390625,6856.75390625,6856.75390625,4461.61328125,0,2026-08-06 16:24:45.638407
FPT.VN,2013-02-18,6856.75390625,6925.666015625,6839.52587890625,6891.2099609375,4484.03369140625,760447,2026-08-06 16:24:45.638407
FPT.VN,2013-02-19,6891.2099609375,6908.43798828125,6822.2978515625,6839.52587890625,4450.4033203125,976664,2026-08-06 16:24:45.638407
FPT.VN,2013-02-20,6753.3857421875,6839.52587890625,6753.3857421875,6805.06982421875,4427.98291015625,995993,2026-08-06 16:24:45.638407
FPT.VN,2013-02-21,6805.06982421875,6822.2978515625,6650.017578125,6650.017578125,4327.091796875,1785288,2026-08-06 16:24:45.638407
FPT.VN,2013-02-22,6701.70166015625,6787.841796875,6460.50927734375,6632.78955078125,4315.8828125,1961745,2026-08-06 16:24:45.638407
FPT.VN,2013-02-25,6701.70166015625,6701.70166015625,6598.33349609375,6615.5615234375,4304.67236328125,831958,2026-08-06 16:24:45.638407
FPT.VN,2013-02-26,6615.5615234375,6615.5615234375,6357.14111328125,6357.14111328125,4136.52001953125,1654513,2026-08-06 16:24:45.638407
FPT.VN,2013-02-27,6305.45703125,6426.05322265625,6288.22900390625,6305.45703125,4102.88916015625,1643310,2026-08-06 16:24:45.638407
FPT.VN,2013-02-28,6305.45703125,6408.8251953125,6305.45703125,6374.369140625,4147.73095703125,1109065,2026-08-06 16:24:45.638407
FPT.VN,2013-03-01,6391.59716796875,6391.59716796875,6339.9130859375,6374.369140625,4147.73095703125,562339,2026-08-06 16:24:45.638407
FPT.VN,2013-03-04,6357.14111328125,6357.14111328125,6202.0888671875,6236.544921875,4058.050048828125,1309204,2026-08-06 16:24:45.638407
FPT.VN,2013-03-05,6202.0888671875,6236.544921875,6150.40478515625,6150.40478515625,4002.0,1131644,2026-08-06 16:24:45.638407
FPT.VN,2013-03-06,6150.40478515625,6253.77294921875,6150.40478515625,6236.544921875,4058.050048828125,350301,2026-08-06 16:24:45.638407
FPT.VN,2013-03-07,6288.22900390625,6288.22900390625,6133.1767578125,6202.0888671875,4035.6298828125,672566,2026-08-06 16:24:45.638407
FPT.VN,2013-03-08,6184.86083984375,6357.14111328125,6184.86083984375,6339.9130859375,4125.310546875,674424,2026-08-06 16:24:45.638407
FPT.VN,2013-03-11,6339.9130859375,6460.50927734375,6339.9130859375,6443.28125,4192.5712890625,455885,2026-08-06 16:24:45.638407
FPT.VN,2013-03-12,6408.8251953125,6512.193359375,6357.14111328125,6443.28125,4192.5712890625,390700,2026-08-06 16:24:45.638407
FPT.VN,2013-03-13,6477.7373046875,6477.7373046875,6374.369140625,6391.59716796875,4158.9404296875,385360,2026-08-06 16:24:45.638407
FPT.VN,2013-03-14,6460.50927734375,6460.50927734375,6391.59716796875,6426.05322265625,4181.3603515625,90666,2026-08-06 16:24:45.638407
FPT.VN,2013-03-15,6443.28125,6443.28125,6391.59716796875,6408.8251953125,4170.14990234375,80102,2026-08-06 16:24:45.638407
FPT.VN,2013-03-18,6426.05322265625,6443.28125,6357.14111328125,6357.14111328125,4136.52001953125,316693,2026-08-06 16:24:45.638407
FPT.VN,2013-03-19,6322.68505859375,6391.59716796875,6322.68505859375,6374.369140625,4147.73095703125,158346,2026-08-06 16:24:45.638407
FPT.VN,2013-03-20,6426.05322265625,6460.50927734375,6374.369140625,6408.8251953125,4170.14990234375,366495,2026-08-06 16:24:45.638407
FPT.VN,2013-03-21,6443.28125,6650.017578125,6426.05322265625,6581.10546875,4282.251953125,1593566,2026-08-06 16:24:45.638407
FPT.VN,2013-03-22,6650.017578125,6856.75390625,6546.6494140625,6546.6494140625,4259.83203125,2249648,2026-08-06 16:24:45.638407
FPT.VN,2013-03-25,6667.24560546875,6667.24560546875,6581.10546875,6632.78955078125,4315.8828125,1006731,2026-08-06 16:24:45.638407
FPT.VN,2013-03-26,6684.4736328125,6684.4736328125,6598.33349609375,6598.33349609375,4293.46142578125,803342,2026-08-06 16:24:45.638407
FPT.VN,2013-03-27,6581.10546875,6598.33349609375,6512.193359375,6512.193359375,4237.4111328125,1086079,2026-08-06 16:24:45.638407
FPT.VN,2013-03-28,6529.42138671875,6581.10546875,6512.193359375,6512.193359375,4237.4111328125,568492,2026-08-06 16:24:45.638407
FPT.VN,2013-03-29,6512.193359375,6546.6494140625,6460.50927734375,6512.193359375,4237.4111328125,1069826,2026-08-06 16:24:45.638407
FPT.VN,2013-04-01,6477.7373046875,6615.5615234375,6477.7373046875,6615.5615234375,4304.67236328125,827372,2026-08-06 16:24:45.638407
FPT.VN,2013-04-02,6632.78955078125,6787.841796875,6632.78955078125,6667.24560546875,4338.302734375,2402190,2026-08-06 16:24:45.638407
FPT.VN,2013-04-03,6684.4736328125,6701.70166015625,6615.5615234375,6615.5615234375,4304.67236328125,747444,2026-08-06 16:24:45.638407
FPT.VN,2013-04-04,6632.78955078125,6632.78955078125,6546.6494140625,6563.87744140625,4271.0419921875,337357,2026-08-06 16:24:45.638407
FPT.VN,2013-04-05,6546.6494140625,6615.5615234375,6546.6494140625,6615.5615234375,4304.67236328125,714765,2026-08-06 16:24:45.638407
FPT.VN,2013-04-08,6615.5615234375,6839.52587890625,6615.5615234375,6839.52587890625,4450.4033203125,4190033,2026-08-06 16:24:45.638407
FPT.VN,2013-04-09,6856.75390625,7166.8583984375,6839.52587890625,7046.26220703125,4584.923828125,5191250,2026-08-06 16:24:45.638407
FPT.VN,2013-04-10,7063.490234375,7063.490234375,6856.75390625,6856.75390625,4461.61328125,1773563,2026-08-06 16:24:45.638407
FPT.VN,2013-04-11,6856.75390625,6856.75390625,6701.70166015625,6753.3857421875,4394.35302734375,1813963,2026-08-06 16:24:45.638407
FPT.VN,2013-04-12,6805.06982421875,6839.52587890625,6667.24560546875,6718.9296875,4371.931640625,1928137,2026-08-06 16:24:45.638407
FPT.VN,2013-04-15,6632.78955078125,6718.9296875,6477.7373046875,6512.193359375,4237.4111328125,1862256,2026-08-06 16:24:45.638407
FPT.VN,2013-04-16,6512.193359375,6529.42138671875,6339.9130859375,6460.50927734375,4203.7802734375,799395,2026-08-06 16:24:45.638407
FPT.VN,2013-04-17,6581.10546875,6632.78955078125,6460.50927734375,6546.6494140625,4259.83203125,612606,2026-08-06 16:24:45.638407
FPT.VN,2013-04-18,6477.7373046875,6512.193359375,6357.14111328125,6374.369140625,4147.73095703125,788598,2026-08-06 16:24:45.638407
FPT.VN,2013-04-19,6374.369140625,6374.369140625,6374.369140625,6374.369140625,4147.73095703125,0,2026-08-06 16:24:45.638407
FPT.VN,2013-04-22,6460.50927734375,6460.50927734375,6357.14111328125,6357.14111328125,4136.52001953125,832364,2026-08-06 16:24:45.638407
FPT.VN,2013-04-23,6443.28125,6443.28125,6374.369140625,6426.05322265625,4181.3603515625,411306,2026-08-06 16:24:45.638407
FPT.VN,2013-04-24,6460.50927734375,6460.50927734375,6357.14111328125,6391.59716796875,4158.9404296875,872705,2026-08-06 16:24:45.638407
FPT.VN,2013-04-25,6477.7373046875,6477.7373046875,6391.59716796875,6408.8251953125,4170.14990234375,268051,2026-08-06 16:24:45.638407
FPT.VN,2013-04-26,6408.8251953125,6443.28125,6391.59716796875,6408.8251953125,4170.14990234375,300034,2026-08-06 16:24:45.638407
FPT.VN,2013-04-29,6408.8251953125,6408.8251953125,6408.8251953125,6408.8251953125,4170.14990234375,0,2026-08-06 16:24:45.638407
FPT.VN,2013-04-30,6408.8251953125,6408.8251953125,6408.8251953125,6408.8251953125,4170.14990234375,0,2026-08-06 16:24:45.638407
FPT.VN,2013-05-01,6408.8251953125,6408.8251953125,6408.8251953125,6408.8251953125,4170.14990234375,0,2026-08-06 16:24:45.638407
FPT.VN,2013-05-02,6443.28125,6443.28125,6374.369140625,6374.369140625,4147.73095703125,384721,2026-08-06 16:24:45.638407
FPT.VN,2013-05-03,6391.59716796875,6408.8251953125,6374.369140625,6391.59716796875,4158.9404296875,425585,2026-08-06 16:24:45.638407
FPT.VN,2013-05-06,6443.28125,6598.33349609375,6391.59716796875,6598.33349609375,4293.46142578125,1093857,2026-08-06 16:24:45.638407
FPT.VN,2013-05-07,6546.6494140625,6546.6494140625,6460.50927734375,6460.50927734375,4203.7802734375,52826,2026-08-06 16:24:45.638407
FPT.VN,2013-05-08,6546.6494140625,6563.87744140625,6477.7373046875,6512.193359375,4237.4111328125,710354,2026-08-06 16:24:45.638407
FPT.VN,2013-05-09,6546.6494140625,6546.6494140625,6512.193359375,6512.193359375,4237.4111328125,468713,2026-08-06 16:24:45.638407
FPT.VN,2013-05-10,6546.6494140625,6546.6494140625,6512.193359375,6529.42138671875,4248.6220703125,375550,2026-08-06 16:24:45.638407
FPT.VN,2013-05-13,6581.10546875,6581.10546875,6529.42138671875,6546.6494140625,4259.83203125,349953,2026-08-06 16:24:45.638407
FPT.VN,2013-05-14,6546.6494140625,6770.61376953125,6546.6494140625,6615.5615234375,4304.67236328125,1868351,2026-08-06 16:24:45.638407
FPT.VN,2013-05-15,6667.24560546875,6684.4736328125,6615.5615234375,6684.4736328125,4349.51171875,909448,2026-08-06 16:24:45.638407
FPT.VN,2013-05-16,6718.9296875,6718.9296875,6632.78955078125,6684.4736328125,4349.51171875,750753,2026-08-06 16:24:45.638407
FPT.VN,2013-05-17,6667.24560546875,6684.4736328125,6632.78955078125,6632.78955078125,4315.8828125,600765,2026-08-06 16:24:45.638407
FPT.VN,2013-05-20,6632.78955078125,6856.75390625,6632.78955078125,6770.61376953125,4405.56298828125,1807520,2026-08-06 16:24:45.638407
FPT.VN,2013-05-21,7115.17431640625,7235.7705078125,6908.43798828125,7235.7705078125,4708.2333984375,10617293,2026-08-06 16:24:45.638407
FPT.VN,2013-05-22,7235.7705078125,7270.2265625,7184.08642578125,7184.08642578125,4674.6044921875,2746629,2026-08-06 16:24:45.638407
FPT.VN,2013-05-23,7115.17431640625,7270.2265625,7115.17431640625,7184.08642578125,4674.6044921875,3604475,2026-08-06 16:24:45.638407
FPT.VN,2013-05-24,7184.08642578125,7304.6826171875,7166.8583984375,7235.7705078125,4708.2333984375,1891627,2026-08-06 16:24:45.638407
FPT.VN,2013-05-27,7459.73486328125,7494.19091796875,7356.36669921875,7373.5947265625,4797.91455078125,2114345,2026-08-06 16:24:45.638407
FPT.VN,2013-05-28,7408.05078125,7459.73486328125,7373.5947265625,7425.27880859375,4831.544921875,1920649,2026-08-06 16:24:45.638407
FPT.VN,2013-05-29,7494.19091796875,7649.2431640625,7442.5068359375,7580.3310546875,4932.4365234375,2874328,2026-08-06 16:24:45.638407
FPT.VN,2013-05-30,7545.875,7580.3310546875,7494.19091796875,7563.10302734375,4921.22705078125,1709714,2026-08-06 16:24:45.638407
FPT.VN,2013-05-31,7580.3310546875,7838.75146484375,7580.3310546875,7666.47119140625,4988.4873046875,3370206,2026-08-06 16:24:45.638407
FPT.VN,2013-06-03,7666.47119140625,7735.38330078125,7597.55908203125,7632.01513671875,4966.06689453125,1816284,2026-08-06 16:24:45.638407
FPT.VN,2013-06-04,7632.01513671875,7855.9794921875,7632.01513671875,7700.92724609375,5010.9072265625,4190323,2026-08-06 16:24:45.638407
FPT.VN,2013-06-05,7752.611328125,7838.75146484375,7752.611328125,7787.0673828125,5066.95751953125,664556,2026-08-06 16:24:45.638407
FPT.VN,2013-06-06,7700.92724609375,7873.20751953125,7700.92724609375,7873.20751953125,5123.00830078125,1097223,2026-08-06 16:24:45.638407
FPT.VN,2013-06-07,7907.66357421875,7924.8916015625,7752.611328125,7838.75146484375,5100.58740234375,842812,2026-08-06 16:24:45.638407
FPT.VN,2013-06-10,7924.8916015625,7924.8916015625,7838.75146484375,7855.9794921875,5111.79736328125,1487227,2026-08-06 16:24:45.638407
FPT.VN,2013-06-11,7855.9794921875,7855.9794921875,7752.611328125,7787.0673828125,5066.95751953125,1364230,2026-08-06 16:24:45.638407
FPT.VN,2013-06-12,7752.611328125,7787.0673828125,7700.92724609375,7752.611328125,5044.537109375,1126072,2026-08-06 16:24:45.638407
FPT.VN,2013-06-13,7700.92724609375,7752.611328125,7666.47119140625,7700.92724609375,5010.9072265625,2400333,2026-08-06 16:24:45.638407
FPT.VN,2013-06-14,7735.38330078125,7735.38330078125,7614.787109375,7614.787109375,4954.8564453125,1495180,2026-08-06 16:24:45.638407
FPT.VN,2013-06-17,7666.47119140625,7666.47119140625,7442.5068359375,7442.5068359375,4842.75634765625,1424133,2026-08-06 16:24:45.638407
FPT.VN,2013-06-18,7442.5068359375,7442.5068359375,7339.138671875,7390.82275390625,4809.1259765625,1041965,2026-08-06 16:24:45.638407
FPT.VN,2013-06-19,7408.05078125,7476.962890625,7373.5947265625,7408.05078125,4820.33642578125,614463,2026-08-06 16:24:45.638407
FPT.VN,2013-06-20,7442.5068359375,7442.5068359375,7356.36669921875,7373.5947265625,4797.91455078125,838111,2026-08-06 16:24:45.638407
FPT.VN,2013-06-21,7339.138671875,7356.36669921875,7235.7705078125,7356.36669921875,4786.7060546875,1450775,2026-08-06 16:24:45.638407
FPT.VN,2013-06-24,7356.36669921875,7356.36669921875,7270.2265625,7321.91064453125,4764.28564453125,912118,2026-08-06 16:24:45.638407
FPT.VN,2013-06-25,7270.2265625,7304.6826171875,7063.490234375,7132.40234375,4640.9736328125,3881988,2026-08-06 16:24:45.638407
FPT.VN,2013-06-26,7080.71826171875,7166.8583984375,7080.71826171875,7149.63037109375,4652.18408203125,993033,2026-08-06 16:24:45.638407
FPT.VN,2013-06-27,7201.314453125,7218.54248046875,7132.40234375,7166.8583984375,4663.39453125,994019,2026-08-06 16:24:45.638407
FPT.VN,2013-06-28,7321.91064453125,7321.91064453125,7201.314453125,7201.314453125,4685.8154296875,660667,2026-08-06 16:24:45.638407
FPT.VN,2013-07-01,7252.99853515625,7252.99853515625,7166.8583984375,7235.7705078125,4708.2333984375,249361,2026-08-06 16:24:45.638407
FPT.VN,2013-07-02,7252.99853515625,7373.5947265625,7235.7705078125,7304.6826171875,4753.07568359375,478116,2026-08-06 16:24:45.638407
FPT.VN,2013-07-03,7339.138671875,7339.138671875,7270.2265625,7339.138671875,4775.49560546875,839039,2026-08-06 16:24:45.638407
FPT.VN,2013-07-04,7356.36669921875,7580.3310546875,7339.138671875,7476.962890625,4865.17578125,3057924,2026-08-06 16:24:45.638407
FPT.VN,2013-07-05,7476.962890625,7528.64697265625,7425.27880859375,7511.4189453125,4887.5966796875,1124504,2026-08-06 16:24:45.638407
FPT.VN,2013-07-08,7528.64697265625,7528.64697265625,7408.05078125,7408.05078125,4820.33642578125,650916,2026-08-06 16:24:45.638407
FPT.VN,2013-07-09,7408.05078125,7408.05078125,7270.2265625,7339.138671875,4775.49560546875,516135,2026-08-06 16:24:45.638407
FPT.VN,2013-07-10,7339.138671875,7356.36669921875,7287.45458984375,7321.91064453125,4764.28564453125,247039,2026-08-06 16:24:45.638407
FPT.VN,2013-07-11,7339.138671875,7339.138671875,7270.2265625,7304.6826171875,4753.07568359375,630716,2026-08-06 16:24:45.638407
FPT.VN,2013-07-12,7287.45458984375,7408.05078125,7287.45458984375,7408.05078125,4820.33642578125,592987,2026-08-06 16:24:45.638407
FPT.VN,2013-07-15,7459.73486328125,7459.73486328125,7356.36669921875,7425.27880859375,4831.544921875,440154,2026-08-06 16:24:45.638407
FPT.VN,2013-07-16,7459.73486328125,7563.10302734375,7425.27880859375,7511.4189453125,4887.5966796875,626189,2026-08-06 16:24:45.638407
FPT.VN,2013-07-17,7580.3310546875,7580.3310546875,7528.64697265625,7528.64697265625,4898.80517578125,841709,2026-08-06 16:24:45.638407
FPT.VN,2013-07-18,7528.64697265625,7580.3310546875,7459.73486328125,7459.73486328125,4853.96630859375,378220,2026-08-06 16:24:45.638407
FPT.VN,2013-07-19,7528.64697265625,7563.10302734375,7459.73486328125,7563.10302734375,4921.22705078125,660899,2026-08-06 16:24:45.638407
FPT.VN,2013-07-22,7632.01513671875,7632.01513671875,7494.19091796875,7563.10302734375,4921.22705078125,387856,2026-08-06 16:24:45.638407
FPT.VN,2013-07-23,7563.10302734375,7563.10302734375,7494.19091796875,7511.4189453125,4887.5966796875,555606,2026-08-06 16:24:45.638407
FPT.VN,2013-07-24,7442.5068359375,7476.962890625,7408.05078125,7408.05078125,4820.33642578125,1390931,2026-08-06 16:24:45.638407
FPT.VN,2013-07-25,7476.962890625,7528.64697265625,7408.05078125,7476.962890625,4865.17578125,625898,2026-08-06 16:24:45.638407
FPT.VN,2013-07-26,7511.4189453125,7511.4189453125,7373.5947265625,7390.82275390625,4809.1259765625,338111,2026-08-06 16:24:45.638407
FPT.VN,2013-07-29,7390.82275390625,7390.82275390625,7235.7705078125,7270.2265625,4730.65380859375,1041326,2026-08-06 16:24:45.638407
FPT.VN,2013-07-30,7252.99853515625,7408.05078125,7235.7705078125,7408.05078125,4820.33642578125,524784,2026-08-06 16:24:45.638407
FPT.VN,2013-07-31,7459.73486328125,7459.73486328125,7356.36669921875,7408.05078125,4820.33642578125,484907,2026-08-06 16:24:45.638407
FPT.VN,2013-08-01,7408.05078125,7425.27880859375,7390.82275390625,7390.82275390625,4809.1259765625,448919,2026-08-06 16:24:45.638407
FPT.VN,2013-08-02,7459.73486328125,7476.962890625,7425.27880859375,7442.5068359375,4842.75634765625,452344,2026-08-06 16:24:45.638407
FPT.VN,2013-08-05,7459.73486328125,7821.5234375,7459.73486328125,7666.47119140625,4988.4873046875,3274200,2026-08-06 16:24:45.638407
FPT.VN,2013-08-06,7666.47119140625,7804.29541015625,7666.47119140625,7787.0673828125,5066.95751953125,2759921,2026-08-06 16:24:45.638407
FPT.VN,2013-08-07,7838.75146484375,8045.48779296875,7804.29541015625,7976.57568359375,5190.2685546875,4796835,2026-08-06 16:24:45.638407
FPT.VN,2013-08-08,7976.57568359375,7976.57568359375,7787.0673828125,7787.0673828125,5066.95751953125,2110979,2026-08-06 16:24:45.638407
FPT.VN,2013-08-09,7787.0673828125,7855.9794921875,7769.83935546875,7855.9794921875,5111.79736328125,1189689,2026-08-06 16:24:45.638407
FPT.VN,2013-08-12,7890.435546875,7890.435546875,7787.0673828125,7821.5234375,5089.3779296875,1159215,2026-08-06 16:24:45.638407
FPT.VN,2013-08-13,7821.5234375,7907.66357421875,7787.0673828125,7838.75146484375,5100.58740234375,2475269,2026-08-06 16:24:45.638407
FPT.VN,2013-08-14,7838.75146484375,7873.20751953125,7804.29541015625,7873.20751953125,5123.00830078125,1149348,2026-08-06 16:24:45.638407
FPT.VN,2013-08-15,7804.29541015625,7959.34765625,7735.38330078125,7890.435546875,5308.4560546875,4674708,2026-08-06 16:24:45.638407
FPT.VN,2013-08-16,7873.20751953125,7924.8916015625,7787.0673828125,7924.8916015625,5331.63720703125,1858715,2026-08-06 16:24:45.638407
FPT.VN,2013-08-19,7924.8916015625,8200.5400390625,7907.66357421875,8114.39990234375,5459.1328125,3123863,2026-08-06 16:24:45.638407
FPT.VN,2013-08-20,8097.171875,8114.39990234375,7993.8037109375,8062.7158203125,5424.36083984375,2600472,2026-08-06 16:24:45.638407
FPT.VN,2013-08-21,8062.7158203125,8062.7158203125,7752.611328125,7993.8037109375,5377.99951171875,2744830,2026-08-06 16:24:45.638407
FPT.VN,2013-08-22,7993.8037109375,7993.8037109375,7769.83935546875,7821.5234375,5262.09375,2170591,2026-08-06 16:24:45.638407
FPT.VN,2013-08-23,7838.75146484375,7855.9794921875,7666.47119140625,7700.92724609375,5180.96044921875,2556590,2026-08-06 16:24:45.638407
FPT.VN,2013-08-26,7683.69921875,7718.1552734375,7580.3310546875,7683.69921875,5169.36865234375,1155326,2026-08-06 16:24:45.638407
FPT.VN,2013-08-27,7735.38330078125,7735.38330078125,7614.787109375,7649.2431640625,5146.1884765625,712095,2026-08-06 16:24:45.638407
FPT.VN,2013-08-28,7545.875,7580.3310546875,7270.2265625,7373.5947265625,4960.73974609375,2514391,2026-08-06 16:24:45.638407
FPT.VN,2013-08-29,7339.138671875,7494.19091796875,7339.138671875,7339.138671875,4937.55908203125,808508,2026-08-06 16:24:45.638407
FPT.VN,2013-08-30,7408.05078125,7442.5068359375,7321.91064453125,7425.27880859375,4995.51171875,1331377,2026-08-06 16:24:45.638407
FPT.VN,2013-09-02,7425.27880859375,7425.27880859375,7425.27880859375,7425.27880859375,4995.51171875,0,2026-08-06 16:24:45.638407
FPT.VN,2013-09-03,7528.64697265625,7528.64697265625,7373.5947265625,7373.5947265625,4960.73974609375,340491,2026-08-06 16:24:45.638407
FPT.VN,2013-09-04,7425.27880859375,7459.73486328125,7339.138671875,7390.82275390625,4972.3310546875,1482642,2026-08-06 16:24:45.638407
FPT.VN,2013-09-05,7442.5068359375,7545.875,7373.5947265625,7528.64697265625,5065.0537109375,1401495,2026-08-06 16:24:45.638407
FPT.VN,2013-09-06,7563.10302734375,7735.38330078125,7511.4189453125,7632.01513671875,5134.59765625,1541674,2026-08-06 16:24:45.638407
FPT.VN,2013-09-09,7632.01513671875,7632.01513671875,7390.82275390625,7442.5068359375,5007.103515625,792836,2026-08-06 16:24:45.638407
FPT.VN,2013-09-10,7442.5068359375,7563.10302734375,7442.5068359375,7494.19091796875,5041.8740234375,359124,2026-08-06 16:24:45.638407
FPT.VN,2013-09-11,7563.10302734375,7632.01513671875,7459.73486328125,7459.73486328125,5018.69384765625,1351402,2026-08-06 16:24:45.638407
FPT.VN,2013-09-12,7425.27880859375,7511.4189453125,7408.05078125,7408.05078125,4983.92138671875,1117481,2026-08-06 16:24:45.638407
FPT.VN,2013-09-13,7373.5947265625,7459.73486328125,7373.5947265625,7373.5947265625,4960.73974609375,633212,2026-08-06 16:24:45.638407
FPT.VN,2013-09-16,7390.82275390625,7408.05078125,7339.138671875,7356.36669921875,4949.14990234375,996748,2026-08-06 16:24:45.638407
FPT.VN,2013-09-17,7390.82275390625,7459.73486328125,7339.138671875,7390.82275390625,4972.3310546875,918851,2026-08-06 16:24:45.638407
FPT.VN,2013-09-18,7459.73486328125,7545.875,7408.05078125,7459.73486328125,5018.69384765625,1197003,2026-08-06 16:24:45.638407
FPT.VN,2013-09-19,7511.4189453125,7563.10302734375,7476.962890625,7476.962890625,5030.2841796875,796434,2026-08-06 16:24:45.638407
FPT.VN,2013-09-20,7476.962890625,7528.64697265625,7476.962890625,7494.19091796875,5041.8740234375,257719,2026-08-06 16:24:45.638407
FPT.VN,2013-09-23,7494.19091796875,7666.47119140625,7494.19091796875,7649.2431640625,5146.1884765625,1871427,2026-08-06 16:24:45.638407
FPT.VN,2013-09-24,7666.47119140625,7855.9794921875,7666.47119140625,7787.0673828125,5238.91259765625,1946769,2026-08-06 16:24:45.638407
FPT.VN,2013-09-25,7804.29541015625,7821.5234375,7683.69921875,7718.1552734375,5192.55126953125,1466447,2026-08-06 16:24:45.638407
FPT.VN,2013-09-26,7718.1552734375,7787.0673828125,7666.47119140625,7787.0673828125,5238.91259765625,1044460,2026-08-06 16:24:45.638407
FPT.VN,2013-09-27,7804.29541015625,7804.29541015625,7683.69921875,7752.611328125,5215.73193359375,783374,2026-08-06 16:24:45.638407
FPT.VN,2013-09-30,7821.5234375,7821.5234375,7735.38330078125,7769.83935546875,5227.32275390625,1112779,2026-08-06 16:24:45.638407
FPT.VN,2013-10-01,7735.38330078125,7804.29541015625,7718.1552734375,7718.1552734375,5192.55126953125,1797362,2026-08-06 16:24:45.638407
FPT.VN,2013-10-02,7718.1552734375,7787.0673828125,7718.1552734375,7769.83935546875,5227.32275390625,727129,2026-08-06 16:24:45.638407
FPT.VN,2013-10-03,7769.83935546875,7769.83935546875,7700.92724609375,7718.1552734375,5192.55126953125,1045679,2026-08-06 16:24:45.638407
FPT.VN,2013-10-04,7752.611328125,7890.435546875,7718.1552734375,7855.9794921875,5285.2744140625,2529483,2026-08-06 16:24:45.638407
FPT.VN,2013-10-07,7838.75146484375,7976.57568359375,7838.75146484375,7942.11962890625,5343.22802734375,1421172,2026-08-06 16:24:45.638407
FPT.VN,2013-10-08,7942.11962890625,7942.11962890625,7855.9794921875,7907.66357421875,5320.046875,875782,2026-08-06 16:24:45.638407
FPT.VN,2013-10-09,7907.66357421875,7942.11962890625,7855.9794921875,7873.20751953125,5296.865234375,1179357,2026-08-06 16:24:45.638407
FPT.VN,2013-10-10,7855.9794921875,7890.435546875,7769.83935546875,7769.83935546875,5227.32275390625,1506092,2026-08-06 16:24:45.638407
FPT.VN,2013-10-11,7804.29541015625,7838.75146484375,7735.38330078125,7752.611328125,5215.73193359375,1129554,2026-08-06 16:24:45.638407
FPT.VN,2013-10-14,7769.83935546875,7769.83935546875,7700.92724609375,7735.38330078125,5204.1416015625,952227,2026-08-06 16:24:45.638407
FPT.VN,2013-10-15,7769.83935546875,7838.75146484375,7752.611328125,7838.75146484375,5273.68505859375,856395,2026-08-06 16:24:45.638407
FPT.VN,2013-10-16,7873.20751953125,7873.20751953125,7804.29541015625,7873.20751953125,5296.865234375,2099776,2026-08-06 16:24:45.638407
FPT.VN,2013-10-17,7942.11962890625,7993.8037109375,7873.20751953125,7907.66357421875,5320.046875,2397430,2026-08-06 16:24:45.638407
FPT.VN,2013-10-18,7924.8916015625,8062.7158203125,7924.8916015625,7959.34765625,5354.81787109375,2728287,2026-08-06 16:24:45.638407
FPT.VN,2013-10-21,7959.34765625,8028.259765625,7942.11962890625,7959.34765625,5354.81787109375,2077487,2026-08-06 16:24:45.638407
FPT.VN,2013-10-22,7907.66357421875,7959.34765625,7907.66357421875,7924.8916015625,5331.63720703125,1239317,2026-08-06 16:24:45.638407
FPT.VN,2013-10-23,7890.435546875,7959.34765625,7890.435546875,7959.34765625,5354.81787109375,1328707,2026-08-06 16:24:45.638407
FPT.VN,2013-10-24,7924.8916015625,8011.03173828125,7924.8916015625,7924.8916015625,5331.63720703125,1497037,2026-08-06 16:24:45.638407
FPT.VN,2013-10-25,7907.66357421875,7924.8916015625,7838.75146484375,7855.9794921875,5285.2744140625,1494425,2026-08-06 16:24:45.638407
FPT.VN,2013-10-28,7924.8916015625,7924.8916015625,7821.5234375,7821.5234375,5262.09375,525713,2026-08-06 16:24:45.638407
FPT.VN,2013-10-29,7787.0673828125,7873.20751953125,7787.0673828125,7855.9794921875,5285.2744140625,690502,2026-08-06 16:24:45.638407
FPT.VN,2013-10-30,7855.9794921875,7976.57568359375,7855.9794921875,7924.8916015625,5331.63720703125,1457915,2026-08-06 16:24:45.638407
FPT.VN,2013-10-31,7942.11962890625,7942.11962890625,7890.435546875,7890.435546875,5308.4560546875,792081,2026-08-06 16:24:45.638407
FPT.VN,2013-11-01,7924.8916015625,7924.8916015625,7890.435546875,7924.8916015625,5331.63720703125,724459,2026-08-06 16:24:45.638407
FPT.VN,2013-11-04,7942.11962890625,7942.11962890625,7890.435546875,7924.8916015625,5331.63720703125,322149,2026-08-06 16:24:45.638407
FPT.VN,2013-11-05,7924.8916015625,7924.8916015625,7907.66357421875,7907.66357421875,5320.046875,987170,2026-08-06 16:24:45.638407
FPT.VN,2013-11-06,7924.8916015625,7942.11962890625,7907.66357421875,7942.11962890625,5343.22802734375,854015,2026-08-06 16:24:45.638407
FPT.VN,2013-11-07,7924.8916015625,7942.11962890625,7890.435546875,7890.435546875,5308.4560546875,1195029,2026-08-06 16:24:45.638407
FPT.VN,2013-11-08,7890.435546875,7924.8916015625,7890.435546875,7924.8916015625,5331.63720703125,824992,2026-08-06 16:24:45.638407
FPT.VN,2013-11-11,7942.11962890625,7959.34765625,7907.66357421875,7942.11962890625,5343.22802734375,853899,2026-08-06 16:24:45.638407
FPT.VN,2013-11-12,7942.11962890625,8028.259765625,7942.11962890625,7976.57568359375,5366.40869140625,1608890,2026-08-06 16:24:45.638407
FPT.VN,2013-11-13,8011.03173828125,8011.03173828125,7942.11962890625,7959.34765625,5354.81787109375,451763,2026-08-06 16:24:45.638407
FPT.VN,2013-11-14,7976.57568359375,8011.03173828125,7959.34765625,7976.57568359375,5366.40869140625,630832,2026-08-06 16:24:45.638407
FPT.VN,2013-11-15,8011.03173828125,8217.767578125,8011.03173828125,8200.5400390625,5517.08544921875,4106971,2026-08-06 16:24:45.638407
FPT.VN,2013-11-18,8269.4521484375,8372.8203125,8252.2236328125,8286.6796875,5575.03857421875,3008876,2026-08-06 16:24:45.638407
FPT.VN,2013-11-19,8303.908203125,8338.3642578125,8269.4521484375,8321.1357421875,5598.21923828125,1823076,2026-08-06 16:24:45.638407
FPT.VN,2013-11-20,8321.1357421875,8321.1357421875,8217.767578125,8286.6796875,5575.03857421875,1589677,2026-08-06 16:24:45.638407
FPT.VN,2013-11-21,8303.908203125,8614.0126953125,8269.4521484375,8269.4521484375,5563.44775390625,2742392,2026-08-06 16:24:45.638407
FPT.VN,2013-11-22,8303.908203125,8372.8203125,8252.2236328125,8355.591796875,5621.39990234375,1021301,2026-08-06 16:24:45.638407
FPT.VN,2013-11-25,8372.8203125,8407.2763671875,8321.1357421875,8372.8203125,5632.9912109375,2595015,2026-08-06 16:24:45.638407
FPT.VN,2013-11-26,8355.591796875,8390.0478515625,8321.1357421875,8372.8203125,5632.9912109375,1625026,2026-08-06 16:24:45.638407
FPT.VN,2013-11-27,8390.0478515625,8407.2763671875,8321.1357421875,8372.8203125,5632.9912109375,1188006,2026-08-06 16:24:45.638407
FPT.VN,2013-11-28,8338.3642578125,8390.0478515625,8338.3642578125,8338.3642578125,5609.8095703125,891106,2026-08-06 16:24:45.638407
FPT.VN,2013-11-29,8321.1357421875,8355.591796875,8286.6796875,8286.6796875,5575.03857421875,1104537,2026-08-06 16:24:45.638407
FPT.VN,2013-12-02,8321.1357421875,8338.3642578125,8269.4521484375,8321.1357421875,5598.21923828125,1666993,2026-08-06 16:24:45.638407
FPT.VN,2013-12-03,8286.6796875,8527.8720703125,8269.4521484375,8407.2763671875,5656.171875,7567205,2026-08-06 16:24:45.638407
FPT.VN,2013-12-04,8458.9599609375,8458.9599609375,8390.0478515625,8407.2763671875,5656.171875,2697233,2026-08-06 16:24:45.638407
FPT.VN,2013-12-05,8407.2763671875,8407.2763671875,8286.6796875,8286.6796875,5575.03857421875,4138373,2026-08-06 16:24:45.638407
FPT.VN,2013-12-06,8286.6796875,8303.908203125,8217.767578125,8269.4521484375,5563.44775390625,2957855,2026-08-06 16:24:45.638407
FPT.VN,2013-12-09,8269.4521484375,8269.4521484375,8183.31201171875,8183.31201171875,5505.4951171875,2186901,2026-08-06 16:24:45.638407
FPT.VN,2013-12-10,8183.31201171875,8183.31201171875,8114.39990234375,8131.6279296875,5470.7236328125,2117654,2026-08-06 16:24:45.638407
FPT.VN,2013-12-11,8131.6279296875,8131.6279296875,8011.03173828125,8062.7158203125,5424.36083984375,1905790,2026-08-06 16:24:45.638407
FPT.VN,2013-12-12,8062.7158203125,8062.7158203125,7993.8037109375,8062.7158203125,5424.36083984375,1928833,2026-08-06 16:24:45.638407
FPT.VN,2013-12-13,8114.39990234375,8183.31201171875,8097.171875,8131.6279296875,5470.7236328125,1112199,2026-08-06 16:24:45.638407
FPT.VN,2013-12-16,8131.6279296875,8148.85595703125,8097.171875,8131.6279296875,5470.7236328125,620326,2026-08-06 16:24:45.638407
FPT.VN,2013-12-17,8131.6279296875,8166.083984375,8114.39990234375,8131.6279296875,5470.7236328125,686265,2026-08-06 16:24:45.638407
FPT.VN,2013-12-18,8166.083984375,8166.083984375,8097.171875,8148.85595703125,5482.31494140625,741524,2026-08-06 16:24:45.638407
FPT.VN,2013-12-19,8148.85595703125,8183.31201171875,8131.6279296875,8148.85595703125,5482.31494140625,1292603,2026-08-06 16:24:45.638407
FPT.VN,2013-12-20,8183.31201171875,8183.31201171875,8097.171875,8097.171875,5447.54248046875,984906,2026-08-06 16:24:45.638407
FPT.VN,2013-12-23,8097.171875,8183.31201171875,8097.171875,8131.6279296875,5470.7236328125,771823,2026-08-06 16:24:45.638407
FPT.VN,2013-12-24,8114.39990234375,8131.6279296875,8079.94384765625,8079.94384765625,5435.95068359375,1275247,2026-08-06 16:24:45.638407
FPT.VN,2013-12-25,8097.171875,8097.171875,8062.7158203125,8062.7158203125,5424.36083984375,1833756,2026-08-06 16:24:45.638407
FPT.VN,2013-12-26,8062.7158203125,8166.083984375,8062.7158203125,8114.39990234375,5459.1328125,2573597,2026-08-06 16:24:45.638407
FPT.VN,2013-12-27,8131.6279296875,8166.083984375,8114.39990234375,8114.39990234375,5459.1328125,1074470,2026-08-06 16:24:45.638407
FPT.VN,2013-12-30,8166.083984375,8166.083984375,8045.48779296875,8045.48779296875,5412.7705078125,2122994,2026-08-06 16:24:45.638407
FPT.VN,2013-12-31,8079.94384765625,8269.4521484375,8011.03173828125,8114.39990234375,5459.1328125,3494306,2026-08-06 16:24:45.638407
FPT.VN,2014-01-01,8114.39990234375,8114.39990234375,8114.39990234375,8114.39990234375,5459.1328125,0,2026-08-06 16:24:45.638407
FPT.VN,2014-01-02,8200.5400390625,8234.99609375,8131.6279296875,8166.083984375,5493.9052734375,1204258,2026-08-06 16:24:45.638407
FPT.VN,2014-01-03,8148.85595703125,8166.083984375,8097.171875,8148.85595703125,5482.31494140625,958380,2026-08-06 16:24:45.638407
FPT.VN,2014-01-06,8148.85595703125,8269.4521484375,8097.171875,8269.4521484375,5563.44775390625,1751042,2026-08-06 16:24:45.638407
FPT.VN,2014-01-07,8269.4521484375,8269.4521484375,8183.31201171875,8183.31201171875,5505.4951171875,1689050,2026-08-06 16:24:45.638407
FPT.VN,2014-01-08,8166.083984375,8269.4521484375,8166.083984375,8234.99609375,5540.2666015625,752262,2026-08-06 16:24:45.638407
FPT.VN,2014-01-09,8217.767578125,8338.3642578125,8217.767578125,8338.3642578125,5609.8095703125,1841476,2026-08-06 16:24:45.638407
FPT.VN,2014-01-10,8355.591796875,8527.8720703125,8355.591796875,8390.0478515625,5644.5810546875,4091240,2026-08-06 16:24:45.638407
FPT.VN,2014-01-13,8441.732421875,8510.64453125,8390.0478515625,8458.9599609375,5690.9423828125,4488210,2026-08-06 16:24:45.638407
FPT.VN,2014-01-14,8458.9599609375,8596.7841796875,8441.732421875,8476.1884765625,5702.53369140625,4395860,2026-08-06 16:24:45.638407
FPT.VN,2014-01-15,8545.1005859375,8872.4326171875,8527.8720703125,8614.0126953125,5795.25830078125,8358880,2026-08-06 16:24:45.638407
FPT.VN,2014-01-16,8786.29296875,8786.29296875,8614.0126953125,8700.15234375,5853.20947265625,5311984,2026-08-06 16:24:45.638407
FPT.VN,2014-01-17,8786.29296875,9044.712890625,8700.15234375,8872.4326171875,5969.11572265625,6924299,2026-08-06 16:24:45.638407
FPT.VN,2014-01-20,8872.4326171875,9216.9931640625,8872.4326171875,8958.5732421875,6027.068359375,5130942,2026-08-06 16:24:45.638407
FPT.VN,2014-01-21,8958.5732421875,9130.853515625,8872.4326171875,9130.853515625,6142.9736328125,3760442,2026-08-06 16:24:45.638407
FPT.VN,2014-01-22,9216.9931640625,9303.1337890625,8958.5732421875,9130.853515625,6142.9736328125,3774547,2026-08-06 16:24:45.638407
FPT.VN,2014-01-23,9130.853515625,9389.2734375,9044.712890625,9389.2734375,6316.83056640625,2763926,2026-08-06 16:24:45.638407
FPT.VN,2014-01-24,9475.4140625,9733.833984375,9303.1337890625,9647.6943359375,6490.6875,4858305,2026-08-06 16:24:45.638407
FPT.VN,2014-01-27,9647.6943359375,9733.833984375,9475.4140625,9561.5537109375,6432.7373046875,3563728,2026-08-06 16:24:45.638407
FPT.VN,2014-01-28,9561.5537109375,9561.5537109375,9561.5537109375,9561.5537109375,6432.7373046875,0,2026-08-06 16:24:45.638407
FPT.VN,2014-01-29,9561.5537109375,9561.5537109375,9561.5537109375,9561.5537109375,6432.7373046875,0,2026-08-06 16:24:45.638407
FPT.VN,2014-01-30,9561.5537109375,9561.5537109375,9561.5537109375,9561.5537109375,6432.7373046875,0,2026-08-06 16:24:45.638407
FPT.VN,2014-01-31,9561.5537109375,9561.5537109375,9561.5537109375,9561.5537109375,6432.7373046875,0,2026-08-06 16:24:45.638407
FPT.VN,2014-02-03,9561.5537109375,9561.5537109375,9561.5537109375,9561.5537109375,6432.7373046875,0,2026-08-06 16:24:45.638407
FPT.VN,2014-02-04,9561.5537109375,9561.5537109375,9561.5537109375,9561.5537109375,6432.7373046875,0,2026-08-06 16:24:45.638407
FPT.VN,2014-02-05,9561.5537109375,9561.5537109375,9561.5537109375,9561.5537109375,6432.7373046875,0,2026-08-06 16:24:45.638407
FPT.VN,2014-02-06,9475.4140625,9561.5537109375,9216.9931640625,9389.2734375,6316.83056640625,3126011,2026-08-06 16:24:45.638407
FPT.VN,2014-02-07,9389.2734375,9475.4140625,9216.9931640625,9216.9931640625,6200.92578125,4376531,2026-08-06 16:24:45.638407
FPT.VN,2014-02-10,9303.1337890625,9647.6943359375,9130.853515625,9561.5537109375,6432.7373046875,3548462,2026-08-06 16:24:45.638407
FPT.VN,2014-02-11,9647.6943359375,9733.833984375,9389.2734375,9475.4140625,6374.78271484375,7298282,2026-08-06 16:24:45.638407
FPT.VN,2014-02-12,9561.5537109375,9819.974609375,9561.5537109375,9819.974609375,6606.5947265625,5677435,2026-08-06 16:24:45.638407
FPT.VN,2014-02-13,9819.974609375,9906.1142578125,9647.6943359375,9819.974609375,6606.5947265625,3604708,2026-08-06 16:24:45.638407
FPT.VN,2014-02-14,9819.974609375,9906.1142578125,9647.6943359375,9733.833984375,6548.642578125,3136111,2026-08-06 16:24:45.638407
FPT.VN,2014-02-17,9647.6943359375,9819.974609375,9561.5537109375,9647.6943359375,6490.6875,2087412,2026-08-06 16:24:45.638407
FPT.VN,2014-02-18,9647.6943359375,9819.974609375,9561.5537109375,9819.974609375,6606.5947265625,2931386,2026-08-06 16:24:45.638407
FPT.VN,2014-02-19,9819.974609375,9819.974609375,9819.974609375,9819.974609375,6606.5947265625,0,2026-08-06 16:24:45.638407
FPT.VN,2014-02-20,10164.53515625,10336.8154296875,9561.5537109375,9819.974609375,6606.5947265625,6236814,2026-08-06 16:24:45.638407
FPT.VN,2014-02-21,9819.974609375,10078.39453125,9561.5537109375,9992.2548828125,6722.4990234375,3999878,2026-08-06 16:24:45.638407
FPT.VN,2014-02-24,9992.2548828125,10250.6748046875,9819.974609375,10250.6748046875,6896.35595703125,5684633,2026-08-06 16:24:45.638407
FPT.VN,2014-02-25,10078.39453125,10595.2353515625,10078.39453125,10595.2353515625,7128.16845703125,9157637,2026-08-06 16:24:45.638407
FPT.VN,2014-02-26,10681.375,11112.076171875,10595.2353515625,11112.076171875,7475.88232421875,12922839,2026-08-06 16:24:45.638407
FPT.VN,2014-02-27,11025.935546875,11198.2158203125,10853.6552734375,10853.6552734375,7302.025390625,6765081,2026-08-06 16:24:45.638407
FPT.VN,2014-02-28,10853.6552734375,11025.935546875,10681.375,11025.935546875,7417.9287109375,6450071,2026-08-06 16:24:45.638407
FPT.VN,2014-03-03,10939.7958984375,11025.935546875,10509.095703125,10595.2353515625,7128.16845703125,6457733,2026-08-06 16:24:45.638407
FPT.VN,2014-03-04,10509.095703125,10595.2353515625,10336.8154296875,10509.095703125,7070.212890625,5584505,2026-08-06 16:24:45.638407
FPT.VN,2014-03-05,10681.375,10767.515625,10509.095703125,10681.375,7186.1201171875,3549797,2026-08-06 16:24:45.638407
FPT.VN,2014-03-06,10681.375,10853.6552734375,10595.2353515625,10767.515625,7244.0712890625,4098380,2026-08-06 16:24:45.638407
FPT.VN,2014-03-07,10767.515625,10939.7958984375,10595.2353515625,10853.6552734375,7302.025390625,5991342,2026-08-06 16:24:45.638407
FPT.VN,2014-03-10,10853.6552734375,10939.7958984375,10767.515625,10939.7958984375,7359.9765625,2933766,2026-08-06 16:24:45.638407
FPT.VN,2014-03-11,10939.7958984375,11628.9169921875,10767.515625,11542.7763671875,7765.64501953125,12503000,2026-08-06 16:24:45.638407
FPT.VN,2014-03-12,11973.4775390625,12059.6171875,11628.9169921875,11628.9169921875,7823.59912109375,11412103,2026-08-06 16:24:45.638407
FPT.VN,2014-03-13,11715.056640625,11801.197265625,11628.9169921875,11715.056640625,7881.5517578125,5263981,2026-08-06 16:24:45.638407
FPT.VN,2014-03-14,11715.056640625,11801.197265625,11542.7763671875,11628.9169921875,7823.59912109375,8333688,2026-08-06 16:24:45.638407
FPT.VN,2014-03-17,11801.197265625,11801.197265625,11628.9169921875,11628.9169921875,7823.59912109375,5576669,2026-08-06 16:24:45.638407
FPT.VN,2014-03-18,11628.9169921875,12404.177734375,11542.7763671875,12231.8974609375,8229.263671875,12831070,2026-08-06 16:24:45.638407
FPT.VN,2014-03-19,12318.0380859375,12576.4580078125,12318.0380859375,12404.177734375,8345.171875,3291729,2026-08-06 16:24:45.638407
FPT.VN,2014-03-20,12404.177734375,12490.318359375,12145.7578125,12231.8974609375,8229.263671875,5767463,2026-08-06 16:24:45.638407
FPT.VN,2014-03-21,12231.8974609375,12490.318359375,12145.7578125,12318.0380859375,8287.2177734375,5590251,2026-08-06 16:24:45.638407
FPT.VN,2014-03-24,12231.8974609375,12404.177734375,12231.8974609375,12231.8974609375,8229.263671875,4178888,2026-08-06 16:24:45.638407
FPT.VN,2014-03-25,12231.8974609375,12318.0380859375,11973.4775390625,11973.4775390625,8055.40869140625,6616835,2026-08-06 16:24:45.638407
FPT.VN,2014-03-26,12059.6171875,12145.7578125,11628.9169921875,11715.056640625,7881.5517578125,9628091,2026-08-06 16:24:45.638407
FPT.VN,2014-03-27,11715.056640625,11801.197265625,11542.7763671875,11715.056640625,7881.5517578125,5485190,2026-08-06 16:24:45.638407
FPT.VN,2014-03-28,11887.3369140625,12231.8974609375,11801.197265625,12145.7578125,8171.314453125,5773557,2026-08-06 16:24:45.638407
FPT.VN,2014-03-31,12404.177734375,12404.177734375,11973.4775390625,12059.6171875,8113.361328125,4994072,2026-08-06 16:24:45.638407
FPT.VN,2014-04-01,12059.6171875,12059.6171875,11715.056640625,11887.3369140625,7997.45556640625,4281802,2026-08-06 16:24:45.638407
FPT.VN,2014-04-02,11887.3369140625,12059.6171875,11456.63671875,11715.056640625,7881.5517578125,9498070,2026-08-06 16:24:45.638407
FPT.VN,2014-04-03,11801.197265625,11887.3369140625,11628.9169921875,11801.197265625,7939.50146484375,3427845,2026-08-06 16:24:45.638407
FPT.VN,2014-04-04,11801.197265625,11887.3369140625,11628.9169921875,11715.056640625,7881.5517578125,4819647,2026-08-06 16:24:45.638407
FPT.VN,2014-04-07,11801.197265625,12059.6171875,11715.056640625,11973.4775390625,8055.40869140625,6495114,2026-08-06 16:24:45.638407
FPT.VN,2014-04-08,12059.6171875,12318.0380859375,12059.6171875,12145.7578125,8171.314453125,10903165,2026-08-06 16:24:45.638407
FPT.VN,2014-04-09,12145.7578125,12145.7578125,12145.7578125,12145.7578125,8171.314453125,0,2026-08-06 16:24:45.638407
FPT.VN,2014-04-10,12231.8974609375,12231.8974609375,12059.6171875,12059.6171875,8113.361328125,5296254,2026-08-06 16:24:45.638407
FPT.VN,2014-04-11,11973.4775390625,12231.8974609375,11973.4775390625,12145.7578125,8171.314453125,5367417,2026-08-06 16:24:45.638407
FPT.VN,2014-04-14,12231.8974609375,12490.318359375,12145.7578125,12318.0380859375,8287.2177734375,9988492,2026-08-06 16:24:45.638407
FPT.VN,2014-04-15,12318.0380859375,12404.177734375,12059.6171875,12145.7578125,8171.314453125,7064419,2026-08-06 16:24:45.638407
FPT.VN,2014-04-16,12059.6171875,12145.7578125,11715.056640625,11887.3369140625,7997.45556640625,8451752,2026-08-06 16:24:45.638407
FPT.VN,2014-04-17,11973.4775390625,12059.6171875,11801.197265625,12059.6171875,8113.361328125,4753649,2026-08-06 16:24:45.638407
FPT.VN,2014-04-18,12059.6171875,12059.6171875,11628.9169921875,11628.9169921875,7823.59912109375,5999294,2026-08-06 16:24:45.638407
FPT.VN,2014-04-21,11542.7763671875,11628.9169921875,11198.2158203125,11198.2158203125,7533.83447265625,7074287,2026-08-06 16:24:45.638407
FPT.VN,2014-04-22,11198.2158203125,11198.2158203125,11198.2158203125,11198.2158203125,7533.83447265625,0,2026-08-06 16:24:45.638407
FPT.VN,2014-04-23,11542.7763671875,11628.9169921875,11198.2158203125,11284.3564453125,7591.78564453125,4022341,2026-08-06 16:24:45.638407
FPT.VN,2014-04-24,11284.3564453125,11542.7763671875,11112.076171875,11284.3564453125,7591.78564453125,6509800,2026-08-06 16:24:45.638407
FPT.VN,2014-04-25,11284.3564453125,11715.056640625,11284.3564453125,11628.9169921875,7823.59912109375,6543582,2026-08-06 16:24:45.638407
FPT.VN,2014-04-28,11715.056640625,11887.3369140625,11628.9169921875,11801.197265625,7939.50146484375,5328236,2026-08-06 16:24:45.638407
FPT.VN,2014-04-29,11715.056640625,11801.197265625,11628.9169921875,11801.197265625,7939.50146484375,2881235,2026-08-06 16:24:45.638407
FPT.VN,2014-04-30,11801.197265625,11801.197265625,11801.197265625,11801.197265625,7939.50146484375,0,2026-08-06 16:24:45.638407
FPT.VN,2014-05-01,11801.197265625,11801.197265625,11801.197265625,11801.197265625,7939.50146484375,0,2026-08-06 16:24:45.638407
FPT.VN,2014-05-02,11801.197265625,11801.197265625,11801.197265625,11801.197265625,7939.50146484375,0,2026-08-06 16:24:45.638407
FPT.VN,2014-05-05,11887.3369140625,11887.3369140625,11370.49609375,11370.49609375,7649.740234375,6505911,2026-08-06 16:24:45.638407
FPT.VN,2014-05-06,11284.3564453125,11456.63671875,10853.6552734375,11198.2158203125,7533.83447265625,9100811,2026-08-06 16:24:45.638407
FPT.VN,2014-05-07,11198.2158203125,11305.8916015625,10875.1904296875,10982.8662109375,7563.4951171875,5181835,2026-08-06 16:24:45.638407
FPT.VN,2014-05-08,10616.7705078125,10616.7705078125,10229.1396484375,10229.1396484375,7044.4326171875,8629288,2026-08-06 16:24:45.638407
FPT.VN,2014-05-09,9906.1142578125,10229.1396484375,9647.6943359375,9970.7197265625,6866.46826171875,5540368,2026-08-06 16:24:45.638407
FPT.VN,2014-05-12,9669.2294921875,9669.2294921875,9281.5986328125,9281.5986328125,6391.89599609375,5722397,2026-08-06 16:24:45.638407
FPT.VN,2014-05-13,8678.6171875,9130.853515625,8635.5478515625,8786.29296875,6050.7958984375,9984243,2026-08-06 16:24:45.638407
FPT.VN,2014-05-14,8743.22265625,9346.203125,8743.22265625,9303.1337890625,6406.7255859375,4424001,2026-08-06 16:24:45.638407
FPT.VN,2014-05-15,9367.73828125,9604.6240234375,8678.6171875,8937.0380859375,6154.60888671875,5881904,2026-08-06 16:24:45.638407
FPT.VN,2014-05-16,8937.0380859375,9475.4140625,8915.5029296875,9475.4140625,6525.3681640625,5041877,2026-08-06 16:24:45.638407
FPT.VN,2014-05-19,9496.94921875,9647.6943359375,9260.0634765625,9475.4140625,6525.3681640625,4187966,2026-08-06 16:24:45.638407
FPT.VN,2014-05-20,9453.87890625,9561.5537109375,9303.1337890625,9561.5537109375,6584.69189453125,4979282,2026-08-06 16:24:45.638407
FPT.VN,2014-05-21,9561.5537109375,9992.2548828125,9475.4140625,9949.1845703125,6851.63671875,6022280,2026-08-06 16:24:45.638407
FPT.VN,2014-05-22,9949.1845703125,9992.2548828125,9819.974609375,9863.0439453125,6792.31591796875,5930708,2026-08-06 16:24:45.638407
FPT.VN,2014-05-23,9798.439453125,9949.1845703125,9712.298828125,9776.904296875,6732.994140625,2478380,2026-08-06 16:24:45.638407
FPT.VN,2014-05-26,9690.763671875,9776.904296875,9604.6240234375,9733.833984375,6703.3349609375,3189036,2026-08-06 16:24:45.638407
FPT.VN,2014-05-27,9755.369140625,9906.1142578125,9712.298828125,9819.974609375,6762.65625,4138791,2026-08-06 16:24:45.638407
FPT.VN,2014-05-28,9906.1142578125,10013.7890625,9884.5791015625,9906.1142578125,6821.9755859375,3207750,2026-08-06 16:24:45.638407
FPT.VN,2014-05-29,9906.1142578125,10164.53515625,9884.5791015625,9927.6494140625,6836.806640625,4366884,2026-08-06 16:24:45.638407
FPT.VN,2014-05-30,9927.6494140625,10078.39453125,9884.5791015625,9949.1845703125,6851.63671875,3060269,2026-08-06 16:24:45.638407
FPT.VN,2014-06-02,9733.833984375,9733.833984375,9733.833984375,9733.833984375,6703.3349609375,17548,2026-08-06 16:24:45.638407
FPT.VN,2014-06-03,9733.833984375,9841.5087890625,9712.298828125,9733.833984375,6703.3349609375,1754815,2026-08-06 16:24:45.638407
FPT.VN,2014-06-04,9733.833984375,9755.369140625,9475.4140625,9561.5537109375,6584.69189453125,3034822,2026-08-06 16:24:45.638407
FPT.VN,2014-06-06,9496.94921875,9690.763671875,9496.94921875,9690.763671875,6673.67333984375,1651680,2026-08-06 16:24:45.638407
FPT.VN,2014-06-09,9733.833984375,9776.904296875,9626.1591796875,9669.2294921875,6658.84375,2615134,2026-08-06 16:24:45.638407
FPT.VN,2014-06-10,9604.6240234375,9884.5791015625,9583.0888671875,9669.2294921875,6658.84375,2725280,2026-08-06 16:24:45.638407
FPT.VN,2014-06-11,9733.833984375,10013.7890625,9712.298828125,10013.7890625,6896.12939453125,6996135,2026-08-06 16:24:45.638407
FPT.VN,2014-06-12,10121.46484375,10229.1396484375,10013.7890625,10143.0,6985.11181640625,4882602,2026-08-06 16:24:45.638407
FPT.VN,2014-06-13,10143.0,10164.53515625,10078.39453125,10121.46484375,6970.28173828125,2105081,2026-08-06 16:24:45.638407
FPT.VN,2014-06-16,10121.46484375,10121.46484375,9949.1845703125,10013.7890625,6896.12939453125,4157644,2026-08-06 16:24:45.638407
FPT.VN,2014-06-17,10013.7890625,10121.46484375,9949.1845703125,10099.9296875,6955.451171875,3789964,2026-08-06 16:24:45.638407
FPT.VN,2014-06-18,10099.9296875,10121.46484375,10035.32421875,10035.32421875,6910.9599609375,1817550,2026-08-06 16:24:45.638407
FPT.VN,2014-06-19,10035.32421875,10078.39453125,9733.833984375,9949.1845703125,6851.63671875,4947705,2026-08-06 16:24:45.638407
FPT.VN,2014-06-20,9949.1845703125,10078.39453125,9927.6494140625,9949.1845703125,6851.63671875,1296538,2026-08-06 16:24:45.638407
FPT.VN,2014-06-23,9949.1845703125,9949.1845703125,9863.0439453125,9884.5791015625,6807.14599609375,966657,2026-08-06 16:24:45.638407
FPT.VN,2014-06-24,9863.0439453125,9970.7197265625,9841.5087890625,9949.1845703125,6851.63671875,1459993,2026-08-06 16:24:45.638407
FPT.VN,2014-06-25,9992.2548828125,10099.9296875,9970.7197265625,10035.32421875,6910.9599609375,2486181,2026-08-06 16:24:45.638407
FPT.VN,2014-06-26,10035.32421875,10078.39453125,9992.2548828125,10013.7890625,6896.12939453125,1582491,2026-08-06 16:24:45.638407
FPT.VN,2014-06-27,9992.2548828125,10207.6044921875,9992.2548828125,10078.39453125,6940.62060546875,7024833,2026-08-06 16:24:45.638407
FPT.VN,2014-06-30,10035.32421875,10121.46484375,10035.32421875,10035.32421875,6910.9599609375,1857995,2026-08-06 16:24:45.638407
FPT.VN,2014-07-01,10035.32421875,10121.46484375,10035.32421875,10056.859375,6925.78955078125,2765029,2026-08-06 16:24:45.638407
FPT.VN,2014-07-02,10056.859375,10121.46484375,10056.859375,10121.46484375,6970.28173828125,2942322,2026-08-06 16:24:45.638407
FPT.VN,2014-07-03,10164.53515625,10422.955078125,10164.53515625,10379.884765625,7148.24365234375,6022234,2026-08-06 16:24:45.638407
FPT.VN,2014-07-04,10444.490234375,10681.375,10422.955078125,10659.8408203125,7341.0400390625,8311991,2026-08-06 16:24:45.638407
FPT.VN,2014-07-07,10745.98046875,11090.541015625,10745.98046875,10767.515625,7415.19140625,8210482,2026-08-06 16:24:45.638407
FPT.VN,2014-07-08,10745.98046875,10875.1904296875,10659.8408203125,10745.98046875,7400.36181640625,3105265,2026-08-06 16:24:45.638407
FPT.VN,2014-07-09,10767.515625,10767.515625,10659.8408203125,10702.91015625,7370.7021484375,3167258,2026-08-06 16:24:45.638407
FPT.VN,2014-07-10,10702.91015625,10702.91015625,10422.955078125,10509.095703125,7237.22607421875,5862308,2026-08-06 16:24:45.638407
FPT.VN,2014-07-11,10509.095703125,10509.095703125,10379.884765625,10487.560546875,7222.3955078125,3116689,2026-08-06 16:24:45.638407
FPT.VN,2014-07-14,10487.560546875,10681.375,10466.025390625,10638.3056640625,7326.2109375,4031524,2026-08-06 16:24:45.638407
FPT.VN,2014-07-15,10875.1904296875,10982.8662109375,10724.4453125,10767.515625,7415.19140625,3647870,2026-08-06 16:24:45.638407
FPT.VN,2014-07-16,10875.1904296875,10982.8662109375,10745.98046875,10745.98046875,7400.36181640625,5759360,2026-08-06 16:24:45.638407
FPT.VN,2014-07-17,10724.4453125,10745.98046875,10595.2353515625,10638.3056640625,7326.2109375,3882139,2026-08-06 16:24:45.638407
FPT.VN,2014-07-18,10595.2353515625,11305.8916015625,10595.2353515625,11305.8916015625,7785.951171875,18506172,2026-08-06 16:24:45.638407
FPT.VN,2014-07-21,11198.2158203125,10982.8662109375,10982.8662109375,10982.8662109375,7563.4951171875,7979277,2026-08-06 16:24:45.638407
FPT.VN,2014-07-22,10982.8662109375,11198.2158203125,11198.2158203125,11198.2158203125,7711.79931640625,5956434,2026-08-06 16:24:45.638407
FPT.VN,2014-07-23,11090.541015625,11090.541015625,11090.541015625,11090.541015625,7637.6484375,4879677,2026-08-06 16:24:45.638407
FPT.VN,2014-07-24,11090.541015625,11305.8916015625,11305.8916015625,11305.8916015625,7785.951171875,7040296,2026-08-06 16:24:45.638407
FPT.VN,2014-07-25,11305.8916015625,11090.541015625,11090.541015625,11090.541015625,7637.6484375,5840344,2026-08-06 16:24:45.638407
FPT.VN,2014-07-28,10982.8662109375,10767.515625,10767.515625,10767.515625,7415.19140625,7778813,2026-08-06 16:24:45.638407
FPT.VN,2014-07-29,10767.515625,10702.91015625,10702.91015625,10702.91015625,7370.7021484375,4358386,2026-08-06 16:24:45.638407
FPT.VN,2014-07-30,10702.91015625,10745.98046875,10745.98046875,10745.98046875,7400.36181640625,3208493,2026-08-06 16:24:45.638407
FPT.VN,2014-07-31,10745.98046875,10875.1904296875,10875.1904296875,10875.1904296875,7489.345703125,3276011,2026-08-06 16:24:45.638407
FPT.VN,2014-08-01,10767.515625,10724.4453125,10724.4453125,10724.4453125,7385.5322265625,3371204,2026-08-06 16:24:45.638407
FPT.VN,2014-08-04,10745.98046875,10767.515625,10767.515625,10767.515625,7415.19140625,3517478,2026-08-06 16:24:45.638407
FPT.VN,2014-08-05,10982.8662109375,11090.541015625,11090.541015625,11090.541015625,7637.6484375,6654599,2026-08-06 16:24:45.638407
FPT.VN,2014-08-06,11090.541015625,10982.8662109375,10982.8662109375,10982.8662109375,7563.4951171875,4521423,2026-08-06 16:24:45.638407
FPT.VN,2014-08-07,10982.8662109375,10875.1904296875,10875.1904296875,10875.1904296875,7489.345703125,3010397,2026-08-06 16:24:45.638407
FPT.VN,2014-08-08,10982.8662109375,10875.1904296875,10875.1904296875,10875.1904296875,7489.345703125,3430085,2026-08-06 16:24:45.638407
FPT.VN,2014-08-11,10982.8662109375,10875.1904296875,10875.1904296875,10875.1904296875,7489.345703125,2975941,2026-08-06 16:24:45.638407
FPT.VN,2014-08-12,10875.1904296875,10875.1904296875,10875.1904296875,10875.1904296875,7489.345703125,2946826,2026-08-06 16:24:45.638407
FPT.VN,2014-08-13,10982.8662109375,11090.541015625,11090.541015625,11090.541015625,7637.6484375,3914273,2026-08-06 16:24:45.638407
FPT.VN,2014-08-14,11090.541015625,11198.2158203125,11198.2158203125,11198.2158203125,7711.79931640625,5958013,2026-08-06 16:24:45.638407
FPT.VN,2014-08-15,11090.541015625,11090.541015625,11090.541015625,11090.541015625,7637.6484375,3847637,2026-08-06 16:24:45.638407
FPT.VN,2014-08-18,11090.541015625,11305.8916015625,11305.8916015625,11305.8916015625,7785.951171875,8057986,2026-08-06 16:24:45.638407
FPT.VN,2014-08-19,11305.8916015625,11413.56640625,11413.56640625,11413.56640625,7860.1044921875,14521966,2026-08-06 16:24:45.638407
FPT.VN,2014-08-20,11305.8916015625,11198.2158203125,11198.2158203125,11198.2158203125,7711.79931640625,6137256,2026-08-06 16:24:45.638407
FPT.VN,2014-08-21,11198.2158203125,11090.541015625,11090.541015625,11090.541015625,7637.6484375,7630683,2026-08-06 16:24:45.638407
FPT.VN,2014-08-22,11198.2158203125,11198.2158203125,11198.2158203125,11198.2158203125,7711.79931640625,8379509,2026-08-06 16:24:45.638407
FPT.VN,2014-08-25,11305.8916015625,11305.8916015625,11305.8916015625,11305.8916015625,7785.951171875,8352855,2026-08-06 16:24:45.638407
FPT.VN,2014-08-26,11305.8916015625,11844.267578125,11844.267578125,11844.267578125,8156.7109375,17060249,2026-08-06 16:24:45.638407
FPT.VN,2014-08-27,11844.267578125,11844.267578125,11844.267578125,11844.267578125,8156.7109375,9085522,2026-08-06 16:24:45.638407
FPT.VN,2014-08-28,11844.267578125,12274.9677734375,12274.9677734375,12274.9677734375,8453.3193359375,11632441,2026-08-06 16:24:45.638407
FPT.VN,2014-08-29,12274.9677734375,12382.642578125,12382.642578125,12382.642578125,8527.4697265625,6956386,2026-08-06 16:24:45.638407
FPT.VN,2014-09-01,12382.642578125,12382.642578125,12382.642578125,12382.642578125,8527.4697265625,0,2026-08-06 16:24:45.638407
FPT.VN,2014-09-02,12382.642578125,12382.642578125,12382.642578125,12382.642578125,8527.4697265625,0,2026-08-06 16:24:45.638407
FPT.VN,2014-09-03,12490.318359375,12490.318359375,12274.9677734375,12274.9677734375,8453.3193359375,8149372,2026-08-06 16:24:45.638407
FPT.VN,2014-09-04,12167.29296875,12274.9677734375,12167.29296875,12274.9677734375,8453.3193359375,6461657,2026-08-06 16:24:45.638407
FPT.VN,2014-09-05,12274.9677734375,12490.318359375,12274.9677734375,12490.318359375,8601.6240234375,9407369,2026-08-06 16:24:45.638407
FPT.VN,2014-09-08,12597.9931640625,12597.9931640625,12597.9931640625,12597.9931640625,8675.775390625,10997987,2026-08-06 16:24:45.638407
FPT.VN,2014-09-09,12597.9931640625,12597.9931640625,11951.9423828125,11951.9423828125,8230.8642578125,18311884,2026-08-06 16:24:45.638407
FPT.VN,2014-09-10,11951.9423828125,12059.6171875,11951.9423828125,12059.6171875,8305.015625,7724112,2026-08-06 16:24:45.638407
FPT.VN,2014-09-11,12059.6171875,11951.9423828125,11951.9423828125,11951.9423828125,8230.8642578125,4543295,2026-08-06 16:24:45.638407
FPT.VN,2014-09-12,12059.6171875,12059.6171875,12059.6171875,12059.6171875,8305.015625,5918356,2026-08-06 16:24:45.638407
FPT.VN,2014-09-15,12274.9677734375,12059.6171875,12059.6171875,12059.6171875,8305.015625,7448514,2026-08-06 16:24:45.638407
FPT.VN,2014-09-16,12059.6171875,12059.6171875,12059.6171875,12059.6171875,8305.015625,7590051,2026-08-06 16:24:45.638407
FPT.VN,2014-09-17,12274.9677734375,12167.29296875,12167.29296875,12167.29296875,8379.1650390625,9702702,2026-08-06 16:24:45.638407
FPT.VN,2014-09-18,12167.29296875,11844.267578125,11844.267578125,11844.267578125,8156.7109375,7809925,2026-08-06 16:24:45.638407
FPT.VN,2014-09-19,11844.267578125,11844.267578125,11628.9169921875,11628.9169921875,8008.40869140625,6962005,2026-08-06 16:24:45.638407
FPT.VN,2014-09-22,11628.9169921875,11628.9169921875,11413.56640625,11413.56640625,7860.1044921875,6612992,2026-08-06 16:24:45.638407
FPT.VN,2014-09-23,11413.56640625,11413.56640625,11305.8916015625,11305.8916015625,7785.951171875,6132287,2026-08-06 16:24:45.638407
FPT.VN,2014-09-24,11305.8916015625,11305.8916015625,11305.8916015625,11305.8916015625,7785.951171875,4751653,2026-08-06 16:24:45.638407
FPT.VN,2014-09-25,11413.56640625,11521.2421875,11413.56640625,11521.2421875,7934.255859375,5162147,2026-08-06 16:24:45.638407
FPT.VN,2014-09-26,11521.2421875,11521.2421875,11305.8916015625,11305.8916015625,7785.951171875,3554905,2026-08-06 16:24:45.638407
FPT.VN,2014-09-29,11305.8916015625,11305.8916015625,11198.2158203125,11198.2158203125,7711.79931640625,3172969,2026-08-06 16:24:45.638407
FPT.VN,2014-09-30,11198.2158203125,11198.2158203125,11198.2158203125,11198.2158203125,7711.79931640625,4218939,2026-08-06 16:24:45.638407
FPT.VN,2014-10-01,11305.8916015625,11521.2421875,11305.8916015625,11521.2421875,7934.255859375,3583742,2026-08-06 16:24:45.638407
FPT.VN,2014-10-02,11521.2421875,11628.9169921875,11521.2421875,11628.9169921875,8008.40869140625,3334891,2026-08-06 16:24:45.638407
FPT.VN,2014-10-03,11521.2421875,11521.2421875,11521.2421875,11521.2421875,7934.255859375,3622748,2026-08-06 16:24:45.638407
FPT.VN,2014-10-06,11521.2421875,11521.2421875,11521.2421875,11521.2421875,7934.255859375,2655255,2026-08-06 16:24:45.638407
FPT.VN,2014-10-07,11521.2421875,11521.2421875,11521.2421875,11521.2421875,7934.255859375,3922724,2026-08-06 16:24:45.638407
FPT.VN,2014-10-08,11521.2421875,11521.2421875,11413.56640625,11413.56640625,7860.1044921875,2810861,2026-08-06 16:24:45.638407
FPT.VN,2014-10-09,11521.2421875,11521.2421875,11305.8916015625,11305.8916015625,7785.951171875,3722214,2026-08-06 16:24:45.638407
FPT.VN,2014-10-10,11305.8916015625,11305.8916015625,11198.2158203125,11198.2158203125,7711.79931640625,4629340,2026-08-06 16:24:45.638407
FPT.VN,2014-10-13,11198.2158203125,11521.2421875,11198.2158203125,11521.2421875,7934.255859375,2099555,2026-08-06 16:24:45.638407
FPT.VN,2014-10-14,11521.2421875,11521.2421875,11198.2158203125,11198.2158203125,7711.79931640625,1679356,2026-08-06 16:24:45.638407
FPT.VN,2014-10-15,11090.541015625,11198.2158203125,11090.541015625,11198.2158203125,7711.79931640625,3780491,2026-08-06 16:24:45.638407
FPT.VN,2014-10-16,11090.541015625,11090.541015625,10702.91015625,10702.91015625,7370.7021484375,7393906,2026-08-06 16:24:45.638407
FPT.VN,2014-10-17,10745.98046875,10875.1904296875,10745.98046875,10875.1904296875,7489.345703125,4063518,2026-08-06 16:24:45.638407
FPT.VN,2014-10-20,10875.1904296875,10875.1904296875,10767.515625,10767.515625,7415.19140625,1831898,2026-08-06 16:24:45.638407
FPT.VN,2014-10-21,10767.515625,10767.515625,10767.515625,10767.515625,7415.19140625,1602087,2026-08-06 16:24:45.638407
FPT.VN,2014-10-22,10875.1904296875,10875.1904296875,10875.1904296875,10875.1904296875,7489.345703125,1904571,2026-08-06 16:24:45.638407
FPT.VN,2014-10-23,10767.515625,10767.515625,10745.98046875,10745.98046875,7400.36181640625,2768187,2026-08-06 16:24:45.638407
FPT.VN,2014-10-24,10767.515625,10767.515625,10724.4453125,10724.4453125,7385.5322265625,2230273,2026-08-06 16:24:45.638407
FPT.VN,2014-10-27,10659.8408203125,10659.8408203125,10487.560546875,10487.560546875,7222.3955078125,2690128,2026-08-06 16:24:45.638407
FPT.VN,2014-10-28,10444.490234375,10552.1650390625,10444.490234375,10552.1650390625,7266.88720703125,1779844,2026-08-06 16:24:45.638407
FPT.VN,2014-10-29,10552.1650390625,10767.515625,10552.1650390625,10767.515625,7415.19140625,1974132,2026-08-06 16:24:45.638407
FPT.VN,2014-10-30,10767.515625,10767.515625,10767.515625,10767.515625,7415.19140625,2393356,2026-08-06 16:24:45.638407
FPT.VN,2014-10-31,10767.515625,10982.8662109375,10767.515625,10982.8662109375,7563.4951171875,1493566,2026-08-06 16:24:45.638407
FPT.VN,2014-11-03,11090.541015625,11090.541015625,11090.541015625,11090.541015625,7637.6484375,1706707,2026-08-06 16:24:45.638407
FPT.VN,2014-11-04,10982.8662109375,10982.8662109375,10982.8662109375,10982.8662109375,7563.4951171875,1778218,2026-08-06 16:24:45.638407
FPT.VN,2014-11-05,10982.8662109375,10982.8662109375,10875.1904296875,10875.1904296875,7489.345703125,1375340,2026-08-06 16:24:45.638407
FPT.VN,2014-11-06,10982.8662109375,10982.8662109375,10767.515625,10767.515625,7415.19140625,1762848,2026-08-06 16:24:45.638407
FPT.VN,2014-11-07,10767.515625,10875.1904296875,10767.515625,10875.1904296875,7489.345703125,1172229,2026-08-06 16:24:45.638407
FPT.VN,2014-11-10,10875.1904296875,10875.1904296875,10875.1904296875,10875.1904296875,7489.345703125,2034173,2026-08-06 16:24:45.638407
FPT.VN,2014-11-11,10982.8662109375,10982.8662109375,10982.8662109375,10982.8662109375,7563.4951171875,820477,2026-08-06 16:24:45.638407
FPT.VN,2014-11-12,10982.8662109375,10982.8662109375,10875.1904296875,10875.1904296875,7489.345703125,688506,2026-08-06 16:24:45.638407
FPT.VN,2014-11-13,10875.1904296875,10875.1904296875,10875.1904296875,10875.1904296875,7489.345703125,1495005,2026-08-06 16:24:45.638407
FPT.VN,2014-11-14,10875.1904296875,10875.1904296875,10767.515625,10767.515625,7415.19140625,2135822,2026-08-06 16:24:45.638407
FPT.VN,2014-11-17,10875.1904296875,10875.1904296875,10745.98046875,10745.98046875,7400.36181640625,1406081,2026-08-06 16:24:45.638407
FPT.VN,2014-11-18,10767.515625,10767.515625,10573.7001953125,10573.7001953125,7281.71923828125,1612303,2026-08-06 16:24:45.638407
FPT.VN,2014-11-19,10616.7705078125,10616.7705078125,10552.1650390625,10552.1650390625,7266.88720703125,3110466,2026-08-06 16:24:45.638407
FPT.VN,2014-11-20,10573.7001953125,10573.7001953125,10552.1650390625,10552.1650390625,7266.88720703125,1702853,2026-08-06 16:24:45.638407
FPT.VN,2014-11-21,10616.7705078125,10616.7705078125,10573.7001953125,10573.7001953125,7281.71923828125,1858785,2026-08-06 16:24:45.638407
FPT.VN,2014-11-24,10552.1650390625,10552.1650390625,10509.095703125,10509.095703125,7237.22607421875,1343485,2026-08-06 16:24:45.638407
FPT.VN,2014-11-25,10509.095703125,10595.2353515625,10509.095703125,10595.2353515625,7296.55078125,882329,2026-08-06 16:24:45.638407
FPT.VN,2014-11-26,10659.8408203125,10659.8408203125,10509.095703125,10509.095703125,7237.22607421875,1043369,2026-08-06 16:24:45.638407
FPT.VN,2014-11-27,10573.7001953125,10573.7001953125,10487.560546875,10487.560546875,7222.3955078125,1444901,2026-08-06 16:24:45.638407
FPT.VN,2014-11-28,10530.6298828125,10530.6298828125,10358.349609375,10358.349609375,7133.4150390625,2444203,2026-08-06 16:24:45.638407
FPT.VN,2014-12-01,10336.8154296875,10336.8154296875,10293.7451171875,10293.7451171875,7088.923828125,1798790,2026-08-06 16:24:45.638407
FPT.VN,2014-12-02,10315.2802734375,10315.2802734375,10272.2099609375,10272.2099609375,7074.08984375,1678613,2026-08-06 16:24:45.638407
FPT.VN,2014-12-03,10358.349609375,10379.884765625,10358.349609375,10379.884765625,7148.24365234375,973437,2026-08-06 16:24:45.638407
FPT.VN,2014-12-04,10379.884765625,10466.025390625,10379.884765625,10466.025390625,7207.56689453125,1351936,2026-08-06 16:24:45.638407
FPT.VN,2014-12-05,10509.095703125,10509.095703125,10487.560546875,10487.560546875,7222.3955078125,1025956,2026-08-06 16:24:45.638407
FPT.VN,2014-12-08,10487.560546875,10487.560546875,10401.419921875,10401.419921875,7163.07373046875,1068027,2026-08-06 16:24:45.638407
FPT.VN,2014-12-09,10358.349609375,10358.349609375,10164.53515625,10164.53515625,6999.94287109375,4530525,2026-08-06 16:24:45.638407
FPT.VN,2014-12-10,10143.0,10272.2099609375,10143.0,10272.2099609375,7074.08984375,2148360,2026-08-06 16:24:45.638407
FPT.VN,2014-12-11,10229.1396484375,10229.1396484375,10207.6044921875,10207.6044921875,7029.60205078125,1482096,2026-08-06 16:24:45.638407
FPT.VN,2014-12-12,10250.6748046875,10358.349609375,10250.6748046875,10358.349609375,7133.4150390625,1033664,2026-08-06 16:24:45.638407
FPT.VN,2014-12-15,10358.349609375,10358.349609375,10293.7451171875,10293.7451171875,7088.923828125,821080,2026-08-06 16:24:45.638407
FPT.VN,2014-12-16,10272.2099609375,10272.2099609375,10164.53515625,10164.53515625,6999.94287109375,2438909,2026-08-06 16:24:45.638407
FPT.VN,2014-12-17,10186.0693359375,10186.0693359375,9733.833984375,9733.833984375,6703.3349609375,4957643,2026-08-06 16:24:45.638407
FPT.VN,2014-12-18,9798.439453125,9949.1845703125,9798.439453125,9949.1845703125,6851.63671875,1300439,2026-08-06 16:24:45.638407
FPT.VN,2014-12-19,10121.46484375,10121.46484375,9819.974609375,9819.974609375,6762.65625,1521753,2026-08-06 16:24:45.638407
FPT.VN,2014-12-22,9949.1845703125,9970.7197265625,9949.1845703125,9970.7197265625,6866.46826171875,1213093,2026-08-06 16:24:45.638407
FPT.VN,2014-12-23,9970.7197265625,10099.9296875,9970.7197265625,10099.9296875,6955.451171875,1354908,2026-08-06 16:24:45.638407
FPT.VN,2014-12-24,10164.53515625,10164.53515625,10099.9296875,10099.9296875,6955.451171875,798373,2026-08-06 16:24:45.638407
FPT.VN,2014-12-25,10035.32421875,10035.32421875,10013.7890625,10013.7890625,6896.12939453125,468028,2026-08-06 16:24:45.638407
FPT.VN,2014-12-26,10013.7890625,10013.7890625,9949.1845703125,9949.1845703125,6851.63671875,1565681,2026-08-06 16:24:45.638407
FPT.VN,2014-12-29,10078.39453125,10078.39453125,9884.5791015625,9884.5791015625,6807.14599609375,922125,2026-08-06 16:24:45.638407
FPT.VN,2014-12-30,9927.6494140625,9970.7197265625,9927.6494140625,9970.7197265625,6866.46826171875,1455860,2026-08-06 16:24:45.638407
FPT.VN,2014-12-31,10056.859375,10336.8154296875,10056.859375,10336.8154296875,7118.58642578125,2188619,2026-08-06 16:24:45.638407
FPT.VN,2015-01-01,10336.8154296875,10336.8154296875,10336.8154296875,10336.8154296875,7118.58642578125,0,2026-08-06 16:24:45.638407
FPT.VN,2015-01-02,10336.8154296875,10336.8154296875,10336.8154296875,10336.8154296875,7118.58642578125,0,2026-08-06 16:24:45.638407
FPT.VN,2015-01-05,10336.8154296875,10336.8154296875,10293.7451171875,10293.7451171875,7088.923828125,1270255,2026-08-06 16:24:45.638407
FPT.VN,2015-01-06,10229.1396484375,10358.349609375,10229.1396484375,10358.349609375,7133.4150390625,1690501,2026-08-06 16:24:45.638407
FPT.VN,2015-01-07,10358.349609375,10422.955078125,10358.349609375,10422.955078125,7177.90576171875,1883257,2026-08-06 16:24:45.638407
FPT.VN,2015-01-08,10401.419921875,10401.419921875,10315.2802734375,10315.2802734375,7103.75390625,1055489,2026-08-06 16:24:45.638407
FPT.VN,2015-01-09,10315.2802734375,10401.419921875,10315.2802734375,10401.419921875,7163.07373046875,1486926,2026-08-06 16:24:45.638407
FPT.VN,2015-01-12,10401.419921875,10466.025390625,10401.419921875,10466.025390625,7207.56689453125,3153234,2026-08-06 16:24:45.638407
FPT.VN,2015-01-13,10422.955078125,10487.560546875,10422.955078125,10487.560546875,7222.3955078125,1124029,2026-08-06 16:24:45.638407
FPT.VN,2015-01-14,10487.560546875,10487.560546875,10466.025390625,10466.025390625,7207.56689453125,1955511,2026-08-06 16:24:45.638407
FPT.VN,2015-01-15,10509.095703125,10509.095703125,10487.560546875,10487.560546875,7222.3955078125,1309076,2026-08-06 16:24:45.638407
FPT.VN,2015-01-16,10509.095703125,10509.095703125,10444.490234375,10444.490234375,7192.73583984375,809564,2026-08-06 16:24:45.638407
FPT.VN,2015-01-19,10444.490234375,10444.490234375,10336.8154296875,10336.8154296875,7118.58642578125,1704292,2026-08-06 16:24:45.638407
FPT.VN,2015-01-20,10336.8154296875,10336.8154296875,10336.8154296875,10336.8154296875,7118.58642578125,1597443,2026-08-06 16:24:45.638407
FPT.VN,2015-01-21,10379.884765625,10422.955078125,10379.884765625,10422.955078125,7177.90576171875,2819870,2026-08-06 16:24:45.638407
FPT.VN,2015-01-22,10466.025390625,10466.025390625,10379.884765625,10379.884765625,7148.24365234375,1389364,2026-08-06 16:24:45.638407
FPT.VN,2015-01-23,10422.955078125,10422.955078125,10422.955078125,10422.955078125,7177.90576171875,1793728,2026-08-06 16:24:45.638407
FPT.VN,2015-01-26,10422.955078125,10422.955078125,10422.955078125,10422.955078125,7177.90576171875,1783930,2026-08-06 16:24:45.638407
FPT.VN,2015-01-27,10401.419921875,10401.419921875,10336.8154296875,10336.8154296875,7118.58642578125,1969627,2026-08-06 16:24:45.638407
FPT.VN,2015-01-28,10315.2802734375,10315.2802734375,10315.2802734375,10315.2802734375,7103.75390625,1210446,2026-08-06 16:24:45.638407
FPT.VN,2015-01-29,10315.2802734375,10315.2802734375,10315.2802734375,10315.2802734375,7103.75390625,1042301,2026-08-06 16:24:45.638407
FPT.VN,2015-01-30,10336.8154296875,10336.8154296875,10229.1396484375,10229.1396484375,7044.4326171875,2727973,2026-08-06 16:24:45.638407
FPT.VN,2015-02-02,10250.6748046875,10293.7451171875,10186.0693359375,10207.6044921875,7029.60205078125,101885,2026-08-06 16:24:45.638407
FPT.VN,2015-02-03,10207.6044921875,10229.1396484375,10121.46484375,10121.46484375,6970.28173828125,96201,2026-08-06 16:24:45.638407
FPT.VN,2015-02-04,10207.6044921875,10207.6044921875,10056.859375,10099.9296875,6955.451171875,142576,2026-08-06 16:24:45.638407
FPT.VN,2015-02-05,10121.46484375,10229.1396484375,10099.9296875,10164.53515625,6999.94287109375,84973,2026-08-06 16:24:45.638407
FPT.VN,2015-02-06,10229.1396484375,10229.1396484375,10164.53515625,10186.0693359375,7014.7705078125,53113,2026-08-06 16:24:45.638407
FPT.VN,2015-02-09,10272.2099609375,10272.2099609375,10164.53515625,10164.53515625,6999.94287109375,67582,2026-08-06 16:24:45.638407
FPT.VN,2015-02-10,10164.53515625,10186.0693359375,10121.46484375,10143.0,6985.11181640625,66547,2026-08-06 16:24:45.638407
FPT.VN,2015-02-11,10186.0693359375,10229.1396484375,10164.53515625,10229.1396484375,7044.4326171875,64731,2026-08-06 16:24:45.638407
FPT.VN,2015-02-12,10315.2802734375,10379.884765625,10293.7451171875,10293.7451171875,7088.923828125,202052,2026-08-06 16:24:45.638407
FPT.VN,2015-02-13,10336.8154296875,10379.884765625,10293.7451171875,10336.8154296875,7118.58642578125,92328,2026-08-06 16:24:45.638407
FPT.VN,2015-02-16,10336.8154296875,10336.8154296875,10336.8154296875,10336.8154296875,7118.58642578125,0,2026-08-06 16:24:45.638407
FPT.VN,2015-02-17,10336.8154296875,10336.8154296875,10336.8154296875,10336.8154296875,7118.58642578125,0,2026-08-06 16:24:45.638407
FPT.VN,2015-02-18,10336.8154296875,10336.8154296875,10336.8154296875,10336.8154296875,7118.58642578125,0,2026-08-06 16:24:45.638407
FPT.VN,2015-02-19,10336.8154296875,10336.8154296875,10336.8154296875,10336.8154296875,7118.58642578125,0,2026-08-06 16:24:45.638407
FPT.VN,2015-02-20,10336.8154296875,10336.8154296875,10336.8154296875,10336.8154296875,7118.58642578125,0,2026-08-06 16:24:45.638407
FPT.VN,2015-02-23,10336.8154296875,10336.8154296875,10336.8154296875,10336.8154296875,7118.58642578125,0,2026-08-06 16:24:45.638407
FPT.VN,2015-02-24,10336.8154296875,10336.8154296875,10336.8154296875,10336.8154296875,7118.58642578125,0,2026-08-06 16:24:45.638407
FPT.VN,2015-02-25,10509.095703125,10552.1650390625,10422.955078125,10444.490234375,7192.73583984375,241884,2026-08-06 16:24:45.638407
FPT.VN,2015-02-26,10422.955078125,10552.1650390625,10422.955078125,10552.1650390625,7266.88720703125,128488,2026-08-06 16:24:45.638407
FPT.VN,2015-02-27,10573.7001953125,10616.7705078125,10487.560546875,10509.095703125,7237.22607421875,146245,2026-08-06 16:24:45.638407
FPT.VN,2015-03-02,10552.1650390625,10552.1650390625,10422.955078125,10444.490234375,7192.73583984375,218838,2026-08-06 16:24:45.638407
FPT.VN,2015-03-03,10509.095703125,10530.6298828125,10466.025390625,10530.6298828125,7252.056640625,99623,2026-08-06 16:24:45.638407
FPT.VN,2015-03-04,10595.2353515625,10875.1904296875,10595.2353515625,10767.515625,7415.19140625,461341,2026-08-06 16:24:45.638407
FPT.VN,2015-03-05,10875.1904296875,10982.8662109375,10767.515625,10767.515625,7415.19140625,182744,2026-08-06 16:24:45.638407
FPT.VN,2015-03-06,10767.515625,10875.1904296875,10745.98046875,10767.515625,7415.19140625,155625,2026-08-06 16:24:45.638407
FPT.VN,2015-03-09,10745.98046875,10767.515625,10595.2353515625,10595.2353515625,7296.55078125,192569,2026-08-06 16:24:45.638407
FPT.VN,2015-03-10,10659.8408203125,10702.91015625,10616.7705078125,10702.91015625,7370.7021484375,152491,2026-08-06 16:24:45.638407
FPT.VN,2015-03-11,10702.91015625,10702.91015625,10638.3056640625,10659.8408203125,7341.0400390625,136127,2026-08-06 16:24:45.638407
FPT.VN,2015-03-12,10659.8408203125,10659.8408203125,10573.7001953125,10595.2353515625,7296.55078125,170949,2026-08-06 16:24:45.638407
FPT.VN,2015-03-13,10659.8408203125,10702.91015625,10573.7001953125,10595.2353515625,7296.55078125,132087,2026-08-06 16:24:45.638407
FPT.VN,2015-03-16,10595.2353515625,10638.3056640625,10595.2353515625,10638.3056640625,7326.2109375,99600,2026-08-06 16:24:45.638407
FPT.VN,2015-03-17,10659.8408203125,10875.1904296875,10659.8408203125,10767.515625,7415.19140625,333210,2026-08-06 16:24:45.638407
FPT.VN,2015-03-18,10767.515625,10767.515625,10681.375,10681.375,7355.87109375,106073,2026-08-06 16:24:45.638407
FPT.VN,2015-03-19,10745.98046875,10767.515625,10659.8408203125,10659.8408203125,7341.0400390625,117218,2026-08-06 16:24:45.638407
FPT.VN,2015-03-20,10659.8408203125,10745.98046875,10638.3056640625,10724.4453125,7385.5322265625,132036,2026-08-06 16:24:45.638407
FPT.VN,2015-03-23,10724.4453125,10745.98046875,10638.3056640625,10638.3056640625,7326.2109375,127647,2026-08-06 16:24:45.638407
FPT.VN,2015-03-24,10659.8408203125,10659.8408203125,10509.095703125,10573.7001953125,7281.71923828125,162080,2026-08-06 16:24:45.638407
FPT.VN,2015-03-25,10659.8408203125,10659.8408203125,10552.1650390625,10595.2353515625,7296.55078125,102674,2026-08-06 16:24:45.638407
FPT.VN,2015-03-26,10638.3056640625,10638.3056640625,10595.2353515625,10616.7705078125,7311.3798828125,128195,2026-08-06 16:24:45.638407
FPT.VN,2015-03-27,10681.375,10681.375,10595.2353515625,10595.2353515625,7296.55078125,105353,2026-08-06 16:24:45.638407
FPT.VN,2015-03-30,10638.3056640625,10638.3056640625,10422.955078125,10422.955078125,7177.90576171875,191813,2026-08-06 16:24:45.638407
FPT.VN,2015-03-31,10422.955078125,10487.560546875,10422.955078125,10422.955078125,7177.90576171875,108316,2026-08-06 16:24:45.638407
FPT.VN,2015-04-01,10487.560546875,10487.560546875,10272.2099609375,10272.2099609375,7074.08984375,125799,2026-08-06 16:24:45.638407
FPT.VN,2015-04-02,10293.7451171875,10444.490234375,10272.2099609375,10358.349609375,7133.4150390625,78026,2026-08-06 16:24:45.638407
FPT.VN,2015-04-03,10444.490234375,10509.095703125,10358.349609375,10509.095703125,7237.22607421875,54162,2026-08-06 16:24:45.638407
FPT.VN,2015-04-06,10509.095703125,10573.7001953125,10444.490234375,10444.490234375,7192.73583984375,78091,2026-08-06 16:24:45.638407
FPT.VN,2015-04-07,10422.955078125,10552.1650390625,10422.955078125,10530.6298828125,7252.056640625,69756,2026-08-06 16:24:45.638407
FPT.VN,2015-04-08,10552.1650390625,10573.7001953125,10509.095703125,10530.6298828125,7252.056640625,75486,2026-08-06 16:24:45.638407
FPT.VN,2015-04-09,10530.6298828125,10552.1650390625,10444.490234375,10530.6298828125,7252.056640625,120245,2026-08-06 16:24:45.638407
FPT.VN,2015-04-10,10530.6298828125,10638.3056640625,10509.095703125,10595.2353515625,7296.55078125,160283,2026-08-06 16:24:45.638407
FPT.VN,2015-04-13,10595.2353515625,10638.3056640625,10573.7001953125,10595.2353515625,7296.55078125,76182,2026-08-06 16:24:45.638407
FPT.VN,2015-04-14,10595.2353515625,10595.2353515625,10487.560546875,10487.560546875,7222.3955078125,104151,2026-08-06 16:24:45.638407
FPT.VN,2015-04-15,10530.6298828125,10552.1650390625,10444.490234375,10530.6298828125,7252.056640625,103556,2026-08-06 16:24:45.638407
FPT.VN,2015-04-16,10530.6298828125,10595.2353515625,10487.560546875,10509.095703125,7237.22607421875,70968,2026-08-06 16:24:45.638407
FPT.VN,2015-04-17,10530.6298828125,11090.541015625,10530.6298828125,10982.8662109375,7563.4951171875,695457,2026-08-06 16:24:45.638407
FPT.VN,2015-04-20,10982.8662109375,10982.8662109375,10745.98046875,10875.1904296875,7489.345703125,166556,2026-08-06 16:24:45.638407
FPT.VN,2015-04-21,10875.1904296875,10982.8662109375,10767.515625,10767.515625,7415.19140625,122577,2026-08-06 16:24:45.638407
FPT.VN,2015-04-22,10767.515625,10982.8662109375,10767.515625,10767.515625,7415.19140625,250336,2026-08-06 16:24:45.638407
FPT.VN,2015-04-23,10875.1904296875,10982.8662109375,10724.4453125,10875.1904296875,7489.345703125,297844,2026-08-06 16:24:45.638407
FPT.VN,2015-04-24,10875.1904296875,10982.8662109375,10767.515625,10875.1904296875,7489.345703125,124638,2026-08-06 16:24:45.638407
FPT.VN,2015-04-27,11090.541015625,11305.8916015625,10982.8662109375,11090.541015625,7637.6484375,295685,2026-08-06 16:24:45.638407
FPT.VN,2015-04-28,11090.541015625,11090.541015625,11090.541015625,11090.541015625,7637.6484375,0,2026-08-06 16:24:45.638407
FPT.VN,2015-04-29,11090.541015625,11090.541015625,11090.541015625,11090.541015625,7637.6484375,0,2026-08-06 16:24:45.638407
FPT.VN,2015-04-30,11090.541015625,11090.541015625,11090.541015625,11090.541015625,7637.6484375,0,2026-08-06 16:24:45.638407
FPT.VN,2015-05-01,11090.541015625,11090.541015625,11090.541015625,11090.541015625,7637.6484375,0,2026-08-06 16:24:45.638407
FPT.VN,2015-05-04,11090.541015625,11198.2158203125,10552.1650390625,10638.3056640625,7326.2109375,379976,2026-08-06 16:24:45.638407
FPT.VN,2015-05-05,10638.3056640625,10875.1904296875,10595.2353515625,10767.515625,7415.19140625,206375,2026-08-06 16:24:45.638407
FPT.VN,2015-05-06,10767.515625,10875.1904296875,10681.375,10681.375,7355.87109375,188803,2026-08-06 16:24:45.638407
FPT.VN,2015-05-07,10724.4453125,10875.1904296875,10681.375,10745.98046875,7400.36181640625,122391,2026-08-06 16:24:45.638407
FPT.VN,2015-05-08,10745.98046875,10875.1904296875,10745.98046875,10745.98046875,7400.36181640625,111947,2026-08-06 16:24:45.638407
FPT.VN,2015-05-11,10767.515625,10767.515625,10681.375,10702.91015625,7370.7021484375,106482,2026-08-06 16:24:45.638407
FPT.VN,2015-05-12,10702.91015625,10702.91015625,10595.2353515625,10595.2353515625,7296.55078125,117594,2026-08-06 16:24:45.638407
FPT.VN,2015-05-13,10595.2353515625,10616.7705078125,10487.560546875,10595.2353515625,7296.55078125,218875,2026-08-06 16:24:45.638407
FPT.VN,2015-05-14,10552.1650390625,10681.375,10552.1650390625,10616.7705078125,7311.3798828125,132333,2026-08-06 16:24:45.638407
FPT.VN,2015-05-15,10638.3056640625,10681.375,10573.7001953125,10573.7001953125,7281.71923828125,103445,2026-08-06 16:24:45.638407
FPT.VN,2015-05-18,10552.1650390625,10595.2353515625,10509.095703125,10509.095703125,7237.22607421875,229040,2026-08-06 16:24:45.638407
FPT.VN,2015-05-19,10487.560546875,10595.2353515625,10487.560546875,10595.2353515625,7296.55078125,121332,2026-08-06 16:24:45.638407
FPT.VN,2015-05-20,10681.375,10982.8662109375,10659.8408203125,10982.8662109375,7563.4951171875,495875,2026-08-06 16:24:45.638407
FPT.VN,2015-05-21,10982.8662109375,11413.56640625,10875.1904296875,11305.8916015625,7785.951171875,913321,2026-08-06 16:24:45.638407
FPT.VN,2015-05-22,11305.8916015625,11413.56640625,11198.2158203125,11198.2158203125,7711.79931640625,297176,2026-08-06 16:24:45.638407
FPT.VN,2015-05-25,11198.2158203125,11628.9169921875,11198.2158203125,11628.9169921875,8008.40869140625,554510,2026-08-06 16:24:45.638407
FPT.VN,2015-05-26,11521.2421875,11628.9169921875,11413.56640625,11413.56640625,7860.1044921875,442831,2026-08-06 16:24:45.638407
FPT.VN,2015-05-27,11413.56640625,11521.2421875,11198.2158203125,11305.8916015625,7785.951171875,564991,2026-08-06 16:24:45.638407
FPT.VN,2015-05-28,11268.205078125,11367.2666015625,11169.1435546875,11243.439453125,7893.29150390625,467751,2026-08-06 16:24:45.638407
FPT.VN,2015-05-29,11268.205078125,11268.205078125,11119.61328125,11144.37890625,7823.74853515625,144488,2026-08-06 16:24:45.638407
FPT.VN,2015-06-01,11119.61328125,11119.61328125,10971.021484375,10971.021484375,7702.044921875,301922,2026-08-06 16:24:45.638407
FPT.VN,2015-06-02,10971.021484375,10971.021484375,10822.4296875,10822.4296875,7597.72802734375,319002,2026-08-06 16:24:45.638407
FPT.VN,2015-06-03,10822.4296875,11094.84765625,10797.6650390625,10946.2568359375,7684.66064453125,257796,2026-08-06 16:24:45.638407
FPT.VN,2015-06-04,10946.2568359375,11020.5517578125,10946.2568359375,10995.787109375,7719.42919921875,90655,2026-08-06 16:24:45.638407
FPT.VN,2015-06-05,11020.5517578125,11119.61328125,10946.2568359375,11094.84765625,7788.97607421875,233544,2026-08-06 16:24:45.638407
FPT.VN,2015-06-08,11144.37890625,11169.1435546875,10971.021484375,10971.021484375,7702.044921875,282233,2026-08-06 16:24:45.638407
FPT.VN,2015-06-09,10946.2568359375,11193.9091796875,10946.2568359375,10971.021484375,7702.044921875,249849,2026-08-06 16:24:45.638407
FPT.VN,2015-06-10,10971.021484375,11070.0830078125,10921.4912109375,11045.3173828125,7754.2041015625,100862,2026-08-06 16:24:45.638407
FPT.VN,2015-06-11,11045.3173828125,11119.61328125,11045.3173828125,11094.84765625,7788.97607421875,169592,2026-08-06 16:24:45.638407
FPT.VN,2015-06-12,11119.61328125,11218.6748046875,11119.61328125,11169.1435546875,7841.13232421875,304195,2026-08-06 16:24:45.638407
FPT.VN,2015-06-15,11243.439453125,11243.439453125,11094.84765625,11144.37890625,7823.74853515625,137955,2026-08-06 16:24:45.638407
FPT.VN,2015-06-16,11144.37890625,11193.9091796875,11020.5517578125,11020.5517578125,7736.81591796875,193565,2026-08-06 16:24:45.638407
FPT.VN,2015-06-17,10995.787109375,11045.3173828125,10971.021484375,10995.787109375,7719.42919921875,195176,2026-08-06 16:24:45.638407
FPT.VN,2015-06-18,10995.787109375,11144.37890625,10995.787109375,11020.5517578125,7736.81591796875,130949,2026-08-06 16:24:45.638407
FPT.VN,2015-06-19,11020.5517578125,11169.1435546875,11020.5517578125,11094.84765625,7788.97607421875,211897,2026-08-06 16:24:45.638407
FPT.VN,2015-06-22,11144.37890625,11342.5009765625,11119.61328125,11292.970703125,7928.0654296875,514328,2026-08-06 16:24:45.638407
FPT.VN,2015-06-23,11292.970703125,11317.7353515625,11243.439453125,11268.205078125,7910.677734375,251864,2026-08-06 16:24:45.638407
FPT.VN,2015-06-24,11292.970703125,11292.970703125,11193.9091796875,11193.9091796875,7858.51904296875,144092,2026-08-06 16:24:45.638407
FPT.VN,2015-06-25,11169.1435546875,11193.9091796875,11144.37890625,11144.37890625,7823.74853515625,236225,2026-08-06 16:24:45.638407
FPT.VN,2015-06-26,11169.1435546875,11862.572265625,11169.1435546875,11466.3271484375,8049.76708984375,1700065,2026-08-06 16:24:45.638407
FPT.VN,2015-06-29,11590.1533203125,11813.041015625,11515.8583984375,11590.1533203125,8136.69677734375,377762,2026-08-06 16:24:45.638407
FPT.VN,2015-06-30,11466.3271484375,11565.388671875,11466.3271484375,11491.0927734375,8067.15283203125,423261,2026-08-06 16:24:45.638407
FPT.VN,2015-07-01,11491.0927734375,11664.44921875,11416.796875,11590.1533203125,8136.69677734375,297840,2026-08-06 16:24:45.638407
FPT.VN,2015-07-02,11565.388671875,11738.7451171875,11540.623046875,11689.21484375,8206.2431640625,440221,2026-08-06 16:24:45.638407
FPT.VN,2015-07-03,11738.7451171875,11738.7451171875,11614.9189453125,11639.6845703125,8171.47216796875,306275,2026-08-06 16:24:45.638407
FPT.VN,2015-07-06,11664.44921875,11763.5107421875,11639.6845703125,11763.5107421875,8258.400390625,395509,2026-08-06 16:24:45.638407
FPT.VN,2015-07-07,11738.7451171875,11986.3984375,11689.21484375,11788.2763671875,8275.787109375,457434,2026-08-06 16:24:45.638407
FPT.VN,2015-07-08,11788.2763671875,11837.806640625,11540.623046875,11565.388671875,8119.31201171875,573447,2026-08-06 16:24:45.638407
FPT.VN,2015-07-09,11515.8583984375,11614.9189453125,11441.5625,11565.388671875,8119.31201171875,403718,2026-08-06 16:24:45.638407
FPT.VN,2015-07-10,11565.388671875,11639.6845703125,11491.0927734375,11540.623046875,8101.92626953125,337436,2026-08-06 16:24:45.638407
FPT.VN,2015-07-13,11540.623046875,11763.5107421875,11515.8583984375,11614.9189453125,8154.08447265625,197631,2026-08-06 16:24:45.638407
FPT.VN,2015-07-14,11614.9189453125,11689.21484375,11540.623046875,11614.9189453125,8154.08447265625,159767,2026-08-06 16:24:45.638407
FPT.VN,2015-07-15,11639.6845703125,11639.6845703125,11491.0927734375,11491.0927734375,8067.15283203125,264446,2026-08-06 16:24:45.638407
FPT.VN,2015-07-16,11441.5625,11491.0927734375,11342.5009765625,11491.0927734375,8067.15283203125,246740,2026-08-06 16:24:45.638407
FPT.VN,2015-07-17,11466.3271484375,11614.9189453125,11441.5625,11491.0927734375,8067.15283203125,127412,2026-08-06 16:24:45.638407
FPT.VN,2015-07-20,11491.0927734375,11491.0927734375,11367.2666015625,11441.5625,8032.38134765625,169523,2026-08-06 16:24:45.638407
FPT.VN,2015-07-21,11392.03125,11416.796875,11243.439453125,11292.970703125,7928.0654296875,353902,2026-08-06 16:24:45.638407
FPT.VN,2015-07-22,11292.970703125,11515.8583984375,11268.205078125,11515.8583984375,8084.54052734375,183737,2026-08-06 16:24:45.638407
FPT.VN,2015-07-23,11491.0927734375,11862.572265625,11491.0927734375,11639.6845703125,8171.47216796875,864294,2026-08-06 16:24:45.638407
FPT.VN,2015-07-24,11689.21484375,11837.806640625,11689.21484375,11788.2763671875,8275.787109375,491748,2026-08-06 16:24:45.638407
FPT.VN,2015-07-27,11862.572265625,12258.81640625,11837.806640625,12134.990234375,8519.193359375,753360,2026-08-06 16:24:45.638407
FPT.VN,2015-07-28,12134.990234375,12134.990234375,11936.8681640625,11936.8681640625,8380.1025390625,256185,2026-08-06 16:24:45.638407
FPT.VN,2015-07-29,11936.8681640625,12060.6943359375,11813.041015625,11862.572265625,8327.9443359375,451874,2026-08-06 16:24:45.638407
FPT.VN,2015-07-30,11862.572265625,11887.3369140625,11713.98046875,11713.98046875,8223.6279296875,378885,2026-08-06 16:24:45.638407
FPT.VN,2015-07-31,11813.041015625,11837.806640625,11713.98046875,11713.98046875,8223.6279296875,218584,2026-08-06 16:24:45.638407
FPT.VN,2015-08-03,11639.6845703125,11639.6845703125,11491.0927734375,11515.8583984375,8084.54052734375,458977,2026-08-06 16:24:45.638407
FPT.VN,2015-08-04,11614.9189453125,11738.7451171875,11540.623046875,11639.6845703125,8171.47216796875,212466,2026-08-06 16:24:45.638407
FPT.VN,2015-08-05,11689.21484375,11738.7451171875,11614.9189453125,11738.7451171875,8241.0146484375,126354,2026-08-06 16:24:45.638407
FPT.VN,2015-08-06,11738.7451171875,11788.2763671875,11590.1533203125,11590.1533203125,8136.69677734375,226575,2026-08-06 16:24:45.638407
FPT.VN,2015-08-07,11639.6845703125,11763.5107421875,11565.388671875,11713.98046875,8223.6279296875,220712,2026-08-06 16:24:45.638407
FPT.VN,2015-08-10,11763.5107421875,12011.1640625,11763.5107421875,12011.1640625,8432.259765625,476768,2026-08-06 16:24:45.638407
FPT.VN,2015-08-11,12011.1640625,12134.990234375,11887.3369140625,11961.6328125,8397.4892578125,347813,2026-08-06 16:24:45.638407
FPT.VN,2015-08-12,11887.3369140625,11887.3369140625,11713.98046875,11788.2763671875,8275.787109375,507585,2026-08-06 16:24:45.638407
FPT.VN,2015-08-13,11788.2763671875,11788.2763671875,11590.1533203125,11639.6845703125,8171.47216796875,6352157,2026-08-06 16:24:45.638407
FPT.VN,2015-08-14,11614.9189453125,11713.98046875,11515.8583984375,11590.1533203125,8136.69677734375,283638,2026-08-06 16:24:45.638407
FPT.VN,2015-08-17,11590.1533203125,11664.44921875,11392.03125,11441.5625,8032.38134765625,3295500,2026-08-06 16:24:45.638407
FPT.VN,2015-08-18,11441.5625,11565.388671875,11392.03125,11540.623046875,8101.92626953125,3035337,2026-08-06 16:24:45.638407
FPT.VN,2015-08-19,11367.2666015625,11515.8583984375,11268.205078125,11416.796875,8190.76220703125,3475631,2026-08-06 16:24:45.638407
FPT.VN,2015-08-20,11441.5625,11441.5625,11243.439453125,11268.205078125,8084.158203125,1551405,2026-08-06 16:24:45.638407
FPT.VN,2015-08-21,11169.1435546875,11193.9091796875,10896.7255859375,11193.9091796875,8030.85595703125,4784721,2026-08-06 16:24:45.638407
FPT.VN,2015-08-24,10995.787109375,11045.3173828125,10475.7158203125,10500.4814453125,7533.36962890625,8511591,2026-08-06 16:24:45.638407
FPT.VN,2015-08-25,10401.419921875,10772.8994140625,10401.419921875,10624.3076171875,7622.20556640625,5259620,2026-08-06 16:24:45.638407
FPT.VN,2015-08-26,10649.0732421875,11020.5517578125,10649.0732421875,10921.4912109375,7835.416015625,3879058,2026-08-06 16:24:45.638407
FPT.VN,2015-08-27,10921.4912109375,11045.3173828125,10896.7255859375,10971.021484375,7870.95068359375,2834532,2026-08-06 16:24:45.638407
FPT.VN,2015-08-28,11045.3173828125,11094.84765625,10971.021484375,11070.0830078125,7942.01806640625,3567735,2026-08-06 16:24:45.638407
FPT.VN,2015-08-31,11020.5517578125,11094.84765625,10921.4912109375,10946.2568359375,7853.18359375,1549103,2026-08-06 16:24:45.638407
FPT.VN,2015-09-01,10995.787109375,10995.787109375,10871.9609375,10921.4912109375,7835.416015625,1290475,2026-08-06 16:24:45.638407
FPT.VN,2015-09-02,10921.4912109375,10921.4912109375,10921.4912109375,10921.4912109375,7835.416015625,0,2026-08-06 16:24:45.638407
FPT.VN,2015-09-03,10871.9609375,10921.4912109375,10822.4296875,10822.4296875,7764.34375,1458896,2026-08-06 16:24:45.638407
FPT.VN,2015-09-04,10822.4296875,10921.4912109375,10797.6650390625,10847.1953125,7782.11376953125,808228,2026-08-06 16:24:45.638407
FPT.VN,2015-09-07,10896.7255859375,10896.7255859375,10748.1337890625,10797.6650390625,7746.5791015625,579561,2026-08-06 16:24:45.638407
FPT.VN,2015-09-08,10772.8994140625,10921.4912109375,10772.8994140625,10871.9609375,7799.88134765625,787796,2026-08-06 16:24:45.638407
FPT.VN,2015-09-09,10971.021484375,10995.787109375,10921.4912109375,10921.4912109375,7835.416015625,1420133,2026-08-06 16:24:45.638407
FPT.VN,2015-09-10,10921.4912109375,10946.2568359375,10871.9609375,10946.2568359375,7853.18359375,923994,2026-08-06 16:24:45.638407
FPT.VN,2015-09-11,10995.787109375,10995.787109375,10896.7255859375,10896.7255859375,7817.6474609375,720242,2026-08-06 16:24:45.638407
FPT.VN,2015-09-14,10896.7255859375,10896.7255859375,10822.4296875,10822.4296875,7764.34375,861124,2026-08-06 16:24:45.638407
FPT.VN,2015-09-15,10797.6650390625,10871.9609375,10772.8994140625,10822.4296875,7764.34375,368015,2026-08-06 16:24:45.638407
FPT.VN,2015-09-16,10822.4296875,10871.9609375,10797.6650390625,10822.4296875,7764.34375,499570,2026-08-06 16:24:45.638407
FPT.VN,2015-09-17,10822.4296875,10896.7255859375,10822.4296875,10847.1953125,7782.11376953125,492544,2026-08-06 16:24:45.638407
FPT.VN,2015-09-18,11045.3173828125,11119.61328125,10921.4912109375,11045.3173828125,7924.2509765625,3002630,2026-08-06 16:24:45.638407
FPT.VN,2015-09-21,11020.5517578125,11268.205078125,11020.5517578125,11268.205078125,8084.158203125,2215601,2026-08-06 16:24:45.638407
FPT.VN,2015-09-22,11268.205078125,11292.970703125,11169.1435546875,11193.9091796875,8030.85595703125,1168611,2026-08-06 16:24:45.638407
FPT.VN,2015-09-23,11169.1435546875,11243.439453125,11119.61328125,11119.61328125,7977.5546875,1808418,2026-08-06 16:24:45.638407
FPT.VN,2015-09-24,11094.84765625,11218.6748046875,11094.84765625,11169.1435546875,8013.0888671875,1160778,2026-08-06 16:24:45.638407
FPT.VN,2015-09-25,11193.9091796875,11193.9091796875,11094.84765625,11119.61328125,7977.5546875,1046949,2026-08-06 16:24:45.638407
FPT.VN,2015-09-28,11119.61328125,11144.37890625,11020.5517578125,11020.5517578125,7906.4853515625,1080464,2026-08-06 16:24:45.638407
FPT.VN,2015-09-29,11020.5517578125,11020.5517578125,10971.021484375,11020.5517578125,7906.4853515625,1050260,2026-08-06 16:24:45.638407
FPT.VN,2015-09-30,11094.84765625,11094.84765625,10971.021484375,11020.5517578125,7906.4853515625,644733,2026-08-06 16:24:45.638407
FPT.VN,2015-10-01,11020.5517578125,11070.0830078125,10995.787109375,11045.3173828125,7924.2509765625,724683,2026-08-06 16:24:45.638407
FPT.VN,2015-10-02,11045.3173828125,11045.3173828125,11045.3173828125,11045.3173828125,7924.2509765625,0,2026-08-06 16:24:45.638407
FPT.VN,2015-10-05,11070.0830078125,11169.1435546875,11045.3173828125,11144.37890625,7995.32275390625,1544258,2026-08-06 16:24:45.638407
FPT.VN,2015-10-06,11292.970703125,11441.5625,11243.439453125,11392.03125,8172.99462890625,3730705,2026-08-06 16:24:45.638407
FPT.VN,2015-10-07,11441.5625,11441.5625,11144.37890625,11193.9091796875,8030.85595703125,1363400,2026-08-06 16:24:45.638407
FPT.VN,2015-10-08,11193.9091796875,11342.5009765625,11193.9091796875,11342.5009765625,8137.4599609375,1336669,2026-08-06 16:24:45.638407
FPT.VN,2015-10-09,11392.03125,11491.0927734375,11342.5009765625,11342.5009765625,8137.4599609375,3145330,2026-08-06 16:24:45.638407
FPT.VN,2015-10-12,11317.7353515625,11367.2666015625,11317.7353515625,11342.5009765625,8137.4599609375,1674157,2026-08-06 16:24:45.638407
FPT.VN,2015-10-13,11342.5009765625,11342.5009765625,11243.439453125,11268.205078125,8084.158203125,1203781,2026-08-06 16:24:45.638407
FPT.VN,2015-10-14,11639.6845703125,11862.572265625,11540.623046875,11565.388671875,8297.3662109375,12423801,2026-08-06 16:24:45.638407
FPT.VN,2015-10-15,11614.9189453125,11614.9189453125,11515.8583984375,11540.623046875,8279.59765625,1723137,2026-08-06 16:24:45.638407
FPT.VN,2015-10-16,11565.388671875,11614.9189453125,11565.388671875,11565.388671875,8297.3662109375,2215278,2026-08-06 16:24:45.638407
FPT.VN,2015-10-19,11565.388671875,11837.806640625,11565.388671875,11664.44921875,8368.4375,5638860,2026-08-06 16:24:45.638407
FPT.VN,2015-10-20,11664.44921875,11862.572265625,11639.6845703125,11713.98046875,8403.9697265625,7947939,2026-08-06 16:24:45.638407
FPT.VN,2015-10-21,11788.2763671875,11788.2763671875,11639.6845703125,11639.6845703125,8350.6689453125,2840790,2026-08-06 16:24:45.638407
FPT.VN,2015-10-22,11590.1533203125,11664.44921875,11590.1533203125,11614.9189453125,8332.900390625,1912435,2026-08-06 16:24:45.638407
FPT.VN,2015-10-23,11689.21484375,11738.7451171875,11639.6845703125,11664.44921875,8368.4375,2906003,2026-08-06 16:24:45.638407
FPT.VN,2015-10-26,11763.5107421875,12011.1640625,11763.5107421875,11788.2763671875,8457.2724609375,10624145,2026-08-06 16:24:45.638407
FPT.VN,2015-10-27,11738.7451171875,11961.6328125,11738.7451171875,11887.3369140625,8528.3408203125,5431917,2026-08-06 16:24:45.638407
FPT.VN,2015-10-28,11912.1025390625,12110.224609375,11912.1025390625,12085.4599609375,8670.48046875,10793737,2026-08-06 16:24:45.638407
FPT.VN,2015-10-29,12209.2861328125,12308.3466796875,12159.755859375,12209.2861328125,8759.3193359375,7456404,2026-08-06 16:24:45.638407
FPT.VN,2015-10-30,12234.05078125,12258.81640625,12110.224609375,12209.2861328125,8759.3193359375,3967650,2026-08-06 16:24:45.638407
FPT.VN,2015-11-02,12234.05078125,12630.2958984375,12209.2861328125,12258.81640625,8794.85546875,11266536,2026-08-06 16:24:45.638407
FPT.VN,2015-11-03,12382.642578125,13001.775390625,12357.8779296875,13001.775390625,9327.875,15339415,2026-08-06 16:24:45.638407
FPT.VN,2015-11-04,13125.6015625,13249.427734375,12877.9482421875,12877.9482421875,9239.0390625,7155863,2026-08-06 16:24:45.638407
FPT.VN,2015-11-05,12754.1220703125,13249.427734375,12754.1220703125,13249.427734375,9505.5478515625,11014167,2026-08-06 16:24:45.638407
FPT.VN,2015-11-06,13249.427734375,13497.0810546875,12877.9482421875,13001.775390625,9327.875,12779137,2026-08-06 16:24:45.638407
FPT.VN,2015-11-09,12877.9482421875,13001.775390625,12754.1220703125,12754.1220703125,9150.203125,8218560,2026-08-06 16:24:45.638407
FPT.VN,2015-11-10,12754.1220703125,12877.9482421875,12506.4697265625,12630.2958984375,9061.36328125,8277352,2026-08-06 16:24:45.638407
FPT.VN,2015-11-11,12506.4697265625,12877.9482421875,12506.4697265625,12506.4697265625,8972.52734375,7229918,2026-08-06 16:24:45.638407
FPT.VN,2015-11-12,12630.2958984375,13249.427734375,12506.4697265625,13125.6015625,9416.708984375,14190831,2026-08-06 16:24:45.638407
FPT.VN,2015-11-13,13125.6015625,13497.0810546875,13001.775390625,13497.0810546875,9683.2236328125,11142936,2026-08-06 16:24:45.638407
FPT.VN,2015-11-16,13373.25390625,13620.9072265625,13125.6015625,13373.25390625,9594.38671875,9747111,2026-08-06 16:24:45.638407
FPT.VN,2015-11-17,13249.427734375,13373.25390625,12877.9482421875,12877.9482421875,9239.0390625,8628973,2026-08-06 16:24:45.638407
FPT.VN,2015-11-18,12754.1220703125,13125.6015625,12754.1220703125,12877.9482421875,9239.0390625,5519298,2026-08-06 16:24:45.638407
FPT.VN,2015-11-19,12877.9482421875,13125.6015625,12754.1220703125,12754.1220703125,9150.203125,4426034,2026-08-06 16:24:45.638407
FPT.VN,2015-11-20,12630.2958984375,12877.9482421875,12630.2958984375,12630.2958984375,9061.36328125,4832974,2026-08-06 16:24:45.638407
FPT.VN,2015-11-23,12630.2958984375,12754.1220703125,12258.81640625,12258.81640625,8794.85546875,8297218,2026-08-06 16:24:45.638407
FPT.VN,2015-11-24,12308.3466796875,12308.3466796875,11986.3984375,12159.755859375,8723.783203125,11377417,2026-08-06 16:24:45.638407
FPT.VN,2015-11-25,12209.2861328125,12506.4697265625,12011.1640625,12382.642578125,8883.6904296875,5287279,2026-08-06 16:24:45.638407
FPT.VN,2015-11-26,12333.1123046875,12382.642578125,12134.990234375,12134.990234375,8706.0166015625,3013855,2026-08-06 16:24:45.638407
FPT.VN,2015-11-27,12184.5205078125,12357.8779296875,12110.224609375,12110.224609375,8688.2470703125,6140288,2026-08-06 16:24:45.638407
FPT.VN,2015-11-30,12134.990234375,12134.990234375,11961.6328125,11961.6328125,8581.646484375,4509739,2026-08-06 16:24:45.638407
FPT.VN,2015-12-01,12035.9287109375,12085.4599609375,11912.1025390625,11936.8681640625,8563.8779296875,2519171,2026-08-06 16:24:45.638407
FPT.VN,2015-12-02,11936.8681640625,12060.6943359375,11936.8681640625,11986.3984375,8599.4130859375,2729344,2026-08-06 16:24:45.638407
FPT.VN,2015-12-03,12011.1640625,12060.6943359375,11961.6328125,12011.1640625,8617.1787109375,1387183,2026-08-06 16:24:45.638407
FPT.VN,2015-12-04,12011.1640625,12011.1640625,11813.041015625,11862.572265625,8510.57421875,3477932,2026-08-06 16:24:45.638407
FPT.VN,2015-12-07,11837.806640625,11887.3369140625,11763.5107421875,11763.5107421875,8439.5048828125,3602865,2026-08-06 16:24:45.638407
FPT.VN,2015-12-08,11713.98046875,12159.755859375,11664.44921875,12134.990234375,8706.0166015625,4513051,2026-08-06 16:24:45.638407
FPT.VN,2015-12-09,12134.990234375,12234.05078125,11936.8681640625,11936.8681640625,8563.8779296875,2969721,2026-08-06 16:24:45.638407
FPT.VN,2015-12-10,11936.8681640625,12035.9287109375,11837.806640625,11837.806640625,8492.8076171875,2463569,2026-08-06 16:24:45.638407
FPT.VN,2015-12-11,11813.041015625,12011.1640625,11813.041015625,11887.3369140625,8528.3408203125,2254728,2026-08-06 16:24:45.638407
FPT.VN,2015-12-14,11862.572265625,11936.8681640625,11837.806640625,11837.806640625,8492.8076171875,1755319,2026-08-06 16:24:45.638407
FPT.VN,2015-12-15,11837.806640625,12011.1640625,11837.806640625,12011.1640625,8617.1787109375,2131128,2026-08-06 16:24:45.638407
FPT.VN,2015-12-16,12060.6943359375,12209.2861328125,12060.6943359375,12085.4599609375,8670.48046875,5058088,2026-08-06 16:24:45.638407
FPT.VN,2015-12-17,12184.5205078125,12258.81640625,12134.990234375,12184.5205078125,8741.5498046875,3700421,2026-08-06 16:24:45.638407
FPT.VN,2015-12-18,12184.5205078125,12209.2861328125,12110.224609375,12110.224609375,8688.2470703125,3333981,2026-08-06 16:24:45.638407
FPT.VN,2015-12-21,12110.224609375,12110.224609375,11961.6328125,12011.1640625,8617.1787109375,2181925,2026-08-06 16:24:45.638407
FPT.VN,2015-12-22,12011.1640625,12060.6943359375,11912.1025390625,11912.1025390625,8546.1103515625,2169448,2026-08-06 16:24:45.638407
FPT.VN,2015-12-23,11961.6328125,11986.3984375,11837.806640625,11862.572265625,8510.57421875,2447135,2026-08-06 16:24:45.638407
FPT.VN,2015-12-24,11912.1025390625,11936.8681640625,11837.806640625,11837.806640625,8492.8076171875,1914050,2026-08-06 16:24:45.638407
FPT.VN,2015-12-25,11887.3369140625,11887.3369140625,11813.041015625,11837.806640625,8492.8076171875,1370466,2026-08-06 16:24:45.638407
FPT.VN,2015-12-28,11887.3369140625,12060.6943359375,11813.041015625,11912.1025390625,8546.1103515625,3097521,2026-08-06 16:24:45.638407
FPT.VN,2015-12-29,11936.8681640625,12011.1640625,11912.1025390625,11961.6328125,8581.646484375,1750918,2026-08-06 16:24:45.638407
FPT.VN,2015-12-30,12035.9287109375,12110.224609375,11961.6328125,11961.6328125,8581.646484375,3690205,2026-08-06 16:24:45.638407
FPT.VN,2015-12-31,11961.6328125,12085.4599609375,11936.8681640625,11961.6328125,8581.646484375,2302981,2026-08-06 16:24:45.638407
FPT.VN,2016-01-04,11986.3984375,12011.1640625,11837.806640625,11837.806640625,8492.8076171875,2431669,2026-08-06 16:24:45.638407
FPT.VN,2016-01-05,11837.806640625,11887.3369140625,11813.041015625,11837.806640625,8492.8076171875,2964027,2026-08-06 16:24:45.638407
FPT.VN,2016-01-06,11837.806640625,11912.1025390625,11837.806640625,11862.572265625,8510.57421875,1804178,2026-08-06 16:24:45.638407
FPT.VN,2016-01-07,11862.572265625,11862.572265625,11639.6845703125,11639.6845703125,8350.6689453125,7436296,2026-08-06 16:24:45.638407
FPT.VN,2016-01-08,11590.1533203125,11614.9189453125,11392.03125,11466.3271484375,8226.296875,7162283,2026-08-06 16:24:45.638407
FPT.VN,2016-01-11,11466.3271484375,11466.3271484375,11367.2666015625,11367.2666015625,8155.2275390625,3252294,2026-08-06 16:24:45.638407
FPT.VN,2016-01-12,11392.03125,11614.9189453125,11317.7353515625,11614.9189453125,8332.900390625,2350709,2026-08-06 16:24:45.638407
FPT.VN,2016-01-13,11639.6845703125,11713.98046875,11466.3271484375,11491.0927734375,8244.0654296875,2192221,2026-08-06 16:24:45.638407
FPT.VN,2016-01-14,11416.796875,11491.0927734375,11392.03125,11441.5625,8208.5283203125,2058203,2026-08-06 16:24:45.638407
FPT.VN,2016-01-15,11441.5625,11515.8583984375,11392.03125,11416.796875,8190.76220703125,2395611,2026-08-06 16:24:45.638407
FPT.VN,2016-01-18,11317.7353515625,11317.7353515625,10971.021484375,11119.61328125,7977.5546875,9106012,2026-08-06 16:24:45.638407
FPT.VN,2016-01-19,11119.61328125,11218.6748046875,11070.0830078125,11169.1435546875,8013.0888671875,3527033,2026-08-06 16:24:45.638407
FPT.VN,2016-01-20,11169.1435546875,11268.205078125,11119.61328125,11119.61328125,7977.5546875,2632636,2026-08-06 16:24:45.638407
FPT.VN,2016-01-21,11094.84765625,11169.1435546875,11045.3173828125,11119.61328125,7977.5546875,2615798,2026-08-06 16:24:45.638407
FPT.VN,2016-01-22,11144.37890625,11169.1435546875,10971.021484375,11094.84765625,7959.78564453125,2797262,2026-08-06 16:24:45.638407
FPT.VN,2016-01-25,11268.205078125,11664.44921875,11144.37890625,11664.44921875,8368.4375,3601977,2026-08-06 16:24:45.638407
FPT.VN,2016-01-26,11515.8583984375,11540.623046875,11367.2666015625,11367.2666015625,8155.2275390625,2669583,2026-08-06 16:24:45.638407
FPT.VN,2016-01-27,11515.8583984375,11515.8583984375,11441.5625,11466.3271484375,8226.296875,1359241,2026-08-06 16:24:45.638407
FPT.VN,2016-01-28,11466.3271484375,11491.0927734375,11342.5009765625,11392.03125,8172.99462890625,1982735,2026-08-06 16:24:45.638407
FPT.VN,2016-01-29,11466.3271484375,11515.8583984375,11367.2666015625,11491.0927734375,8244.0654296875,2006720,2026-08-06 16:24:45.638407
FPT.VN,2016-02-01,11515.8583984375,11614.9189453125,11392.03125,11540.623046875,8279.59765625,2358583,2026-08-06 16:24:45.638407
FPT.VN,2016-02-02,11466.3271484375,11565.388671875,11441.5625,11441.5625,8208.5283203125,743823,2026-08-06 16:24:45.638407
FPT.VN,2016-02-03,11491.0927734375,11614.9189453125,11441.5625,11540.623046875,8279.59765625,2590319,2026-08-06 16:24:45.638407
FPT.VN,2016-02-04,11614.9189453125,11614.9189453125,11515.8583984375,11515.8583984375,8261.83203125,1138811,2026-08-06 16:24:45.638407
FPT.VN,2016-02-05,11565.388671875,11639.6845703125,11515.8583984375,11614.9189453125,8332.900390625,1468910,2026-08-06 16:24:45.638407
FPT.VN,2016-02-15,11565.388671875,11590.1533203125,11466.3271484375,11565.388671875,8297.3662109375,1381247,2026-08-06 16:24:45.638407
FPT.VN,2016-02-16,11639.6845703125,11763.5107421875,11565.388671875,11713.98046875,8403.9697265625,1399055,2026-08-06 16:24:45.638407
FPT.VN,2016-02-17,11763.5107421875,11936.8681640625,11763.5107421875,11763.5107421875,8439.5048828125,2905034,2026-08-06 16:24:45.638407
FPT.VN,2016-02-18,11813.041015625,11961.6328125,11788.2763671875,11912.1025390625,8546.1103515625,2976707,2026-08-06 16:24:45.638407
FPT.VN,2016-02-19,11887.3369140625,11887.3369140625,11788.2763671875,11813.041015625,8475.0390625,2141707,2026-08-06 16:24:45.638407
FPT.VN,2016-02-22,11813.041015625,11936.8681640625,11813.041015625,11936.8681640625,8563.8779296875,2094948,2026-08-06 16:24:45.638407
FPT.VN,2016-02-23,12011.1640625,12011.1640625,11837.806640625,11837.806640625,8492.8076171875,2936287,2026-08-06 16:24:45.638407
FPT.VN,2016-02-24,11813.041015625,11887.3369140625,11788.2763671875,11837.806640625,8492.8076171875,2648788,2026-08-06 16:24:45.638407
FPT.VN,2016-02-25,11887.3369140625,11961.6328125,11788.2763671875,11788.2763671875,8457.2724609375,2717796,2026-08-06 16:24:45.638407
FPT.VN,2016-02-26,11837.806640625,11837.806640625,11738.7451171875,11813.041015625,8475.0390625,1547448,2026-08-06 16:24:45.638407
FPT.VN,2016-02-29,11862.572265625,11862.572265625,11788.2763671875,11837.806640625,8492.8076171875,2084571,2026-08-06 16:24:45.638407
FPT.VN,2016-03-01,11837.806640625,12110.224609375,11788.2763671875,11936.8681640625,8563.8779296875,4909331,2026-08-06 16:24:45.638407
FPT.VN,2016-03-02,11986.3984375,12085.4599609375,11961.6328125,12060.6943359375,8652.71484375,3278419,2026-08-06 16:24:45.638407
FPT.VN,2016-03-03,12110.224609375,12209.2861328125,12085.4599609375,12085.4599609375,8670.48046875,3357280,2026-08-06 16:24:45.638407
FPT.VN,2016-03-04,12035.9287109375,12209.2861328125,12035.9287109375,12134.990234375,8706.0166015625,3456168,2026-08-06 16:24:45.638407
FPT.VN,2016-03-07,12134.990234375,12234.05078125,12035.9287109375,12035.9287109375,8634.9482421875,2955023,2026-08-06 16:24:45.638407
FPT.VN,2016-03-08,12035.9287109375,12060.6943359375,11887.3369140625,11887.3369140625,8528.3408203125,4597201,2026-08-06 16:24:45.638407
FPT.VN,2016-03-09,11837.806640625,11936.8681640625,11837.806640625,11887.3369140625,8528.3408203125,1639391,2026-08-06 16:24:45.638407
FPT.VN,2016-03-10,11887.3369140625,11961.6328125,11862.572265625,11936.8681640625,8563.8779296875,1124113,2026-08-06 16:24:45.638407
FPT.VN,2016-03-11,11986.3984375,12110.224609375,11986.3984375,12011.1640625,8617.1787109375,3038971,2026-08-06 16:24:45.638407
FPT.VN,2016-03-14,12134.990234375,12234.05078125,12060.6943359375,12060.6943359375,8652.71484375,4085315,2026-08-06 16:24:45.638407
FPT.VN,2016-03-15,12110.224609375,12159.755859375,12011.1640625,12011.1640625,8617.1787109375,2202074,2026-08-06 16:24:45.638407
FPT.VN,2016-03-16,12011.1640625,12060.6943359375,11986.3984375,12011.1640625,8617.1787109375,1990568,2026-08-06 16:24:45.638407
FPT.VN,2016-03-17,12035.9287109375,12110.224609375,12011.1640625,12011.1640625,8617.1787109375,2544690,2026-08-06 16:24:45.638407
FPT.VN,2016-03-18,12134.990234375,12357.8779296875,12134.990234375,12209.2861328125,8759.3193359375,10245954,2026-08-06 16:24:45.638407
FPT.VN,2016-03-21,12209.2861328125,12258.81640625,12134.990234375,12184.5205078125,8741.5498046875,2860334,2026-08-06 16:24:45.638407
FPT.VN,2016-03-22,12134.990234375,12159.755859375,12060.6943359375,12060.6943359375,8652.71484375,2546669,2026-08-06 16:24:45.638407
FPT.VN,2016-03-23,12060.6943359375,12134.990234375,12011.1640625,12060.6943359375,8652.71484375,2315701,2026-08-06 16:24:45.638407
FPT.VN,2016-03-24,12085.4599609375,12110.224609375,11986.3984375,11986.3984375,8599.4130859375,3359298,2026-08-06 16:24:45.638407
FPT.VN,2016-03-25,11936.8681640625,11986.3984375,11788.2763671875,11862.572265625,8510.57421875,4582180,2026-08-06 16:24:45.638407
FPT.VN,2016-03-28,11961.6328125,11961.6328125,11862.572265625,11887.3369140625,8528.3408203125,1623603,2026-08-06 16:24:45.638407
FPT.VN,2016-03-29,11887.3369140625,11887.3369140625,11738.7451171875,11763.5107421875,8439.5048828125,2952116,2026-08-06 16:24:45.638407
FPT.VN,2016-03-30,11763.5107421875,11862.572265625,11689.21484375,11763.5107421875,8439.5048828125,2406271,2026-08-06 16:24:45.638407
FPT.VN,2016-03-31,11763.5107421875,11887.3369140625,11664.44921875,11664.44921875,8368.4375,2516142,2026-08-06 16:24:45.638407
FPT.VN,2016-04-01,11664.44921875,11689.21484375,11565.388671875,11590.1533203125,8315.1318359375,2140819,2026-08-06 16:24:45.638407
FPT.VN,2016-04-04,11565.388671875,11639.6845703125,11565.388671875,11590.1533203125,8315.1318359375,1495682,2026-08-06 16:24:45.638407
FPT.VN,2016-04-05,11590.1533203125,11689.21484375,11565.388671875,11639.6845703125,8350.6689453125,1156618,2026-08-06 16:24:45.638407
FPT.VN,2016-04-06,11639.6845703125,11738.7451171875,11614.9189453125,11738.7451171875,8421.7392578125,1163241,2026-08-06 16:24:45.638407
FPT.VN,2016-04-07,11763.5107421875,11862.572265625,11738.7451171875,11837.806640625,8492.8076171875,1961616,2026-08-06 16:24:45.638407
FPT.VN,2016-04-08,11788.2763671875,11887.3369140625,11788.2763671875,11788.2763671875,8457.2724609375,1260716,2026-08-06 16:24:45.638407
FPT.VN,2016-04-11,11837.806640625,11936.8681640625,11763.5107421875,11862.572265625,8510.57421875,3290089,2026-08-06 16:24:45.638407
FPT.VN,2016-04-12,11887.3369140625,11887.3369140625,11763.5107421875,11813.041015625,8475.0390625,1589442,2026-08-06 16:24:45.638407
FPT.VN,2016-04-13,11788.2763671875,11837.806640625,11763.5107421875,11788.2763671875,8457.2724609375,2293896,2026-08-06 16:24:45.638407
FPT.VN,2016-04-14,11763.5107421875,11837.806640625,11763.5107421875,11763.5107421875,8439.5048828125,2311138,2026-08-06 16:24:45.638407
FPT.VN,2016-04-15,11788.2763671875,11813.041015625,11689.21484375,11689.21484375,8386.205078125,2875436,2026-08-06 16:24:45.638407
FPT.VN,2016-04-19,11689.21484375,11763.5107421875,11639.6845703125,11639.6845703125,8350.6689453125,2204577,2026-08-06 16:24:45.638407
FPT.VN,2016-04-20,11639.6845703125,11689.21484375,11614.9189453125,11664.44921875,8368.4375,3546456,2026-08-06 16:24:45.638407
FPT.VN,2016-04-21,11713.98046875,11763.5107421875,11664.44921875,11713.98046875,8403.9697265625,2004176,2026-08-06 16:24:45.638407
FPT.VN,2016-04-22,11713.98046875,11837.806640625,11664.44921875,11837.806640625,8492.8076171875,3350254,2026-08-06 16:24:45.638407
FPT.VN,2016-04-25,11887.3369140625,11961.6328125,11837.806640625,11862.572265625,8510.57421875,2270234,2026-08-06 16:24:45.638407
FPT.VN,2016-04-26,11862.572265625,11887.3369140625,11763.5107421875,11862.572265625,8510.57421875,1346723,2026-08-06 16:24:45.638407
FPT.VN,2016-04-27,11887.3369140625,11912.1025390625,11763.5107421875,11813.041015625,8475.0390625,2394723,2026-08-06 16:24:45.638407
FPT.VN,2016-04-28,11887.3369140625,12209.2861328125,11813.041015625,11986.3984375,8599.4130859375,12142318,2026-08-06 16:24:45.638407
FPT.VN,2016-04-29,11986.3984375,12060.6943359375,11961.6328125,12035.9287109375,8634.9482421875,2480568,2026-08-06 16:24:45.638407
FPT.VN,2016-05-04,11936.8681640625,11961.6328125,11813.041015625,11912.1025390625,8546.1103515625,3113995,2026-08-06 16:24:45.638407
FPT.VN,2016-05-05,11862.572265625,11986.3984375,11837.806640625,11837.806640625,8492.8076171875,3669572,2026-08-06 16:24:45.638407
FPT.VN,2016-05-06,11837.806640625,11887.3369140625,11763.5107421875,11763.5107421875,8439.5048828125,2799725,2026-08-06 16:24:45.638407
FPT.VN,2016-05-09,11788.2763671875,11837.806640625,11689.21484375,11689.21484375,8386.205078125,2446206,2026-08-06 16:24:45.638407
FPT.VN,2016-05-10,11664.44921875,11763.5107421875,11639.6845703125,11713.98046875,8403.9697265625,1880252,2026-08-06 16:24:45.638407
FPT.VN,2016-05-11,11813.041015625,11837.806640625,11713.98046875,11813.041015625,8475.0390625,1171801,2026-08-06 16:24:45.638407
FPT.VN,2016-05-12,11862.572265625,11862.572265625,11738.7451171875,11738.7451171875,8421.7392578125,1665355,2026-08-06 16:24:45.638407
FPT.VN,2016-05-13,11763.5107421875,11788.2763671875,11689.21484375,11738.7451171875,8421.7392578125,1587867,2026-08-06 16:24:45.638407
FPT.VN,2016-05-16,11738.7451171875,11763.5107421875,11689.21484375,11713.98046875,8403.9697265625,1253326,2026-08-06 16:24:45.638407
FPT.VN,2016-05-17,11738.7451171875,11837.806640625,11713.98046875,11788.2763671875,8457.2724609375,1430954,2026-08-06 16:24:45.638407
FPT.VN,2016-05-18,11887.3369140625,11986.3984375,11813.041015625,11813.041015625,8475.0390625,2797787,2026-08-06 16:24:45.638407
FPT.VN,2016-05-19,11887.3369140625,11887.3369140625,11788.2763671875,11813.041015625,8475.0390625,751132,2026-08-06 16:24:45.638407
FPT.VN,2016-05-20,11813.041015625,11862.572265625,11813.041015625,11862.572265625,8510.57421875,1958628,2026-08-06 16:24:45.638407
FPT.VN,2016-05-23,11961.6328125,11961.6328125,11837.806640625,11837.806640625,8492.8076171875,1393684,2026-08-06 16:24:45.638407
FPT.VN,2016-05-24,11862.572265625,11887.3369140625,11813.041015625,11813.041015625,8475.0390625,1490715,2026-08-06 16:24:45.638407
FPT.VN,2016-05-25,11837.806640625,11862.572265625,11788.2763671875,11813.041015625,8475.0390625,2416164,2026-08-06 16:24:45.638407
FPT.VN,2016-05-26,11837.806640625,11862.572265625,11763.5107421875,11763.5107421875,8439.5048828125,5365857,2026-08-06 16:24:45.638407
FPT.VN,2016-05-27,11619.8720703125,11705.3125,11505.9521484375,11676.83203125,8557.4755859375,1908632,2026-08-06 16:24:45.638407
FPT.VN,2016-05-30,11676.83203125,11790.7529296875,11676.83203125,11705.3125,8578.349609375,1570079,2026-08-06 16:24:45.638407
FPT.VN,2016-05-31,11733.7919921875,11733.7919921875,11619.8720703125,11619.8720703125,8515.7333984375,2069341,2026-08-06 16:24:45.638407
FPT.VN,2016-06-01,11676.83203125,11676.83203125,11619.8720703125,11619.8720703125,8515.7333984375,1824503,2026-08-06 16:24:45.638407
FPT.VN,2016-06-02,11676.83203125,11676.83203125,11591.3916015625,11619.8720703125,8515.7333984375,1116921,2026-08-06 16:24:45.638407
FPT.VN,2016-06-03,11648.3525390625,11648.3525390625,11562.912109375,11591.3916015625,8494.861328125,1405508,2026-08-06 16:24:45.638407
FPT.VN,2016-06-06,11591.3916015625,11591.3916015625,11448.9912109375,11505.9521484375,8432.2470703125,2647850,2026-08-06 16:24:45.638407
FPT.VN,2016-06-07,11562.912109375,11562.912109375,11448.9912109375,11534.431640625,8453.1181640625,1964917,2026-08-06 16:24:45.638407
FPT.VN,2016-06-08,11534.431640625,11591.3916015625,11505.9521484375,11591.3916015625,8494.861328125,1814004,2026-08-06 16:24:45.638407
FPT.VN,2016-06-09,11591.3916015625,11591.3916015625,11534.431640625,11534.431640625,8453.1181640625,1142517,2026-08-06 16:24:45.638407
FPT.VN,2016-06-10,11505.9521484375,11562.912109375,11505.9521484375,11534.431640625,8453.1181640625,1668499,2026-08-06 16:24:45.638407
FPT.VN,2016-06-13,11534.431640625,11534.431640625,11505.9521484375,11505.9521484375,8432.2470703125,832968,2026-08-06 16:24:45.638407
FPT.VN,2016-06-14,11477.4716796875,11534.431640625,11477.4716796875,11534.431640625,8453.1181640625,851683,2026-08-06 16:24:45.638407
FPT.VN,2016-06-15,11534.431640625,11534.431640625,11448.9912109375,11477.4716796875,8411.375,1455613,2026-08-06 16:24:45.638407
FPT.VN,2016-06-16,11534.431640625,11562.912109375,11477.4716796875,11505.9521484375,8432.2470703125,1261653,2026-08-06 16:24:45.638407
FPT.VN,2016-06-17,11505.9521484375,11534.431640625,11477.4716796875,11505.9521484375,8432.2470703125,723733,2026-08-06 16:24:45.638407
FPT.VN,2016-06-20,11534.431640625,12217.9541015625,11505.9521484375,12160.9931640625,8912.298828125,6590993,2026-08-06 16:24:45.638407
FPT.VN,2016-06-21,12217.9541015625,12474.2744140625,12132.513671875,12160.9931640625,8912.298828125,5065681,2026-08-06 16:24:45.638407
FPT.VN,2016-06-22,12104.033203125,12217.9541015625,12075.5537109375,12075.5537109375,8849.6845703125,1055053,2026-08-06 16:24:45.638407
FPT.VN,2016-06-23,12047.0732421875,12075.5537109375,11933.1533203125,11933.1533203125,8745.3232421875,2900869,2026-08-06 16:24:45.638407
FPT.VN,2016-06-24,11876.1923828125,11876.1923828125,11135.7109375,11648.3525390625,8536.60546875,8998605,2026-08-06 16:24:45.638407
FPT.VN,2016-06-27,11648.3525390625,11790.7529296875,11448.9912109375,11733.7919921875,8599.2197265625,2063056,2026-08-06 16:24:45.638407
FPT.VN,2016-06-28,11733.7919921875,11790.7529296875,11676.83203125,11733.7919921875,8599.2197265625,1153086,2026-08-06 16:24:45.638407
FPT.VN,2016-06-29,11705.3125,12104.033203125,11705.3125,11961.6328125,8766.1962890625,4391034,2026-08-06 16:24:45.638407
FPT.VN,2016-06-30,12104.033203125,12132.513671875,11904.6728515625,11904.6728515625,8724.4541015625,2351433,2026-08-06 16:24:45.638407
FPT.VN,2016-07-01,11961.6328125,12047.0732421875,11904.6728515625,11933.1533203125,8745.3232421875,2033386,2026-08-06 16:24:45.638407
FPT.VN,2016-07-04,11961.6328125,12160.9931640625,11961.6328125,12104.033203125,8870.5546875,3033418,2026-08-06 16:24:45.638407
FPT.VN,2016-07-05,12104.033203125,12160.9931640625,12018.5927734375,12018.5927734375,8807.9365234375,2777555,2026-08-06 16:24:45.638407
FPT.VN,2016-07-06,11990.11328125,12104.033203125,11933.1533203125,12047.0732421875,8828.8115234375,2113898,2026-08-06 16:24:45.638407
FPT.VN,2016-07-07,12160.9931640625,12502.7548828125,12075.5537109375,12331.8740234375,9037.53125,5592926,2026-08-06 16:24:45.638407
FPT.VN,2016-07-08,12360.3544921875,12645.1552734375,12360.3544921875,12417.314453125,9100.146484375,5600160,2026-08-06 16:24:45.638407
FPT.VN,2016-07-11,12445.7939453125,12531.234375,12132.513671875,12132.513671875,8891.427734375,3636015,2026-08-06 16:24:45.638407
FPT.VN,2016-07-12,12132.513671875,12246.43359375,11961.6328125,12132.513671875,8891.427734375,2614388,2026-08-06 16:24:45.638407
FPT.VN,2016-07-13,12132.513671875,12331.8740234375,12132.513671875,12217.9541015625,8954.04296875,2637246,2026-08-06 16:24:45.638407
FPT.VN,2016-07-14,12246.43359375,12502.7548828125,12217.9541015625,12246.43359375,8974.9140625,6602088,2026-08-06 16:24:45.638407
FPT.VN,2016-07-15,12217.9541015625,12303.3935546875,12132.513671875,12132.513671875,8891.427734375,2563897,2026-08-06 16:24:45.638407
FPT.VN,2016-07-18,12104.033203125,12160.9931640625,12018.5927734375,12132.513671875,8891.427734375,2030893,2026-08-06 16:24:45.638407
FPT.VN,2016-07-19,12160.9931640625,12160.9931640625,11876.1923828125,11933.1533203125,8745.3232421875,4033029,2026-08-06 16:24:45.638407
FPT.VN,2016-07-20,11933.1533203125,11990.11328125,11847.712890625,11847.712890625,8682.70703125,2019165,2026-08-06 16:24:45.638407
FPT.VN,2016-07-21,11876.1923828125,11961.6328125,11819.232421875,11847.712890625,8682.70703125,1573450,2026-08-06 16:24:45.638407
FPT.VN,2016-07-22,11819.232421875,11819.232421875,11648.3525390625,11762.2724609375,8620.0908203125,3365615,2026-08-06 16:24:45.638407
FPT.VN,2016-07-25,11762.2724609375,11790.7529296875,11705.3125,11705.3125,8578.349609375,1319799,2026-08-06 16:24:45.638407
FPT.VN,2016-07-26,11705.3125,11733.7919921875,11619.8720703125,11648.3525390625,8536.60546875,1648590,2026-08-06 16:24:45.638407
FPT.VN,2016-07-27,11648.3525390625,11648.3525390625,11648.3525390625,11648.3525390625,8536.60546875,0,2026-08-06 16:24:45.638407
FPT.VN,2016-07-28,11762.2724609375,11876.1923828125,11733.7919921875,11762.2724609375,8620.0908203125,1800135,2026-08-06 16:24:45.638407
FPT.VN,2016-07-29,11762.2724609375,11790.7529296875,11676.83203125,11676.83203125,8557.4755859375,848066,2026-08-06 16:24:45.638407
FPT.VN,2016-08-01,11676.83203125,11762.2724609375,11619.8720703125,11705.3125,8578.349609375,1473766,2026-08-06 16:24:45.638407
FPT.VN,2016-08-02,11705.3125,11705.3125,11534.431640625,11562.912109375,8473.990234375,2832260,2026-08-06 16:24:45.638407
FPT.VN,2016-08-03,11562.912109375,11619.8720703125,11505.9521484375,11534.431640625,8453.1181640625,1641217,2026-08-06 16:24:45.638407
FPT.VN,2016-08-04,11534.431640625,11619.8720703125,11505.9521484375,11505.9521484375,8432.2470703125,1194764,2026-08-06 16:24:45.638407
FPT.VN,2016-08-05,11505.9521484375,11591.3916015625,11448.9912109375,11534.431640625,8453.1181640625,1621238,2026-08-06 16:24:45.638407
FPT.VN,2016-08-08,11591.3916015625,11676.83203125,11562.912109375,11562.912109375,8473.990234375,964498,2026-08-06 16:24:45.638407
FPT.VN,2016-08-09,11619.8720703125,11648.3525390625,11562.912109375,11648.3525390625,8536.60546875,951647,2026-08-06 16:24:45.638407
FPT.VN,2016-08-10,11591.3916015625,11705.3125,11591.3916015625,11705.3125,8578.349609375,831317,2026-08-06 16:24:45.638407
FPT.VN,2016-08-11,11762.2724609375,11904.6728515625,11733.7919921875,11904.6728515625,8724.4541015625,2055155,2026-08-06 16:24:45.638407
FPT.VN,2016-08-12,11961.6328125,12075.5537109375,11819.232421875,11847.712890625,8682.70703125,1852733,2026-08-06 16:24:45.638407
FPT.VN,2016-08-15,11847.712890625,11876.1923828125,11819.232421875,11847.712890625,8682.70703125,987427,2026-08-06 16:24:45.638407
FPT.VN,2016-08-16,11961.6328125,12246.43359375,11847.712890625,12160.9931640625,8912.298828125,6789552,2026-08-06 16:24:45.638407
FPT.VN,2016-08-17,12160.9931640625,12388.833984375,12104.033203125,12303.3935546875,9016.6591796875,4756201,2026-08-06 16:24:45.638407
FPT.VN,2016-08-18,12303.3935546875,12531.234375,12246.43359375,12274.9140625,8995.7880859375,3666036,2026-08-06 16:24:45.638407
FPT.VN,2016-08-19,12331.8740234375,12331.8740234375,12075.5537109375,12075.5537109375,8849.6845703125,2326082,2026-08-06 16:24:45.638407
FPT.VN,2016-08-22,11961.6328125,11990.11328125,11819.232421875,11819.232421875,8871.0595703125,3316247,2026-08-06 16:24:45.638407
FPT.VN,2016-08-23,11904.6728515625,11933.1533203125,11790.7529296875,11876.1923828125,8913.8115234375,1557474,2026-08-06 16:24:45.638407
FPT.VN,2016-08-24,11904.6728515625,12075.5537109375,11904.6728515625,11961.6328125,8977.94140625,2630716,2026-08-06 16:24:45.638407
FPT.VN,2016-08-25,11990.11328125,12104.033203125,11933.1533203125,12075.5537109375,9063.4453125,2111230,2026-08-06 16:24:45.638407
FPT.VN,2016-08-26,12075.5537109375,12360.3544921875,12075.5537109375,12246.43359375,9191.69921875,7785863,2026-08-06 16:24:45.638407
FPT.VN,2016-08-29,12303.3935546875,12388.833984375,12132.513671875,12132.513671875,9106.1962890625,3498269,2026-08-06 16:24:45.638407
FPT.VN,2016-08-30,12104.033203125,12217.9541015625,12104.033203125,12132.513671875,9106.1962890625,1860458,2026-08-06 16:24:45.638407
FPT.VN,2016-08-31,12217.9541015625,12645.1552734375,12160.9931640625,12502.7548828125,9384.0849609375,11202707,2026-08-06 16:24:45.638407
FPT.VN,2016-09-01,12616.6748046875,12816.03515625,12531.234375,12673.634765625,9512.3408203125,7534599,2026-08-06 16:24:45.638407
FPT.VN,2016-09-05,12673.634765625,12759.0751953125,12559.71484375,12673.634765625,9512.3408203125,3387876,2026-08-06 16:24:45.638407
FPT.VN,2016-09-06,12645.1552734375,12759.0751953125,12588.1943359375,12588.1943359375,9448.2119140625,4864382,2026-08-06 16:24:45.638407
FPT.VN,2016-09-07,12559.71484375,12559.71484375,12388.833984375,12559.71484375,9426.837890625,4678533,2026-08-06 16:24:45.638407
FPT.VN,2016-09-08,12645.1552734375,13157.796875,12588.1943359375,12986.916015625,9747.4775390625,11388592,2026-08-06 16:24:45.638407
FPT.VN,2016-09-09,13100.8359375,13243.236328125,12958.435546875,13015.396484375,9768.8544921875,6439272,2026-08-06 16:24:45.638407
FPT.VN,2016-09-12,12958.435546875,12986.916015625,12787.5556640625,12816.03515625,9619.220703125,4284468,2026-08-06 16:24:45.638407
FPT.VN,2016-09-13,12816.03515625,12915.7158203125,12673.634765625,12872.99609375,9661.97265625,4043493,2026-08-06 16:24:45.638407
FPT.VN,2016-09-14,12858.755859375,13086.5966796875,12816.03515625,12958.435546875,9726.1015625,4505219,2026-08-06 16:24:45.638407
FPT.VN,2016-09-15,12958.435546875,12958.435546875,12673.634765625,12759.0751953125,9576.470703125,3902376,2026-08-06 16:24:45.638407
FPT.VN,2016-09-16,12673.634765625,12816.03515625,12645.1552734375,12816.03515625,9619.220703125,3003643,2026-08-06 16:24:45.638407
FPT.VN,2016-09-19,12929.9560546875,12958.435546875,12759.0751953125,12901.4755859375,9683.3486328125,3316353,2026-08-06 16:24:45.638407
FPT.VN,2016-09-20,12958.435546875,13072.3564453125,12872.99609375,13001.15625,9758.166015625,4826426,2026-08-06 16:24:45.638407
FPT.VN,2016-09-21,13015.396484375,13072.3564453125,12929.9560546875,12958.435546875,9726.1015625,3062491,2026-08-06 16:24:45.638407
FPT.VN,2016-09-22,12958.435546875,13499.5576171875,12958.435546875,13271.716796875,9961.2392578125,9907767,2026-08-06 16:24:45.638407
FPT.VN,2016-09-23,13328.6767578125,13556.517578125,13328.6767578125,13499.5576171875,10132.2470703125,8185300,2026-08-06 16:24:45.638407
FPT.VN,2016-09-26,13556.517578125,13727.3984375,13556.517578125,13613.4775390625,10217.751953125,6807284,2026-08-06 16:24:45.638407
FPT.VN,2016-09-27,13599.2373046875,13613.4775390625,13471.0771484375,13613.4775390625,10217.751953125,7062515,2026-08-06 16:24:45.638407
FPT.VN,2016-09-28,13570.7578125,13812.837890625,13556.517578125,13641.9580078125,10239.1279296875,5883691,2026-08-06 16:24:45.638407
FPT.VN,2016-09-29,13556.517578125,13670.4375,13414.1171875,13485.3173828125,10121.5576171875,6618977,2026-08-06 16:24:45.638407
FPT.VN,2016-09-30,13499.5576171875,13499.5576171875,13285.95703125,13285.95703125,9971.927734375,6059568,2026-08-06 16:24:45.638407
FPT.VN,2016-10-03,13300.197265625,13442.59765625,13186.2763671875,13285.95703125,9971.927734375,3734786,2026-08-06 16:24:45.638407
FPT.VN,2016-10-04,13357.1572265625,13485.3173828125,13100.8359375,13328.6767578125,10003.9892578125,6830318,2026-08-06 16:24:45.638407
FPT.VN,2016-10-05,13385.63671875,13385.63671875,13285.95703125,13328.6767578125,10003.9892578125,1694377,2026-08-06 16:24:45.638407
FPT.VN,2016-10-06,13328.6767578125,13371.3974609375,13129.31640625,13129.31640625,9854.357421875,2839704,2026-08-06 16:24:45.638407
FPT.VN,2016-10-07,13143.556640625,13186.2763671875,12730.595703125,12830.275390625,9629.9091796875,9327607,2026-08-06 16:24:45.638407
FPT.VN,2016-10-10,12830.275390625,12830.275390625,12417.314453125,12417.314453125,9319.9580078125,7393905,2026-08-06 16:24:45.638407
FPT.VN,2016-10-11,12417.314453125,12673.634765625,12289.154296875,12673.634765625,9512.3408203125,5534149,2026-08-06 16:24:45.638407
FPT.VN,2016-10-12,12645.1552734375,12702.115234375,12445.7939453125,12474.2744140625,9362.7080078125,2587949,2026-08-06 16:24:45.638407
FPT.VN,2016-10-13,12445.7939453125,12588.1943359375,12360.3544921875,12531.234375,9405.4619140625,1599749,2026-08-06 16:24:45.638407
FPT.VN,2016-10-14,12502.7548828125,12559.71484375,12474.2744140625,12488.5146484375,9373.396484375,1952663,2026-08-06 16:24:45.638407
FPT.VN,2016-10-17,12502.7548828125,12502.7548828125,12360.3544921875,12360.3544921875,9277.2060546875,2807471,2026-08-06 16:24:45.638407
FPT.VN,2016-10-18,12360.3544921875,12488.5146484375,12246.43359375,12417.314453125,9319.9580078125,1618921,2026-08-06 16:24:45.638407
FPT.VN,2016-10-19,12388.833984375,12573.955078125,12388.833984375,12488.5146484375,9373.396484375,1701856,2026-08-06 16:24:45.638407
FPT.VN,2016-10-20,12559.71484375,12588.1943359375,12374.59375,12388.833984375,9298.5791015625,1587636,2026-08-06 16:24:45.638407
FPT.VN,2016-10-21,12388.833984375,12460.0341796875,12360.3544921875,12360.3544921875,9277.2060546875,1292236,2026-08-06 16:24:45.638407
FPT.VN,2016-10-24,12360.3544921875,12417.314453125,12274.9140625,12303.3935546875,9234.4521484375,2400976,2026-08-06 16:24:45.638407
FPT.VN,2016-10-25,12303.3935546875,12502.7548828125,12189.4736328125,12303.3935546875,9234.4521484375,2804732,2026-08-06 16:24:45.638407
FPT.VN,2016-10-26,12303.3935546875,12417.314453125,12217.9541015625,12246.43359375,9191.69921875,1749819,2026-08-06 16:24:45.638407
FPT.VN,2016-10-27,12331.8740234375,12331.8740234375,12246.43359375,12303.3935546875,9234.4521484375,1126296,2026-08-06 16:24:45.638407
FPT.VN,2016-10-28,12303.3935546875,12417.314453125,12289.154296875,12417.314453125,9319.9580078125,2188336,2026-08-06 16:24:45.638407
FPT.VN,2016-10-31,12445.7939453125,12502.7548828125,12388.833984375,12388.833984375,9298.5791015625,1285459,2026-08-06 16:24:45.638407
FPT.VN,2016-11-01,12417.314453125,12417.314453125,12331.8740234375,12331.8740234375,9255.8291015625,1011162,2026-08-06 16:24:45.638407
FPT.VN,2016-11-02,12331.8740234375,12360.3544921875,12132.513671875,12132.513671875,9106.1962890625,2132964,2026-08-06 16:24:45.638407
FPT.VN,2016-11-03,12104.033203125,12104.033203125,11876.1923828125,11961.6328125,8977.94140625,2876958,2026-08-06 16:24:45.638407
FPT.VN,2016-11-04,11961.6328125,12075.5537109375,11961.6328125,12004.353515625,9010.0048828125,758705,2026-08-06 16:24:45.638407
FPT.VN,2016-11-07,11990.11328125,12217.9541015625,11990.11328125,12189.4736328125,9148.9462890625,949505,2026-08-06 16:24:45.638407
FPT.VN,2016-11-08,12189.4736328125,12317.6337890625,12189.4736328125,12203.7138671875,9159.6376953125,1256562,2026-08-06 16:24:45.638407
FPT.VN,2016-11-09,12203.7138671875,12203.7138671875,11705.3125,12018.5927734375,9020.69140625,4423442,2026-08-06 16:24:45.638407
FPT.VN,2016-11-10,12132.513671875,12217.9541015625,12104.033203125,12160.9931640625,9127.572265625,980369,2026-08-06 16:24:45.638407
FPT.VN,2016-11-11,12217.9541015625,12374.59375,12189.4736328125,12246.43359375,9191.69921875,1928505,2026-08-06 16:24:45.638407
FPT.VN,2016-11-14,12160.9931640625,12246.43359375,12132.513671875,12175.2333984375,9138.259765625,1255263,2026-08-06 16:24:45.638407
FPT.VN,2016-11-15,12189.4736328125,12303.3935546875,12160.9931640625,12303.3935546875,9234.4521484375,1439637,2026-08-06 16:24:45.638407
FPT.VN,2016-11-16,12331.8740234375,12360.3544921875,12189.4736328125,12260.673828125,9202.388671875,1698380,2026-08-06 16:24:45.638407
FPT.VN,2016-11-17,12260.673828125,12260.673828125,12132.513671875,12132.513671875,9106.1962890625,1202208,2026-08-06 16:24:45.638407
FPT.VN,2016-11-18,12104.033203125,12289.154296875,12104.033203125,12274.9140625,9213.0771484375,956879,2026-08-06 16:24:45.638407
FPT.VN,2016-11-21,12303.3935546875,12360.3544921875,12189.4736328125,12274.9140625,9213.0771484375,1400768,2026-08-06 16:24:45.638407
FPT.VN,2016-11-22,12246.43359375,12346.1142578125,12246.43359375,12274.9140625,9213.0771484375,1670149,2026-08-06 16:24:45.638407
FPT.VN,2016-11-23,12331.8740234375,12559.71484375,12274.9140625,12516.994140625,9394.7734375,3277378,2026-08-06 16:24:45.638407
FPT.VN,2016-11-24,12474.2744140625,12744.8349609375,12474.2744140625,12630.9150390625,9480.2783203125,3897110,2026-08-06 16:24:45.638407
FPT.VN,2016-11-25,12645.1552734375,12645.1552734375,12502.7548828125,12516.994140625,9394.7734375,1839636,2026-08-06 16:24:45.638407
FPT.VN,2016-11-28,12516.994140625,12516.994140625,12303.3935546875,12388.833984375,9298.5791015625,1409019,2026-08-06 16:24:45.638407
FPT.VN,2016-11-29,12388.833984375,12388.833984375,12160.9931640625,12289.154296875,9223.765625,1716884,2026-08-06 16:24:45.638407
FPT.VN,2016-11-30,12246.43359375,12346.1142578125,12217.9541015625,12346.1142578125,9266.515625,998066,2026-08-06 16:24:45.638407
FPT.VN,2016-12-01,12303.3935546875,12474.2744140625,12303.3935546875,12303.3935546875,9234.4521484375,868852,2026-08-06 16:24:45.638407
FPT.VN,2016-12-02,12303.3935546875,12346.1142578125,12217.9541015625,12232.193359375,9181.01171875,933459,2026-08-06 16:24:45.638407
FPT.VN,2016-12-05,12246.43359375,12303.3935546875,12132.513671875,12132.513671875,9106.1962890625,1125207,2026-08-06 16:24:45.638407
FPT.VN,2016-12-06,12189.4736328125,12203.7138671875,12047.0732421875,12047.0732421875,9042.068359375,1430403,2026-08-06 16:24:45.638407
FPT.VN,2016-12-07,12047.0732421875,12104.033203125,11990.11328125,11990.11328125,8999.3154296875,996029,2026-08-06 16:24:45.638407
FPT.VN,2016-12-08,12104.033203125,12104.033203125,12018.5927734375,12032.8330078125,9031.3818359375,511831,2026-08-06 16:24:45.638407
FPT.VN,2016-12-09,12118.2734375,12388.833984375,12104.033203125,12217.9541015625,9170.3251953125,1248030,2026-08-06 16:24:45.638407
FPT.VN,2016-12-12,12246.43359375,12246.43359375,12018.5927734375,12018.5927734375,9020.69140625,1306562,2026-08-06 16:24:45.638407
FPT.VN,2016-12-13,12018.5927734375,12061.3134765625,11904.6728515625,11904.6728515625,8935.189453125,1263865,2026-08-06 16:24:45.638407
FPT.VN,2016-12-14,11904.6728515625,12018.5927734375,11890.4326171875,11961.6328125,8977.94140625,1386793,2026-08-06 16:24:45.638407
FPT.VN,2016-12-15,11961.6328125,11990.11328125,11904.6728515625,11918.9130859375,8945.8779296875,993501,2026-08-06 16:24:45.638407
FPT.VN,2016-12-16,11947.392578125,11990.11328125,11904.6728515625,11990.11328125,8999.3154296875,1048768,2026-08-06 16:24:45.638407
FPT.VN,2016-12-19,11990.11328125,12160.9931640625,11990.11328125,12160.9931640625,9127.572265625,768607,2026-08-06 16:24:45.638407
FPT.VN,2016-12-20,12118.2734375,12217.9541015625,12104.033203125,12118.2734375,9095.5087890625,1031528,2026-08-06 16:24:45.638407
FPT.VN,2016-12-21,12118.2734375,12175.2333984375,12089.79296875,12104.033203125,9084.8193359375,1326435,2026-08-06 16:24:45.638407
FPT.VN,2016-12-22,12189.4736328125,12303.3935546875,12104.033203125,12118.2734375,9095.5087890625,2314986,2026-08-06 16:24:45.638407
FPT.VN,2016-12-23,12203.7138671875,12203.7138671875,12104.033203125,12146.75390625,9116.8837890625,1141640,2026-08-06 16:24:45.638407
FPT.VN,2016-12-26,12146.75390625,12217.9541015625,12104.033203125,12160.9931640625,9127.572265625,856528,2026-08-06 16:24:45.638407
FPT.VN,2016-12-27,12160.9931640625,12388.833984375,12160.9931640625,12289.154296875,9223.765625,2773763,2026-08-06 16:24:45.638407
FPT.VN,2016-12-28,12317.6337890625,12474.2744140625,12317.6337890625,12417.314453125,9319.9580078125,3034823,2026-08-06 16:24:45.638407
FPT.VN,2016-12-29,12474.2744140625,12474.2744140625,12331.8740234375,12374.59375,9287.890625,1320993,2026-08-06 16:24:45.638407
FPT.VN,2016-12-30,12417.314453125,12602.4345703125,12346.1142578125,12531.234375,9405.4619140625,5770138,2026-08-06 16:24:45.638407
FPT.VN,2017-01-03,12616.6748046875,12801.7958984375,12616.6748046875,12773.3154296875,9587.158203125,3557117,2026-08-06 16:24:45.638407
FPT.VN,2017-01-04,12759.0751953125,13015.396484375,12730.595703125,12887.2353515625,9672.6611328125,3590439,2026-08-06 16:24:45.638407
FPT.VN,2017-01-05,12872.99609375,12929.9560546875,12844.515625,12844.515625,9640.5986328125,2155436,2026-08-06 16:24:45.638407
FPT.VN,2017-01-06,12872.99609375,12958.435546875,12801.7958984375,12801.7958984375,9608.5341796875,2808103,2026-08-06 16:24:45.638407
FPT.VN,2017-01-09,12830.275390625,12929.9560546875,12787.5556640625,12872.99609375,9661.97265625,1761266,2026-08-06 16:24:45.638407
FPT.VN,2017-01-10,12887.2353515625,13100.8359375,12858.755859375,13100.8359375,9832.9833984375,3671619,2026-08-06 16:24:45.638407
FPT.VN,2017-01-11,13186.2763671875,13271.716796875,13129.31640625,13129.31640625,9854.357421875,2601783,2026-08-06 16:24:45.638407
FPT.VN,2017-01-12,13129.31640625,13157.796875,13058.1162109375,13086.5966796875,9822.2939453125,1897291,2026-08-06 16:24:45.638407
FPT.VN,2017-01-13,13129.31640625,13214.7568359375,12730.595703125,12787.5556640625,9597.84375,5758937,2026-08-06 16:24:45.638407
FPT.VN,2017-01-16,12787.5556640625,12787.5556640625,12531.234375,12531.234375,9405.4619140625,3146444,2026-08-06 16:24:45.638407
FPT.VN,2017-01-17,12531.234375,12759.0751953125,12531.234375,12645.1552734375,9490.9677734375,1830226,2026-08-06 16:24:45.638407
FPT.VN,2017-01-18,12730.595703125,12730.595703125,12474.2744140625,12474.2744140625,9362.7080078125,1741989,2026-08-06 16:24:45.638407
FPT.VN,2017-01-19,12474.2744140625,12531.234375,12374.59375,12474.2744140625,9362.7080078125,2068849,2026-08-06 16:24:45.638407
FPT.VN,2017-01-20,12474.2744140625,12673.634765625,12460.0341796875,12588.1943359375,9448.2119140625,2327416,2026-08-06 16:24:45.638407
FPT.VN,2017-01-23,12645.1552734375,12702.115234375,12588.1943359375,12659.39453125,9501.654296875,1607088,2026-08-06 16:24:45.638407
FPT.VN,2017-01-24,12730.595703125,12787.5556640625,12616.6748046875,12730.595703125,9555.0947265625,984898,2026-08-06 16:24:45.638407
FPT.VN,2017-01-25,12787.5556640625,12901.4755859375,12716.35546875,12844.515625,9640.5986328125,1480929,2026-08-06 16:24:45.638407
FPT.VN,2017-01-26,12844.515625,12844.515625,12844.515625,12844.515625,9640.5986328125,0,2026-08-06 16:24:45.638407
FPT.VN,2017-02-03,12730.595703125,12787.5556640625,12645.1552734375,12730.595703125,9555.0947265625,1746413,2026-08-06 16:24:45.638407
FPT.VN,2017-02-06,12673.634765625,12673.634765625,12588.1943359375,12616.6748046875,9469.58984375,1944446,2026-08-06 16:24:45.638407
FPT.VN,2017-02-07,12602.4345703125,12730.595703125,12602.4345703125,12673.634765625,9512.3408203125,3228186,2026-08-06 16:24:45.638407
FPT.VN,2017-02-08,12702.115234375,12801.7958984375,12659.39453125,12702.115234375,9533.7177734375,2039811,2026-08-06 16:24:45.638407
FPT.VN,2017-02-09,12702.115234375,12730.595703125,12673.634765625,12687.875,9523.02734375,2797288,2026-08-06 16:24:45.638407
FPT.VN,2017-02-10,12673.634765625,12702.115234375,12602.4345703125,12659.39453125,9501.654296875,2160913,2026-08-06 16:24:45.638407
FPT.VN,2017-02-13,12702.115234375,12773.3154296875,12645.1552734375,12759.0751953125,9576.470703125,2961684,2026-08-06 16:24:45.638407
FPT.VN,2017-02-14,12816.03515625,13214.7568359375,12787.5556640625,13214.7568359375,9918.4873046875,6820416,2026-08-06 16:24:45.638407
FPT.VN,2017-02-15,13243.236328125,13243.236328125,13043.8759765625,13100.8359375,9832.9833984375,4056379,2026-08-06 16:24:45.638407
FPT.VN,2017-02-16,13100.8359375,13172.0361328125,12901.4755859375,12901.4755859375,9683.3486328125,3914771,2026-08-06 16:24:45.638407
FPT.VN,2017-02-17,12872.99609375,12958.435546875,12787.5556640625,12901.4755859375,9683.3486328125,2865617,2026-08-06 16:24:45.638407
FPT.VN,2017-02-20,12901.4755859375,12929.9560546875,12816.03515625,12830.275390625,9629.9091796875,2598202,2026-08-06 16:24:45.638407
FPT.VN,2017-02-21,12901.4755859375,13072.3564453125,12830.275390625,12929.9560546875,9704.7265625,3710102,2026-08-06 16:24:45.638407
FPT.VN,2017-02-22,13015.396484375,13186.2763671875,12929.9560546875,13043.8759765625,9790.2275390625,4321652,2026-08-06 16:24:45.638407
FPT.VN,2017-02-23,13072.3564453125,13200.5166015625,13001.15625,13100.8359375,9832.9833984375,3660734,2026-08-06 16:24:45.638407
FPT.VN,2017-02-24,13100.8359375,13129.31640625,12958.435546875,13100.8359375,9832.9833984375,3263193,2026-08-06 16:24:45.638407
FPT.VN,2017-02-27,13100.8359375,13357.1572265625,13100.8359375,13257.4765625,9950.5498046875,6289870,2026-08-06 16:24:45.638407
FPT.VN,2017-02-28,13271.716796875,13328.6767578125,13043.8759765625,13058.1162109375,9800.919921875,2766705,2026-08-06 16:24:45.638407
FPT.VN,2017-03-01,13058.1162109375,13072.3564453125,12915.7158203125,13015.396484375,9768.8544921875,2861192,2026-08-06 16:24:45.638407
FPT.VN,2017-03-02,13015.396484375,13072.3564453125,12929.9560546875,12944.1962890625,9715.412109375,2195007,2026-08-06 16:24:45.638407
FPT.VN,2017-03-03,12944.1962890625,13072.3564453125,12858.755859375,13001.15625,9758.166015625,1406000,2026-08-06 16:24:45.638407
FPT.VN,2017-03-06,13001.15625,13129.31640625,13001.15625,13086.5966796875,9822.2939453125,1822642,2026-08-06 16:24:45.638407
FPT.VN,2017-03-07,13100.8359375,13100.8359375,12972.67578125,13043.8759765625,9790.2275390625,1664426,2026-08-06 16:24:45.638407
FPT.VN,2017-03-08,13015.396484375,13100.8359375,12972.67578125,13043.8759765625,9790.2275390625,1707333,2026-08-06 16:24:45.638407
FPT.VN,2017-03-09,13043.8759765625,13072.3564453125,12958.435546875,12958.435546875,9726.1015625,1815690,2026-08-06 16:24:45.638407
FPT.VN,2017-03-10,13043.8759765625,13214.7568359375,13015.396484375,13100.8359375,9832.9833984375,4230852,2026-08-06 16:24:45.638407
FPT.VN,2017-03-13,13129.31640625,13186.2763671875,13015.396484375,13029.6357421875,9779.5419921875,1626610,2026-08-06 16:24:45.638407
FPT.VN,2017-03-14,13043.8759765625,13157.796875,13015.396484375,13015.396484375,9768.8544921875,2108140,2026-08-06 16:24:45.638407
FPT.VN,2017-03-15,13015.396484375,13072.3564453125,12944.1962890625,12972.67578125,9736.7890625,2221096,2026-08-06 16:24:45.638407
FPT.VN,2017-03-16,12986.916015625,13072.3564453125,12958.435546875,13015.396484375,9768.8544921875,2143603,2026-08-06 16:24:45.638407
FPT.VN,2017-03-17,13072.3564453125,13186.2763671875,13029.6357421875,13072.3564453125,9811.60546875,3467687,2026-08-06 16:24:45.638407
FPT.VN,2017-03-20,13072.3564453125,13300.197265625,13072.3564453125,13271.716796875,9961.2392578125,5525406,2026-08-06 16:24:45.638407
FPT.VN,2017-03-21,13328.6767578125,13456.8369140625,13271.716796875,13271.716796875,9961.2392578125,6605564,2026-08-06 16:24:45.638407
FPT.VN,2017-03-22,13300.197265625,13314.4365234375,13129.31640625,13129.31640625,9854.357421875,4242017,2026-08-06 16:24:45.638407
FPT.VN,2017-03-23,13100.8359375,13670.4375,13072.3564453125,13670.4375,10260.501953125,7113814,2026-08-06 16:24:45.638407
FPT.VN,2017-03-24,13784.3583984375,13955.23828125,13513.7978515625,13584.998046875,10196.375,6802860,2026-08-06 16:24:45.638407
FPT.VN,2017-03-27,13556.517578125,13670.4375,13456.8369140625,13556.517578125,10174.99609375,3588262,2026-08-06 16:24:45.638407
FPT.VN,2017-03-28,13556.517578125,13741.6376953125,13471.0771484375,13499.5576171875,10132.2470703125,4079237,2026-08-06 16:24:45.638407
FPT.VN,2017-03-29,13499.5576171875,13613.4775390625,13442.59765625,13528.037109375,10153.6220703125,2124888,2026-08-06 16:24:45.638407
FPT.VN,2017-03-30,13528.037109375,13627.7177734375,13414.1171875,13414.1171875,10068.1181640625,2642092,2026-08-06 16:24:45.638407
FPT.VN,2017-03-31,13414.1171875,13584.998046875,13385.63671875,13471.0771484375,10110.87109375,4260381,2026-08-06 16:24:45.638407
FPT.VN,2017-04-03,13471.0771484375,13528.037109375,13214.7568359375,13214.7568359375,9918.4873046875,7003913,2026-08-06 16:24:45.638407
FPT.VN,2017-04-04,13200.5166015625,13385.63671875,13200.5166015625,13385.63671875,10046.7412109375,3444548,2026-08-06 16:24:45.638407
FPT.VN,2017-04-05,13385.63671875,13385.63671875,13257.4765625,13257.4765625,9950.5498046875,2103119,2026-08-06 16:24:45.638407
FPT.VN,2017-04-07,13200.5166015625,13399.876953125,13200.5166015625,13385.63671875,10046.7412109375,3161086,2026-08-06 16:24:45.638407
FPT.VN,2017-04-10,13385.63671875,13456.8369140625,13357.1572265625,13385.63671875,10046.7412109375,1481597,2026-08-06 16:24:45.638407
FPT.VN,2017-04-11,13385.63671875,13471.0771484375,13328.6767578125,13371.3974609375,10036.0537109375,1422503,2026-08-06 16:24:45.638407
FPT.VN,2017-04-12,13385.63671875,13599.2373046875,13371.3974609375,13542.27734375,10164.3095703125,4552339,2026-08-06 16:24:45.638407
FPT.VN,2017-04-13,13485.3173828125,13556.517578125,13442.59765625,13456.8369140625,10100.1826171875,1822185,2026-08-06 16:24:45.638407
FPT.VN,2017-04-14,13414.1171875,13428.357421875,13072.3564453125,13115.076171875,9843.669921875,5070210,2026-08-06 16:24:45.638407
FPT.VN,2017-04-17,13115.076171875,13243.236328125,13015.396484375,13015.396484375,9768.8544921875,3745846,2026-08-06 16:24:45.638407
FPT.VN,2017-04-18,13015.396484375,13100.8359375,12915.7158203125,13100.8359375,9832.9833984375,2094551,2026-08-06 16:24:45.638407
FPT.VN,2017-04-19,13100.8359375,13214.7568359375,13072.3564453125,13100.8359375,9832.9833984375,3975656,2026-08-06 16:24:45.638407
FPT.VN,2017-04-20,13100.8359375,13200.5166015625,13043.8759765625,13058.1162109375,9800.919921875,1847115,2026-08-06 16:24:45.638407
FPT.VN,2017-04-21,13157.796875,13214.7568359375,13058.1162109375,13058.1162109375,9800.919921875,1431526,2026-08-06 16:24:45.638407
FPT.VN,2017-04-24,13058.1162109375,13115.076171875,13001.15625,13029.6357421875,9779.5419921875,1635107,2026-08-06 16:24:45.638407
FPT.VN,2017-04-25,12986.916015625,13100.8359375,12958.435546875,13001.15625,9758.166015625,2114109,2026-08-06 16:24:45.638407
FPT.VN,2017-04-26,13072.3564453125,13115.076171875,13015.396484375,13100.8359375,9832.9833984375,1697993,2026-08-06 16:24:45.638407
FPT.VN,2017-04-27,13129.31640625,13300.197265625,13129.31640625,13243.236328125,9939.861328125,3514877,2026-08-06 16:24:45.638407
FPT.VN,2017-04-28,13243.236328125,13243.236328125,13243.236328125,13243.236328125,9939.861328125,0,2026-08-06 16:24:45.638407
FPT.VN,2017-05-03,13300.197265625,13471.0771484375,13228.9970703125,13385.63671875,10046.7412109375,2832330,2026-08-06 16:24:45.638407
FPT.VN,2017-05-04,13385.63671875,13499.5576171875,13357.1572265625,13385.63671875,10046.7412109375,2431489,2026-08-06 16:24:45.638407
FPT.VN,2017-05-05,13385.63671875,13456.8369140625,13357.1572265625,13414.1171875,10068.1181640625,1086268,2026-08-06 16:24:45.638407
FPT.VN,2017-05-08,13357.1572265625,13428.357421875,13328.6767578125,13385.63671875,10046.7412109375,1291604,2026-08-06 16:24:45.638407
FPT.VN,2017-05-09,13442.59765625,13755.8779296875,13442.59765625,13755.8779296875,10324.62890625,4102411,2026-08-06 16:24:45.638407
FPT.VN,2017-05-10,13812.837890625,13940.9990234375,13698.91796875,13698.91796875,10281.880859375,5509043,2026-08-06 16:24:45.638407
FPT.VN,2017-05-11,13698.91796875,13784.3583984375,13570.7578125,13698.91796875,10281.880859375,2489529,2026-08-06 16:24:45.638407
FPT.VN,2017-05-12,13698.91796875,13784.3583984375,13670.4375,13670.4375,10260.501953125,1856666,2026-08-06 16:24:45.638407
FPT.VN,2017-05-15,13670.4375,13670.4375,13599.2373046875,13613.4775390625,10217.751953125,1778506,2026-08-06 16:24:45.638407
FPT.VN,2017-05-16,13613.4775390625,13755.8779296875,13513.7978515625,13528.037109375,10153.6220703125,2241461,2026-08-06 16:24:45.638407
FPT.VN,2017-05-17,13528.037109375,13670.4375,13456.8369140625,13613.4775390625,10217.751953125,1944517,2026-08-06 16:24:45.638407
FPT.VN,2017-05-18,13656.1982421875,13869.798828125,13570.7578125,13641.9580078125,10239.1279296875,3192477,2026-08-06 16:24:45.638407
FPT.VN,2017-05-19,13641.9580078125,13784.3583984375,13613.4775390625,13784.3583984375,10346.0087890625,2521973,2026-08-06 16:24:45.638407
FPT.VN,2017-05-22,13812.837890625,13969.478515625,13812.837890625,13812.837890625,10367.3837890625,6037939,2026-08-06 16:24:45.638407
FPT.VN,2017-05-23,13855.55859375,14069.1591796875,13812.837890625,13912.5185546875,10442.201171875,7255036,2026-08-06 16:24:45.638407
FPT.VN,2017-05-24,14012.19921875,14026.4384765625,13912.5185546875,13983.71875,10495.638671875,4581658,2026-08-06 16:24:45.638407
FPT.VN,2017-05-25,14083.3994140625,14083.3994140625,13903.2626953125,13952.390625,10689.8408203125,5231421,2026-08-06 16:24:45.638407
FPT.VN,2017-05-26,13952.390625,13952.390625,13755.8779296875,13788.6298828125,10564.3740234375,2651861,2026-08-06 16:24:45.638407
FPT.VN,2017-05-29,13788.6298828125,13985.142578125,13788.6298828125,13952.390625,10689.8408203125,1936456,2026-08-06 16:24:45.638407
FPT.VN,2017-05-30,13854.134765625,14296.287109375,13854.134765625,14083.3994140625,10790.2158203125,5706109,2026-08-06 16:24:45.638407
FPT.VN,2017-05-31,14083.3994140625,14263.53515625,14083.3994140625,14083.3994140625,10790.2158203125,3245594,2026-08-06 16:24:45.638407
FPT.VN,2017-06-01,14116.1513671875,14247.1591796875,14116.1513671875,14230.783203125,10903.1357421875,2403388,2026-08-06 16:24:45.638407
FPT.VN,2017-06-02,14279.9111328125,14312.6640625,14116.1513671875,14165.279296875,10852.9501953125,2470651,2026-08-06 16:24:45.638407
FPT.VN,2017-06-05,14279.9111328125,14296.287109375,14132.52734375,14165.279296875,10852.9501953125,2035320,2026-08-06 16:24:45.638407
FPT.VN,2017-06-06,14181.6552734375,14672.9365234375,14181.6552734375,14509.17578125,11116.431640625,4524199,2026-08-06 16:24:45.638407
FPT.VN,2017-06-07,14672.9365234375,14672.9365234375,14427.2958984375,14427.2958984375,11053.6962890625,2572996,2026-08-06 16:24:45.638407
FPT.VN,2017-06-08,14410.919921875,14525.5517578125,14312.6640625,14476.423828125,11091.3388671875,1924854,2026-08-06 16:24:45.638407
FPT.VN,2017-06-09,14476.423828125,14902.201171875,14476.423828125,14787.5693359375,11329.728515625,4792487,2026-08-06 16:24:45.638407
FPT.VN,2017-06-12,14738.4404296875,14803.9453125,14607.4326171875,14640.1845703125,11216.8056640625,1688441,2026-08-06 16:24:45.638407
FPT.VN,2017-06-13,14738.4404296875,15033.2099609375,14738.4404296875,14853.0732421875,11379.9150390625,4805342,2026-08-06 16:24:45.638407
FPT.VN,2017-06-14,15000.45703125,15000.45703125,14771.1923828125,14803.9453125,11342.2724609375,2383328,2026-08-06 16:24:45.638407
FPT.VN,2017-06-15,14820.3212890625,14869.44921875,14754.81640625,14869.44921875,11392.4609375,1877834,2026-08-06 16:24:45.638407
FPT.VN,2017-06-16,14902.201171875,14984.0810546875,14836.697265625,14967.705078125,11467.7412109375,1844126,2026-08-06 16:24:45.638407
FPT.VN,2017-06-19,15065.9619140625,15196.9697265625,15049.5859375,15164.2177734375,11618.302734375,3639584,2026-08-06 16:24:45.638407
FPT.VN,2017-06-20,15229.7216796875,15229.7216796875,15065.9619140625,15115.08984375,11580.66015625,2326660,2026-08-06 16:24:45.638407
FPT.VN,2017-06-21,15164.2177734375,15557.2431640625,15082.337890625,15557.2431640625,11919.4248046875,5930644,2026-08-06 16:24:45.638407
FPT.VN,2017-06-22,15491.7392578125,15819.259765625,15491.7392578125,15589.9951171875,11944.5166015625,3800154,2026-08-06 16:24:45.638407
FPT.VN,2017-06-23,15589.9951171875,15655.4990234375,15458.986328125,15540.8671875,11906.8779296875,2319790,2026-08-06 16:24:45.638407
FPT.VN,2017-06-26,15671.875,15671.875,15229.7216796875,15295.2265625,11718.6748046875,4201227,2026-08-06 16:24:45.638407
FPT.VN,2017-06-27,15229.7216796875,15262.474609375,14885.8251953125,14967.705078125,11467.7412109375,8604916,2026-08-06 16:24:45.638407
FPT.VN,2017-06-28,15033.2099609375,15196.9697265625,14951.3291015625,15180.59375,11630.8466796875,2870961,2026-08-06 16:24:45.638407
FPT.VN,2017-06-29,15164.2177734375,15278.8505859375,15164.2177734375,15229.7216796875,11668.4912109375,2229659,2026-08-06 16:24:45.638407
FPT.VN,2017-06-30,15229.7216796875,15344.3544921875,15000.45703125,15344.3544921875,11756.3173828125,3411690,2026-08-06 16:24:45.638407
FPT.VN,2017-07-03,15344.3544921875,15344.3544921875,15164.2177734375,15196.9697265625,11643.3955078125,2023382,2026-08-06 16:24:45.638407
FPT.VN,2017-07-04,15229.7216796875,15295.2265625,15164.2177734375,15262.474609375,11693.5830078125,2816797,2026-08-06 16:24:45.638407
FPT.VN,2017-07-05,15229.7216796875,15295.2265625,15213.345703125,15295.2265625,11718.6748046875,1552542,2026-08-06 16:24:45.638407
FPT.VN,2017-07-06,15311.6025390625,15688.2509765625,15262.474609375,15688.2509765625,12019.7978515625,5876357,2026-08-06 16:24:45.638407
FPT.VN,2017-07-07,15753.755859375,16179.533203125,15721.00390625,15917.515625,12195.453125,7472500,2026-08-06 16:24:45.638407
FPT.VN,2017-07-10,15786.5078125,15950.2685546875,15589.9951171875,15786.5078125,12095.0791015625,5546424,2026-08-06 16:24:45.638407
FPT.VN,2017-07-11,15688.2509765625,15753.755859375,15393.482421875,15589.9951171875,11944.5166015625,3137387,2026-08-06 16:24:45.638407
FPT.VN,2017-07-12,15688.2509765625,15753.755859375,15409.8583984375,15704.6279296875,12032.3466796875,2316279,2026-08-06 16:24:45.638407
FPT.VN,2017-07-13,15704.6279296875,15704.6279296875,15704.6279296875,15704.6279296875,12032.3466796875,0,2026-08-06 16:24:45.638407
FPT.VN,2017-07-14,15999.396484375,16032.1484375,15852.01171875,15950.2685546875,12220.546875,1652047,2026-08-06 16:24:45.638407
FPT.VN,2017-07-17,15950.2685546875,15950.2685546875,15622.7470703125,15721.00390625,12044.8916015625,2764189,2026-08-06 16:24:45.638407
FPT.VN,2017-07-18,15589.9951171875,15721.00390625,15508.115234375,15655.4990234375,11994.705078125,2646701,2026-08-06 16:24:45.638407
FPT.VN,2017-07-19,15655.4990234375,15819.259765625,15262.474609375,15360.73046875,11768.8642578125,3004907,2026-08-06 16:24:45.638407
FPT.VN,2017-07-20,15262.474609375,15360.73046875,15131.4658203125,15327.978515625,11743.76953125,2737168,2026-08-06 16:24:45.638407
FPT.VN,2017-07-21,15393.482421875,15491.7392578125,15131.4658203125,15131.4658203125,11593.2099609375,2025305,2026-08-06 16:24:45.638407
FPT.VN,2017-07-24,15131.4658203125,15262.474609375,15065.9619140625,15229.7216796875,11668.4912109375,1822753,2026-08-06 16:24:45.638407
FPT.VN,2017-07-25,15229.7216796875,15360.73046875,15131.4658203125,15295.2265625,11718.6748046875,1809014,2026-08-06 16:24:45.638407
FPT.VN,2017-07-26,15295.2265625,15655.4990234375,15295.2265625,15655.4990234375,11994.705078125,2143527,2026-08-06 16:24:45.638407
FPT.VN,2017-07-27,15721.00390625,15933.8916015625,15622.7470703125,15786.5078125,12095.0791015625,3798261,2026-08-06 16:24:45.638407
FPT.VN,2017-07-28,15786.5078125,15933.8916015625,15688.2509765625,15901.1396484375,12182.9072265625,4921029,2026-08-06 16:24:45.638407
FPT.VN,2017-07-31,15884.763671875,15917.515625,15753.755859375,15835.6357421875,12132.7197265625,2025458,2026-08-06 16:24:45.638407
FPT.VN,2017-08-01,15868.3876953125,16195.9091796875,15786.5078125,16048.5244140625,12295.826171875,4445120,2026-08-06 16:24:45.638407
FPT.VN,2017-08-02,16097.65234375,16343.29296875,15950.2685546875,16179.533203125,12396.203125,6565657,2026-08-06 16:24:45.638407
FPT.VN,2017-08-03,16277.7890625,16736.318359375,16212.28515625,16408.796875,12571.8564453125,6102724,2026-08-06 16:24:45.638407
FPT.VN,2017-08-04,16474.30078125,16507.052734375,16228.6611328125,16408.796875,12571.8564453125,2525273,2026-08-06 16:24:45.638407
FPT.VN,2017-08-07,16408.796875,16408.796875,16277.7890625,16326.9169921875,12509.1201171875,2341774,2026-08-06 16:24:45.638407
FPT.VN,2017-08-08,16326.9169921875,16376.044921875,16032.1484375,16032.1484375,12283.28125,4459135,2026-08-06 16:24:45.638407
FPT.VN,2017-08-09,16015.7724609375,16015.7724609375,15770.1318359375,15852.01171875,12145.2666015625,5625228,2026-08-06 16:24:45.638407
FPT.VN,2017-08-10,15721.00390625,16032.1484375,15721.00390625,16015.7724609375,12270.7353515625,2664929,2026-08-06 16:24:45.638407
FPT.VN,2017-08-11,16048.5244140625,16212.28515625,15917.515625,16195.9091796875,12408.748046875,1674580,2026-08-06 16:24:45.638407
FPT.VN,2017-08-14,16376.044921875,16376.044921875,16114.0283203125,16114.0283203125,12346.013671875,2360887,2026-08-06 16:24:45.638407
FPT.VN,2017-08-15,16114.0283203125,16114.0283203125,15884.763671875,16015.7724609375,12270.7353515625,2505763,2026-08-06 16:24:45.638407
FPT.VN,2017-08-16,16015.7724609375,16015.7724609375,15868.3876953125,15917.515625,12195.453125,2486650,2026-08-06 16:24:45.638407
FPT.VN,2017-08-17,15721.00390625,15786.5078125,15524.4912109375,15524.4912109375,12144.2109375,1954165,2026-08-06 16:24:45.638407
FPT.VN,2017-08-18,15524.4912109375,15655.4990234375,15360.73046875,15557.2431640625,12169.8330078125,1111135,2026-08-06 16:24:45.638407
FPT.VN,2017-08-21,15721.00390625,15721.00390625,15557.2431640625,15639.123046875,12233.884765625,1086190,2026-08-06 16:24:45.638407
FPT.VN,2017-08-22,15622.7470703125,15639.123046875,15426.234375,15426.234375,12067.349609375,1272346,2026-08-06 16:24:45.638407
FPT.VN,2017-08-23,15393.482421875,15557.2431640625,15393.482421875,15458.986328125,12092.970703125,1579441,2026-08-06 16:24:45.638407
FPT.VN,2017-08-24,15524.4912109375,15655.4990234375,15458.986328125,15622.7470703125,12221.07421875,1324556,2026-08-06 16:24:45.638407
FPT.VN,2017-08-25,15655.4990234375,15671.875,15557.2431640625,15557.2431640625,12169.8330078125,1143652,2026-08-06 16:24:45.638407
FPT.VN,2017-08-28,15491.7392578125,15589.9951171875,15475.36328125,15589.9951171875,12195.4521484375,1737721,2026-08-06 16:24:45.638407
FPT.VN,2017-08-29,15557.2431640625,15753.755859375,15540.8671875,15639.123046875,12233.884765625,2528357,2026-08-06 16:24:45.638407
FPT.VN,2017-08-30,15606.37109375,15688.2509765625,15573.619140625,15655.4990234375,12246.6943359375,983570,2026-08-06 16:24:45.638407
FPT.VN,2017-08-31,15655.4990234375,15983.0205078125,15655.4990234375,15884.763671875,12426.0380859375,3404454,2026-08-06 16:24:45.638407
FPT.VN,2017-09-01,15917.515625,15933.8916015625,15819.259765625,15917.515625,12451.66015625,820344,2026-08-06 16:24:45.638407
FPT.VN,2017-09-04,15917.515625,15917.515625,15917.515625,15917.515625,12451.66015625,0,2026-08-06 16:24:45.638407
FPT.VN,2017-09-05,15917.515625,15917.515625,15802.8837890625,15884.763671875,12426.0380859375,1365805,2026-08-06 16:24:45.638407
FPT.VN,2017-09-06,15868.3876953125,15868.3876953125,15655.4990234375,15786.5078125,12349.1767578125,1558953,2026-08-06 16:24:45.638407
FPT.VN,2017-09-07,15721.00390625,15819.259765625,15688.2509765625,15688.2509765625,12272.314453125,1465402,2026-08-06 16:24:45.638407
FPT.VN,2017-09-08,15721.00390625,15721.00390625,15622.7470703125,15622.7470703125,12221.07421875,1459876,2026-08-06 16:24:45.638407
FPT.VN,2017-09-11,15622.7470703125,15786.5078125,15491.7392578125,15508.115234375,12131.40234375,2574858,2026-08-06 16:24:45.638407
FPT.VN,2017-09-12,15557.2431640625,15753.755859375,15524.4912109375,15753.755859375,12323.5576171875,2606490,2026-08-06 16:24:45.638407
FPT.VN,2017-09-13,15819.259765625,16179.533203125,15819.259765625,15966.64453125,12490.0908203125,5937361,2026-08-06 16:24:45.638407
FPT.VN,2017-09-14,16048.5244140625,16048.5244140625,15835.6357421875,15835.6357421875,12387.6083984375,2616901,2026-08-06 16:24:45.638407
FPT.VN,2017-09-15,15819.259765625,15884.763671875,15721.00390625,15786.5078125,12349.1767578125,2425555,2026-08-06 16:24:45.638407
FPT.VN,2017-09-18,15835.6357421875,15852.01171875,15721.00390625,15835.6357421875,12387.6083984375,2453064,2026-08-06 16:24:45.638407
FPT.VN,2017-09-19,15884.763671875,15999.396484375,15852.01171875,15852.01171875,12400.4189453125,2654273,2026-08-06 16:24:45.638407
FPT.VN,2017-09-20,15933.8916015625,15966.64453125,15835.6357421875,15933.8916015625,12464.4677734375,1927846,2026-08-06 16:24:45.638407
FPT.VN,2017-09-21,16015.7724609375,16245.037109375,15966.64453125,16179.533203125,12656.626953125,8145037,2026-08-06 16:24:45.638407
FPT.VN,2017-09-22,16245.037109375,16359.6689453125,16179.533203125,16195.9091796875,12669.435546875,4257071,2026-08-06 16:24:45.638407
FPT.VN,2017-09-25,16294.1650390625,16294.1650390625,15999.396484375,15999.396484375,12515.7109375,2274816,2026-08-06 16:24:45.638407
FPT.VN,2017-09-26,15999.396484375,16048.5244140625,15884.763671875,16048.5244140625,12554.1416015625,2683340,2026-08-06 16:24:45.638407
FPT.VN,2017-09-27,16048.5244140625,16179.533203125,15950.2685546875,16048.5244140625,12554.1416015625,2652746,2026-08-06 16:24:45.638407
FPT.VN,2017-09-28,16048.5244140625,16130.404296875,15852.01171875,16032.1484375,12541.3330078125,2364337,2026-08-06 16:24:45.638407
FPT.VN,2017-09-29,16015.7724609375,16048.5244140625,15917.515625,15966.64453125,12490.0908203125,1207739,2026-08-06 16:24:45.638407
FPT.VN,2017-10-02,15966.64453125,16032.1484375,15737.3798828125,15786.5078125,12349.1767578125,2782081,2026-08-06 16:24:45.638407
FPT.VN,2017-10-03,15786.5078125,15786.5078125,15606.37109375,15671.875,12259.505859375,3321833,2026-08-06 16:24:45.638407
FPT.VN,2017-10-04,15688.2509765625,15786.5078125,15655.4990234375,15737.3798828125,12310.7470703125,1582799,2026-08-06 16:24:45.638407
FPT.VN,2017-10-05,15852.01171875,16032.1484375,15721.00390625,15819.259765625,12374.798828125,2009856,2026-08-06 16:24:45.638407
FPT.VN,2017-10-06,15819.259765625,15983.0205078125,15819.259765625,15966.64453125,12490.0908203125,1740224,2026-08-06 16:24:45.638407
FPT.VN,2017-10-09,16048.5244140625,16048.5244140625,15917.515625,15983.0205078125,12502.90234375,1788679,2026-08-06 16:24:45.638407
FPT.VN,2017-10-10,15966.64453125,16146.7802734375,15966.64453125,16146.7802734375,12631.001953125,3769652,2026-08-06 16:24:45.638407
FPT.VN,2017-10-11,16179.533203125,16539.806640625,16146.7802734375,16343.29296875,12784.728515625,7758222,2026-08-06 16:24:45.638407
FPT.VN,2017-10-12,16376.044921875,16834.57421875,16376.044921875,16703.56640625,13066.5546875,6120220,2026-08-06 16:24:45.638407
FPT.VN,2017-10-13,16769.0703125,16801.822265625,16572.55859375,16769.0703125,13117.7978515625,3293713,2026-08-06 16:24:45.638407
FPT.VN,2017-10-16,16703.56640625,17031.087890625,16670.814453125,16834.57421875,13169.0390625,3815451,2026-08-06 16:24:45.638407
FPT.VN,2017-10-17,16867.326171875,16867.326171875,16670.814453125,16867.326171875,13194.6591796875,2629633,2026-08-06 16:24:45.638407
FPT.VN,2017-10-18,16834.57421875,16998.3359375,16539.806640625,16539.806640625,12938.4541015625,3777346,2026-08-06 16:24:45.638407
FPT.VN,2017-10-19,16539.806640625,16769.0703125,16408.796875,16572.55859375,12964.07421875,2984053,2026-08-06 16:24:45.638407
FPT.VN,2017-10-20,16474.30078125,16605.310546875,16376.044921875,16474.30078125,12887.212890625,2342079,2026-08-06 16:24:45.638407
FPT.VN,2017-10-23,16474.30078125,16474.30078125,16146.7802734375,16146.7802734375,12631.001953125,3407874,2026-08-06 16:24:45.638407
FPT.VN,2017-10-24,16146.7802734375,16310.541015625,16097.65234375,16146.7802734375,12631.001953125,2684988,2026-08-06 16:24:45.638407
FPT.VN,2017-10-25,16212.28515625,16310.541015625,16146.7802734375,16277.7890625,12733.4892578125,2346415,2026-08-06 16:24:45.638407
FPT.VN,2017-10-26,16310.541015625,16343.29296875,16048.5244140625,16245.037109375,12707.8671875,3327604,2026-08-06 16:24:45.638407
FPT.VN,2017-10-27,16179.533203125,16441.548828125,16097.65234375,16441.548828125,12861.58984375,2244070,2026-08-06 16:24:45.638407
FPT.VN,2017-10-30,16441.548828125,16638.0625,16343.29296875,16376.044921875,12810.3486328125,5212461,2026-08-06 16:24:45.638407
FPT.VN,2017-10-31,16376.044921875,16834.57421875,16245.037109375,16507.052734375,12912.8310546875,4940631,2026-08-06 16:24:45.638407
FPT.VN,2017-11-01,16539.806640625,16703.56640625,16507.052734375,16638.0625,13015.314453125,2772281,2026-08-06 16:24:45.638407
FPT.VN,2017-11-02,16670.814453125,16834.57421875,16310.541015625,16539.806640625,12938.4541015625,3800978,2026-08-06 16:24:45.638407
FPT.VN,2017-11-03,16376.044921875,16703.56640625,16179.533203125,16703.56640625,13066.5546875,3665079,2026-08-06 16:24:45.638407
FPT.VN,2017-11-06,16834.57421875,16965.58203125,16670.814453125,16834.57421875,13169.0390625,4911106,2026-08-06 16:24:45.638407
FPT.VN,2017-11-07,16867.326171875,16867.326171875,16670.814453125,16769.0703125,13117.7978515625,3486159,2026-08-06 16:24:45.638407
FPT.VN,2017-11-08,16769.0703125,17358.607421875,16703.56640625,17358.607421875,13578.96875,10338057,2026-08-06 16:24:45.638407
FPT.VN,2017-11-09,17489.6171875,17522.369140625,17162.095703125,17227.599609375,13476.48828125,5253405,2026-08-06 16:24:45.638407
FPT.VN,2017-11-10,17194.84765625,17456.865234375,17096.591796875,17096.591796875,13374.0048828125,4182023,2026-08-06 16:24:45.638407
FPT.VN,2017-11-13,17096.591796875,17948.146484375,16998.3359375,17686.12890625,13835.177734375,14561757,2026-08-06 16:24:45.638407
FPT.VN,2017-11-14,17849.888671875,18177.41015625,17522.369140625,17653.376953125,13809.5576171875,13226941,2026-08-06 16:24:45.638407
FPT.VN,2017-11-15,17718.880859375,18668.69140625,17686.12890625,18635.939453125,14578.1787109375,14246082,2026-08-06 16:24:45.638407
FPT.VN,2017-11-16,18799.69921875,19225.4765625,18537.68359375,18668.69140625,14603.8017578125,11400066,2026-08-06 16:24:45.638407
FPT.VN,2017-11-17,18766.947265625,18766.947265625,18308.41796875,18570.435546875,14526.9365234375,12000943,2026-08-06 16:24:45.638407
FPT.VN,2017-11-20,18373.921875,18996.212890625,18308.41796875,18963.4609375,14834.3818359375,11610006,2026-08-06 16:24:45.638407
FPT.VN,2017-11-21,19061.716796875,19258.228515625,18734.1953125,18734.1953125,14655.0400390625,10337416,2026-08-06 16:24:45.638407
FPT.VN,2017-11-22,18668.69140625,18996.212890625,18668.69140625,18996.212890625,14860.0068359375,7927280,2026-08-06 16:24:45.638407
FPT.VN,2017-11-23,18996.212890625,19258.228515625,18734.1953125,18865.205078125,14757.5224609375,10796654,2026-08-06 16:24:45.638407
FPT.VN,2017-11-24,18832.451171875,18996.212890625,18668.69140625,18963.4609375,14834.3818359375,7238682,2026-08-06 16:24:45.638407
FPT.VN,2017-11-27,18996.212890625,19552.998046875,18996.212890625,19061.716796875,14911.2470703125,8103238,2026-08-06 16:24:45.638407
FPT.VN,2017-11-28,18996.212890625,19061.716796875,18734.1953125,18832.451171875,14731.9013671875,6999553,2026-08-06 16:24:45.638407
FPT.VN,2017-11-29,18996.212890625,19552.998046875,18799.69921875,19421.990234375,15193.0791015625,11740624,2026-08-06 16:24:45.638407
FPT.VN,2017-11-30,19618.501953125,19651.25390625,19127.220703125,19127.220703125,14962.48828125,9168025,2026-08-06 16:24:45.638407
FPT.VN,2017-12-01,19061.716796875,19192.724609375,18897.95703125,19127.220703125,14962.48828125,5585231,2026-08-06 16:24:45.638407
FPT.VN,2017-12-04,19159.97265625,19356.486328125,19094.46875,19258.228515625,15064.96875,6730471,2026-08-06 16:24:45.638407
FPT.VN,2017-12-05,19258.228515625,19421.990234375,18766.947265625,18766.947265625,14680.6611328125,10865688,2026-08-06 16:24:45.638407
FPT.VN,2017-12-06,18668.69140625,18766.947265625,18341.169921875,18603.1875,14552.5546875,10753603,2026-08-06 16:24:45.638407
FPT.VN,2017-12-07,18603.1875,18832.451171875,18275.666015625,18373.921875,14373.2138671875,5054883,2026-08-06 16:24:45.638407
FPT.VN,2017-12-08,18341.169921875,18504.931640625,18046.40234375,18177.41015625,14219.48828125,5875014,2026-08-06 16:24:45.638407
FPT.VN,2017-12-11,17849.888671875,18079.154296875,17522.369140625,17522.369140625,13707.076171875,8354825,2026-08-06 16:24:45.638407
FPT.VN,2017-12-12,17718.880859375,17915.39453125,16638.0625,17587.873046875,13758.314453125,9507728,2026-08-06 16:24:45.638407
FPT.VN,2017-12-13,17784.384765625,17948.146484375,17587.873046875,17915.39453125,14014.521484375,4964141,2026-08-06 16:24:45.638407
FPT.VN,2017-12-14,17849.888671875,18308.41796875,17849.888671875,18308.41796875,14321.970703125,3897247,2026-08-06 16:24:45.638407
FPT.VN,2017-12-15,18341.169921875,18603.1875,18177.41015625,18504.931640625,14475.697265625,4920724,2026-08-06 16:24:45.638407
FPT.VN,2017-12-18,18668.69140625,18734.1953125,18373.921875,18439.427734375,14424.4560546875,5476780,2026-08-06 16:24:45.638407
FPT.VN,2017-12-19,18439.427734375,18570.435546875,17980.8984375,18079.154296875,14142.62890625,7582935,2026-08-06 16:24:45.638407
FPT.VN,2017-12-20,18079.154296875,18668.69140625,18079.154296875,18439.427734375,14424.4560546875,5986335,2026-08-06 16:24:45.638407
FPT.VN,2017-12-21,18603.1875,18799.69921875,18373.921875,18472.1796875,14450.0751953125,5634815,2026-08-06 16:24:45.638407
FPT.VN,2017-12-22,18472.1796875,18799.69921875,18406.67578125,18701.443359375,14629.41796875,5306745,2026-08-06 16:24:45.638407
FPT.VN,2017-12-25,18766.947265625,19028.96484375,18766.947265625,18865.205078125,14757.5224609375,7309182,2026-08-06 16:24:45.638407
FPT.VN,2017-12-26,18996.212890625,18996.212890625,18701.443359375,18701.443359375,14629.41796875,3804489,2026-08-06 16:24:45.638407
FPT.VN,2017-12-27,18832.451171875,18832.451171875,18537.68359375,18570.435546875,14526.9365234375,5199881,2026-08-06 16:24:45.638407
FPT.VN,2017-12-28,18570.435546875,18865.205078125,18504.931640625,18734.1953125,14655.0400390625,5850771,2026-08-06 16:24:45.638407
FPT.VN,2017-12-29,18734.1953125,18865.205078125,18668.69140625,18701.443359375,14629.41796875,4762627,2026-08-06 16:24:45.638407
FPT.VN,2018-01-01,18701.443359375,18701.443359375,18701.443359375,18701.443359375,14629.41796875,0,2026-08-06 16:24:45.638407
FPT.VN,2018-01-02,18766.947265625,19585.75,18734.1953125,19585.75,15321.177734375,15333860,2026-08-06 16:24:45.638407
FPT.VN,2018-01-03,19815.015625,19880.51953125,19487.494140625,19585.75,15321.177734375,8640456,2026-08-06 16:24:45.638407
FPT.VN,2018-01-04,19651.25390625,19978.775390625,19618.501953125,19978.775390625,15628.6279296875,8502663,2026-08-06 16:24:45.638407
FPT.VN,2018-01-05,19978.775390625,20011.52734375,19618.501953125,19651.25390625,15372.41796875,8706161,2026-08-06 16:24:45.638407
FPT.VN,2018-01-08,19520.24609375,19946.0234375,19421.990234375,19946.0234375,15603.0078125,7721736,2026-08-06 16:24:45.638407
FPT.VN,2018-01-09,19978.775390625,20404.552734375,19749.509765625,20339.048828125,15910.4560546875,12243523,2026-08-06 16:24:45.638407
FPT.VN,2018-01-10,20306.296875,20633.81640625,20011.52734375,20142.53515625,15756.7275390625,7971002,2026-08-06 16:24:45.638407
FPT.VN,2018-01-11,20011.52734375,20273.544921875,19880.51953125,20142.53515625,15756.7275390625,7389299,2026-08-06 16:24:45.638407
FPT.VN,2018-01-12,20240.791015625,20306.296875,19716.7578125,19716.7578125,15423.66015625,8625250,2026-08-06 16:24:45.638407
FPT.VN,2018-01-15,19684.005859375,20044.279296875,19552.998046875,19978.775390625,15628.6279296875,7010331,2026-08-06 16:24:45.638407
FPT.VN,2018-01-16,19946.0234375,20142.53515625,19749.509765625,19978.775390625,15628.6279296875,4617659,2026-08-06 16:24:45.638407
FPT.VN,2018-01-17,19978.775390625,20011.52734375,19323.734375,19323.734375,15116.212890625,6897971,2026-08-06 16:24:45.638407
FPT.VN,2018-01-18,19094.46875,19323.734375,18865.205078125,19323.734375,15116.212890625,10119323,2026-08-06 16:24:45.638407
FPT.VN,2018-01-19,19323.734375,19585.75,19290.98046875,19290.98046875,15090.5908203125,6114693,2026-08-06 16:24:45.638407
FPT.VN,2018-01-22,19290.98046875,19290.98046875,19290.98046875,19290.98046875,15090.5908203125,0,2026-08-06 16:24:45.638407
FPT.VN,2018-01-23,19290.98046875,19290.98046875,19290.98046875,19290.98046875,15090.5908203125,0,2026-08-06 16:24:45.638407
FPT.VN,2018-01-24,19290.98046875,19290.98046875,19290.98046875,19290.98046875,15090.5908203125,0,2026-08-06 16:24:45.638407
FPT.VN,2018-01-25,20142.53515625,20502.80859375,19946.0234375,20011.52734375,15654.2470703125,16390556,2026-08-06 16:24:45.638407
FPT.VN,2018-01-26,20306.296875,20306.296875,19815.015625,19913.271484375,15577.3876953125,4982216,2026-08-06 16:24:45.638407
FPT.VN,2018-01-29,19946.0234375,20273.544921875,19618.501953125,19749.509765625,15449.2822265625,4077419,2026-08-06 16:24:45.638407
FPT.VN,2018-01-30,19585.75,20961.337890625,19487.494140625,20961.337890625,16397.2421875,14409309,2026-08-06 16:24:45.638407
FPT.VN,2018-01-31,21223.35546875,21452.619140625,20601.064453125,20601.064453125,16115.4228515625,12178703,2026-08-06 16:24:45.638407
FPT.VN,2018-02-01,20601.064453125,20797.578125,20175.287109375,20175.287109375,15782.3466796875,6370585,2026-08-06 16:24:45.638407
FPT.VN,2018-02-02,20175.287109375,20240.791015625,19815.015625,19978.775390625,15628.6279296875,5102849,2026-08-06 16:24:45.638407
FPT.VN,2018-02-05,19684.005859375,19913.271484375,18701.443359375,18701.443359375,14629.41796875,11464581,2026-08-06 16:24:45.638407
FPT.VN,2018-02-06,17424.111328125,18504.931640625,17424.111328125,17751.6328125,13886.4208984375,16221529,2026-08-06 16:24:45.638407
FPT.VN,2018-02-07,18668.69140625,18766.947265625,18341.169921875,18537.68359375,14501.318359375,5718596,2026-08-06 16:24:45.638407
FPT.VN,2018-02-08,18341.169921875,18668.69140625,18013.650390625,18079.154296875,14142.62890625,5217987,2026-08-06 16:24:45.638407
FPT.VN,2018-02-09,17194.84765625,18013.650390625,17194.84765625,18013.650390625,14091.3837890625,6533842,2026-08-06 16:24:45.638407
FPT.VN,2018-02-12,18439.427734375,18701.443359375,17849.888671875,18701.443359375,14629.41796875,3560108,2026-08-06 16:24:45.638407
FPT.VN,2018-02-13,19061.716796875,19421.990234375,18930.708984375,19323.734375,15116.212890625,4422160,2026-08-06 16:24:45.638407
FPT.VN,2018-02-14,19323.734375,19323.734375,19323.734375,19323.734375,15116.212890625,0,2026-08-06 16:24:45.638407
FPT.VN,2018-02-15,19323.734375,19323.734375,19323.734375,19323.734375,15116.212890625,0,2026-08-06 16:24:45.638407
FPT.VN,2018-02-16,19323.734375,19323.734375,19323.734375,19323.734375,15116.212890625,0,2026-08-06 16:24:45.638407
FPT.VN,2018-02-19,19323.734375,19323.734375,19323.734375,19323.734375,15116.212890625,0,2026-08-06 16:24:45.638407
FPT.VN,2018-02-20,19323.734375,19323.734375,19323.734375,19323.734375,15116.212890625,0,2026-08-06 16:24:45.638407
FPT.VN,2018-02-21,19684.005859375,19749.509765625,19323.734375,19454.7421875,15218.6962890625,4807174,2026-08-06 16:24:45.638407
FPT.VN,2018-02-22,19421.990234375,19487.494140625,19061.716796875,19127.220703125,14962.48828125,4375476,2026-08-06 16:24:45.638407
FPT.VN,2018-02-23,19159.97265625,19847.767578125,19159.97265625,19815.015625,15500.5244140625,4907167,2026-08-06 16:24:45.638407
FPT.VN,2018-02-26,19978.775390625,20240.791015625,19782.263671875,19782.263671875,15474.9013671875,7534633,2026-08-06 16:24:45.638407
FPT.VN,2018-02-27,19880.51953125,19913.271484375,19487.494140625,19585.75,15321.177734375,4322197,2026-08-06 16:24:45.638407
FPT.VN,2018-02-28,19585.75,19585.75,19585.75,19585.75,15321.177734375,0,2026-08-06 16:24:45.638407
FPT.VN,2018-03-01,19454.7421875,20044.279296875,19356.486328125,19913.271484375,15577.3876953125,6455313,2026-08-06 16:24:45.638407
FPT.VN,2018-03-02,19815.015625,20077.03125,19651.25390625,20011.52734375,15654.2470703125,5620801,2026-08-06 16:24:45.638407
FPT.VN,2018-03-05,20077.03125,21125.09765625,20077.03125,20142.53515625,15756.7275390625,18396810,2026-08-06 16:24:45.638407
FPT.VN,2018-03-06,20470.056640625,20732.07421875,20208.0390625,20732.07421875,16217.9033203125,7869848,2026-08-06 16:24:45.638407
FPT.VN,2018-03-07,20797.578125,20863.08203125,20142.53515625,20371.80078125,15936.0732421875,6107732,2026-08-06 16:24:45.638407
FPT.VN,2018-03-08,20306.296875,20470.056640625,20077.03125,20371.80078125,15936.0732421875,4019896,2026-08-06 16:24:45.638407
FPT.VN,2018-03-09,20535.560546875,20666.568359375,20142.53515625,20175.287109375,15782.3466796875,6315352,2026-08-06 16:24:45.638407
FPT.VN,2018-03-12,20306.296875,20502.80859375,20109.783203125,20109.783203125,15731.1083984375,4919533,2026-08-06 16:24:45.638407
FPT.VN,2018-03-13,20044.279296875,20044.279296875,19454.7421875,19684.005859375,15398.041015625,12700471,2026-08-06 16:24:45.638407
FPT.VN,2018-03-14,19684.005859375,19913.271484375,19454.7421875,19913.271484375,15577.3876953125,6320909,2026-08-06 16:24:45.638407
FPT.VN,2018-03-15,19978.775390625,20011.52734375,19749.509765625,19847.767578125,15526.1455078125,3631310,2026-08-06 16:24:45.638407
FPT.VN,2018-03-16,19847.767578125,19913.271484375,19552.998046875,19684.005859375,15398.041015625,4356637,2026-08-06 16:24:45.638407
FPT.VN,2018-03-19,19716.7578125,19847.767578125,19618.501953125,19815.015625,15500.5244140625,4082518,2026-08-06 16:24:45.638407
FPT.VN,2018-03-20,19716.7578125,20404.552734375,19651.25390625,20077.03125,15705.4931640625,8919858,2026-08-06 16:24:45.638407
FPT.VN,2018-03-21,20077.03125,20240.791015625,19978.775390625,19978.775390625,15628.6279296875,3051621,2026-08-06 16:24:45.638407
FPT.VN,2018-03-22,19978.775390625,20109.783203125,19684.005859375,19684.005859375,15398.041015625,3861616,2026-08-06 16:24:45.638407
FPT.VN,2018-03-23,19323.734375,19520.24609375,18996.212890625,19192.724609375,15013.73046875,8651875,2026-08-06 16:24:45.638407
FPT.VN,2018-03-26,19192.724609375,19454.7421875,19192.724609375,19389.23828125,15167.4541015625,2872610,2026-08-06 16:24:45.638407
FPT.VN,2018-03-27,19618.501953125,19684.005859375,19323.734375,19487.494140625,15244.318359375,3032661,2026-08-06 16:24:45.638407
FPT.VN,2018-03-28,19356.486328125,19454.7421875,19258.228515625,19290.98046875,15090.5908203125,2016481,2026-08-06 16:24:45.638407
FPT.VN,2018-03-29,19454.7421875,19552.998046875,19323.734375,19487.494140625,15244.318359375,2525884,2026-08-06 16:24:45.638407
FPT.VN,2018-03-30,19520.24609375,20077.03125,19454.7421875,19880.51953125,15551.7646484375,7434120,2026-08-06 16:24:45.638407
FPT.VN,2018-04-02,20142.53515625,20208.0390625,19978.775390625,20142.53515625,15756.7275390625,6701312,2026-08-06 16:24:45.638407
FPT.VN,2018-04-03,20044.279296875,20109.783203125,19946.0234375,20044.279296875,15679.8662109375,3483044,2026-08-06 16:24:45.638407
FPT.VN,2018-04-04,20306.296875,20568.3125,20175.287109375,20208.0390625,15807.97265625,7016193,2026-08-06 16:24:45.638407
FPT.VN,2018-04-05,20306.296875,20863.08203125,20142.53515625,20633.81640625,16141.0390625,8775317,2026-08-06 16:24:45.638407
FPT.VN,2018-04-06,21026.841796875,21059.59375,20535.560546875,20535.560546875,16064.177734375,11035173,2026-08-06 16:24:45.638407
FPT.VN,2018-04-09,20502.80859375,20830.330078125,20502.80859375,20764.826171875,16243.5234375,4586607,2026-08-06 16:24:45.638407
FPT.VN,2018-04-10,20830.330078125,21354.36328125,20797.578125,21092.345703125,16499.728515625,13709079,2026-08-06 16:24:45.638407
FPT.VN,2018-04-11,21223.35546875,21419.8671875,20633.81640625,20633.81640625,16141.0390625,10064670,2026-08-06 16:24:45.638407
FPT.VN,2018-04-12,20633.81640625,20830.330078125,20339.048828125,20830.330078125,16294.7666015625,4033666,2026-08-06 16:24:45.638407
FPT.VN,2018-04-13,20928.5859375,20928.5859375,20306.296875,20306.296875,15884.8369140625,6554421,2026-08-06 16:24:45.638407
FPT.VN,2018-04-16,20306.296875,20437.3046875,19946.0234375,20011.52734375,15654.2470703125,3606029,2026-08-06 16:24:45.638407
FPT.VN,2018-04-17,20142.53515625,20306.296875,19946.0234375,20306.296875,15884.8369140625,3374013,2026-08-06 16:24:45.638407
FPT.VN,2018-04-18,20404.552734375,20601.064453125,20273.544921875,20306.296875,15884.8369140625,3808123,2026-08-06 16:24:45.638407
FPT.VN,2018-04-19,20306.296875,20339.048828125,19880.51953125,19880.51953125,15551.7646484375,7258742,2026-08-06 16:24:45.638407
FPT.VN,2018-04-20,19978.775390625,20142.53515625,19749.509765625,20077.03125,15705.4931640625,2969428,2026-08-06 16:24:45.638407
FPT.VN,2018-04-23,20077.03125,20208.0390625,18734.1953125,18996.212890625,14860.0068359375,4462127,2026-08-06 16:24:45.638407
FPT.VN,2018-04-24,18799.69921875,19159.97265625,18373.921875,18472.1796875,14450.0751953125,5651120,2026-08-06 16:24:45.638407
FPT.VN,2018-04-25,18472.1796875,18472.1796875,18472.1796875,18472.1796875,14450.0751953125,0,2026-08-06 16:24:45.638407
FPT.VN,2018-04-26,18635.939453125,18897.95703125,18013.650390625,18013.650390625,14091.3837890625,6203603,2026-08-06 16:24:45.638407
FPT.VN,2018-04-27,18013.650390625,18799.69921875,17980.8984375,18668.69140625,14603.8017578125,4878192,2026-08-06 16:24:45.638407
FPT.VN,2018-04-30,18668.69140625,18668.69140625,18668.69140625,18668.69140625,14603.8017578125,0,2026-08-06 16:24:45.638407
FPT.VN,2018-05-01,18668.69140625,18668.69140625,18668.69140625,18668.69140625,14603.8017578125,0,2026-08-06 16:24:45.638407
FPT.VN,2018-05-02,18930.708984375,18996.212890625,18603.1875,18668.69140625,14603.8017578125,4183488,2026-08-06 16:24:45.638407
FPT.VN,2018-05-03,18603.1875,18996.212890625,18242.9140625,18996.212890625,14860.0068359375,6603700,2026-08-06 16:24:45.638407
FPT.VN,2018-05-04,19159.97265625,19323.734375,19061.716796875,19258.228515625,15064.96875,3575893,2026-08-06 16:24:45.638407
FPT.VN,2018-05-07,19258.228515625,19520.24609375,19192.724609375,19520.24609375,15269.935546875,2680867,2026-08-06 16:24:45.638407
FPT.VN,2018-05-08,19389.23828125,19520.24609375,19258.228515625,19323.734375,15116.212890625,3401950,2026-08-06 16:24:45.638407
FPT.VN,2018-05-09,19192.724609375,19356.486328125,19028.96484375,19127.220703125,14962.48828125,3067712,2026-08-06 16:24:45.638407
FPT.VN,2018-05-10,19127.220703125,19454.7421875,18996.212890625,19094.46875,14936.8662109375,4720706,2026-08-06 16:24:45.638407
FPT.VN,2018-05-11,18996.212890625,19487.494140625,18996.212890625,19487.494140625,15244.318359375,3571100,2026-08-06 16:24:45.638407
FPT.VN,2018-05-14,19684.005859375,20208.0390625,19520.24609375,20175.287109375,15782.3466796875,6144798,2026-08-06 16:24:45.638407
FPT.VN,2018-05-15,20306.296875,20306.296875,19978.775390625,20109.783203125,15731.1083984375,2780921,2026-08-06 16:24:45.638407
FPT.VN,2018-05-16,19978.775390625,20109.783203125,19815.015625,19815.015625,15500.5244140625,2054616,2026-08-06 16:24:45.638407
FPT.VN,2018-05-17,19782.263671875,20109.783203125,19782.263671875,19847.767578125,15526.1455078125,2197416,2026-08-06 16:24:45.638407
FPT.VN,2018-05-18,19847.767578125,19978.775390625,19258.228515625,19913.271484375,15577.3876953125,2991961,2026-08-06 16:24:45.638407
FPT.VN,2018-05-21,20044.279296875,20437.3046875,19978.775390625,19978.775390625,15628.6279296875,4530489,2026-08-06 16:24:45.638407
FPT.VN,2018-05-22,19978.775390625,20142.53515625,19487.494140625,19552.998046875,15295.5595703125,3363113,2026-08-06 16:24:45.638407
FPT.VN,2018-05-23,19651.25390625,19978.775390625,19487.494140625,19847.767578125,15526.1455078125,3288583,2026-08-06 16:24:45.638407
FPT.VN,2018-05-24,19946.0234375,20044.279296875,19487.494140625,19487.494140625,15244.318359375,3162118,2026-08-06 16:24:45.638407
FPT.VN,2018-05-25,19209.1015625,19209.1015625,18418.138671875,18418.138671875,14780.41796875,2093089,2026-08-06 16:24:45.638407
FPT.VN,2018-05-28,17777.833984375,18154.484375,17137.53125,17137.53125,13752.7392578125,5402828,2026-08-06 16:24:45.638407
FPT.VN,2018-05-29,17137.53125,18154.484375,16892.708984375,17853.1640625,14327.0283203125,6240557,2026-08-06 16:24:45.638407
FPT.VN,2018-05-30,17815.5,17815.5,17099.8671875,17118.69921875,13737.6259765625,4224038,2026-08-06 16:24:45.638407
FPT.VN,2018-05-31,16968.0390625,17589.509765625,16949.20703125,17325.85546875,13903.8671875,2933871,2026-08-06 16:24:45.638407
FPT.VN,2018-06-01,17325.85546875,17589.509765625,17212.861328125,17495.34765625,14039.8837890625,3428894,2026-08-06 16:24:45.638407
FPT.VN,2018-06-04,17514.1796875,17871.99609375,17457.68359375,17796.66796875,14281.6904296875,3055019,2026-08-06 16:24:45.638407
FPT.VN,2018-06-05,17890.830078125,18116.818359375,17777.833984375,18003.82421875,14447.93359375,3578264,2026-08-06 16:24:45.638407
FPT.VN,2018-06-06,18079.154296875,18267.478515625,17815.5,18267.478515625,14659.5107421875,2701560,2026-08-06 16:24:45.638407
FPT.VN,2018-06-07,18418.138671875,18418.138671875,17966.16015625,18003.82421875,14447.93359375,3022123,2026-08-06 16:24:45.638407
FPT.VN,2018-06-08,18041.48828125,18154.484375,17890.830078125,18060.322265625,14493.2734375,2790104,2026-08-06 16:24:45.638407
FPT.VN,2018-06-11,17984.9921875,18060.322265625,17890.830078125,17890.830078125,14357.25390625,1916611,2026-08-06 16:24:45.638407
FPT.VN,2018-06-12,17890.830078125,17890.830078125,17212.861328125,17438.8515625,13994.546875,3337855,2026-08-06 16:24:45.638407
FPT.VN,2018-06-13,17325.85546875,17664.83984375,17325.85546875,17627.17578125,14145.673828125,1200374,2026-08-06 16:24:45.638407
FPT.VN,2018-06-14,17702.505859375,17796.66796875,17551.845703125,17551.845703125,14085.2216796875,1222251,2026-08-06 16:24:45.638407
FPT.VN,2018-06-15,17438.8515625,17589.509765625,17420.017578125,17514.1796875,14054.9951171875,1173771,2026-08-06 16:24:45.638407
FPT.VN,2018-06-18,17664.83984375,17664.83984375,17099.8671875,17099.8671875,13722.513671875,1841661,2026-08-06 16:24:45.638407
FPT.VN,2018-06-19,16986.87109375,16986.87109375,16082.9140625,16760.8828125,13450.4814453125,5351188,2026-08-06 16:24:45.638407
FPT.VN,2018-06-20,16911.541015625,17099.8671875,16572.55859375,17099.8671875,13722.513671875,1727231,2026-08-06 16:24:45.638407
FPT.VN,2018-06-21,17099.8671875,17099.8671875,16610.22265625,16723.216796875,13420.255859375,928636,2026-08-06 16:24:45.638407
FPT.VN,2018-06-22,16685.552734375,16949.20703125,16534.892578125,16949.20703125,13601.611328125,996338,2026-08-06 16:24:45.638407
FPT.VN,2018-06-25,17099.8671875,17099.8671875,16911.541015625,16986.87109375,13631.8359375,1358134,2026-08-06 16:24:45.638407
FPT.VN,2018-06-26,16760.8828125,16873.876953125,16685.552734375,16760.8828125,13450.4814453125,639454,2026-08-06 16:24:45.638407
FPT.VN,2018-06-27,16911.541015625,16911.541015625,16666.720703125,16685.552734375,13390.0302734375,682306,2026-08-06 16:24:45.638407
FPT.VN,2018-06-28,16685.552734375,16685.552734375,16007.583984375,16007.583984375,12845.96484375,3120278,2026-08-06 16:24:45.638407
FPT.VN,2018-06-29,16007.583984375,16195.9091796875,15630.935546875,15630.935546875,12543.7060546875,2017209,2026-08-06 16:24:45.638407
FPT.VN,2018-07-02,15630.935546875,15781.5947265625,15065.9619140625,15141.291015625,12150.771484375,2599316,2026-08-06 16:24:45.638407
FPT.VN,2018-07-03,15141.291015625,15310.783203125,14689.3125,14689.3125,11788.060546875,3586973,2026-08-06 16:24:45.638407
FPT.VN,2018-07-04,14708.1455078125,15065.9619140625,14500.98828125,15065.9619140625,12090.3212890625,2602422,2026-08-06 16:24:45.638407
FPT.VN,2018-07-05,15065.9619140625,15103.626953125,14500.98828125,14877.63671875,11939.1884765625,1888336,2026-08-06 16:24:45.638407
FPT.VN,2018-07-06,14689.3125,15706.2646484375,14651.6474609375,15367.28125,12332.1259765625,2424697,2026-08-06 16:24:45.638407
FPT.VN,2018-07-09,15442.6103515625,15574.4375,14990.6318359375,15122.458984375,12135.66015625,1550302,2026-08-06 16:24:45.638407
FPT.VN,2018-07-10,15178.9560546875,15329.6162109375,15065.9619140625,15216.62109375,12211.2236328125,661358,2026-08-06 16:24:45.638407
FPT.VN,2018-07-11,14877.63671875,15065.9619140625,14538.6533203125,14764.642578125,11848.5126953125,2128692,2026-08-06 16:24:45.638407
FPT.VN,2018-07-12,14538.6533203125,14934.134765625,14500.98828125,14613.982421875,11727.6103515625,1817288,2026-08-06 16:24:45.638407
FPT.VN,2018-07-13,14877.63671875,15367.28125,14802.3076171875,15291.951171875,12271.6767578125,2815937,2026-08-06 16:24:45.638407
FPT.VN,2018-07-16,15480.275390625,15630.935546875,15310.783203125,15404.9462890625,12362.3515625,1713080,2026-08-06 16:24:45.638407
FPT.VN,2018-07-17,15329.6162109375,15781.5947265625,15273.1181640625,15781.5947265625,12664.6103515625,3444745,2026-08-06 16:24:45.638407
FPT.VN,2018-07-18,15819.259765625,16158.244140625,15781.5947265625,16158.244140625,12966.8681640625,2910083,2026-08-06 16:24:45.638407
FPT.VN,2018-07-19,15894.58984375,16158.244140625,15894.58984375,16007.583984375,12845.96484375,1999606,2026-08-06 16:24:45.638407
FPT.VN,2018-07-20,15932.2548828125,15932.2548828125,15536.7734375,15668.6005859375,12573.931640625,2260327,2026-08-06 16:24:45.638407
FPT.VN,2018-07-23,15894.58984375,16082.9140625,15762.7626953125,15819.259765625,12694.8359375,2951554,2026-08-06 16:24:45.638407
FPT.VN,2018-07-24,15819.259765625,15819.259765625,15819.259765625,15819.259765625,12694.8359375,0,2026-08-06 16:24:45.638407
FPT.VN,2018-07-25,15932.2548828125,16497.228515625,15894.58984375,15969.9189453125,12815.740234375,3520598,2026-08-06 16:24:45.638407
FPT.VN,2018-07-26,16082.9140625,16195.9091796875,15856.9248046875,16026.4169921875,12861.0791015625,1905328,2026-08-06 16:24:45.638407
FPT.VN,2018-07-27,16158.244140625,16534.892578125,16026.4169921875,16308.9033203125,13087.7705078125,3429824,2026-08-06 16:24:45.638407
FPT.VN,2018-07-30,16346.568359375,16384.232421875,16271.23828125,16308.9033203125,13087.7705078125,3178608,2026-08-06 16:24:45.638407
FPT.VN,2018-07-31,16308.9033203125,16384.232421875,16120.5791015625,16120.5791015625,12936.6435546875,4224649,2026-08-06 16:24:45.638407
FPT.VN,2018-08-01,16082.9140625,16214.7412109375,15781.5947265625,15819.259765625,12694.8359375,6455479,2026-08-06 16:24:45.638407
FPT.VN,2018-08-02,15819.259765625,16082.9140625,15668.6005859375,16082.9140625,12906.4150390625,1929408,2026-08-06 16:24:45.638407
FPT.VN,2018-08-03,16195.9091796875,16233.5732421875,15969.9189453125,16045.2490234375,12876.19140625,1911169,2026-08-06 16:24:45.638407
FPT.VN,2018-08-06,15969.9189453125,16082.9140625,15913.421875,15913.421875,12770.4013671875,929326,2026-08-06 16:24:45.638407
FPT.VN,2018-08-07,15932.2548828125,15932.2548828125,15725.09765625,15800.427734375,12679.72265625,1714620,2026-08-06 16:24:45.638407
FPT.VN,2018-08-08,15800.427734375,16045.2490234375,15781.5947265625,16007.583984375,12845.96484375,2028466,2026-08-06 16:24:45.638407
FPT.VN,2018-08-09,16195.9091796875,16271.23828125,16026.4169921875,16120.5791015625,12936.6435546875,3272861,2026-08-06 16:24:45.638407
FPT.VN,2018-08-10,16120.5791015625,16365.400390625,16082.9140625,16233.5732421875,13027.318359375,2116745,2026-08-06 16:24:45.638407
FPT.VN,2018-08-13,16233.5732421875,16459.5625,16233.5732421875,16365.400390625,13133.1103515625,2757898,2026-08-06 16:24:45.638407
FPT.VN,2018-08-14,16478.396484375,16704.384765625,16421.8984375,16685.552734375,13390.0302734375,4251464,2026-08-06 16:24:45.638407
FPT.VN,2018-08-15,16685.552734375,16836.212890625,16459.5625,16497.228515625,13238.90234375,4402188,2026-08-06 16:24:45.638407
FPT.VN,2018-08-16,16158.244140625,16195.9091796875,15988.751953125,16195.9091796875,13300.7626953125,3660118,2026-08-06 16:24:45.638407
FPT.VN,2018-08-17,16271.23828125,16384.232421875,16195.9091796875,16384.232421875,13455.423828125,2463964,2026-08-06 16:24:45.638407
FPT.VN,2018-08-20,16384.232421875,16685.552734375,16252.40625,16459.5625,13517.287109375,2536233,2026-08-06 16:24:45.638407
FPT.VN,2018-08-21,16421.8984375,16497.228515625,16346.568359375,16459.5625,13517.287109375,1912841,2026-08-06 16:24:45.638407
FPT.VN,2018-08-22,16478.396484375,16685.552734375,16459.5625,16591.390625,13625.55078125,3060408,2026-08-06 16:24:45.638407
FPT.VN,2018-08-23,16610.22265625,16760.8828125,16610.22265625,16723.216796875,13733.8125,2667947,2026-08-06 16:24:45.638407
FPT.VN,2018-08-24,16723.216796875,16760.8828125,16534.892578125,16742.05078125,13749.279296875,1671954,2026-08-06 16:24:45.638407
FPT.VN,2018-08-27,16685.552734375,16760.8828125,16647.88671875,16723.216796875,13733.8125,2145604,2026-08-06 16:24:45.638407
FPT.VN,2018-08-28,16685.552734375,16742.05078125,16591.390625,16647.88671875,13671.9453125,2415298,2026-08-06 16:24:45.638407
FPT.VN,2018-08-29,16629.0546875,16723.216796875,16553.724609375,16647.88671875,13671.9453125,2058600,2026-08-06 16:24:45.638407
FPT.VN,2018-08-30,16647.88671875,16647.88671875,16553.724609375,16629.0546875,13656.482421875,1678405,2026-08-06 16:24:45.638407
FPT.VN,2018-08-31,16629.0546875,16911.541015625,16610.22265625,16647.88671875,13671.9453125,2727419,2026-08-06 16:24:45.638407
FPT.VN,2018-09-03,16647.88671875,16647.88671875,16647.88671875,16647.88671875,13671.9453125,0,2026-08-06 16:24:45.638407
FPT.VN,2018-09-04,16610.22265625,16836.212890625,16572.55859375,16610.22265625,13641.0166015625,1684326,2026-08-06 16:24:45.638407
FPT.VN,2018-09-05,16591.390625,16647.88671875,16195.9091796875,16308.9033203125,13393.5615234375,2239379,2026-08-06 16:24:45.638407
FPT.VN,2018-09-06,16233.5732421875,16308.9033203125,15951.0869140625,15951.0869140625,13099.7060546875,3202424,2026-08-06 16:24:45.638407
FPT.VN,2018-09-07,16007.583984375,16195.9091796875,15951.0869140625,16195.9091796875,13300.7626953125,1350780,2026-08-06 16:24:45.638407
FPT.VN,2018-09-10,16271.23828125,16271.23828125,16026.4169921875,16026.4169921875,13161.572265625,975125,2026-08-06 16:24:45.638407
FPT.VN,2018-09-11,16026.4169921875,16271.23828125,16026.4169921875,16252.40625,13347.16015625,1492848,2026-08-06 16:24:45.638407
FPT.VN,2018-09-12,16384.232421875,16459.5625,16214.7412109375,16214.7412109375,13316.23046875,1267758,2026-08-06 16:24:45.638407
FPT.VN,2018-09-13,16459.5625,16534.892578125,16271.23828125,16346.568359375,13424.4921875,1715575,2026-08-06 16:24:45.638407
FPT.VN,2018-09-14,16421.8984375,16836.212890625,16421.8984375,16779.71484375,13780.2109375,7361388,2026-08-06 16:24:45.638407
FPT.VN,2018-09-17,16760.8828125,16760.8828125,16610.22265625,16610.22265625,13641.0166015625,1499565,2026-08-06 16:24:45.638407
FPT.VN,2018-09-18,16459.5625,16873.876953125,16459.5625,16873.876953125,13857.541015625,2123090,2026-08-06 16:24:45.638407
FPT.VN,2018-09-19,16949.20703125,17194.029296875,16873.876953125,17118.69921875,14058.599609375,3589707,2026-08-06 16:24:45.638407
FPT.VN,2018-09-20,16968.0390625,17401.185546875,16968.0390625,17288.19140625,14197.791015625,2990210,2026-08-06 16:24:45.638407
FPT.VN,2018-09-21,17344.6875,17344.6875,17024.537109375,17288.19140625,14197.791015625,3523890,2026-08-06 16:24:45.638407
FPT.VN,2018-09-24,17288.19140625,17514.1796875,17250.525390625,17363.521484375,14259.658203125,2631601,2026-08-06 16:24:45.638407
FPT.VN,2018-09-25,17325.85546875,17363.521484375,17250.525390625,17288.19140625,14197.791015625,1982030,2026-08-06 16:24:45.638407
FPT.VN,2018-09-26,17325.85546875,17627.17578125,17269.359375,17344.6875,14244.1884765625,2731826,2026-08-06 16:24:45.638407
FPT.VN,2018-09-27,17344.6875,17514.1796875,17344.6875,17401.185546875,14290.5859375,1993341,2026-08-06 16:24:45.638407
FPT.VN,2018-09-28,17514.1796875,17514.1796875,17420.017578125,17438.8515625,14321.5205078125,1486237,2026-08-06 16:24:45.638407
FPT.VN,2018-10-01,17438.8515625,17495.34765625,17307.0234375,17325.85546875,14228.7216796875,1379958,2026-08-06 16:24:45.638407
FPT.VN,2018-10-02,17269.359375,17325.85546875,17043.369140625,17062.201171875,14012.2021484375,2269115,2026-08-06 16:24:45.638407
FPT.VN,2018-10-03,17062.201171875,17212.861328125,17043.369140625,17137.53125,14074.0634765625,990471,2026-08-06 16:24:45.638407
FPT.VN,2018-10-04,17137.53125,17325.85546875,17099.8671875,17269.359375,14182.326171875,1251244,2026-08-06 16:24:45.638407
FPT.VN,2018-10-05,17307.0234375,17325.85546875,17156.36328125,17175.197265625,14104.998046875,1349930,2026-08-06 16:24:45.638407
FPT.VN,2018-10-08,17137.53125,17137.53125,16949.20703125,16949.20703125,13919.404296875,1358851,2026-08-06 16:24:45.638407
FPT.VN,2018-10-09,16949.20703125,17005.705078125,16836.212890625,16836.212890625,13826.609375,1060509,2026-08-06 16:24:45.638407
FPT.VN,2018-10-10,16836.212890625,17099.8671875,16836.212890625,17062.201171875,14012.2021484375,1847051,2026-08-06 16:24:45.638407
FPT.VN,2018-10-11,16572.55859375,16723.216796875,15932.2548828125,16082.9140625,13207.9677734375,5782385,2026-08-06 16:24:45.638407
FPT.VN,2018-10-12,16007.583984375,16572.55859375,15706.2646484375,16497.228515625,13548.220703125,3658418,2026-08-06 16:24:45.638407
FPT.VN,2018-10-15,16497.228515625,16572.55859375,16195.9091796875,16195.9091796875,13300.7626953125,1315946,2026-08-06 16:24:45.638407
FPT.VN,2018-10-16,16384.232421875,16384.232421875,16082.9140625,16290.0712890625,13378.0947265625,1602844,2026-08-06 16:24:45.638407
FPT.VN,2018-10-17,16497.228515625,16572.55859375,16384.232421875,16421.8984375,13486.357421875,1259315,2026-08-06 16:24:45.638407
FPT.VN,2018-10-18,16459.5625,16572.55859375,16346.568359375,16421.8984375,13486.357421875,1886716,2026-08-06 16:24:45.638407
FPT.VN,2018-10-19,16195.9091796875,16384.232421875,16158.244140625,16195.9091796875,13300.7626953125,2456982,2026-08-06 16:24:45.638407
FPT.VN,2018-10-22,16346.568359375,16459.5625,16233.5732421875,16252.40625,13347.16015625,1139947,2026-08-06 16:24:45.638407
FPT.VN,2018-10-23,16252.40625,16252.40625,15668.6005859375,15894.58984375,13053.3056640625,3055496,2026-08-06 16:24:45.638407
FPT.VN,2018-10-24,15838.091796875,16026.4169921875,15743.9296875,15743.9296875,12929.580078125,1493114,2026-08-06 16:24:45.638407
FPT.VN,2018-10-25,15065.9619140625,15555.60546875,15065.9619140625,15461.443359375,12697.591796875,2011766,2026-08-06 16:24:45.638407
FPT.VN,2018-10-26,15630.935546875,15725.09765625,15367.28125,15367.28125,12620.259765625,2441981,2026-08-06 16:24:45.638407
FPT.VN,2018-10-29,15254.2861328125,15612.1025390625,15254.2861328125,15442.6103515625,12682.1240234375,1227614,2026-08-06 16:24:45.638407
FPT.VN,2018-10-30,15480.275390625,15743.9296875,15386.11328125,15442.6103515625,12682.1240234375,1201728,2026-08-06 16:24:45.638407
FPT.VN,2018-10-31,15725.09765625,15819.259765625,15555.60546875,15800.427734375,12975.9775390625,863243,2026-08-06 16:24:45.638407
FPT.VN,2018-11-01,15838.091796875,15969.9189453125,15781.5947265625,15781.5947265625,12960.51171875,1247208,2026-08-06 16:24:45.638407
FPT.VN,2018-11-02,15951.0869140625,16195.9091796875,15838.091796875,16158.244140625,13269.83203125,1576560,2026-08-06 16:24:45.638407
FPT.VN,2018-11-05,16045.2490234375,16195.9091796875,15894.58984375,16026.4169921875,13161.572265625,705218,2026-08-06 16:24:45.638407
FPT.VN,2018-11-06,16082.9140625,16101.74609375,15856.9248046875,15875.7568359375,13037.841796875,1250315,2026-08-06 16:24:45.638407
FPT.VN,2018-11-07,15875.7568359375,16007.583984375,15687.4326171875,15762.7626953125,12945.0458984375,1315707,2026-08-06 16:24:45.638407
FPT.VN,2018-11-08,15913.421875,15969.9189453125,15800.427734375,15875.7568359375,13037.841796875,934902,2026-08-06 16:24:45.638407
FPT.VN,2018-11-09,15743.9296875,15856.9248046875,15517.9404296875,15536.7734375,12759.455078125,1686238,2026-08-06 16:24:45.638407
FPT.VN,2018-11-12,15517.9404296875,15800.427734375,15499.1083984375,15800.427734375,12975.9775390625,725104,2026-08-06 16:24:45.638407
FPT.VN,2018-11-13,15517.9404296875,15725.09765625,15517.9404296875,15687.4326171875,12883.1787109375,1162965,2026-08-06 16:24:45.638407
FPT.VN,2018-11-14,15781.5947265625,15913.421875,15668.6005859375,15913.421875,13068.7734375,1997721,2026-08-06 16:24:45.638407
FPT.VN,2018-11-15,15819.259765625,15969.9189453125,15706.2646484375,15894.58984375,13053.3056640625,1324283,2026-08-06 16:24:45.638407
FPT.VN,2018-11-16,16007.583984375,16158.244140625,15913.421875,16101.74609375,13223.4345703125,1698955,2026-08-06 16:24:45.638407
FPT.VN,2018-11-19,16195.9091796875,16271.23828125,16120.5791015625,16252.40625,13347.16015625,1051429,2026-08-06 16:24:45.638407
FPT.VN,2018-11-20,16271.23828125,16346.568359375,16139.4111328125,16346.568359375,13424.4921875,1460617,2026-08-06 16:24:45.638407
FPT.VN,2018-11-21,16120.5791015625,16346.568359375,16082.9140625,16346.568359375,13424.4921875,1362966,2026-08-06 16:24:45.638407
FPT.VN,2018-11-22,16346.568359375,16421.8984375,16290.0712890625,16346.568359375,13424.4921875,858358,2026-08-06 16:24:45.638407
FPT.VN,2018-11-23,16233.5732421875,16365.400390625,16195.9091796875,16214.7412109375,13316.23046875,918786,2026-08-06 16:24:45.638407
FPT.VN,2018-11-26,16214.7412109375,16214.7412109375,15988.751953125,15988.751953125,13130.63671875,1283608,2026-08-06 16:24:45.638407
FPT.VN,2018-11-27,16158.244140625,16158.244140625,16007.583984375,16101.74609375,13223.4345703125,907130,2026-08-06 16:24:45.638407
FPT.VN,2018-11-28,16101.74609375,16139.4111328125,16026.4169921875,16120.5791015625,13238.900390625,680315,2026-08-06 16:24:45.638407
FPT.VN,2018-11-29,16308.9033203125,16384.232421875,16158.244140625,16158.244140625,13269.83203125,1390180,2026-08-06 16:24:45.638407
FPT.VN,2018-11-30,16158.244140625,16177.076171875,16064.08203125,16158.244140625,13269.83203125,859633,2026-08-06 16:24:45.638407
FPT.VN,2018-12-03,16271.23828125,16911.541015625,16271.23828125,16911.541015625,13888.4716796875,3017026,2026-08-06 16:24:45.638407
FPT.VN,2018-12-04,16911.541015625,17137.53125,16855.044921875,16930.375,13903.9375,2684647,2026-08-06 16:24:45.638407
FPT.VN,2018-12-05,16742.05078125,16930.375,16723.216796875,16798.546875,13795.6767578125,1608606,2026-08-06 16:24:45.638407
FPT.VN,2018-12-06,16760.8828125,16873.876953125,16591.390625,16723.216796875,13733.8125,1285334,2026-08-06 16:24:45.638407
FPT.VN,2018-12-07,16798.546875,17081.033203125,16798.546875,16986.87109375,13950.3369140625,2026209,2026-08-06 16:24:45.638407
FPT.VN,2018-12-10,16873.876953125,16949.20703125,16647.88671875,16647.88671875,13671.9453125,1845192,2026-08-06 16:24:45.638407
FPT.VN,2018-12-11,16685.552734375,16760.8828125,16534.892578125,16591.390625,13625.55078125,1016065,2026-08-06 16:24:45.638407
FPT.VN,2018-12-12,16591.390625,16591.390625,16591.390625,16591.390625,13625.55078125,0,2026-08-06 16:24:45.638407
FPT.VN,2018-12-13,16930.375,17043.369140625,16760.8828125,16798.546875,13795.6767578125,2072406,2026-08-06 16:24:45.638407
FPT.VN,2018-12-14,16798.546875,16873.876953125,16610.22265625,16629.0546875,13656.482421875,2091920,2026-08-06 16:24:45.638407
FPT.VN,2018-12-17,16610.22265625,16610.22265625,16195.9091796875,16195.9091796875,13300.7626953125,2064627,2026-08-06 16:24:45.638407
FPT.VN,2018-12-18,15951.0869140625,16120.5791015625,15762.7626953125,15819.259765625,12991.4443359375,2988617,2026-08-06 16:24:45.638407
FPT.VN,2018-12-19,15819.259765625,16045.2490234375,15762.7626953125,15856.9248046875,13022.3779296875,1252040,2026-08-06 16:24:45.638407
FPT.VN,2018-12-20,15932.2548828125,15969.9189453125,15838.091796875,15838.091796875,13006.908203125,1224508,2026-08-06 16:24:45.638407
FPT.VN,2018-12-21,15781.5947265625,16007.583984375,15781.5947265625,16007.583984375,13146.1025390625,1204861,2026-08-06 16:24:45.638407
FPT.VN,2018-12-24,16045.2490234375,16120.5791015625,15819.259765625,15819.259765625,12991.4443359375,564265,2026-08-06 16:24:45.638407
FPT.VN,2018-12-25,15593.2705078125,15630.935546875,15442.6103515625,15630.935546875,12836.783203125,1944276,2026-08-06 16:24:45.638407
FPT.VN,2018-12-26,15630.935546875,15762.7626953125,15593.2705078125,15593.2705078125,12805.8515625,885678,2026-08-06 16:24:45.638407
FPT.VN,2018-12-27,15856.9248046875,15913.421875,15743.9296875,15743.9296875,12929.580078125,1207649,2026-08-06 16:24:45.638407
FPT.VN,2018-12-28,15838.091796875,15894.58984375,15743.9296875,15894.58984375,13053.3056640625,1027933,2026-08-06 16:24:45.638407
FPT.VN,2018-12-31,15894.58984375,15894.58984375,15894.58984375,15894.58984375,13053.3056640625,0,2026-08-06 16:24:45.638407
FPT.VN,2019-01-01,15894.58984375,15894.58984375,15894.58984375,15894.58984375,13053.3056640625,0,2026-08-06 16:24:45.638407
FPT.VN,2019-01-02,15743.9296875,15875.7568359375,15499.1083984375,15517.9404296875,12743.9873046875,1218959,2026-08-06 16:24:45.638407
FPT.VN,2019-01-03,15612.1025390625,15612.1025390625,15329.6162109375,15367.28125,12620.259765625,1902566,2026-08-06 16:24:45.638407
FPT.VN,2019-01-04,15291.951171875,15612.1025390625,15254.2861328125,15480.275390625,12713.056640625,845800,2026-08-06 16:24:45.638407
FPT.VN,2019-01-07,15743.9296875,15856.9248046875,15668.6005859375,15743.9296875,12929.580078125,1084484,2026-08-06 16:24:45.638407
FPT.VN,2019-01-08,15743.9296875,15819.259765625,15706.2646484375,15819.259765625,12991.4443359375,784974,2026-08-06 16:24:45.638407
FPT.VN,2019-01-09,15856.9248046875,16045.2490234375,15781.5947265625,15969.9189453125,13115.1708984375,820498,2026-08-06 16:24:45.638407
FPT.VN,2019-01-10,15969.9189453125,16026.4169921875,15875.7568359375,15875.7568359375,13037.841796875,550459,2026-08-06 16:24:45.638407
FPT.VN,2019-01-11,15969.9189453125,16026.4169921875,15838.091796875,15894.58984375,13053.3056640625,1582613,2026-08-06 16:24:45.638407
FPT.VN,2019-01-14,15932.2548828125,16045.2490234375,15819.259765625,16007.583984375,13146.1025390625,1057748,2026-08-06 16:24:45.638407
FPT.VN,2019-01-15,15932.2548828125,16120.5791015625,15932.2548828125,16120.5791015625,13238.900390625,901316,2026-08-06 16:24:45.638407
FPT.VN,2019-01-16,16195.9091796875,16195.9091796875,16026.4169921875,16026.4169921875,13161.572265625,495394,2026-08-06 16:24:45.638407
FPT.VN,2019-01-17,16007.583984375,16101.74609375,15819.259765625,15819.259765625,12991.4443359375,1008286,2026-08-06 16:24:45.638407
FPT.VN,2019-01-18,15856.9248046875,16007.583984375,15819.259765625,15819.259765625,12991.4443359375,603081,2026-08-06 16:24:45.638407
FPT.VN,2019-01-21,15894.58984375,16120.5791015625,15894.58984375,16007.583984375,13146.1025390625,657906,2026-08-06 16:24:45.638407
FPT.VN,2019-01-22,16007.583984375,16101.74609375,15951.0869140625,15951.0869140625,13099.7060546875,375628,2026-08-06 16:24:45.638407
FPT.VN,2019-01-23,15932.2548828125,15969.9189453125,15875.7568359375,15951.0869140625,13099.7060546875,513634,2026-08-06 16:24:45.638407
FPT.VN,2019-01-24,15969.9189453125,16045.2490234375,15951.0869140625,15988.751953125,13130.63671875,622515,2026-08-06 16:24:45.638407
FPT.VN,2019-01-25,15969.9189453125,16045.2490234375,15932.2548828125,15969.9189453125,13115.1708984375,566761,2026-08-06 16:24:45.638407
FPT.VN,2019-01-28,16007.583984375,16007.583984375,15856.9248046875,15856.9248046875,13022.3779296875,574354,2026-08-06 16:24:45.638407
FPT.VN,2019-01-29,15969.9189453125,16007.583984375,15819.259765625,16007.583984375,13146.1025390625,1143186,2026-08-06 16:24:45.638407
FPT.VN,2019-01-30,16007.583984375,16346.568359375,15969.9189453125,16271.23828125,13362.6279296875,1829979,2026-08-06 16:24:45.638407
FPT.VN,2019-01-31,16308.9033203125,16346.568359375,16158.244140625,16271.23828125,13362.6279296875,1373320,2026-08-06 16:24:45.638407
FPT.VN,2019-02-01,16271.23828125,16271.23828125,15630.935546875,16045.2490234375,13177.0361328125,1592702,2026-08-06 16:24:45.638407
FPT.VN,2019-02-04,16045.2490234375,16045.2490234375,16045.2490234375,16045.2490234375,13177.0361328125,0,2026-08-06 16:24:45.638407
FPT.VN,2019-02-05,16045.2490234375,16045.2490234375,16045.2490234375,16045.2490234375,13177.0361328125,0,2026-08-06 16:24:45.638407
FPT.VN,2019-02-06,16045.2490234375,16045.2490234375,16045.2490234375,16045.2490234375,13177.0361328125,0,2026-08-06 16:24:45.638407
FPT.VN,2019-02-07,16045.2490234375,16045.2490234375,16045.2490234375,16045.2490234375,13177.0361328125,0,2026-08-06 16:24:45.638407
FPT.VN,2019-02-08,16045.2490234375,16045.2490234375,16045.2490234375,16045.2490234375,13177.0361328125,0,2026-08-06 16:24:45.638407
FPT.VN,2019-02-11,16195.9091796875,16685.552734375,16082.9140625,16629.0546875,13656.482421875,2656133,2026-08-06 16:24:45.638407
FPT.VN,2019-02-12,16572.55859375,16798.546875,16534.892578125,16534.892578125,13579.15234375,1862662,2026-08-06 16:24:45.638407
FPT.VN,2019-02-13,16572.55859375,16949.20703125,16572.55859375,16779.71484375,13780.2109375,2987847,2026-08-06 16:24:45.638407
FPT.VN,2019-02-14,16817.37890625,16911.541015625,16666.720703125,16666.720703125,13687.4150390625,1638076,2026-08-06 16:24:45.638407
FPT.VN,2019-02-15,16666.720703125,16742.05078125,16572.55859375,16647.88671875,13671.9453125,1718390,2026-08-06 16:24:45.638407
FPT.VN,2019-02-18,16647.88671875,16647.88671875,16647.88671875,16647.88671875,13671.9453125,0,2026-08-06 16:24:45.638407
FPT.VN,2019-02-19,16836.212890625,17005.705078125,16685.552734375,16723.216796875,13733.8125,3905173,2026-08-06 16:24:45.638407
FPT.VN,2019-02-20,16685.552734375,16968.0390625,16685.552734375,16892.708984375,13873.00390625,1325982,2026-08-06 16:24:45.638407
FPT.VN,2019-02-21,16836.212890625,16911.541015625,16685.552734375,16873.876953125,13857.541015625,1991110,2026-08-06 16:24:45.638407
FPT.VN,2019-02-22,16873.876953125,17099.8671875,16723.216796875,17024.537109375,13981.26953125,3302066,2026-08-06 16:24:45.638407
FPT.VN,2019-02-25,17156.36328125,17401.185546875,17118.69921875,17137.53125,14074.0634765625,2717808,2026-08-06 16:24:45.638407
FPT.VN,2019-02-26,17175.197265625,17175.197265625,16949.20703125,17024.537109375,13981.26953125,1760843,2026-08-06 16:24:45.638407
FPT.VN,2019-02-27,17024.537109375,17118.69921875,16911.541015625,16986.87109375,13950.3369140625,1289396,2026-08-06 16:24:45.638407
FPT.VN,2019-02-28,16986.87109375,16986.87109375,16647.88671875,16647.88671875,13671.9453125,3643152,2026-08-06 16:24:45.638407
FPT.VN,2019-03-01,16779.71484375,16798.546875,16629.0546875,16798.546875,13795.6767578125,1568515,2026-08-06 16:24:45.638407
FPT.VN,2019-03-04,16798.546875,17024.537109375,16798.546875,16949.20703125,13919.404296875,2141967,2026-08-06 16:24:45.638407
FPT.VN,2019-03-05,16949.20703125,17024.537109375,16873.876953125,16911.541015625,13888.4716796875,2188509,2026-08-06 16:24:45.638407
FPT.VN,2019-03-06,16930.375,16986.87109375,16742.05078125,16798.546875,13795.6767578125,1845829,2026-08-06 16:24:45.638407
FPT.VN,2019-03-07,16798.546875,16949.20703125,16798.546875,16855.044921875,13842.076171875,993869,2026-08-06 16:24:45.638407
FPT.VN,2019-03-08,16855.044921875,16855.044921875,16855.044921875,16855.044921875,13842.076171875,0,2026-08-06 16:24:45.638407
FPT.VN,2019-03-11,16817.37890625,16892.708984375,16742.05078125,16760.8828125,13764.7451171875,967797,2026-08-06 16:24:45.638407
FPT.VN,2019-03-12,16855.044921875,17514.1796875,16855.044921875,17514.1796875,14383.3818359375,5126443,2026-08-06 16:24:45.638407
FPT.VN,2019-03-13,17514.1796875,17589.509765625,17401.185546875,17401.185546875,14290.5859375,2660009,2026-08-06 16:24:45.638407
FPT.VN,2019-03-14,17401.185546875,17514.1796875,17325.85546875,17420.017578125,14306.0517578125,1416384,2026-08-06 16:24:45.638407
FPT.VN,2019-03-15,17420.017578125,17438.8515625,17231.693359375,17325.85546875,14228.7216796875,2766076,2026-08-06 16:24:45.638407
FPT.VN,2019-03-18,17438.8515625,17495.34765625,17307.0234375,17401.185546875,14290.5859375,2639273,2026-08-06 16:24:45.638407
FPT.VN,2019-03-19,17401.185546875,17438.8515625,17212.861328125,17212.861328125,14135.927734375,2428573,2026-08-06 16:24:45.638407
FPT.VN,2019-03-20,17175.197265625,17288.19140625,17043.369140625,17118.69921875,14058.599609375,2116745,2026-08-06 16:24:45.638407
FPT.VN,2019-03-21,17250.525390625,17250.525390625,16986.87109375,16986.87109375,13950.3369140625,2192332,2026-08-06 16:24:45.638407
FPT.VN,2019-03-22,16986.87109375,17099.8671875,16968.0390625,16968.0390625,13934.8701171875,1825811,2026-08-06 16:24:45.638407
FPT.VN,2019-03-25,16647.88671875,16949.20703125,16647.88671875,16723.216796875,13733.8125,1681990,2026-08-06 16:24:45.638407
FPT.VN,2019-03-26,16949.20703125,16949.20703125,16760.8828125,16855.044921875,13842.076171875,1025145,2026-08-06 16:24:45.638407
FPT.VN,2019-03-27,16873.876953125,16986.87109375,16873.876953125,16949.20703125,13919.404296875,1563896,2026-08-06 16:24:45.638407
FPT.VN,2019-03-28,16855.044921875,17081.033203125,16855.044921875,17005.705078125,13965.8046875,962062,2026-08-06 16:24:45.638407
FPT.VN,2019-03-29,17175.197265625,17175.197265625,17062.201171875,17137.53125,14074.0634765625,1186117,2026-08-06 16:24:45.638407
FPT.VN,2019-04-01,17288.19140625,17288.19140625,17137.53125,17250.525390625,14166.861328125,869509,2026-08-06 16:24:45.638407
FPT.VN,2019-04-02,17250.525390625,17589.509765625,17250.525390625,17325.85546875,14228.7216796875,3596132,2026-08-06 16:24:45.638407
FPT.VN,2019-04-03,17476.515625,17777.833984375,17325.85546875,17777.833984375,14599.908203125,2745526,2026-08-06 16:24:45.638407
FPT.VN,2019-04-04,17890.830078125,18154.484375,17796.66796875,18003.82421875,14785.5009765625,4556310,2026-08-06 16:24:45.638407
FPT.VN,2019-04-05,18003.82421875,18041.48828125,17871.99609375,18003.82421875,14785.5009765625,1633350,2026-08-06 16:24:45.638407
FPT.VN,2019-04-08,17947.326171875,18079.154296875,17871.99609375,18003.82421875,14785.5009765625,1201808,2026-08-06 16:24:45.638407
FPT.VN,2019-04-09,18003.82421875,18267.478515625,17815.5,17815.5,14630.8408203125,2686001,2026-08-06 16:24:45.638407
FPT.VN,2019-04-10,17702.505859375,17815.5,17608.341796875,17664.83984375,14507.111328125,1941064,2026-08-06 16:24:45.638407
FPT.VN,2019-04-11,17664.83984375,17890.830078125,17646.0078125,17702.505859375,14538.04296875,955557,2026-08-06 16:24:45.638407
FPT.VN,2019-04-12,17646.0078125,18229.814453125,17646.0078125,18154.484375,14909.228515625,2323356,2026-08-06 16:24:45.638407
FPT.VN,2019-04-15,18154.484375,18154.484375,18154.484375,18154.484375,14909.228515625,0,2026-08-06 16:24:45.638407
FPT.VN,2019-04-16,17890.830078125,18154.484375,17890.830078125,18041.48828125,14816.4306640625,2408077,2026-08-06 16:24:45.638407
FPT.VN,2019-04-17,18192.1484375,18644.126953125,18154.484375,18267.478515625,15002.0244140625,5202535,2026-08-06 16:24:45.638407
FPT.VN,2019-04-18,18267.478515625,18549.96484375,18097.986328125,18267.478515625,15002.0244140625,2591085,2026-08-06 16:24:45.638407
FPT.VN,2019-04-19,18342.80859375,18418.138671875,18229.814453125,18248.646484375,14986.55859375,1205313,2026-08-06 16:24:45.638407
FPT.VN,2019-04-22,18267.478515625,18267.478515625,18003.82421875,18041.48828125,14816.4306640625,2193261,2026-08-06 16:24:45.638407
FPT.VN,2019-04-23,18041.48828125,18248.646484375,17890.830078125,18041.48828125,14816.4306640625,1458652,2026-08-06 16:24:45.638407
FPT.VN,2019-04-24,18267.478515625,18323.9765625,18116.818359375,18286.310546875,15017.4892578125,2270362,2026-08-06 16:24:45.638407
FPT.VN,2019-04-25,18267.478515625,18512.30078125,18248.646484375,18380.47265625,15094.8203125,2577094,2026-08-06 16:24:45.638407
FPT.VN,2019-04-26,18418.138671875,18738.2890625,18380.47265625,18662.9609375,15326.810546875,2296434,2026-08-06 16:24:45.638407
FPT.VN,2019-04-29,18662.9609375,18662.9609375,18662.9609375,18662.9609375,15326.810546875,0,2026-08-06 16:24:45.638407
FPT.VN,2019-04-30,18662.9609375,18662.9609375,18662.9609375,18662.9609375,15326.810546875,0,2026-08-06 16:24:45.638407
FPT.VN,2019-05-01,18662.9609375,18662.9609375,18662.9609375,18662.9609375,15326.810546875,0,2026-08-06 16:24:45.638407
FPT.VN,2019-05-02,18757.123046875,18907.78125,18700.625,18775.955078125,15419.607421875,2349720,2026-08-06 16:24:45.638407
FPT.VN,2019-05-03,18794.787109375,18832.451171875,18681.79296875,18832.451171875,15466.005859375,2813149,2026-08-06 16:24:45.638407
FPT.VN,2019-05-06,18455.802734375,18606.462890625,18248.646484375,18361.640625,15079.35546875,3863384,2026-08-06 16:24:45.638407
FPT.VN,2019-05-07,18493.46875,18719.45703125,18474.634765625,18719.45703125,15373.2080078125,2906897,2026-08-06 16:24:45.638407
FPT.VN,2019-05-08,18568.796875,18719.45703125,18455.802734375,18700.625,15357.7421875,2546189,2026-08-06 16:24:45.638407
FPT.VN,2019-05-09,18681.79296875,18700.625,18305.142578125,18305.142578125,15032.955078125,2285788,2026-08-06 16:24:45.638407
FPT.VN,2019-05-10,18455.802734375,18549.96484375,18361.640625,18455.802734375,15156.68359375,2728879,2026-08-06 16:24:45.638407
FPT.VN,2019-05-13,18455.802734375,18757.123046875,18455.802734375,18644.126953125,15311.3427734375,2258176,2026-08-06 16:24:45.638407
FPT.VN,2019-05-14,18606.462890625,19133.771484375,18493.46875,18907.78125,15527.8662109375,4143990,2026-08-06 16:24:45.638407
FPT.VN,2019-05-15,19020.77734375,19058.44140625,18870.1171875,18983.111328125,15589.732421875,4088527,2026-08-06 16:24:45.638407
FPT.VN,2019-05-16,18983.111328125,19096.10546875,18700.625,18700.625,15357.7421875,5021358,2026-08-06 16:24:45.638407
FPT.VN,2019-05-17,18644.126953125,18644.126953125,18354.107421875,18416.255859375,15466.876953125,3590489,2026-08-06 16:24:45.638407
FPT.VN,2019-05-20,18436.970703125,18768.421875,18436.970703125,18747.70703125,15745.244140625,4325536,2026-08-06 16:24:45.638407
FPT.VN,2019-05-21,18851.28515625,19079.15625,18789.13671875,19017.009765625,15971.419921875,2453525,2026-08-06 16:24:45.638407
FPT.VN,2019-05-22,19037.7265625,19120.587890625,18747.70703125,18747.70703125,15745.244140625,3774070,2026-08-06 16:24:45.638407
FPT.VN,2019-05-23,18747.70703125,18975.578125,18726.990234375,18934.146484375,15901.8271484375,3059322,2026-08-06 16:24:45.638407
FPT.VN,2019-05-24,18851.28515625,19037.7265625,18747.70703125,18892.716796875,15867.033203125,2449229,2026-08-06 16:24:45.638407
FPT.VN,2019-05-27,18768.421875,18830.568359375,18499.1171875,18747.70703125,15745.244140625,3045878,2026-08-06 16:24:45.638407
FPT.VN,2019-05-28,18644.126953125,18809.853515625,18540.548828125,18581.98046875,15606.0615234375,1251394,2026-08-06 16:24:45.638407
FPT.VN,2019-05-29,18581.98046875,18581.98046875,18229.814453125,18271.244140625,15345.0888671875,3633235,2026-08-06 16:24:45.638407
FPT.VN,2019-05-30,18271.244140625,18519.833984375,18188.3828125,18457.685546875,15501.671875,2380923,2026-08-06 16:24:45.638407
FPT.VN,2019-05-31,18478.40234375,18561.265625,18271.244140625,18271.244140625,15345.0888671875,1476802,2026-08-06 16:24:45.638407
FPT.VN,2019-06-03,18229.814453125,18271.244140625,18022.65625,18022.65625,15136.314453125,2128361,2026-08-06 16:24:45.638407
FPT.VN,2019-06-04,18022.65625,18105.51953125,17919.078125,17939.79296875,15066.72265625,1296504,2026-08-06 16:24:45.638407
FPT.VN,2019-06-05,18022.65625,18188.3828125,18022.65625,18064.087890625,15171.1103515625,1207055,2026-08-06 16:24:45.638407
FPT.VN,2019-06-06,18146.951171875,18519.833984375,18064.087890625,18436.970703125,15484.2734375,2227151,2026-08-06 16:24:45.638407
FPT.VN,2019-06-07,18561.265625,18747.70703125,18519.833984375,18726.990234375,15727.84375,3149012,2026-08-06 16:24:45.638407
FPT.VN,2019-06-10,18851.28515625,18934.146484375,18561.265625,18685.55859375,15693.05078125,2962342,2026-08-06 16:24:45.638407
FPT.VN,2019-06-11,18685.55859375,18892.716796875,18602.6953125,18726.990234375,15727.84375,3129269,2026-08-06 16:24:45.638407
FPT.VN,2019-06-12,18726.990234375,18892.716796875,18644.126953125,18664.84375,15675.654296875,3100354,2026-08-06 16:24:45.638407
FPT.VN,2019-06-13,18664.84375,18685.55859375,18436.970703125,18457.685546875,15501.671875,2066717,2026-08-06 16:24:45.638407
FPT.VN,2019-06-14,18478.40234375,18602.6953125,18395.5390625,18395.5390625,15449.474609375,1351149,2026-08-06 16:24:45.638407
FPT.VN,2019-06-17,18271.244140625,18436.970703125,18188.3828125,18250.529296875,15327.6923828125,2446333,2026-08-06 16:24:45.638407
FPT.VN,2019-06-18,18374.82421875,18416.255859375,18126.234375,18250.529296875,15327.6923828125,1843239,2026-08-06 16:24:45.638407
FPT.VN,2019-06-19,18354.107421875,18519.833984375,18312.67578125,18499.1171875,15536.4716796875,1281202,2026-08-06 16:24:45.638407
FPT.VN,2019-06-20,18581.98046875,18809.853515625,18499.1171875,18809.853515625,15797.443359375,3272952,2026-08-06 16:24:45.638407
FPT.VN,2019-06-21,18851.28515625,18892.716796875,18747.70703125,18809.853515625,15797.443359375,2105794,2026-08-06 16:24:45.638407
FPT.VN,2019-06-24,18809.853515625,18830.568359375,18706.275390625,18706.275390625,15710.44921875,1752680,2026-08-06 16:24:45.638407
FPT.VN,2019-06-25,18644.126953125,19286.314453125,18561.265625,19265.59765625,16180.197265625,7891238,2026-08-06 16:24:45.638407
FPT.VN,2019-06-26,19265.59765625,19265.59765625,19099.873046875,19120.587890625,16058.41015625,2448553,2026-08-06 16:24:45.638407
FPT.VN,2019-06-27,19079.15625,19099.873046875,18768.421875,18809.853515625,15797.443359375,2949116,2026-08-06 16:24:45.638407
FPT.VN,2019-06-28,18809.853515625,19058.44140625,18602.6953125,18851.28515625,15832.2333984375,5983916,2026-08-06 16:24:45.638407
FPT.VN,2019-07-01,19058.44140625,19514.1875,19017.009765625,19514.1875,16388.974609375,6157842,2026-08-06 16:24:45.638407
FPT.VN,2019-07-02,19472.755859375,19679.912109375,19327.74609375,19431.32421875,16319.380859375,3862481,2026-08-06 16:24:45.638407
FPT.VN,2019-07-03,19348.4609375,19431.32421875,19286.314453125,19389.892578125,16284.5849609375,3079452,2026-08-06 16:24:45.638407
FPT.VN,2019-07-04,19472.755859375,19555.619140625,19389.892578125,19452.0390625,16336.7802734375,3079307,2026-08-06 16:24:45.638407
FPT.VN,2019-07-05,19389.892578125,19472.755859375,19224.16796875,19307.029296875,16214.990234375,2746154,2026-08-06 16:24:45.638407
FPT.VN,2019-07-08,19265.59765625,19431.32421875,19079.15625,19182.736328125,16110.603515625,3145078,2026-08-06 16:24:45.638407
FPT.VN,2019-07-09,19182.736328125,19410.607421875,19099.873046875,19369.177734375,16267.189453125,2395695,2026-08-06 16:24:45.638407
FPT.VN,2019-07-10,19452.0390625,19659.197265625,19389.892578125,19493.470703125,16371.57421875,3094223,2026-08-06 16:24:45.638407
FPT.VN,2019-07-11,19534.90234375,19576.333984375,19389.892578125,19472.755859375,16354.1787109375,2061576,2026-08-06 16:24:45.638407
FPT.VN,2019-07-12,19514.1875,19659.197265625,19389.892578125,19472.755859375,16354.1787109375,2997654,2026-08-06 16:24:45.638407
FPT.VN,2019-07-15,19452.0390625,19700.62890625,19410.607421875,19597.048828125,16458.564453125,2838572,2026-08-06 16:24:45.638407
FPT.VN,2019-07-16,19617.765625,19804.20703125,19576.333984375,19597.048828125,16458.564453125,2799809,2026-08-06 16:24:45.638407
FPT.VN,2019-07-17,19597.048828125,19679.912109375,19472.755859375,19493.470703125,16371.57421875,3119928,2026-08-06 16:24:45.638407
FPT.VN,2019-07-18,19472.755859375,19514.1875,19389.892578125,19389.892578125,16284.5849609375,2499167,2026-08-06 16:24:45.638407
FPT.VN,2019-07-19,19452.0390625,20011.36328125,19431.32421875,19969.931640625,16771.7265625,6786061,2026-08-06 16:24:45.638407
FPT.VN,2019-07-22,19969.931640625,20156.373046875,19866.353515625,20032.080078125,16823.927734375,4237800,2026-08-06 16:24:45.638407
FPT.VN,2019-07-23,20094.2265625,20218.521484375,19928.5,20218.521484375,16980.5078125,2289447,2026-08-06 16:24:45.638407
FPT.VN,2019-07-24,20446.392578125,20467.109375,20135.658203125,20135.658203125,16910.916015625,4713261,2026-08-06 16:24:45.638407
FPT.VN,2019-07-25,20135.658203125,20135.658203125,20135.658203125,20135.658203125,16910.916015625,0,2026-08-06 16:24:45.638407
FPT.VN,2019-07-26,20135.658203125,20135.658203125,20135.658203125,20135.658203125,16910.916015625,0,2026-08-06 16:24:45.638407
FPT.VN,2019-07-29,20135.658203125,20135.658203125,20135.658203125,20135.658203125,16910.916015625,0,2026-08-06 16:24:45.638407
FPT.VN,2019-07-30,20135.658203125,20135.658203125,20135.658203125,20135.658203125,16910.916015625,0,2026-08-06 16:24:45.638407
FPT.VN,2019-07-31,19804.20703125,20052.794921875,19679.912109375,20052.794921875,16841.322265625,2683665,2026-08-06 16:24:45.638407
FPT.VN,2019-08-01,20052.794921875,20135.658203125,19969.931640625,20032.080078125,16823.927734375,2329296,2026-08-06 16:24:45.638407
FPT.VN,2019-08-02,19907.78515625,20301.3828125,19824.921875,20218.521484375,16980.5078125,3504347,2026-08-06 16:24:45.638407
FPT.VN,2019-08-05,20301.3828125,20632.833984375,20218.521484375,20301.3828125,17050.099609375,5604687,2026-08-06 16:24:45.638407
FPT.VN,2019-08-06,20301.3828125,20301.3828125,20301.3828125,20301.3828125,17050.099609375,0,2026-08-06 16:24:45.638407
FPT.VN,2019-08-07,20301.3828125,20612.119140625,20280.66796875,20612.119140625,17311.0703125,3008370,2026-08-06 16:24:45.638407
FPT.VN,2019-08-08,20653.55078125,20964.28515625,20653.55078125,20839.9921875,17502.451171875,5033646,2026-08-06 16:24:45.638407
FPT.VN,2019-08-09,20839.9921875,21295.736328125,20715.697265625,21171.443359375,17780.81640625,4227904,2026-08-06 16:24:45.638407
FPT.VN,2019-08-12,21171.443359375,21792.9140625,21005.716796875,21668.619140625,18198.37109375,4387783,2026-08-06 16:24:45.638407
FPT.VN,2019-08-13,21585.755859375,22041.501953125,21420.03125,21751.482421875,18267.966796875,5401652,2026-08-06 16:24:45.638407
FPT.VN,2019-08-14,21958.638671875,22248.658203125,21875.775390625,22041.501953125,18511.537109375,5322944,2026-08-06 16:24:45.638407
FPT.VN,2019-08-15,21502.89453125,21958.638671875,21295.736328125,21958.638671875,18795.240234375,5367620,2026-08-06 16:24:45.638407
FPT.VN,2019-08-16,21958.638671875,22828.69921875,21544.326171875,21544.326171875,18440.61328125,10936199,2026-08-06 16:24:45.638407
FPT.VN,2019-08-19,21544.326171875,21834.345703125,21212.875,21710.05078125,18582.46484375,6878310,2026-08-06 16:24:45.638407
FPT.VN,2019-08-20,21710.05078125,22372.953125,21710.05078125,22372.953125,19149.865234375,5497642,2026-08-06 16:24:45.638407
FPT.VN,2019-08-21,22414.384765625,22580.109375,22124.365234375,22207.2265625,19008.015625,4363888,2026-08-06 16:24:45.638407
FPT.VN,2019-08-22,22207.2265625,22497.248046875,21917.20703125,21958.638671875,18795.240234375,4568130,2026-08-06 16:24:45.638407
FPT.VN,2019-08-23,22000.0703125,22538.677734375,21792.9140625,22538.677734375,19291.7109375,4509140,2026-08-06 16:24:45.638407
FPT.VN,2019-08-26,22165.796875,22455.81640625,22165.796875,22248.658203125,19043.4765625,4238718,2026-08-06 16:24:45.638407
FPT.VN,2019-08-27,22372.953125,22497.248046875,21875.775390625,21875.775390625,18724.3125,3780635,2026-08-06 16:24:45.638407
FPT.VN,2019-08-28,21958.638671875,22041.501953125,21585.755859375,21585.755859375,18476.0703125,3711822,2026-08-06 16:24:45.638407
FPT.VN,2019-08-29,21627.1875,21875.775390625,21502.89453125,21834.345703125,18688.8515625,2348315,2026-08-06 16:24:45.638407
FPT.VN,2019-08-30,21958.638671875,22124.365234375,21917.20703125,22000.0703125,18830.703125,1709717,2026-08-06 16:24:45.638407
FPT.VN,2019-09-02,22000.0703125,22000.0703125,22000.0703125,22000.0703125,18830.703125,0,2026-08-06 16:24:45.638407
FPT.VN,2019-09-03,21958.638671875,22372.953125,21958.638671875,22248.658203125,19043.4765625,3283090,2026-08-06 16:24:45.638407
FPT.VN,2019-09-04,22248.658203125,22455.81640625,21958.638671875,22041.501953125,18866.166015625,3995279,2026-08-06 16:24:45.638407
FPT.VN,2019-09-05,22124.365234375,22165.796875,21792.9140625,21792.9140625,18653.38671875,3001781,2026-08-06 16:24:45.638407
FPT.VN,2019-09-06,21917.20703125,22041.501953125,21668.619140625,21917.20703125,18759.775390625,2758077,2026-08-06 16:24:45.638407
FPT.VN,2019-09-09,21958.638671875,22538.677734375,21751.482421875,22290.08984375,19078.939453125,6052897,2026-08-06 16:24:45.638407
FPT.VN,2019-09-10,22455.81640625,22538.677734375,22207.2265625,22372.953125,19149.865234375,4179463,2026-08-06 16:24:45.638407
FPT.VN,2019-09-11,22372.953125,22455.81640625,22124.365234375,22414.384765625,19185.328125,2847285,2026-08-06 16:24:45.638407
FPT.VN,2019-09-12,22538.677734375,23408.73828125,22538.677734375,23408.73828125,20036.4375,9171571,2026-08-06 16:24:45.638407
FPT.VN,2019-09-13,23408.73828125,23781.62109375,23325.875,23533.03125,20142.822265625,5126305,2026-08-06 16:24:45.638407
FPT.VN,2019-09-16,23574.462890625,24030.208984375,23491.6015625,23905.9140625,20461.984375,3233200,2026-08-06 16:24:45.638407
FPT.VN,2019-09-17,23740.189453125,24071.640625,23657.326171875,23864.482421875,20426.521484375,2883537,2026-08-06 16:24:45.638407
FPT.VN,2019-09-18,23988.77734375,23988.77734375,23325.875,23367.306640625,20000.970703125,6258321,2026-08-06 16:24:45.638407
FPT.VN,2019-09-19,23450.169921875,23947.345703125,23284.443359375,23947.345703125,20497.44921875,3458078,2026-08-06 16:24:45.638407
FPT.VN,2019-09-20,23905.9140625,24361.66015625,23864.482421875,24113.072265625,20639.302734375,3369715,2026-08-06 16:24:45.638407
FPT.VN,2019-09-23,24030.208984375,24154.50390625,23408.73828125,23408.73828125,20036.4375,5582940,2026-08-06 16:24:45.638407
FPT.VN,2019-09-24,23367.306640625,23615.89453125,23118.71875,23284.443359375,19930.044921875,6124823,2026-08-06 16:24:45.638407
FPT.VN,2019-09-25,23325.875,23781.62109375,23243.01171875,23781.62109375,20355.595703125,3481442,2026-08-06 16:24:45.638407
FPT.VN,2019-09-26,23905.9140625,24030.208984375,23698.7578125,23905.9140625,20461.984375,2395864,2026-08-06 16:24:45.638407
FPT.VN,2019-09-27,23864.482421875,24361.66015625,23781.62109375,24237.365234375,20745.68359375,6059462,2026-08-06 16:24:45.638407
FPT.VN,2019-09-30,24568.81640625,24651.6796875,23905.9140625,23905.9140625,20461.984375,5307979,2026-08-06 16:24:45.638407
FPT.VN,2019-10-01,23905.9140625,24237.365234375,23864.482421875,24237.365234375,20745.68359375,3968319,2026-08-06 16:24:45.638407
FPT.VN,2019-10-02,24237.365234375,24278.796875,23698.7578125,23698.7578125,20284.669921875,5886888,2026-08-06 16:24:45.638407
FPT.VN,2019-10-03,23450.169921875,23781.62109375,23367.306640625,23698.7578125,20284.669921875,6769866,2026-08-06 16:24:45.638407
FPT.VN,2019-10-04,23823.052734375,23823.052734375,23491.6015625,23533.03125,20142.822265625,3068228,2026-08-06 16:24:45.638407
FPT.VN,2019-10-07,23533.03125,23698.7578125,22994.423828125,22994.423828125,19681.806640625,5724668,2026-08-06 16:24:45.638407
FPT.VN,2019-10-08,22994.423828125,23284.443359375,22870.12890625,23243.01171875,19894.583984375,3227552,2026-08-06 16:24:45.638407
FPT.VN,2019-10-09,23325.875,23615.89453125,23118.71875,23367.306640625,20000.970703125,2262849,2026-08-06 16:24:45.638407
FPT.VN,2019-10-10,23450.169921875,23615.89453125,23367.306640625,23367.306640625,20000.970703125,1950211,2026-08-06 16:24:45.638407
FPT.VN,2019-10-11,23491.6015625,23574.462890625,23367.306640625,23408.73828125,20036.4375,1917434,2026-08-06 16:24:45.638407
FPT.VN,2019-10-14,23615.89453125,24113.072265625,23533.03125,23905.9140625,20461.984375,5384877,2026-08-06 16:24:45.638407
FPT.VN,2019-10-15,23947.345703125,23947.345703125,23781.62109375,23781.62109375,20355.595703125,1602432,2026-08-06 16:24:45.638407
FPT.VN,2019-10-16,23947.345703125,24030.208984375,23781.62109375,23823.052734375,20391.060546875,2001018,2026-08-06 16:24:45.638407
FPT.VN,2019-10-17,23781.62109375,23823.052734375,23450.169921875,23491.6015625,20107.361328125,3913916,2026-08-06 16:24:45.638407
FPT.VN,2019-10-18,23533.03125,23864.482421875,23450.169921875,23657.326171875,20249.2109375,3493341,2026-08-06 16:24:45.638407
FPT.VN,2019-10-21,23781.62109375,23781.62109375,23325.875,23408.73828125,20036.4375,3042354,2026-08-06 16:24:45.638407
FPT.VN,2019-10-22,23408.73828125,23450.169921875,23077.287109375,23325.875,19965.5078125,3703423,2026-08-06 16:24:45.638407
FPT.VN,2019-10-23,23201.580078125,23615.89453125,23201.580078125,23367.306640625,20000.970703125,1804935,2026-08-06 16:24:45.638407
FPT.VN,2019-10-24,23533.03125,24113.072265625,23367.306640625,24113.072265625,20639.302734375,5391780,2026-08-06 16:24:45.638407
FPT.VN,2019-10-25,24154.50390625,24237.365234375,23905.9140625,24030.208984375,20568.375,3271215,2026-08-06 16:24:45.638407
FPT.VN,2019-10-28,24030.208984375,24361.66015625,23947.345703125,24071.640625,20603.8359375,3607940,2026-08-06 16:24:45.638407
FPT.VN,2019-10-29,24113.072265625,24154.50390625,23947.345703125,23988.77734375,20532.91015625,2300236,2026-08-06 16:24:45.638407
FPT.VN,2019-10-30,23988.77734375,24071.640625,23864.482421875,23947.345703125,20497.44921875,2659987,2026-08-06 16:24:45.638407
FPT.VN,2019-10-31,24030.208984375,24320.228515625,23947.345703125,23988.77734375,20532.91015625,3049354,2026-08-06 16:24:45.638407
FPT.VN,2019-11-01,24030.208984375,24320.228515625,23864.482421875,24237.365234375,20745.68359375,4182697,2026-08-06 16:24:45.638407
FPT.VN,2019-11-04,24320.228515625,25065.994140625,24320.228515625,24817.40625,21242.16796875,14026947,2026-08-06 16:24:45.638407
FPT.VN,2019-11-05,24900.267578125,24900.267578125,24610.248046875,24775.974609375,21206.705078125,2991740,2026-08-06 16:24:45.638407
FPT.VN,2019-11-06,24775.974609375,25024.5625,24651.6796875,24651.6796875,21100.3125,3745010,2026-08-06 16:24:45.638407
FPT.VN,2019-11-07,24651.6796875,24817.40625,24527.384765625,24651.6796875,21100.3125,3470870,2026-08-06 16:24:45.638407
FPT.VN,2019-11-08,24775.974609375,24775.974609375,24527.384765625,24693.111328125,21135.775390625,2943516,2026-08-06 16:24:45.638407
FPT.VN,2019-11-11,24734.54296875,25107.42578125,24651.6796875,24858.8359375,21277.630859375,5262893,2026-08-06 16:24:45.638407
FPT.VN,2019-11-12,24858.8359375,25397.4453125,24858.8359375,25273.150390625,21632.255859375,6861101,2026-08-06 16:24:45.638407
FPT.VN,2019-11-13,25356.013671875,25397.4453125,25065.994140625,25065.994140625,21454.94140625,3219635,2026-08-06 16:24:45.638407
FPT.VN,2019-11-14,25065.994140625,25273.150390625,23823.052734375,24154.50390625,20674.763671875,11583945,2026-08-06 16:24:45.638407
FPT.VN,2019-11-15,24154.50390625,24361.66015625,23905.9140625,24278.796875,20781.1484375,6198294,2026-08-06 16:24:45.638407
FPT.VN,2019-11-18,24195.93359375,24361.66015625,23657.326171875,23823.052734375,20391.060546875,6745898,2026-08-06 16:24:45.638407
FPT.VN,2019-11-19,23823.052734375,24154.50390625,23823.052734375,24154.50390625,20674.763671875,2557891,2026-08-06 16:24:45.638407
FPT.VN,2019-11-20,24113.072265625,24113.072265625,23450.169921875,23533.03125,20142.822265625,5531457,2026-08-06 16:24:45.638407
FPT.VN,2019-11-21,23533.03125,23657.326171875,23160.150390625,23201.580078125,19859.119140625,7974508,2026-08-06 16:24:45.638407
FPT.VN,2019-11-22,23325.875,23657.326171875,22994.423828125,23201.580078125,19859.119140625,3924125,2026-08-06 16:24:45.638407
FPT.VN,2019-11-25,23243.01171875,23615.89453125,23118.71875,23450.169921875,20071.896484375,2626003,2026-08-06 16:24:45.638407
FPT.VN,2019-11-26,23615.89453125,23698.7578125,23533.03125,23657.326171875,20249.2109375,2338057,2026-08-06 16:24:45.638407
FPT.VN,2019-11-27,23698.7578125,23781.62109375,23574.462890625,23615.89453125,20213.748046875,1960542,2026-08-06 16:24:45.638407
FPT.VN,2019-11-28,23574.462890625,23574.462890625,23118.71875,23201.580078125,19859.119140625,3308650,2026-08-06 16:24:45.638407
FPT.VN,2019-11-29,23201.580078125,23533.03125,23118.71875,23367.306640625,20000.970703125,1784564,2026-08-06 16:24:45.638407
FPT.VN,2019-12-02,23408.73828125,23408.73828125,22621.541015625,22621.541015625,19362.63671875,4808865,2026-08-06 16:24:45.638407
FPT.VN,2019-12-06,22787.267578125,22952.9921875,22662.97265625,22787.267578125,19504.4921875,1342363,2026-08-06 16:24:45.638407
FPT.VN,2019-12-09,22870.12890625,23118.71875,22787.267578125,22911.560546875,19610.87890625,1691857,2026-08-06 16:24:45.638407
FPT.VN,2019-12-10,22911.560546875,23118.71875,22704.404296875,22994.423828125,19681.806640625,1923903,2026-08-06 16:24:45.638407
FPT.VN,2019-12-11,22994.423828125,23450.169921875,22870.12890625,23408.73828125,20036.4375,2119069,2026-08-06 16:24:45.638407
FPT.VN,2019-12-12,23533.03125,23698.7578125,23491.6015625,23615.89453125,20213.748046875,2274627,2026-08-06 16:24:45.638407
FPT.VN,2019-12-13,23698.7578125,23823.052734375,23574.462890625,23657.326171875,20249.2109375,4058999,2026-08-06 16:24:45.638407
FPT.VN,2019-12-16,23657.326171875,23657.326171875,23367.306640625,23408.73828125,20036.4375,2336706,2026-08-06 16:24:45.638407
FPT.VN,2019-12-17,23284.443359375,23367.306640625,22828.69921875,22952.9921875,19646.34375,5337401,2026-08-06 16:24:45.638407
FPT.VN,2019-12-18,22952.9921875,23201.580078125,22787.267578125,22994.423828125,19681.806640625,2467911,2026-08-06 16:24:45.638407
FPT.VN,2019-12-19,22994.423828125,23284.443359375,22952.9921875,23118.71875,19788.193359375,1973913,2026-08-06 16:24:45.638407
FPT.VN,2019-12-20,23201.580078125,23491.6015625,23118.71875,23408.73828125,20036.4375,1875630,2026-08-06 16:24:45.638407
FPT.VN,2019-12-23,23574.462890625,23615.89453125,23201.580078125,23243.01171875,19894.583984375,1848839,2026-08-06 16:24:45.638407
FPT.VN,2019-12-24,23367.306640625,23408.73828125,23243.01171875,23367.306640625,20000.970703125,1670472,2026-08-06 16:24:45.638407
FPT.VN,2019-12-25,23367.306640625,23988.77734375,23367.306640625,23823.052734375,20391.060546875,3872305,2026-08-06 16:24:45.638407
FPT.VN,2019-12-26,23947.345703125,24071.640625,23781.62109375,23781.62109375,20355.595703125,2714125,2026-08-06 16:24:45.638407
FPT.VN,2019-12-27,23781.62109375,23947.345703125,23533.03125,23864.482421875,20426.521484375,2425358,2026-08-06 16:24:45.638407
FPT.VN,2019-12-30,23947.345703125,24403.091796875,23864.482421875,24278.796875,20781.1484375,6953808,2026-08-06 16:24:45.638407
FPT.VN,2019-12-31,24278.796875,24320.228515625,24030.208984375,24154.50390625,20674.763671875,1663062,2026-08-06 16:24:45.638407
FPT.VN,2020-01-01,24154.50390625,24154.50390625,24154.50390625,24154.50390625,20674.763671875,0,2026-08-06 16:24:45.638407
FPT.VN,2020-01-02,24154.50390625,24444.5234375,24030.208984375,24278.796875,20781.1484375,2164349,2026-08-06 16:24:45.638407
FPT.VN,2020-01-03,24403.091796875,24485.955078125,23781.62109375,23864.482421875,20426.521484375,4942821,2026-08-06 16:24:45.638407
FPT.VN,2020-01-06,23657.326171875,23864.482421875,23533.03125,23615.89453125,20213.748046875,2634861,2026-08-06 16:24:45.638407
FPT.VN,2020-01-07,23740.189453125,24071.640625,23615.89453125,24071.640625,20603.8359375,2020786,2026-08-06 16:24:45.638407
FPT.VN,2020-01-08,23823.052734375,23905.9140625,23533.03125,23533.03125,20142.822265625,4379022,2026-08-06 16:24:45.638407
FPT.VN,2020-01-09,23740.189453125,23905.9140625,23657.326171875,23864.482421875,20426.521484375,2334099,2026-08-06 16:24:45.638407
FPT.VN,2020-01-10,23823.052734375,23947.345703125,23657.326171875,23823.052734375,20391.060546875,2458642,2026-08-06 16:24:45.638407
FPT.VN,2020-01-13,23781.62109375,23864.482421875,23615.89453125,23657.326171875,20249.2109375,1898946,2026-08-06 16:24:45.638407
FPT.VN,2020-01-14,23657.326171875,23781.62109375,23615.89453125,23615.89453125,20213.748046875,1741867,2026-08-06 16:24:45.638407
FPT.VN,2020-01-15,23615.89453125,23657.326171875,23533.03125,23615.89453125,20213.748046875,2270910,2026-08-06 16:24:45.638407
FPT.VN,2020-01-16,23615.89453125,24113.072265625,23615.89453125,24030.208984375,20568.375,4689608,2026-08-06 16:24:45.638407
FPT.VN,2020-01-17,24030.208984375,24071.640625,23615.89453125,23864.482421875,20426.521484375,3352071,2026-08-06 16:24:45.638407
FPT.VN,2020-01-20,23823.052734375,24030.208984375,23698.7578125,23781.62109375,20355.595703125,2961763,2026-08-06 16:24:45.638407
FPT.VN,2020-01-21,23947.345703125,24030.208984375,22994.423828125,22994.423828125,19681.806640625,10503677,2026-08-06 16:24:45.638407
FPT.VN,2020-01-22,22787.267578125,23408.73828125,22662.97265625,23408.73828125,20036.4375,7640703,2026-08-06 16:24:45.638407
FPT.VN,2020-01-23,23408.73828125,23408.73828125,23408.73828125,23408.73828125,20036.4375,0,2026-08-06 16:24:45.638407
FPT.VN,2020-01-24,23408.73828125,23408.73828125,23408.73828125,23408.73828125,20036.4375,0,2026-08-06 16:24:45.638407
FPT.VN,2020-01-27,23408.73828125,23408.73828125,23408.73828125,23408.73828125,20036.4375,0,2026-08-06 16:24:45.638407
FPT.VN,2020-01-28,23408.73828125,23408.73828125,23408.73828125,23408.73828125,20036.4375,0,2026-08-06 16:24:45.638407
FPT.VN,2020-01-29,23408.73828125,23408.73828125,23408.73828125,23408.73828125,20036.4375,0,2026-08-06 16:24:45.638407
FPT.VN,2020-01-30,22911.560546875,23118.71875,22331.521484375,22662.97265625,19398.103515625,6368262,2026-08-06 16:24:45.638407
FPT.VN,2020-01-31,22372.953125,22745.8359375,21544.326171875,21544.326171875,18440.61328125,9939684,2026-08-06 16:24:45.638407
FPT.VN,2020-02-03,20549.97265625,21751.482421875,20301.3828125,21337.16796875,18263.296875,8696231,2026-08-06 16:24:45.638407
FPT.VN,2020-02-04,21710.05078125,21710.05078125,21130.01171875,21461.462890625,18369.68359375,3985962,2026-08-06 16:24:45.638407
FPT.VN,2020-02-05,21668.619140625,21875.775390625,21544.326171875,21544.326171875,18440.61328125,3979156,2026-08-06 16:24:45.638407
FPT.VN,2020-02-06,21751.482421875,22207.2265625,21461.462890625,22207.2265625,19008.015625,4123805,2026-08-06 16:24:45.638407
FPT.VN,2020-02-07,21958.638671875,22165.796875,21875.775390625,22082.93359375,18901.62890625,2941392,2026-08-06 16:24:45.638407
FPT.VN,2020-02-10,21710.05078125,21958.638671875,21585.755859375,21792.9140625,18653.38671875,1781475,2026-08-06 16:24:45.638407
FPT.VN,2020-02-11,21917.20703125,22248.658203125,21834.345703125,22207.2265625,19008.015625,2619704,2026-08-06 16:24:45.638407
FPT.VN,2020-02-12,22290.08984375,22662.97265625,22248.658203125,22414.384765625,19185.328125,2666745,2026-08-06 16:24:45.638407
FPT.VN,2020-02-13,22414.384765625,22580.109375,22248.658203125,22497.248046875,19256.251953125,2487413,2026-08-06 16:24:45.638407
FPT.VN,2020-02-14,22414.384765625,22580.109375,22372.953125,22580.109375,19327.17578125,2134226,2026-08-06 16:24:45.638407
FPT.VN,2020-02-17,22621.541015625,22621.541015625,22372.953125,22455.81640625,19220.79296875,1753235,2026-08-06 16:24:45.638407
FPT.VN,2020-02-18,22538.677734375,23201.580078125,22497.248046875,23201.580078125,19859.119140625,4250255,2026-08-06 16:24:45.638407
FPT.VN,2020-02-19,23160.150390625,23284.443359375,22994.423828125,23077.287109375,19752.734375,1644284,2026-08-06 16:24:45.638407
FPT.VN,2020-02-20,23243.01171875,23367.306640625,22994.423828125,23118.71875,19788.193359375,1884585,2026-08-06 16:24:45.638407
FPT.VN,2020-02-21,23160.150390625,23160.150390625,22662.97265625,22662.97265625,19398.103515625,3519167,2026-08-06 16:24:45.638407
FPT.VN,2020-02-24,22000.0703125,22331.521484375,21751.482421875,21751.482421875,18617.923828125,5459603,2026-08-06 16:24:45.638407
FPT.VN,2020-02-25,21585.755859375,22372.953125,21544.326171875,22372.953125,19149.865234375,3397713,2026-08-06 16:24:45.638407
FPT.VN,2020-02-26,22124.365234375,22870.12890625,21958.638671875,22787.267578125,19504.4921875,7774949,2026-08-06 16:24:45.638407
FPT.VN,2020-02-27,22787.267578125,23408.73828125,22621.541015625,23201.580078125,19859.119140625,7064787,2026-08-06 16:24:45.638407
FPT.VN,2020-02-28,22787.267578125,23077.287109375,22621.541015625,22828.69921875,19539.955078125,5146338,2026-08-06 16:24:45.638407
FPT.VN,2020-03-02,22828.69921875,23284.443359375,22704.404296875,23077.287109375,19752.734375,4313299,2026-08-06 16:24:45.638407
FPT.VN,2020-03-03,23284.443359375,23615.89453125,23077.287109375,23160.150390625,19823.658203125,2881389,2026-08-06 16:24:45.638407
FPT.VN,2020-03-05,22994.423828125,23160.150390625,22621.541015625,22621.541015625,19362.63671875,3129148,2026-08-06 16:24:45.638407
FPT.VN,2020-03-06,22455.81640625,22497.248046875,22165.796875,22372.953125,19149.865234375,3149857,2026-08-06 16:24:45.638407
FPT.VN,2020-03-09,21212.875,21544.326171875,20839.9921875,20839.9921875,17837.74609375,11428869,2026-08-06 16:24:45.638407
FPT.VN,2020-03-10,21130.01171875,21544.326171875,20839.9921875,21420.03125,18334.21875,4900486,2026-08-06 16:24:45.638407
FPT.VN,2020-03-11,21544.326171875,21751.482421875,20508.541015625,21047.1484375,18015.0546875,6645467,2026-08-06 16:24:45.638407
FPT.VN,2020-03-12,20135.658203125,20425.677734375,19597.048828125,19928.5,17057.56640625,9610272,2026-08-06 16:24:45.638407
FPT.VN,2020-03-13,18768.421875,20715.697265625,18726.990234375,19949.216796875,17075.296875,7045719,2026-08-06 16:24:45.638407
FPT.VN,2020-03-16,19949.216796875,20591.40234375,19679.912109375,19721.34375,16880.25,4583384,2026-08-06 16:24:45.638407
FPT.VN,2020-03-17,19472.755859375,20094.2265625,19265.59765625,20094.2265625,17199.4140625,5972886,2026-08-06 16:24:45.638407
FPT.VN,2020-03-18,20301.3828125,20342.814453125,20032.080078125,20052.794921875,17163.953125,3965109,2026-08-06 16:24:45.638407
FPT.VN,2020-03-19,19721.34375,19928.5,19721.34375,19762.775390625,16915.712890625,3129486,2026-08-06 16:24:45.638407
FPT.VN,2020-03-20,19969.931640625,19990.6484375,19617.765625,19762.775390625,16915.712890625,3116863,2026-08-06 16:24:45.638407
FPT.VN,2020-03-23,19099.873046875,19431.32421875,18395.5390625,18395.5390625,15745.4423828125,6822579,2026-08-06 16:24:45.638407
FPT.VN,2020-03-24,18644.126953125,18644.126953125,18022.65625,18436.970703125,15780.90625,5289467,2026-08-06 16:24:45.638407
FPT.VN,2020-03-25,19058.44140625,19224.16796875,18706.275390625,19058.44140625,16312.8525390625,5145349,2026-08-06 16:24:45.638407
FPT.VN,2020-03-26,18851.28515625,18996.294921875,18312.67578125,18312.67578125,15674.5166015625,5692084,2026-08-06 16:24:45.638407
FPT.VN,2020-03-27,18395.5390625,18395.5390625,17774.068359375,17856.931640625,15284.4306640625,6356894,2026-08-06 16:24:45.638407
FPT.VN,2020-03-30,16779.71484375,17028.302734375,16613.98828125,16738.283203125,14326.9365234375,5207862,2026-08-06 16:24:45.638407
FPT.VN,2020-03-31,17194.029296875,17566.912109375,16613.98828125,17028.302734375,14575.173828125,4013985,2026-08-06 16:24:45.638407
FPT.VN,2020-04-01,16904.009765625,17898.36328125,16904.009765625,17525.48046875,15000.7265625,3507074,2026-08-06 16:24:45.638407
FPT.VN,2020-04-02,17525.48046875,17525.48046875,17525.48046875,17525.48046875,15000.7265625,0,2026-08-06 16:24:45.638407
FPT.VN,2020-04-03,17815.5,18499.1171875,17691.205078125,18478.40234375,15816.3740234375,5001038,2026-08-06 16:24:45.638407
FPT.VN,2020-04-06,19058.44140625,19679.912109375,18851.28515625,19679.912109375,16844.787109375,6562632,2026-08-06 16:24:45.638407
FPT.VN,2020-04-07,19679.912109375,19762.775390625,19265.59765625,19597.048828125,16773.86328125,5946722,2026-08-06 16:24:45.638407
FPT.VN,2020-04-08,19099.873046875,19493.470703125,18954.86328125,19410.607421875,16614.279296875,3805495,2026-08-06 16:24:45.638407
FPT.VN,2020-04-09,19472.755859375,19721.34375,19265.59765625,19410.607421875,16614.279296875,5170885,2026-08-06 16:24:45.638407
FPT.VN,2020-04-10,19307.029296875,19472.755859375,19017.009765625,19224.16796875,16454.701171875,4542497,2026-08-06 16:24:45.638407
FPT.VN,2020-04-13,19224.16796875,19472.755859375,19099.873046875,19265.59765625,16490.1640625,3029972,2026-08-06 16:24:45.638407
FPT.VN,2020-04-14,19721.34375,20508.541015625,19472.755859375,20508.541015625,17554.044921875,9828416,2026-08-06 16:24:45.638407
FPT.VN,2020-04-15,20922.853515625,21047.1484375,20653.55078125,20757.12890625,17766.82421875,5322533,2026-08-06 16:24:45.638407
FPT.VN,2020-04-16,20591.40234375,21047.1484375,20425.677734375,20839.9921875,17837.74609375,3640910,2026-08-06 16:24:45.638407
FPT.VN,2020-04-17,21212.875,21254.3046875,20798.560546875,21212.875,18156.912109375,6351777,2026-08-06 16:24:45.638407
FPT.VN,2020-04-20,21502.89453125,21544.326171875,21005.716796875,21254.3046875,18192.37109375,5405997,2026-08-06 16:24:45.638407
FPT.VN,2020-04-21,20922.853515625,21088.580078125,20259.951171875,20425.677734375,17483.1171875,9019850,2026-08-06 16:24:45.638407
FPT.VN,2020-04-22,20218.521484375,21212.875,20177.08984375,21171.443359375,18121.4453125,5903397,2026-08-06 16:24:45.638407
FPT.VN,2020-04-23,21585.755859375,21627.1875,21130.01171875,21130.01171875,18085.986328125,3290765,2026-08-06 16:24:45.638407
FPT.VN,2020-04-24,21088.580078125,21212.875,20757.12890625,21130.01171875,18085.986328125,3406547,2026-08-06 16:24:45.638407
FPT.VN,2020-04-27,21337.16796875,21337.16796875,20922.853515625,21005.716796875,17979.595703125,3426749,2026-08-06 16:24:45.638407
FPT.VN,2020-04-28,21005.716796875,21047.1484375,20798.560546875,21005.716796875,17979.595703125,2351622,2026-08-06 16:24:45.638407
FPT.VN,2020-04-29,21047.1484375,21295.736328125,20922.853515625,21047.1484375,18015.0546875,3256540,2026-08-06 16:24:45.638407
FPT.VN,2020-04-30,21047.1484375,21047.1484375,21047.1484375,21047.1484375,18015.0546875,0,2026-08-06 16:24:45.638407
FPT.VN,2020-05-01,21047.1484375,21047.1484375,21047.1484375,21047.1484375,18015.0546875,0,2026-08-06 16:24:45.638407
FPT.VN,2020-05-04,20798.560546875,21088.580078125,20632.833984375,20922.853515625,17908.671875,2161476,2026-08-06 16:24:45.638407
FPT.VN,2020-05-05,21047.1484375,21130.01171875,20881.423828125,21088.580078125,18050.51953125,1636416,2026-08-06 16:24:45.638407
FPT.VN,2020-05-06,21130.01171875,22000.0703125,21130.01171875,21917.20703125,18759.775390625,8375653,2026-08-06 16:24:45.638407
FPT.VN,2020-05-07,21958.638671875,22165.796875,21710.05078125,22165.796875,18972.552734375,4901403,2026-08-06 16:24:45.638407
FPT.VN,2020-05-08,22207.2265625,22828.69921875,22207.2265625,22248.658203125,19043.4765625,8653630,2026-08-06 16:24:45.638407
FPT.VN,2020-05-11,22372.953125,22538.677734375,22082.93359375,22372.953125,19149.865234375,5115516,2026-08-06 16:24:45.638407
FPT.VN,2020-05-12,22372.953125,22538.677734375,22207.2265625,22538.677734375,19291.7109375,6826200,2026-08-06 16:24:45.638407
FPT.VN,2020-05-13,22631.8984375,23608.64453125,22584.25390625,23513.3515625,20502.8671875,14384827,2026-08-06 16:24:45.638407
FPT.VN,2020-05-14,23322.767578125,23394.236328125,23108.359375,23203.65234375,20232.818359375,5451442,2026-08-06 16:24:45.638407
FPT.VN,2020-05-15,23203.65234375,23203.65234375,23203.65234375,23203.65234375,20232.818359375,0,2026-08-06 16:24:45.638407
FPT.VN,2020-05-18,23203.65234375,23203.65234375,23203.65234375,23203.65234375,20232.818359375,0,2026-08-06 16:24:45.638407
FPT.VN,2020-05-19,23441.8828125,23680.11328125,23156.005859375,23680.11328125,20648.27734375,6042529,2026-08-06 16:24:45.638407
FPT.VN,2020-05-20,23680.11328125,23680.11328125,23680.11328125,23680.11328125,20648.27734375,0,2026-08-06 16:24:45.638407
FPT.VN,2020-05-21,23298.9453125,23489.529296875,23275.12109375,23489.529296875,20482.09375,4212432,2026-08-06 16:24:45.638407
FPT.VN,2020-05-22,23346.591796875,23346.591796875,23084.537109375,23084.537109375,20128.95703125,3634546,2026-08-06 16:24:45.638407
FPT.VN,2020-05-25,23108.359375,23156.005859375,22774.837890625,23084.537109375,20128.95703125,4266875,2026-08-06 16:24:45.638407
FPT.VN,2020-05-26,23108.359375,23251.298828125,23036.890625,23251.298828125,20274.3671875,3391001,2026-08-06 16:24:45.638407
FPT.VN,2020-05-27,23298.9453125,23537.17578125,22870.12890625,22870.12890625,19942.0,4404515,2026-08-06 16:24:45.638407
FPT.VN,2020-05-28,22965.421875,23156.005859375,22870.12890625,22870.12890625,19942.0,2506773,2026-08-06 16:24:45.638407
FPT.VN,2020-05-29,22870.12890625,22917.775390625,22631.8984375,22846.306640625,19921.2265625,2825351,2026-08-06 16:24:45.638407
FPT.VN,2020-06-01,22870.12890625,23036.890625,22870.12890625,23013.068359375,20066.634765625,2724566,2026-08-06 16:24:45.638407
FPT.VN,2020-06-02,23013.068359375,23108.359375,22870.12890625,22870.12890625,19942.0,3057395,2026-08-06 16:24:45.638407
FPT.VN,2020-06-03,22870.12890625,23322.767578125,22822.484375,23179.830078125,20212.046875,3973168,2026-08-06 16:24:45.638407
FPT.VN,2020-06-04,23298.9453125,23298.9453125,23060.71484375,23060.71484375,20108.185546875,2644623,2026-08-06 16:24:45.638407
FPT.VN,2020-06-05,23060.71484375,23203.65234375,22941.599609375,23203.65234375,20232.818359375,2594545,2026-08-06 16:24:45.638407
FPT.VN,2020-06-08,23203.65234375,23203.65234375,23203.65234375,23203.65234375,20232.818359375,0,2026-08-06 16:24:45.638407
FPT.VN,2020-06-09,23203.65234375,23203.65234375,23203.65234375,23203.65234375,20232.818359375,0,2026-08-06 16:24:45.638407
FPT.VN,2020-06-10,23346.591796875,23346.591796875,23060.71484375,23251.298828125,20274.3671875,2744274,2026-08-06 16:24:45.638407
FPT.VN,2020-06-11,23251.298828125,23251.298828125,21917.20703125,21917.20703125,19111.08203125,8978824,2026-08-06 16:24:45.638407
FPT.VN,2020-06-12,21440.74609375,22393.66796875,21440.74609375,22393.66796875,19526.541015625,6601694,2026-08-06 16:24:45.638407
FPT.VN,2020-06-15,22870.12890625,22870.12890625,21869.5625,21917.20703125,19111.08203125,2534310,2026-08-06 16:24:45.638407
FPT.VN,2020-06-16,22203.083984375,22298.376953125,22060.146484375,22203.083984375,19360.357421875,2310220,2026-08-06 16:24:45.638407
FPT.VN,2020-06-17,22250.73046875,22274.552734375,22036.322265625,22083.96875,19256.4921875,1655182,2026-08-06 16:24:45.638407
FPT.VN,2020-06-18,22060.146484375,22250.73046875,21988.677734375,22203.083984375,19360.357421875,1727276,2026-08-06 16:24:45.638407
FPT.VN,2020-06-19,22203.083984375,22393.66796875,22203.083984375,22393.66796875,19526.541015625,1564598,2026-08-06 16:24:45.638407
FPT.VN,2020-06-22,22393.66796875,22393.66796875,22322.19921875,22393.66796875,19526.541015625,1652139,2026-08-06 16:24:45.638407
FPT.VN,2020-06-23,22369.845703125,23060.71484375,22274.552734375,22655.72265625,19755.04296875,3554813,2026-08-06 16:24:45.638407
FPT.VN,2020-06-24,22822.484375,22846.306640625,22417.4921875,22488.9609375,19609.6328125,1273976,2026-08-06 16:24:45.638407
FPT.VN,2020-06-25,22226.908203125,22441.314453125,22203.083984375,22298.376953125,19443.447265625,1533829,2026-08-06 16:24:45.638407
FPT.VN,2020-06-26,22298.376953125,22465.138671875,22250.73046875,22322.19921875,19464.220703125,1265329,2026-08-06 16:24:45.638407
FPT.VN,2020-06-29,22203.083984375,22203.083984375,21845.73828125,21941.03125,19131.857421875,2689034,2026-08-06 16:24:45.638407
FPT.VN,2020-06-30,21988.677734375,22107.79296875,21631.33203125,21750.447265625,18965.673828125,3345939,2026-08-06 16:24:45.638407
FPT.VN,2020-07-01,21917.20703125,22060.146484375,21821.916015625,22012.5,19194.173828125,1818952,2026-08-06 16:24:45.638407
FPT.VN,2020-07-02,22060.146484375,22060.146484375,21893.384765625,21988.677734375,19173.40234375,1131593,2026-08-06 16:24:45.638407
FPT.VN,2020-07-03,22155.4375,22155.4375,21964.853515625,22036.322265625,19214.94921875,1111864,2026-08-06 16:24:45.638407
FPT.VN,2020-07-06,22155.4375,22369.845703125,22060.146484375,22298.376953125,19443.447265625,2287511,2026-08-06 16:24:45.638407
FPT.VN,2020-07-07,22393.66796875,22822.484375,22393.66796875,22608.076171875,19713.501953125,5748948,2026-08-06 16:24:45.638407
FPT.VN,2020-07-08,22536.607421875,22822.484375,22536.607421875,22727.19140625,19817.361328125,3090724,2026-08-06 16:24:45.638407
FPT.VN,2020-07-09,22822.484375,23060.71484375,22774.837890625,23036.890625,20087.408203125,4824948,2026-08-06 16:24:45.638407
FPT.VN,2020-07-10,23036.890625,23036.890625,23036.890625,23036.890625,20087.408203125,0,2026-08-06 16:24:45.638407
FPT.VN,2020-07-13,22870.12890625,23322.767578125,22751.013671875,23179.830078125,20212.046875,5588053,2026-08-06 16:24:45.638407
FPT.VN,2020-07-14,23013.068359375,23275.12109375,23013.068359375,23132.18359375,20170.501953125,3252186,2026-08-06 16:24:45.638407
FPT.VN,2020-07-15,23132.18359375,23132.18359375,23132.18359375,23132.18359375,20170.501953125,0,2026-08-06 16:24:45.638407
FPT.VN,2020-07-16,23132.18359375,23227.4765625,23060.71484375,23156.005859375,20191.2734375,2225848,2026-08-06 16:24:45.638407
FPT.VN,2020-07-17,23108.359375,23108.359375,22917.775390625,22917.775390625,19983.544921875,2755944,2026-08-06 16:24:45.638407
FPT.VN,2020-07-20,22917.775390625,22965.421875,22560.4296875,22584.25390625,19692.72265625,4301883,2026-08-06 16:24:45.638407
FPT.VN,2020-07-21,22631.8984375,22846.306640625,22512.783203125,22774.837890625,19858.91015625,1973361,2026-08-06 16:24:45.638407
FPT.VN,2020-07-22,22870.12890625,22870.12890625,22536.607421875,22584.25390625,19692.72265625,1716593,2026-08-06 16:24:45.638407
FPT.VN,2020-07-23,22584.25390625,22751.013671875,22441.314453125,22751.013671875,19838.1328125,1928027,2026-08-06 16:24:45.638407
FPT.VN,2020-07-24,22584.25390625,22655.72265625,21631.33203125,21869.5625,19069.541015625,6654353,2026-08-06 16:24:45.638407
FPT.VN,2020-07-27,21440.74609375,21869.5625,20773.701171875,20821.34765625,18155.525390625,6872230,2026-08-06 16:24:45.638407
FPT.VN,2020-07-28,21154.869140625,21821.916015625,21035.75390625,21774.26953125,18986.443359375,4100041,2026-08-06 16:24:45.638407
FPT.VN,2020-07-29,21154.869140625,21393.1015625,20868.994140625,21226.33984375,18508.669921875,3261966,2026-08-06 16:24:45.638407
FPT.VN,2020-07-30,21250.162109375,21512.216796875,21250.162109375,21512.216796875,18757.943359375,1284973,2026-08-06 16:24:45.638407
FPT.VN,2020-07-31,20964.28515625,21536.0390625,20964.28515625,21202.515625,18487.892578125,2321805,2026-08-06 16:24:45.638407
FPT.VN,2020-08-03,21202.515625,21869.5625,21202.515625,21869.5625,19069.541015625,2921959,2026-08-06 16:24:45.638407
FPT.VN,2020-08-04,22155.4375,22298.376953125,22012.5,22179.26171875,19339.5859375,2206497,2026-08-06 16:24:45.638407
FPT.VN,2020-08-05,22155.4375,22465.138671875,22036.322265625,22393.66796875,19526.541015625,2788307,2026-08-06 16:24:45.638407
FPT.VN,2020-08-06,22393.66796875,22512.783203125,22250.73046875,22298.376953125,19443.447265625,2421310,2026-08-06 16:24:45.638407
FPT.VN,2020-08-07,22298.376953125,22774.837890625,22298.376953125,22441.314453125,19568.08984375,2694218,2026-08-06 16:24:45.638407
FPT.VN,2020-08-10,22560.4296875,22774.837890625,22441.314453125,22488.9609375,19609.6328125,2435393,2026-08-06 16:24:45.638407
FPT.VN,2020-08-11,22608.076171875,22608.076171875,22393.66796875,22393.66796875,19526.541015625,2538906,2026-08-06 16:24:45.638407
FPT.VN,2020-08-12,22441.314453125,22631.8984375,22346.0234375,22631.8984375,19734.265625,2588312,2026-08-06 16:24:45.638407
FPT.VN,2020-08-13,22727.19140625,22846.306640625,22631.8984375,22846.306640625,19921.2265625,3587071,2026-08-06 16:24:45.638407
FPT.VN,2020-08-14,22917.775390625,22965.421875,22608.076171875,22774.837890625,19858.91015625,3428968,2026-08-06 16:24:45.638407
FPT.VN,2020-08-17,22346.0234375,22393.66796875,22155.4375,22393.66796875,19943.775390625,2201271,2026-08-06 16:24:45.638407
FPT.VN,2020-08-18,22393.66796875,22465.138671875,22298.376953125,22322.19921875,19880.123046875,1312174,2026-08-06 16:24:45.638407
FPT.VN,2020-08-19,22346.0234375,22417.4921875,22226.908203125,22322.19921875,19880.123046875,1841052,2026-08-06 16:24:45.638407
FPT.VN,2020-08-20,22346.0234375,22608.076171875,22322.19921875,22417.4921875,19964.9921875,3829127,2026-08-06 16:24:45.638407
FPT.VN,2020-08-21,22512.783203125,22631.8984375,22488.9609375,22584.25390625,20113.5078125,2644938,2026-08-06 16:24:45.638407
FPT.VN,2020-08-24,22846.306640625,23156.005859375,22798.66015625,23084.537109375,20559.0625,7430219,2026-08-06 16:24:45.638407
FPT.VN,2020-08-25,23156.005859375,23322.767578125,23132.18359375,23275.12109375,20728.79296875,6935866,2026-08-06 16:24:45.638407
FPT.VN,2020-08-26,23251.298828125,23275.12109375,22965.421875,23060.71484375,20537.84765625,2789294,2026-08-06 16:24:45.638407
FPT.VN,2020-08-27,22989.244140625,23870.697265625,22989.244140625,23751.58203125,21153.12890625,7818036,2026-08-06 16:24:45.638407
FPT.VN,2020-08-28,23918.34375,24347.158203125,23775.40625,23775.40625,21174.34765625,8414916,2026-08-06 16:24:45.638407
FPT.VN,2020-08-31,23775.40625,23965.990234375,23513.3515625,23584.822265625,21004.6171875,4073029,2026-08-06 16:24:45.638407
FPT.VN,2020-09-01,23584.822265625,24061.283203125,23513.3515625,23775.40625,21174.34765625,3688465,2026-08-06 16:24:45.638407
FPT.VN,2020-09-02,23775.40625,23775.40625,23775.40625,23775.40625,21174.34765625,0,2026-08-06 16:24:45.638407
FPT.VN,2020-09-03,24013.63671875,24061.283203125,23775.40625,24013.63671875,21386.515625,4788450,2026-08-06 16:24:45.638407
FPT.VN,2020-09-04,23584.822265625,23823.052734375,23584.822265625,23823.052734375,21216.78515625,3229036,2026-08-06 16:24:45.638407
FPT.VN,2020-09-07,23799.228515625,23823.052734375,23108.359375,23108.359375,20580.2734375,4766328,2026-08-06 16:24:45.638407
FPT.VN,2020-09-08,23227.4765625,23584.822265625,23108.359375,23584.822265625,21004.6171875,3418684,2026-08-06 16:24:45.638407
FPT.VN,2020-09-09,23179.830078125,23584.822265625,23156.005859375,23441.8828125,20877.310546875,3128944,2026-08-06 16:24:45.638407
FPT.VN,2020-09-10,23584.822265625,23727.759765625,23394.236328125,23441.8828125,20877.310546875,2111295,2026-08-06 16:24:45.638407
FPT.VN,2020-09-11,23441.8828125,23441.8828125,23441.8828125,23441.8828125,20877.310546875,0,2026-08-06 16:24:45.638407
FPT.VN,2020-09-14,23465.70703125,23584.822265625,23394.236328125,23489.529296875,20919.74609375,2366195,2026-08-06 16:24:45.638407
FPT.VN,2020-09-15,23584.822265625,23823.052734375,23489.529296875,23823.052734375,21216.78515625,4001859,2026-08-06 16:24:45.638407
FPT.VN,2020-09-16,23823.052734375,24204.220703125,23823.052734375,24061.283203125,21428.951171875,4025785,2026-08-06 16:24:45.638407
FPT.VN,2020-09-17,23965.990234375,24061.283203125,23775.40625,23823.052734375,21216.78515625,3280457,2026-08-06 16:24:45.638407
FPT.VN,2020-09-18,23870.697265625,24490.09765625,23823.052734375,24394.8046875,21725.98046875,6940168,2026-08-06 16:24:45.638407
FPT.VN,2020-09-21,24442.451171875,24633.03515625,24394.8046875,24394.8046875,21725.98046875,3211700,2026-08-06 16:24:45.638407
FPT.VN,2020-09-22,24204.220703125,24442.451171875,24108.927734375,24442.451171875,21768.419921875,3422252,2026-08-06 16:24:45.638407
FPT.VN,2020-09-23,24442.451171875,24537.744140625,24204.220703125,24347.158203125,21683.546875,3772984,2026-08-06 16:24:45.638407
FPT.VN,2020-09-24,24156.57421875,24299.513671875,23918.34375,24061.283203125,21428.951171875,3627536,2026-08-06 16:24:45.638407
FPT.VN,2020-09-25,24156.57421875,24204.220703125,23823.052734375,24204.220703125,21556.25,2530217,2026-08-06 16:24:45.638407
FPT.VN,2020-09-28,24251.8671875,24442.451171875,24108.927734375,24347.158203125,21683.546875,2754265,2026-08-06 16:24:45.638407
FPT.VN,2020-09-29,24490.09765625,24490.09765625,23918.34375,23918.34375,21301.6484375,3988762,2026-08-06 16:24:45.638407
FPT.VN,2020-09-30,23918.34375,24013.63671875,23703.9375,23823.052734375,21216.78515625,5247669,2026-08-06 16:24:45.638407
FPT.VN,2020-10-01,23918.34375,24204.220703125,23918.34375,24204.220703125,21556.25,1900491,2026-08-06 16:24:45.638407
FPT.VN,2020-10-02,24204.220703125,24347.158203125,23346.591796875,23965.990234375,21344.083984375,4088351,2026-08-06 16:24:45.638407
FPT.VN,2020-10-05,24013.63671875,24204.220703125,23775.40625,24061.283203125,21428.951171875,3144769,2026-08-06 16:24:45.638407
FPT.VN,2020-10-06,24204.220703125,24251.8671875,23965.990234375,24061.283203125,21428.951171875,3190796,2026-08-06 16:24:45.638407
FPT.VN,2020-10-07,23918.34375,24156.57421875,23918.34375,24013.63671875,21386.515625,3135009,2026-08-06 16:24:45.638407
FPT.VN,2020-10-08,24061.283203125,24537.744140625,23965.990234375,24347.158203125,21683.546875,6427996,2026-08-06 16:24:45.638407
FPT.VN,2020-10-09,24299.513671875,24394.8046875,24204.220703125,24204.220703125,21556.25,2462950,2026-08-06 16:24:45.638407
FPT.VN,2020-10-12,24251.8671875,24490.09765625,24108.927734375,24251.8671875,21598.68359375,3254578,2026-08-06 16:24:45.638407
FPT.VN,2020-10-13,24251.8671875,24299.513671875,24061.283203125,24156.57421875,21513.818359375,2565162,2026-08-06 16:24:45.638407
FPT.VN,2020-10-14,24204.220703125,24490.09765625,24013.63671875,24299.513671875,21641.1171875,5057622,2026-08-06 16:24:45.638407
FPT.VN,2020-10-15,24394.8046875,24490.09765625,24156.57421875,24394.8046875,21725.98046875,4040980,2026-08-06 16:24:45.638407
FPT.VN,2020-10-16,24394.8046875,25681.25,24251.8671875,25347.7265625,22574.65625,12109153,2026-08-06 16:24:45.638407
FPT.VN,2020-10-19,25538.3125,25633.603515625,25252.435546875,25395.373046875,22617.08984375,4897924,2026-08-06 16:24:45.638407
FPT.VN,2020-10-20,25300.08203125,25395.373046875,25014.205078125,25347.7265625,22574.65625,3958686,2026-08-06 16:24:45.638407
FPT.VN,2020-10-21,25347.7265625,25967.126953125,25157.142578125,25157.142578125,22404.923828125,6936579,2026-08-06 16:24:45.638407
FPT.VN,2020-10-22,25157.142578125,25728.896484375,25061.8515625,25728.896484375,22914.123046875,4924935,2026-08-06 16:24:45.638407
FPT.VN,2020-10-23,25824.1875,25967.126953125,25490.666015625,25681.25,22871.69140625,5554095,2026-08-06 16:24:45.638407
FPT.VN,2020-10-26,25681.25,25967.126953125,25157.142578125,25157.142578125,22404.923828125,8085676,2026-08-06 16:24:45.638407
FPT.VN,2020-10-27,25204.7890625,25347.7265625,24823.619140625,24823.619140625,22107.884765625,6692698,2026-08-06 16:24:45.638407
FPT.VN,2020-10-28,24775.974609375,24966.55859375,24156.57421875,24156.57421875,21513.818359375,7547794,2026-08-06 16:24:45.638407
FPT.VN,2020-10-29,24013.63671875,24442.451171875,23918.34375,24251.8671875,21598.68359375,5708105,2026-08-06 16:24:45.638407
FPT.VN,2020-10-30,24490.09765625,24537.744140625,24061.283203125,24537.744140625,21853.287109375,3085184,2026-08-06 16:24:45.638407
FPT.VN,2020-11-02,24537.744140625,24633.03515625,24394.8046875,24633.03515625,21938.150390625,1817798,2026-08-06 16:24:45.638407
FPT.VN,2020-11-03,24728.328125,25204.7890625,24633.03515625,25157.142578125,22404.923828125,5379012,2026-08-06 16:24:45.638407
FPT.VN,2020-11-04,25252.435546875,25395.373046875,25014.205078125,25252.435546875,22489.791015625,2874715,2026-08-06 16:24:45.638407
FPT.VN,2020-11-05,25109.49609375,25443.01953125,24775.974609375,24775.974609375,22065.45703125,2740748,2026-08-06 16:24:45.638407
FPT.VN,2020-11-06,24966.55859375,25157.142578125,24823.619140625,24966.55859375,22235.1875,2072068,2026-08-06 16:24:45.638407
FPT.VN,2020-11-09,25157.142578125,25443.01953125,25109.49609375,25443.01953125,22659.51953125,4222066,2026-08-06 16:24:45.638407
FPT.VN,2020-11-10,25728.896484375,25728.896484375,25252.435546875,25252.435546875,22489.791015625,3650539,2026-08-06 16:24:45.638407
FPT.VN,2020-11-11,25443.01953125,25443.01953125,25109.49609375,25252.435546875,22489.791015625,3501293,2026-08-06 16:24:45.638407
FPT.VN,2020-11-12,25252.435546875,25490.666015625,25204.7890625,25490.666015625,22701.953125,2591061,2026-08-06 16:24:45.638407
FPT.VN,2020-11-13,25633.603515625,25633.603515625,25490.666015625,25633.603515625,22829.2578125,2766585,2026-08-06 16:24:45.638407
FPT.VN,2020-11-16,25728.896484375,25919.48046875,25252.435546875,25395.373046875,22617.08984375,7794320,2026-08-06 16:24:45.638407
FPT.VN,2020-11-17,25538.3125,25776.54296875,25252.435546875,25728.896484375,22914.123046875,5279613,2026-08-06 16:24:45.638407
FPT.VN,2020-11-18,25871.833984375,25871.833984375,25585.95703125,25728.896484375,22914.123046875,3687940,2026-08-06 16:24:45.638407
FPT.VN,2020-11-19,25871.833984375,26681.818359375,25728.896484375,26253.00390625,23380.89453125,10452963,2026-08-06 16:24:45.638407
FPT.VN,2020-11-20,26253.00390625,26634.171875,26205.357421875,26300.6484375,23423.32421875,3856264,2026-08-06 16:24:45.638407
FPT.VN,2020-11-23,26300.6484375,26777.109375,26014.7734375,26634.171875,23720.359375,5928375,2026-08-06 16:24:45.638407
FPT.VN,2020-11-24,26634.171875,26920.048828125,26205.357421875,26491.234375,23593.060546875,6304691,2026-08-06 16:24:45.638407
FPT.VN,2020-11-25,26824.755859375,26824.755859375,26300.6484375,26300.6484375,23423.32421875,3852634,2026-08-06 16:24:45.638407
FPT.VN,2020-11-26,26443.587890625,26681.818359375,26110.064453125,26538.87890625,23635.49609375,3431823,2026-08-06 16:24:45.638407
FPT.VN,2020-11-27,26634.171875,26777.109375,26491.234375,26777.109375,23847.6640625,4169113,2026-08-06 16:24:45.638407
FPT.VN,2020-11-30,27015.341796875,27015.341796875,26395.94140625,26395.94140625,23508.1953125,5796276,2026-08-06 16:24:45.638407
FPT.VN,2020-12-01,26205.357421875,26395.94140625,26110.064453125,26300.6484375,23423.32421875,7193389,2026-08-06 16:24:45.638407
FPT.VN,2020-12-02,26205.357421875,26538.87890625,26205.357421875,26491.234375,23593.060546875,4424705,2026-08-06 16:24:45.638407
FPT.VN,2020-12-03,26443.587890625,26538.87890625,26253.00390625,26491.234375,23593.060546875,3416816,2026-08-06 16:24:45.638407
FPT.VN,2020-12-04,26395.94140625,26634.171875,26395.94140625,26538.87890625,23635.49609375,2898285,2026-08-06 16:24:45.638407
FPT.VN,2020-12-07,26634.171875,26681.818359375,26443.587890625,26538.87890625,23635.49609375,3054142,2026-08-06 16:24:45.638407
FPT.VN,2020-12-08,26538.87890625,26967.6953125,26443.587890625,26777.109375,23847.6640625,4821191,2026-08-06 16:24:45.638407
FPT.VN,2020-12-09,26824.755859375,27539.447265625,26777.109375,27396.509765625,24399.298828125,6300242,2026-08-06 16:24:45.638407
FPT.VN,2020-12-10,27158.279296875,27491.802734375,26920.048828125,26920.048828125,23974.96484375,4433709,2026-08-06 16:24:45.638407
FPT.VN,2020-12-11,26967.6953125,27158.279296875,26824.755859375,27158.279296875,24187.130859375,3673479,2026-08-06 16:24:45.638407
FPT.VN,2020-12-14,27158.279296875,27634.740234375,27110.6328125,27253.572265625,24271.998046875,3030174,2026-08-06 16:24:45.638407
FPT.VN,2020-12-15,27396.509765625,27444.15625,26967.6953125,27015.341796875,24059.833984375,5597309,2026-08-06 16:24:45.638407
FPT.VN,2020-12-16,27253.572265625,27396.509765625,27158.279296875,27205.92578125,24229.564453125,4188233,2026-08-06 16:24:45.638407
FPT.VN,2020-12-17,27110.6328125,27205.92578125,26681.818359375,26920.048828125,23974.96484375,7544163,2026-08-06 16:24:45.638407
FPT.VN,2020-12-18,26920.048828125,27205.92578125,26920.048828125,27110.6328125,24144.69921875,3217094,2026-08-06 16:24:45.638407
FPT.VN,2020-12-21,27301.216796875,27539.447265625,27205.92578125,27396.509765625,24399.298828125,4842767,2026-08-06 16:24:45.638407
FPT.VN,2020-12-22,27348.86328125,27872.970703125,27205.92578125,27682.38671875,24653.900390625,5407346,2026-08-06 16:24:45.638407
FPT.VN,2020-12-23,27777.677734375,27920.6171875,27253.572265625,27396.509765625,24399.298828125,2920322,2026-08-06 16:24:45.638407
FPT.VN,2020-12-24,27396.509765625,27539.447265625,26872.40234375,27158.279296875,24187.130859375,5008195,2026-08-06 16:24:45.638407
FPT.VN,2020-12-25,27158.279296875,27444.15625,26967.6953125,27444.15625,24441.732421875,3410793,2026-08-06 16:24:45.638407
FPT.VN,2020-12-28,27587.09375,27920.6171875,27396.509765625,27587.09375,24569.03125,4611268,2026-08-06 16:24:45.638407
FPT.VN,2020-12-29,27587.09375,28015.908203125,27444.15625,27920.6171875,24866.068359375,4560603,2026-08-06 16:24:45.638407
FPT.VN,2020-12-30,28063.5546875,28063.5546875,27682.38671875,27682.38671875,24653.900390625,2527342,2026-08-06 16:24:45.638407
FPT.VN,2020-12-31,27682.38671875,28206.494140625,27634.740234375,28158.84765625,25078.240234375,4273948,2026-08-06 16:24:45.638407
FPT.VN,2021-01-01,28158.84765625,28158.84765625,28158.84765625,28158.84765625,25078.240234375,0,2026-08-06 16:24:45.638407
FPT.VN,2021-01-04,28397.078125,28682.955078125,28254.138671875,28682.955078125,25545.0078125,451516,2026-08-06 16:24:45.638407
FPT.VN,2021-01-05,28587.662109375,30255.275390625,28492.369140625,29874.107421875,26605.84375,489483,2026-08-06 16:24:45.638407
FPT.VN,2021-01-06,30064.69140625,30302.921875,29683.5234375,29731.16796875,26478.54296875,376945,2026-08-06 16:24:45.638407
FPT.VN,2021-01-07,29826.4609375,29969.3984375,29492.9375,29778.814453125,26520.9765625,451285,2026-08-06 16:24:45.638407
FPT.VN,2021-01-08,30017.044921875,30350.568359375,29826.4609375,30159.984375,26860.447265625,570959,2026-08-06 16:24:45.638407
FPT.VN,2021-01-11,30445.859375,30827.029296875,30159.984375,30827.029296875,27454.515625,414052,2026-08-06 16:24:45.638407
FPT.VN,2021-01-12,30969.966796875,31446.427734375,30493.505859375,31351.13671875,27921.283203125,511101,2026-08-06 16:24:45.638407
FPT.VN,2021-01-13,31398.783203125,32113.474609375,31398.783203125,31684.658203125,28218.318359375,548208,2026-08-06 16:24:45.638407
FPT.VN,2021-01-14,31684.658203125,31922.888671875,31303.490234375,31637.013671875,28175.888671875,373063,2026-08-06 16:24:45.638407
FPT.VN,2021-01-15,31922.888671875,31922.888671875,31637.013671875,31732.3046875,28260.755859375,323300,2026-08-06 16:24:45.638407
FPT.VN,2021-01-18,31922.888671875,31922.888671875,31541.720703125,31589.3671875,28133.455078125,253745,2026-08-06 16:24:45.638407
FPT.VN,2021-01-19,31446.427734375,31494.07421875,29397.646484375,29540.583984375,26308.810546875,735757,2026-08-06 16:24:45.638407
FPT.VN,2021-01-20,29874.107421875,30350.568359375,28682.955078125,30159.984375,26860.447265625,768961,2026-08-06 16:24:45.638407
FPT.VN,2021-01-21,30731.736328125,31351.13671875,30159.984375,31255.84375,27836.4140625,485475,2026-08-06 16:24:45.638407
FPT.VN,2021-01-22,31303.490234375,32161.119140625,31160.552734375,31875.244140625,28388.052734375,438713,2026-08-06 16:24:45.638407
FPT.VN,2021-01-25,31827.59765625,32494.642578125,31541.720703125,31922.888671875,28430.486328125,653127,2026-08-06 16:24:45.638407
FPT.VN,2021-01-26,32161.119140625,32161.119140625,31208.197265625,31446.427734375,28006.150390625,545165,2026-08-06 16:24:45.638407
FPT.VN,2021-01-27,31303.490234375,31494.07421875,29969.3984375,30017.044921875,26733.14453125,467362,2026-08-06 16:24:45.638407
FPT.VN,2021-01-28,28587.662109375,29683.5234375,27920.6171875,27920.6171875,24866.068359375,1068796,2026-08-06 16:24:45.638407
FPT.VN,2021-01-29,28111.201171875,29874.107421875,28111.201171875,29874.107421875,26605.84375,674115,2026-08-06 16:24:45.638407
FPT.VN,2021-02-01,30684.091796875,31160.552734375,29683.5234375,30255.275390625,26945.314453125,423413,2026-08-06 16:24:45.638407
FPT.VN,2021-02-02,30064.69140625,31446.427734375,30017.044921875,31446.427734375,28006.150390625,685176,2026-08-06 16:24:45.638407
FPT.VN,2021-02-03,32161.119140625,33638.1484375,31494.07421875,33352.2734375,29703.494140625,875937,2026-08-06 16:24:45.638407
FPT.VN,2021-02-04,33447.56640625,34876.94921875,33447.56640625,34543.42578125,30764.333984375,923202,2026-08-06 16:24:45.638407
FPT.VN,2021-02-05,34781.65625,34972.23828125,34209.90234375,34734.0078125,30934.06640625,437580,2026-08-06 16:24:45.638407
FPT.VN,2021-02-08,34734.0078125,34734.0078125,33161.6875,33971.671875,30255.12890625,846994,2026-08-06 16:24:45.638407
FPT.VN,2021-02-09,33971.671875,33971.671875,33971.671875,33971.671875,30255.12890625,0,2026-08-06 16:24:45.638407
FPT.VN,2021-02-10,33971.671875,33971.671875,33971.671875,33971.671875,30255.12890625,0,2026-08-06 16:24:45.638407
FPT.VN,2021-02-11,33971.671875,33971.671875,33971.671875,33971.671875,30255.12890625,0,2026-08-06 16:24:45.638407
FPT.VN,2021-02-12,33971.671875,33971.671875,33971.671875,33971.671875,30255.12890625,0,2026-08-06 16:24:45.638407
FPT.VN,2021-02-15,33971.671875,33971.671875,33971.671875,33971.671875,30255.12890625,0,2026-08-06 16:24:45.638407
FPT.VN,2021-02-16,33971.671875,33971.671875,33971.671875,33971.671875,30255.12890625,0,2026-08-06 16:24:45.638407
FPT.VN,2021-02-17,36353.9765625,37640.421875,36163.39453125,37116.31640625,33055.74609375,658836,2026-08-06 16:24:45.638407
FPT.VN,2021-02-18,37163.9609375,37306.8984375,36496.9140625,37259.25390625,33183.046875,470783,2026-08-06 16:24:45.638407
FPT.VN,2021-02-19,36830.4375,37163.9609375,36211.0390625,36496.9140625,32504.11328125,781323,2026-08-06 16:24:45.638407
FPT.VN,2021-02-22,36496.9140625,36925.73046875,36258.68359375,36592.20703125,32588.9765625,486776,2026-08-06 16:24:45.638407
FPT.VN,2021-02-23,36353.9765625,36687.5,35543.9921875,35972.80859375,32037.337890625,707193,2026-08-06 16:24:45.638407
FPT.VN,2021-02-24,35972.80859375,35972.80859375,35972.80859375,35972.80859375,32037.337890625,0,2026-08-06 16:24:45.638407
FPT.VN,2021-02-25,36258.68359375,36353.9765625,35496.34765625,36306.33203125,32334.376953125,404545,2026-08-06 16:24:45.638407
FPT.VN,2021-02-26,35734.578125,36401.625,35686.93359375,36306.33203125,32334.376953125,406329,2026-08-06 16:24:45.638407
FPT.VN,2021-03-01,36592.20703125,37163.9609375,36592.20703125,37116.31640625,33055.74609375,436153,2026-08-06 16:24:45.638407
FPT.VN,2021-03-02,37592.77734375,37592.77734375,36639.85546875,37116.31640625,33055.74609375,382339,2026-08-06 16:24:45.638407
FPT.VN,2021-03-03,37163.9609375,37211.60546875,36878.0859375,37021.0234375,32970.875,335683,2026-08-06 16:24:45.638407
FPT.VN,2021-03-04,37021.0234375,37068.66796875,35782.22265625,36163.39453125,32207.072265625,608968,2026-08-06 16:24:45.638407
FPT.VN,2021-03-05,35972.80859375,36211.0390625,35496.34765625,36163.39453125,32207.072265625,526275,2026-08-06 16:24:45.638407
FPT.VN,2021-03-08,36211.0390625,36449.26953125,35925.1640625,36115.74609375,32164.640625,347688,2026-08-06 16:24:45.638407
FPT.VN,2021-03-09,35734.578125,36068.1015625,35496.34765625,35734.578125,31825.169921875,458043,2026-08-06 16:24:45.638407
FPT.VN,2021-03-10,36163.39453125,36925.73046875,35734.578125,36353.9765625,32376.810546875,546193,2026-08-06 16:24:45.638407
FPT.VN,2021-03-11,36449.26953125,36735.14453125,36258.68359375,36544.5625,32546.54296875,310161,2026-08-06 16:24:45.638407
FPT.VN,2021-03-12,36687.5,36735.14453125,36353.9765625,36449.26953125,32461.671875,432942,2026-08-06 16:24:45.638407
FPT.VN,2021-03-15,36496.9140625,36925.73046875,36258.68359375,36449.26953125,32461.671875,369579,2026-08-06 16:24:45.638407
FPT.VN,2021-03-16,36687.5,38831.57421875,36496.9140625,38593.34375,34371.1875,1072700,2026-08-06 16:24:45.638407
FPT.VN,2021-03-17,38831.57421875,38831.57421875,38116.8828125,38498.05078125,34286.3203125,336480,2026-08-06 16:24:45.638407
FPT.VN,2021-03-18,38593.34375,38593.34375,38116.8828125,38593.34375,34371.1875,379359,2026-08-06 16:24:45.638407
FPT.VN,2021-03-19,38116.8828125,38355.11328125,37831.0078125,38021.58984375,33861.98046875,471769,2026-08-06 16:24:45.638407
FPT.VN,2021-03-22,37878.65234375,37926.296875,37306.8984375,37497.484375,33395.21484375,437559,2026-08-06 16:24:45.638407
FPT.VN,2021-03-23,37402.19140625,38116.8828125,37306.8984375,37545.12890625,33437.6484375,462094,2026-08-06 16:24:45.638407
FPT.VN,2021-03-24,37116.31640625,37592.77734375,36449.26953125,36687.5,32673.841796875,520525,2026-08-06 16:24:45.638407
FPT.VN,2021-03-25,36925.73046875,36925.73046875,36449.26953125,36496.9140625,32504.11328125,483859,2026-08-06 16:24:45.638407
FPT.VN,2021-03-26,36306.33203125,36592.20703125,35496.34765625,36258.68359375,32291.9375,560927,2026-08-06 16:24:45.638407
FPT.VN,2021-03-29,36449.26953125,37211.60546875,36258.68359375,36973.375,32928.4453125,419278,2026-08-06 16:24:45.638407
FPT.VN,2021-03-30,37116.31640625,37163.9609375,36687.5,36735.14453125,32716.271484375,317444,2026-08-06 16:24:45.638407
FPT.VN,2021-03-31,36735.14453125,37211.60546875,36496.9140625,37021.0234375,32970.875,288250,2026-08-06 16:24:45.638407
FPT.VN,2021-04-01,37116.31640625,37973.9453125,37116.31640625,37973.9453125,33819.55078125,524890,2026-08-06 16:24:45.638407
FPT.VN,2021-04-02,38307.46875,38355.11328125,38021.58984375,38021.58984375,33861.98046875,409309,2026-08-06 16:24:45.638407
FPT.VN,2021-04-05,38307.46875,38355.11328125,37592.77734375,37926.296875,33777.12109375,312092,2026-08-06 16:24:45.638407
FPT.VN,2021-04-06,37688.06640625,38116.8828125,37688.06640625,37831.0078125,33692.24609375,316038,2026-08-06 16:24:45.638407
FPT.VN,2021-04-07,37735.71484375,37973.9453125,37688.06640625,37926.296875,33777.12109375,315618,2026-08-06 16:24:45.638407
FPT.VN,2021-04-08,38212.17578125,38402.7578125,37878.65234375,37926.296875,33777.12109375,337866,2026-08-06 16:24:45.638407
FPT.VN,2021-04-09,38069.23828125,39546.265625,38069.23828125,39117.453125,34837.953125,833310,2026-08-06 16:24:45.638407
FPT.VN,2021-04-12,39260.390625,39260.390625,38831.57421875,39117.453125,34837.953125,424483,2026-08-06 16:24:45.638407
FPT.VN,2021-04-13,39069.8046875,39165.09765625,38355.11328125,38450.40625,34243.89453125,427757,2026-08-06 16:24:45.638407
FPT.VN,2021-04-14,38116.8828125,38593.34375,37878.65234375,38593.34375,34371.1875,531124,2026-08-06 16:24:45.638407
FPT.VN,2021-04-15,38593.34375,38783.9296875,38021.58984375,38116.8828125,33946.85546875,439952,2026-08-06 16:24:45.638407
FPT.VN,2021-04-16,38021.58984375,38688.63671875,37545.12890625,37973.9453125,33819.55078125,460604,2026-08-06 16:24:45.638407
FPT.VN,2021-04-19,38116.8828125,38831.57421875,37878.65234375,38831.57421875,34583.35546875,499684,2026-08-06 16:24:45.638407
FPT.VN,2021-04-20,38974.51171875,40451.54296875,38879.21875,39498.62109375,35177.4296875,995422,2026-08-06 16:24:45.638407
FPT.VN,2021-04-21,39498.62109375,39498.62109375,39498.62109375,39498.62109375,35177.4296875,0,2026-08-06 16:24:45.638407
FPT.VN,2021-04-22,39069.8046875,39975.08203125,38116.8828125,38116.8828125,33946.85546875,476681,2026-08-06 16:24:45.638407
FPT.VN,2021-04-23,38116.8828125,39546.265625,37973.9453125,39546.265625,35219.859375,664566,2026-08-06 16:24:45.638407
FPT.VN,2021-04-26,39308.03515625,39450.97265625,38355.11328125,38593.34375,34371.1875,535468,2026-08-06 16:24:45.638407
FPT.VN,2021-04-27,38307.46875,38783.9296875,38164.52734375,38450.40625,34243.89453125,270137,2026-08-06 16:24:45.638407
FPT.VN,2021-04-28,38164.52734375,38736.28125,38164.52734375,38498.05078125,34286.3203125,286844,2026-08-06 16:24:45.638407
FPT.VN,2021-04-29,38498.05078125,38974.51171875,38498.05078125,38545.69921875,34328.75390625,439805,2026-08-06 16:24:45.638407
FPT.VN,2021-04-30,38545.69921875,38545.69921875,38545.69921875,38545.69921875,34328.75390625,0,2026-08-06 16:24:45.638407
FPT.VN,2021-05-03,38545.69921875,38545.69921875,38545.69921875,38545.69921875,34328.75390625,0,2026-08-06 16:24:45.638407
FPT.VN,2021-05-04,38116.8828125,39784.49609375,38116.8828125,39498.62109375,35177.4296875,495759,2026-08-06 16:24:45.638407
FPT.VN,2021-05-05,40260.95703125,40260.95703125,39403.328125,39498.62109375,35177.4296875,487196,2026-08-06 16:24:45.638407
FPT.VN,2021-05-06,39546.265625,39784.49609375,39165.09765625,39403.328125,35092.56640625,413255,2026-08-06 16:24:45.638407
FPT.VN,2021-05-07,39403.328125,40022.7265625,39212.7421875,39546.265625,35219.859375,567916,2026-08-06 16:24:45.638407
FPT.VN,2021-05-10,39593.9140625,40975.6484375,39546.265625,40880.35546875,36408.0,945365,2026-08-06 16:24:45.638407
FPT.VN,2021-05-11,40975.6484375,41261.52734375,40594.48046875,40594.48046875,36153.390625,436279,2026-08-06 16:24:45.638407
FPT.VN,2021-05-12,40499.1875,40689.7734375,40165.6640625,40689.7734375,36238.265625,387125,2026-08-06 16:24:45.638407
FPT.VN,2021-05-13,40499.1875,40689.7734375,40022.7265625,40022.7265625,35644.1953125,536937,2026-08-06 16:24:45.638407
FPT.VN,2021-05-14,40165.6640625,41070.94140625,40070.375,40403.89453125,35983.65625,390105,2026-08-06 16:24:45.638407
FPT.VN,2021-05-17,40880.35546875,41261.52734375,40594.48046875,40832.7109375,36365.5625,366136,2026-08-06 16:24:45.638407
FPT.VN,2021-05-18,41166.234375,41642.6953125,41070.94140625,41452.109375,36917.203125,447780,2026-08-06 16:24:45.638407
FPT.VN,2021-05-19,41690.33984375,43405.6015625,41356.81640625,43262.6640625,38529.671875,603680,2026-08-06 16:24:45.638407
FPT.VN,2021-05-20,43262.6640625,45502.02734375,43072.078125,45502.02734375,40524.05078125,739598,2026-08-06 16:24:45.638407
FPT.VN,2021-05-21,44930.27734375,46026.13671875,44310.875,44692.046875,39802.6875,676382,2026-08-06 16:24:45.638407
FPT.VN,2021-05-24,44692.046875,44739.69140625,43882.0625,44549.10546875,39675.37890625,560276,2026-08-06 16:24:45.638407
FPT.VN,2021-05-25,44549.10546875,45359.08984375,44215.5859375,44692.046875,39802.6875,452565,2026-08-06 16:24:45.638407
FPT.VN,2021-05-26,44882.62890625,45502.02734375,44644.3984375,45406.73828125,40439.19140625,418250,2026-08-06 16:24:45.638407
FPT.VN,2021-05-27,45406.73828125,45454.3828125,44549.10546875,44692.046875,39802.6875,366409,2026-08-06 16:24:45.638407
FPT.VN,2021-05-28,44787.3359375,45263.796875,44644.3984375,45168.5078125,40227.015625,393379,2026-08-06 16:24:45.638407
FPT.VN,2021-05-31,45502.02734375,46693.18359375,45120.859375,46645.53515625,41542.46484375,679530,2026-08-06 16:24:45.638407
FPT.VN,2021-06-01,48163.0625,48491.8203125,47669.92578125,47724.71875,42942.21484375,637854,2026-08-06 16:24:45.638407
FPT.VN,2021-06-02,47724.71875,47943.890625,46574.06640625,46848.03125,42153.3828125,557352,2026-08-06 16:24:45.638407
FPT.VN,2021-06-03,46574.06640625,46793.23828125,46190.515625,46683.65234375,42005.47265625,582336,2026-08-06 16:24:45.638407
FPT.VN,2021-06-04,46574.06640625,46628.859375,45916.55078125,46409.6875,41758.95703125,697278,2026-08-06 16:24:45.638407
FPT.VN,2021-06-07,46354.89453125,46409.6875,44382.34375,45313.828125,40772.91796875,6773125,2026-08-06 16:24:45.638407
FPT.VN,2021-06-08,45313.828125,45313.828125,45313.828125,45313.828125,40772.91796875,0,2026-08-06 16:24:45.638407
FPT.VN,2021-06-09,44163.171875,44985.0703125,43286.484375,44765.8984375,40279.89453125,6526561,2026-08-06 16:24:45.638407
FPT.VN,2021-06-10,44765.8984375,45204.2421875,44382.34375,44875.484375,40378.50390625,4042303,2026-08-06 16:24:45.638407
FPT.VN,2021-06-11,44656.3125,45971.34375,44546.7265625,45752.171875,41167.33203125,4306387,2026-08-06 16:24:45.638407
FPT.VN,2021-06-14,45752.171875,46354.89453125,45478.20703125,45916.55078125,41315.23828125,4649497,2026-08-06 16:24:45.638407
FPT.VN,2021-06-15,45916.55078125,46300.1015625,45587.79296875,45587.79296875,41019.4296875,3246216,2026-08-06 16:24:45.638407
FPT.VN,2021-06-16,45587.79296875,46354.89453125,45313.828125,45533.0,40970.125,4493273,2026-08-06 16:24:45.638407
FPT.VN,2021-06-17,44985.0703125,45533.0,44985.0703125,45259.03515625,40723.609375,4081541,2026-08-06 16:24:45.638407
FPT.VN,2021-06-18,45533.0,46135.72265625,45313.828125,45916.55078125,41315.23828125,3069186,2026-08-06 16:24:45.638407
FPT.VN,2021-06-21,45806.96484375,47286.375,45587.79296875,46902.82421875,42202.6796875,7078091,2026-08-06 16:24:45.638407
FPT.VN,2021-06-22,47176.7890625,47450.75390625,46793.23828125,46793.23828125,42104.07421875,3212635,2026-08-06 16:24:45.638407
FPT.VN,2021-06-23,46738.4453125,46902.82421875,46080.9296875,46519.2734375,41857.56640625,2919897,2026-08-06 16:24:45.638407
FPT.VN,2021-06-24,46190.515625,46519.2734375,45971.34375,46409.6875,41758.95703125,3025567,2026-08-06 16:24:45.638407
FPT.VN,2021-06-25,46409.6875,46793.23828125,46135.72265625,46683.65234375,42005.47265625,2743780,2026-08-06 16:24:45.638407
FPT.VN,2021-06-28,47176.7890625,47176.7890625,46793.23828125,46957.6171875,42251.9765625,3392402,2026-08-06 16:24:45.638407
FPT.VN,2021-06-29,47450.75390625,48765.7890625,47286.375,48546.61328125,43681.73828125,8938729,2026-08-06 16:24:45.638407
FPT.VN,2021-06-30,48765.7890625,48820.58203125,48217.85546875,48217.85546875,43385.9296875,3013340,2026-08-06 16:24:45.638407
FPT.VN,2021-07-01,48272.6484375,48710.99609375,48217.85546875,48710.99609375,43829.6640625,3102767,2026-08-06 16:24:45.638407
FPT.VN,2021-07-02,48930.16796875,50683.54296875,48710.99609375,50354.78515625,45308.71875,7069331,2026-08-06 16:24:45.638407
FPT.VN,2021-07-05,50354.78515625,50354.78515625,50354.78515625,50354.78515625,45308.71875,0,2026-08-06 16:24:45.638407
FPT.VN,2021-07-06,50354.78515625,50354.78515625,50354.78515625,50354.78515625,45308.71875,0,2026-08-06 16:24:45.638407
FPT.VN,2021-07-07,50354.78515625,50354.78515625,50354.78515625,50354.78515625,45308.71875,0,2026-08-06 16:24:45.638407
FPT.VN,2021-07-08,50354.78515625,50354.78515625,50354.78515625,50354.78515625,45308.71875,0,2026-08-06 16:24:45.638407
FPT.VN,2021-07-09,49094.546875,50409.578125,48656.203125,49149.33984375,44224.078125,5378422,2026-08-06 16:24:45.638407
FPT.VN,2021-07-12,49149.33984375,49149.33984375,49149.33984375,49149.33984375,44224.078125,0,2026-08-06 16:24:45.638407
FPT.VN,2021-07-13,47615.1328125,47834.3046875,46574.06640625,47669.92578125,42892.90234375,4028615,2026-08-06 16:24:45.638407
FPT.VN,2021-07-14,47669.92578125,47669.92578125,47669.92578125,47669.92578125,42892.90234375,0,2026-08-06 16:24:45.638407
FPT.VN,2021-07-15,46409.6875,47450.75390625,46409.6875,46793.23828125,42104.07421875,4954280,2026-08-06 16:24:45.638407
FPT.VN,2021-07-16,46793.23828125,46793.23828125,46793.23828125,46793.23828125,42104.07421875,0,2026-08-06 16:24:45.638407
FPT.VN,2021-07-19,46683.65234375,47341.16796875,46300.1015625,46409.6875,41758.95703125,6002224,2026-08-06 16:24:45.638407
FPT.VN,2021-07-20,46464.48046875,47560.33984375,45971.34375,47560.33984375,42794.3046875,4660630,2026-08-06 16:24:45.638407
FPT.VN,2021-07-21,47560.33984375,48163.0625,47176.7890625,47450.75390625,42695.69921875,6148958,2026-08-06 16:24:45.638407
FPT.VN,2021-07-22,47231.58203125,49094.546875,47231.58203125,48984.9609375,44076.16015625,8113442,2026-08-06 16:24:45.638407
FPT.VN,2021-07-23,48984.9609375,50902.71484375,48601.40625,49587.68359375,44618.48828125,12329490,2026-08-06 16:24:45.638407
FPT.VN,2021-07-26,49478.09765625,51450.64453125,49423.3046875,51341.05859375,46196.1640625,10536196,2026-08-06 16:24:45.638407
FPT.VN,2021-07-27,51724.609375,51998.57421875,50683.54296875,51067.09375,45949.6484375,9138025,2026-08-06 16:24:45.638407
FPT.VN,2021-07-28,50847.921875,51341.05859375,50245.19921875,50409.578125,45358.015625,6107894,2026-08-06 16:24:45.638407
FPT.VN,2021-07-29,50409.578125,51450.64453125,50245.19921875,51176.6796875,46048.25,6776228,2026-08-06 16:24:45.638407
FPT.VN,2021-07-30,51231.47265625,51943.78125,50847.921875,51505.4375,46344.0625,8259993,2026-08-06 16:24:45.638407
FPT.VN,2021-08-02,51505.4375,52930.05859375,51505.4375,52382.125,47132.89453125,7803731,2026-08-06 16:24:45.638407
FPT.VN,2021-08-03,52491.7109375,52601.296875,51888.98828125,52491.7109375,47231.5,6583320,2026-08-06 16:24:45.638407
FPT.VN,2021-08-04,52491.7109375,52491.7109375,52491.7109375,52491.7109375,47231.5,0,2026-08-06 16:24:45.638407
FPT.VN,2021-08-05,52162.953125,53149.23046875,51998.57421875,52930.05859375,47625.92578125,4536344,2026-08-06 16:24:45.638407
FPT.VN,2021-08-06,53039.64453125,53258.81640625,52491.7109375,52930.05859375,47625.92578125,6230538,2026-08-06 16:24:45.638407
FPT.VN,2021-08-09,53149.23046875,53532.78125,52546.50390625,53423.1953125,48069.640625,5355609,2026-08-06 16:24:45.638407
FPT.VN,2021-08-10,53423.1953125,53423.1953125,53423.1953125,53423.1953125,48069.640625,0,2026-08-06 16:24:45.638407
FPT.VN,2021-08-11,53532.78125,53587.57421875,52656.08984375,52656.08984375,47379.41796875,8912084,2026-08-06 16:24:45.638407
FPT.VN,2021-08-12,52491.7109375,52601.296875,51176.6796875,51395.8515625,46245.45703125,15329324,2026-08-06 16:24:45.638407
FPT.VN,2021-08-13,51012.30078125,52053.3671875,50957.5078125,52053.3671875,46837.08203125,6604308,2026-08-06 16:24:45.638407
FPT.VN,2021-08-16,52053.3671875,52162.953125,51724.609375,51834.1953125,47136.0390625,3480005,2026-08-06 16:24:45.638407
FPT.VN,2021-08-17,51834.1953125,51834.1953125,51834.1953125,51834.1953125,47136.0390625,0,2026-08-06 16:24:45.638407
FPT.VN,2021-08-18,51395.8515625,51998.57421875,51395.8515625,51505.4375,46837.0859375,3560672,2026-08-06 16:24:45.638407
FPT.VN,2021-08-19,52053.3671875,52053.3671875,51395.8515625,51779.40234375,47086.2109375,4967056,2026-08-06 16:24:45.638407
FPT.VN,2021-08-20,51779.40234375,51888.98828125,49916.44140625,50847.921875,46239.16796875,7937689,2026-08-06 16:24:45.638407
FPT.VN,2021-08-23,50683.54296875,50683.54296875,49861.6484375,49861.6484375,45342.28125,6271966,2026-08-06 16:24:45.638407
FPT.VN,2021-08-24,50135.61328125,50409.578125,49258.92578125,50354.78515625,45790.72265625,5623891,2026-08-06 16:24:45.638407
FPT.VN,2021-08-25,50628.75,50628.75,49861.6484375,50354.78515625,45790.72265625,2452867,2026-08-06 16:24:45.638407
FPT.VN,2021-08-26,50409.578125,50902.71484375,49971.234375,50080.8203125,45541.58984375,3209715,2026-08-06 16:24:45.638407
FPT.VN,2021-08-27,49861.6484375,50409.578125,49642.4765625,50409.578125,45840.55078125,3460659,2026-08-06 16:24:45.638407
FPT.VN,2021-08-30,50957.5078125,50957.5078125,50464.37109375,50519.1640625,45940.203125,2728084,2026-08-06 16:24:45.638407
FPT.VN,2021-08-31,50573.95703125,51067.09375,50409.578125,50628.75,46039.85546875,3563410,2026-08-06 16:24:45.638407
FPT.VN,2021-09-01,50464.37109375,50957.5078125,50464.37109375,50628.75,46039.85546875,2469840,2026-08-06 16:24:45.638407
FPT.VN,2021-09-02,50628.75,50628.75,50628.75,50628.75,46039.85546875,0,2026-08-06 16:24:45.638407
FPT.VN,2021-09-03,50628.75,50628.75,50628.75,50628.75,46039.85546875,0,2026-08-06 16:24:45.638407
FPT.VN,2021-09-06,50628.75,51998.57421875,50573.95703125,51998.57421875,47285.5234375,5702551,2026-08-06 16:24:45.638407
FPT.VN,2021-09-07,52217.74609375,52217.74609375,51231.47265625,51231.47265625,46587.94921875,4180459,2026-08-06 16:24:45.638407
FPT.VN,2021-09-08,51231.47265625,51231.47265625,51231.47265625,51231.47265625,46587.94921875,0,2026-08-06 16:24:45.638407
FPT.VN,2021-09-09,51012.30078125,51450.64453125,50847.921875,51067.09375,46438.47265625,2543572,2026-08-06 16:24:45.638407
FPT.VN,2021-09-10,51176.6796875,51724.609375,51176.6796875,51231.47265625,46587.94921875,2628254,2026-08-06 16:24:45.638407
FPT.VN,2021-09-13,51286.265625,51505.4375,50902.71484375,50957.5078125,46338.8203125,2920080,2026-08-06 16:24:45.638407
FPT.VN,2021-09-14,51121.88671875,51888.98828125,50957.5078125,51395.8515625,46737.43359375,4604966,2026-08-06 16:24:45.638407
FPT.VN,2021-09-15,51395.8515625,51724.609375,51121.88671875,51560.23046875,46886.9140625,3084517,2026-08-06 16:24:45.638407
FPT.VN,2021-09-16,51724.609375,52053.3671875,51615.0234375,51888.98828125,47185.875,3512673,2026-08-06 16:24:45.638407
FPT.VN,2021-09-17,52327.33203125,53149.23046875,52272.5390625,52436.91796875,47684.140625,6069568,2026-08-06 16:24:45.638407
FPT.VN,2021-09-20,52601.296875,52710.8828125,51560.23046875,51724.609375,47036.390625,4610258,2026-08-06 16:24:45.638407
FPT.VN,2021-09-21,51724.609375,51724.609375,51724.609375,51724.609375,47036.390625,0,2026-08-06 16:24:45.638407
FPT.VN,2021-09-22,51724.609375,51724.609375,51724.609375,51724.609375,47036.390625,0,2026-08-06 16:24:45.638407
FPT.VN,2021-09-23,51067.09375,51395.8515625,50957.5078125,51012.30078125,46388.64453125,2544484,2026-08-06 16:24:45.638407
FPT.VN,2021-09-24,51067.09375,51067.09375,50793.12890625,50793.12890625,46189.33203125,264449745,2026-08-06 16:24:45.638407
FPT.VN,2021-09-27,50902.71484375,51231.47265625,50464.37109375,50464.37109375,45890.37890625,2821709,2026-08-06 16:24:45.638407
FPT.VN,2021-09-28,50245.19921875,50957.5078125,50135.61328125,50957.5078125,46338.8203125,2543207,2026-08-06 16:24:45.638407
FPT.VN,2021-09-29,50957.5078125,51176.6796875,50573.95703125,51067.09375,46438.47265625,2148813,2026-08-06 16:24:45.638407
FPT.VN,2021-09-30,51231.47265625,51450.64453125,50957.5078125,50957.5078125,46338.8203125,1819392,2026-08-06 16:24:45.638407
FPT.VN,2021-10-01,50902.71484375,51012.30078125,50683.54296875,50902.71484375,46288.98828125,1926157,2026-08-06 16:24:45.638407
FPT.VN,2021-10-04,50957.5078125,52162.953125,50628.75,51834.1953125,47136.0390625,415709889,2026-08-06 16:24:45.638407
FPT.VN,2021-10-05,52053.3671875,52601.296875,51724.609375,51724.609375,47036.390625,2541929,2026-08-06 16:24:45.638407
FPT.VN,2021-10-06,51724.609375,51724.609375,51724.609375,51724.609375,47036.390625,0,2026-08-06 16:24:45.638407
FPT.VN,2021-10-07,51998.57421875,52053.3671875,51560.23046875,51669.81640625,46986.5625,2732099,2026-08-06 16:24:45.638407
FPT.VN,2021-10-08,51669.81640625,51669.81640625,51669.81640625,51669.81640625,46986.5625,0,2026-08-06 16:24:45.638407
FPT.VN,2021-10-11,51669.81640625,51669.81640625,51669.81640625,51669.81640625,46986.5625,0,2026-08-06 16:24:45.638407
FPT.VN,2021-10-12,54354.67578125,54354.67578125,53971.125,54245.08984375,49328.421875,2053728,2026-08-06 16:24:45.638407
FPT.VN,2021-10-13,54245.08984375,55614.9140625,53971.125,54464.26171875,49527.7265625,5899474,2026-08-06 16:24:45.638407
FPT.VN,2021-10-14,54464.26171875,54464.26171875,54464.26171875,54464.26171875,49527.7265625,0,2026-08-06 16:24:45.638407
FPT.VN,2021-10-15,54464.26171875,54847.8125,53916.33203125,54190.296875,49278.59375,3107147,2026-08-06 16:24:45.638407
FPT.VN,2021-10-18,54190.296875,54190.296875,54190.296875,54190.296875,49278.59375,0,2026-08-06 16:24:45.638407
FPT.VN,2021-10-19,54245.08984375,54519.0546875,54025.91796875,54025.91796875,49129.1171875,2800174,2026-08-06 16:24:45.638407
FPT.VN,2021-10-20,54080.7109375,54519.0546875,52930.05859375,53477.98828125,48630.84375,4103807,2026-08-06 16:24:45.638407
FPT.VN,2021-10-21,53916.33203125,53971.125,52984.8515625,52984.8515625,48182.41015625,4167684,2026-08-06 16:24:45.638407
FPT.VN,2021-10-22,53149.23046875,53368.40234375,52656.08984375,52710.8828125,47933.26953125,3692806,2026-08-06 16:24:45.638407
FPT.VN,2021-10-25,52710.8828125,52710.8828125,52710.8828125,52710.8828125,47933.26953125,0,2026-08-06 16:24:45.638407
FPT.VN,2021-10-26,52710.8828125,52710.8828125,52710.8828125,52710.8828125,47933.26953125,0,2026-08-06 16:24:45.638407
FPT.VN,2021-10-27,52710.8828125,52710.8828125,52710.8828125,52710.8828125,47933.26953125,0,2026-08-06 16:24:45.638407
FPT.VN,2021-10-28,53806.74609375,53916.33203125,53258.81640625,53697.16015625,48830.15625,3001659,2026-08-06 16:24:45.638407
FPT.VN,2021-10-29,53697.16015625,53697.16015625,53094.4375,53094.4375,48282.0546875,4348546,2026-08-06 16:24:45.638407
FPT.VN,2021-11-01,53094.4375,53094.4375,53094.4375,53094.4375,48282.0546875,0,2026-08-06 16:24:45.638407
FPT.VN,2021-11-03,52710.8828125,52984.8515625,52162.953125,52656.08984375,47883.44921875,4891316,2026-08-06 16:24:45.638407
FPT.VN,2021-11-04,52656.08984375,53039.64453125,52436.91796875,52601.296875,47833.6171875,3214460,2026-08-06 16:24:45.638407
FPT.VN,2021-11-05,52710.8828125,53587.57421875,52601.296875,53477.98828125,48630.84375,3960175,2026-08-06 16:24:45.638407
FPT.VN,2021-11-08,53477.98828125,53971.125,53313.609375,53368.40234375,48531.19140625,3080501,2026-08-06 16:24:45.638407
FPT.VN,2021-11-09,53423.1953125,53477.98828125,52601.296875,52820.46875,48032.92578125,3368859,2026-08-06 16:24:45.638407
FPT.VN,2021-11-10,52820.46875,53149.23046875,52546.50390625,53149.23046875,48331.88671875,2906209,2026-08-06 16:24:45.638407
FPT.VN,2021-11-11,53149.23046875,53697.16015625,52491.7109375,52601.296875,47833.6171875,3873121,2026-08-06 16:24:45.638407
FPT.VN,2021-11-12,52710.8828125,53806.74609375,52546.50390625,53697.16015625,48830.15625,4088659,2026-08-06 16:24:45.638407
FPT.VN,2021-11-15,53971.125,53971.125,53313.609375,53313.609375,48481.3671875,3483837,2026-08-06 16:24:45.638407
FPT.VN,2021-11-16,53313.609375,54519.0546875,53039.64453125,53861.5390625,48979.6328125,6398990,2026-08-06 16:24:45.638407
FPT.VN,2021-11-17,53861.5390625,53916.33203125,53697.16015625,53861.5390625,48979.6328125,2164874,2026-08-06 16:24:45.638407
FPT.VN,2021-11-18,53861.5390625,54080.7109375,52875.265625,52875.265625,48082.75390625,3659225,2026-08-06 16:24:45.638407
FPT.VN,2021-11-19,53423.1953125,53587.57421875,52108.16015625,52217.74609375,47484.83203125,4528496,2026-08-06 16:24:45.638407
FPT.VN,2021-11-22,52327.33203125,52601.296875,52053.3671875,52053.3671875,47335.34765625,3048016,2026-08-06 16:24:45.638407
FPT.VN,2021-11-23,52053.3671875,52930.05859375,51998.57421875,52930.05859375,48132.5859375,2100267,2026-08-06 16:24:45.638407
FPT.VN,2021-11-24,52984.8515625,53916.33203125,52820.46875,53642.3671875,48780.328125,4463342,2026-08-06 16:24:45.638407
FPT.VN,2021-11-25,53971.125,55779.29296875,53861.5390625,54793.01953125,49826.69140625,10014779,2026-08-06 16:24:45.638407
FPT.VN,2021-11-26,54847.8125,55231.36328125,54135.50390625,54190.296875,49278.59375,3643164,2026-08-06 16:24:45.638407
FPT.VN,2021-11-29,53423.1953125,54190.296875,53423.1953125,53751.953125,48879.984375,3637324,2026-08-06 16:24:45.638407
FPT.VN,2021-11-30,53751.953125,53971.125,53149.23046875,53204.0234375,48381.71484375,4677785,2026-08-06 16:24:45.638407
FPT.VN,2021-12-01,53423.1953125,54025.91796875,52984.8515625,53806.74609375,48929.8046875,2290255,2026-08-06 16:24:45.638407
FPT.VN,2021-12-02,53477.98828125,53861.5390625,53258.81640625,53258.81640625,48431.54296875,1739090,2026-08-06 16:24:45.638407
FPT.VN,2021-12-03,53587.57421875,53587.57421875,52327.33203125,52327.33203125,47584.48046875,3667802,2026-08-06 16:24:45.638407
FPT.VN,2021-12-06,52327.33203125,52875.265625,51615.0234375,51779.40234375,47086.2109375,4368804,2026-08-06 16:24:45.638407
FPT.VN,2021-12-07,52053.3671875,52601.296875,51779.40234375,52601.296875,47833.6171875,2648147,2026-08-06 16:24:45.638407
FPT.VN,2021-12-08,52875.265625,52875.265625,52053.3671875,52382.125,47634.3125,1943313,2026-08-06 16:24:45.638407
FPT.VN,2021-12-09,52108.16015625,53149.23046875,52108.16015625,53149.23046875,48331.88671875,1812457,2026-08-06 16:24:45.638407
FPT.VN,2021-12-10,52820.46875,53149.23046875,52272.5390625,52491.7109375,47733.96484375,2117058,2026-08-06 16:24:45.638407
FPT.VN,2021-12-13,52875.265625,52875.265625,52382.125,52601.296875,47833.6171875,1642910,2026-08-06 16:24:45.638407
FPT.VN,2021-12-14,52601.296875,52820.46875,52272.5390625,52436.91796875,47684.140625,2088769,2026-08-06 16:24:45.638407
FPT.VN,2021-12-15,52436.91796875,52765.67578125,52382.125,52546.50390625,47783.78515625,1475370,2026-08-06 16:24:45.638407
FPT.VN,2021-12-16,53423.1953125,53423.1953125,52327.33203125,52327.33203125,47584.48046875,2272187,2026-08-06 16:24:45.638407
FPT.VN,2021-12-17,52382.125,53149.23046875,52327.33203125,52820.46875,48032.92578125,2102640,2026-08-06 16:24:45.638407
FPT.VN,2021-12-20,52875.265625,52875.265625,52327.33203125,52491.7109375,47733.96484375,1861185,2026-08-06 16:24:45.638407
FPT.VN,2021-12-21,52436.91796875,52546.50390625,52108.16015625,52162.953125,47435.00390625,2030003,2026-08-06 16:24:45.638407
FPT.VN,2021-12-22,52053.3671875,52272.5390625,51834.1953125,52053.3671875,47335.34765625,3048746,2026-08-06 16:24:45.638407
FPT.VN,2021-12-23,52053.3671875,52053.3671875,50957.5078125,51067.09375,46438.47265625,3522894,2026-08-06 16:24:45.638407
FPT.VN,2021-12-24,51231.47265625,51779.40234375,50847.921875,51395.8515625,46737.43359375,2165786,2026-08-06 16:24:45.638407
FPT.VN,2021-12-27,51615.0234375,52053.3671875,51121.88671875,51779.40234375,47086.2109375,1448542,2026-08-06 16:24:45.638407
FPT.VN,2021-12-28,51779.40234375,51998.57421875,51560.23046875,51779.40234375,47086.2109375,1035350,2026-08-06 16:24:45.638407
FPT.VN,2021-12-29,51943.78125,51943.78125,51286.265625,51286.265625,46637.78515625,1664810,2026-08-06 16:24:45.638407
FPT.VN,2021-12-30,51341.05859375,51669.81640625,51231.47265625,51286.265625,46637.78515625,1479750,2026-08-06 16:24:45.638407
FPT.VN,2021-12-31,51395.8515625,51724.609375,50957.5078125,50957.5078125,46338.8203125,2933585,2026-08-06 16:24:45.638407
FPT.VN,2022-01-03,50957.5078125,50957.5078125,50957.5078125,50957.5078125,46338.8203125,0,2026-08-06 16:24:45.638407
FPT.VN,2022-01-04,51176.6796875,51615.0234375,51121.88671875,51231.47265625,46587.94921875,3531471,2026-08-06 16:24:45.638407
FPT.VN,2022-01-05,51341.05859375,51615.0234375,51231.47265625,51286.265625,46637.78515625,2178744,2026-08-06 16:24:45.638407
FPT.VN,2022-01-06,51286.265625,51505.4375,51231.47265625,51231.47265625,46587.94921875,2176189,2026-08-06 16:24:45.638407
FPT.VN,2022-01-07,51012.30078125,51341.05859375,51012.30078125,51176.6796875,46538.125,1855710,2026-08-06 16:24:45.638407
FPT.VN,2022-01-10,51067.09375,51231.47265625,50354.78515625,50409.578125,45840.55078125,3435474,2026-08-06 16:24:45.638407
FPT.VN,2022-01-11,50409.578125,50519.1640625,48820.58203125,49039.75390625,44594.8828125,4579597,2026-08-06 16:24:45.638407
FPT.VN,2022-01-12,48820.58203125,49642.4765625,48491.8203125,49094.546875,44644.7109375,3176864,2026-08-06 16:24:45.638407
FPT.VN,2022-01-13,49806.85546875,50793.12890625,49204.1328125,50464.37109375,45890.37890625,3306625,2026-08-06 16:24:45.638407
FPT.VN,2022-01-14,50245.19921875,50464.37109375,49806.85546875,50026.02734375,45491.765625,1253261,2026-08-06 16:24:45.638407
FPT.VN,2022-01-17,49587.68359375,50026.02734375,48765.7890625,48765.7890625,44345.75390625,2862408,2026-08-06 16:24:45.638407
FPT.VN,2022-01-18,48382.234375,49094.546875,48217.85546875,48272.6484375,43897.30859375,2208127,2026-08-06 16:24:45.638407
FPT.VN,2022-01-19,48272.6484375,48875.375,48217.85546875,48382.234375,43996.96875,1359479,2026-08-06 16:24:45.638407
FPT.VN,2022-01-20,48437.02734375,49861.6484375,48382.234375,48656.203125,44246.10546875,2435711,2026-08-06 16:24:45.638407
FPT.VN,2022-01-21,48765.7890625,49204.1328125,48327.44140625,48327.44140625,43947.12890625,1535232,2026-08-06 16:24:45.638407
FPT.VN,2022-01-24,48327.44140625,48491.8203125,46574.06640625,46738.4453125,42502.1640625,3694266,2026-08-06 16:24:45.638407
FPT.VN,2022-01-25,46683.65234375,47943.890625,46026.13671875,47395.9609375,43100.0859375,2176554,2026-08-06 16:24:45.638407
FPT.VN,2022-01-26,47669.92578125,47669.92578125,46848.03125,47121.99609375,42850.953125,1667365,2026-08-06 16:24:45.638407
FPT.VN,2022-01-27,47121.99609375,47505.546875,46793.23828125,47067.203125,42801.125,1313305,2026-08-06 16:24:45.638407
FPT.VN,2022-01-28,47121.99609375,49039.75390625,47067.203125,49039.75390625,44594.8828125,2833025,2026-08-06 16:24:45.638407
FPT.VN,2022-01-31,49039.75390625,49039.75390625,49039.75390625,49039.75390625,44594.8828125,0,2026-08-06 16:24:45.638407
FPT.VN,2022-02-01,49039.75390625,49039.75390625,49039.75390625,49039.75390625,44594.8828125,0,2026-08-06 16:24:45.638407
FPT.VN,2022-02-02,49039.75390625,49039.75390625,49039.75390625,49039.75390625,44594.8828125,0,2026-08-06 16:24:45.638407
FPT.VN,2022-02-03,49039.75390625,49039.75390625,49039.75390625,49039.75390625,44594.8828125,0,2026-08-06 16:24:45.638407
FPT.VN,2022-02-04,49039.75390625,49039.75390625,49039.75390625,49039.75390625,44594.8828125,0,2026-08-06 16:24:45.638407
FPT.VN,2022-02-07,49313.71875,49368.51171875,48765.7890625,49039.75390625,44594.8828125,946105,2026-08-06 16:24:45.638407
FPT.VN,2022-02-08,49039.75390625,50299.9921875,49039.75390625,49642.4765625,45142.9765625,1542349,2026-08-06 16:24:45.638407
FPT.VN,2022-02-09,50245.19921875,50245.19921875,49642.4765625,49697.26953125,45192.8046875,2085484,2026-08-06 16:24:45.638407
FPT.VN,2022-02-10,50080.8203125,50409.578125,49423.3046875,50409.578125,45840.55078125,1779241,2026-08-06 16:24:45.638407
FPT.VN,2022-02-11,50299.9921875,50628.75,50080.8203125,50190.40625,45641.24609375,1170952,2026-08-06 16:24:45.638407
FPT.VN,2022-02-14,49861.6484375,50190.40625,49532.890625,49861.6484375,45342.28125,1412771,2026-08-06 16:24:45.638407
FPT.VN,2022-02-15,49861.6484375,49861.6484375,49861.6484375,49861.6484375,45342.28125,0,2026-08-06 16:24:45.638407
FPT.VN,2022-02-16,50245.19921875,50683.54296875,50026.02734375,50026.02734375,45491.765625,1120945,2026-08-06 16:24:45.638407
FPT.VN,2022-02-17,50354.78515625,50847.921875,49861.6484375,50847.921875,46239.16796875,1558045,2026-08-06 16:24:45.638407
FPT.VN,2022-02-18,50573.95703125,50683.54296875,50245.19921875,50519.1640625,45940.203125,1129340,2026-08-06 16:24:45.638407
FPT.VN,2022-02-21,50519.1640625,51505.4375,50409.578125,51231.47265625,46587.94921875,2529519,2026-08-06 16:24:45.638407
FPT.VN,2022-02-22,50957.5078125,51121.88671875,50409.578125,50902.71484375,46288.98828125,2113772,2026-08-06 16:24:45.638407
FPT.VN,2022-02-23,50738.3359375,51450.64453125,50738.3359375,50957.5078125,46338.8203125,1777233,2026-08-06 16:24:45.638407
FPT.VN,2022-02-24,50957.5078125,51231.47265625,49313.71875,50409.578125,45840.55078125,2463087,2026-08-06 16:24:45.638407
FPT.VN,2022-02-25,50628.75,51176.6796875,50464.37109375,50573.95703125,45990.03515625,1934370,2026-08-06 16:24:45.638407
FPT.VN,2022-02-28,50573.95703125,51231.47265625,50573.95703125,51121.88671875,46488.296875,2745970,2026-08-06 16:24:45.638407
FPT.VN,2022-03-01,51505.4375,51505.4375,50683.54296875,51176.6796875,46538.125,2011022,2026-08-06 16:24:45.638407
FPT.VN,2022-03-02,50957.5078125,51176.6796875,50793.12890625,51012.30078125,46388.64453125,1987296,2026-08-06 16:24:45.638407
FPT.VN,2022-03-03,51067.09375,51505.4375,51067.09375,51176.6796875,46538.125,1747667,2026-08-06 16:24:45.638407
FPT.VN,2022-03-04,51121.88671875,51395.8515625,50957.5078125,51231.47265625,46587.94921875,2452502,2026-08-06 16:24:45.638407
FPT.VN,2022-03-07,51012.30078125,51450.64453125,50519.1640625,51395.8515625,46737.43359375,3098934,2026-08-06 16:24:45.638407
FPT.VN,2022-03-08,51395.8515625,52272.5390625,50738.3359375,51943.78125,47235.6953125,4065298,2026-08-06 16:24:45.638407
FPT.VN,2022-03-09,51834.1953125,52875.265625,51834.1953125,52327.33203125,47584.48046875,4022410,2026-08-06 16:24:45.638407
FPT.VN,2022-03-10,52765.67578125,52765.67578125,51834.1953125,51834.1953125,47136.0390625,1421166,2026-08-06 16:24:45.638407
FPT.VN,2022-03-11,51779.40234375,51834.1953125,50793.12890625,51067.09375,46438.47265625,2078731,2026-08-06 16:24:45.638407
FPT.VN,2022-03-14,50957.5078125,50957.5078125,49587.68359375,50299.9921875,45740.8984375,3546072,2026-08-06 16:24:45.638407
FPT.VN,2022-03-15,50299.9921875,50299.9921875,49204.1328125,49861.6484375,45342.28125,3416493,2026-08-06 16:24:45.638407
FPT.VN,2022-03-16,49916.44140625,50573.95703125,49587.68359375,50190.40625,45641.24609375,2079826,2026-08-06 16:24:45.638407
FPT.VN,2022-03-17,50299.9921875,50793.12890625,50135.61328125,50409.578125,45840.55078125,2154654,2026-08-06 16:24:45.638407
FPT.VN,2022-03-18,50957.5078125,52930.05859375,50957.5078125,52108.16015625,47385.1796875,5137698,2026-08-06 16:24:45.638407
FPT.VN,2022-03-21,52162.953125,52601.296875,52053.3671875,52217.74609375,47484.83203125,2848355,2026-08-06 16:24:45.638407
FPT.VN,2022-03-22,52601.296875,53149.23046875,52272.5390625,52820.46875,48032.92578125,3794643,2026-08-06 16:24:45.638407
FPT.VN,2022-03-23,52875.265625,53423.1953125,52601.296875,52875.265625,48082.75390625,3605933,2026-08-06 16:24:45.638407
FPT.VN,2022-03-24,52601.296875,53258.81640625,52217.74609375,52601.296875,47833.6171875,3328343,2026-08-06 16:24:45.638407
FPT.VN,2022-03-25,52656.08984375,52875.265625,52382.125,52436.91796875,47684.140625,2241343,2026-08-06 16:24:45.638407
FPT.VN,2022-03-28,52327.33203125,54080.7109375,52162.953125,53751.953125,48879.984375,6390595,2026-08-06 16:24:45.638407
FPT.VN,2022-03-29,54025.91796875,57477.87890625,54025.91796875,57477.87890625,52268.19921875,15009758,2026-08-06 16:24:45.638407
FPT.VN,2022-03-30,57971.015625,58792.91015625,57258.70703125,58080.6015625,52816.2890625,5166169,2026-08-06 16:24:45.638407
FPT.VN,2022-03-31,57806.63671875,60601.078125,57313.5,58628.53125,53314.5546875,6337121,2026-08-06 16:24:45.638407
FPT.VN,2022-04-01,58573.73828125,60820.25,58135.39453125,60820.25,55307.625,7879288,2026-08-06 16:24:45.638407
FPT.VN,2022-04-04,62190.078125,62190.078125,59888.76953125,59888.76953125,54460.5703125,4905369,2026-08-06 16:24:45.638407
FPT.VN,2022-04-05,59779.18359375,61149.0078125,59724.390625,59724.390625,54311.08984375,3401710,2026-08-06 16:24:45.638407
FPT.VN,2022-04-06,59395.6328125,62464.04296875,59395.6328125,61916.11328125,56304.16015625,7626883,2026-08-06 16:24:45.638407
FPT.VN,2022-04-07,62299.6640625,64053.0390625,61422.9765625,62080.4921875,56453.63671875,7145435,2026-08-06 16:24:45.638407
FPT.VN,2022-04-08,62080.4921875,62409.25,59450.42578125,59450.42578125,54061.953125,7427405,2026-08-06 16:24:45.638407
FPT.VN,2022-04-11,59450.42578125,59450.42578125,59450.42578125,59450.42578125,54061.953125,0,2026-08-06 16:24:45.638407
FPT.VN,2022-04-12,59724.390625,61094.21484375,58409.359375,60162.734375,54709.703125,5770990,2026-08-06 16:24:45.638407
FPT.VN,2022-04-13,60272.3203125,63066.765625,60162.734375,63066.765625,57350.515625,6064276,2026-08-06 16:24:45.638407
FPT.VN,2022-04-14,63121.55859375,65148.8984375,63121.55859375,63888.66015625,58097.9140625,6441331,2026-08-06 16:24:45.638407
FPT.VN,2022-04-15,63066.765625,64600.96875,62464.04296875,63011.97265625,57300.68359375,5696711,2026-08-06 16:24:45.638407
FPT.VN,2022-04-18,63011.97265625,64984.51953125,62464.04296875,63285.9375,57549.81640625,6125050,2026-08-06 16:24:45.638407
FPT.VN,2022-04-19,63833.8671875,64107.83203125,61368.18359375,61368.18359375,55805.89453125,8634311,2026-08-06 16:24:45.638407
FPT.VN,2022-04-20,61368.18359375,61916.11328125,60053.1484375,61368.18359375,55805.89453125,6013539,2026-08-06 16:24:45.638407
FPT.VN,2022-04-21,60929.8359375,63505.109375,60929.8359375,61368.18359375,55805.89453125,7425215,2026-08-06 16:24:45.638407
FPT.VN,2022-04-22,61642.1484375,62409.25,58080.6015625,60875.04296875,55357.44921875,10419027,2026-08-06 16:24:45.638407
FPT.VN,2022-04-25,60327.11328125,60765.45703125,56655.98046875,56655.98046875,51520.796875,8405997,2026-08-06 16:24:45.638407
FPT.VN,2022-04-26,54902.60546875,57532.671875,53149.23046875,57149.12109375,51969.23828125,9912576,2026-08-06 16:24:45.638407
FPT.VN,2022-04-27,56162.84375,56984.73828125,55066.984375,56436.80859375,51321.48828125,4616828,2026-08-06 16:24:45.638407
FPT.VN,2022-04-28,56382.015625,58518.9453125,56162.84375,57806.63671875,52567.15625,4618106,2026-08-06 16:24:45.638407
FPT.VN,2022-04-29,57532.671875,58683.32421875,57094.328125,57532.671875,52318.0234375,7284687,2026-08-06 16:24:45.638407
FPT.VN,2022-05-02,57532.671875,57532.671875,57532.671875,57532.671875,52318.0234375,0,2026-08-06 16:24:45.638407
FPT.VN,2022-05-03,57532.671875,57532.671875,57532.671875,57532.671875,52318.0234375,0,2026-08-06 16:24:45.638407
FPT.VN,2022-05-04,57477.87890625,58025.80859375,57039.53125,57258.70703125,52068.890625,2917159,2026-08-06 16:24:45.638407
FPT.VN,2022-05-05,57313.5,57806.63671875,55834.0859375,57368.29296875,52168.5390625,4005802,2026-08-06 16:24:45.638407
FPT.VN,2022-05-06,56053.2578125,56984.73828125,54902.60546875,54902.60546875,49926.33984375,4436514,2026-08-06 16:24:45.638407
FPT.VN,2022-05-09,53861.5390625,54245.08984375,51505.4375,51505.4375,46837.0859375,8211082,2026-08-06 16:24:45.638407
FPT.VN,2022-05-10,51505.4375,54135.50390625,50409.578125,53916.33203125,49029.45703125,5140618,2026-08-06 16:24:45.638407
FPT.VN,2022-05-11,53697.16015625,55834.0859375,53039.64453125,55834.0859375,50773.39453125,3043635,2026-08-06 16:24:45.638407
FPT.VN,2022-05-12,54409.46875,55834.0859375,52053.3671875,52382.125,47634.3125,4729617,2026-08-06 16:24:45.638407
FPT.VN,2022-05-13,52656.08984375,54245.08984375,51012.30078125,51286.265625,46637.78515625,7489457,2026-08-06 16:24:45.638407
FPT.VN,2022-05-16,53423.1953125,53423.1953125,51067.09375,51067.09375,46438.47265625,3177229,2026-08-06 16:24:45.638407
FPT.VN,2022-05-17,50957.5078125,54628.640625,50683.54296875,54628.640625,49677.203125,3733687,2026-08-06 16:24:45.638407
FPT.VN,2022-05-18,54628.640625,54847.8125,53423.1953125,53532.78125,48680.671875,3530376,2026-08-06 16:24:45.638407
FPT.VN,2022-05-19,52108.16015625,53532.78125,52108.16015625,53149.23046875,48331.88671875,2242256,2026-08-06 16:24:45.638407
FPT.VN,2022-05-20,53532.78125,54190.296875,53149.23046875,53423.1953125,48581.01953125,2574050,2026-08-06 16:24:45.638407
FPT.VN,2022-05-23,53806.74609375,53806.74609375,52656.08984375,52875.265625,48082.75390625,2074899,2026-08-06 16:24:45.638407
FPT.VN,2022-05-24,52875.265625,53806.74609375,52601.296875,53806.74609375,48929.8046875,2527146,2026-08-06 16:24:45.638407
FPT.VN,2022-05-25,54519.0546875,57532.671875,54080.7109375,57532.671875,52318.0234375,6881898,2026-08-06 16:24:45.638407
FPT.VN,2022-05-26,57642.2578125,58683.32421875,57313.5,57861.4296875,52616.984375,2603251,2026-08-06 16:24:45.638407
FPT.VN,2022-05-27,57861.4296875,61368.18359375,57806.63671875,61258.59375,55706.23046875,7078273,2026-08-06 16:24:45.638407
FPT.VN,2022-05-30,60875.04296875,61587.35546875,59833.9765625,60984.62890625,55457.10546875,4556967,2026-08-06 16:24:45.638407
FPT.VN,2022-05-31,60984.62890625,60984.62890625,58902.49609375,60217.52734375,54759.5234375,3936632,2026-08-06 16:24:45.638407
FPT.VN,2022-06-01,60217.52734375,61861.3203125,60162.734375,61258.59375,55706.23046875,3716714,2026-08-06 16:24:45.638407
FPT.VN,2022-06-02,61258.59375,61258.59375,61258.59375,61258.59375,55706.23046875,0,2026-08-06 16:24:45.638407
FPT.VN,2022-06-03,61094.21484375,62464.04296875,60765.45703125,62464.04296875,56802.42578125,3204605,2026-08-06 16:24:45.638407
FPT.VN,2022-06-06,62464.04296875,63559.90234375,61368.18359375,61916.11328125,56304.16015625,4668842,2026-08-06 16:24:45.638407
FPT.VN,2022-06-07,61751.734375,63340.73046875,59505.21875,63340.73046875,57599.65234375,7132295,2026-08-06 16:24:45.638407
FPT.VN,2022-06-08,63724.28125,64436.58984375,62738.0078125,63011.97265625,57300.68359375,4855363,2026-08-06 16:24:45.638407
FPT.VN,2022-06-09,63285.9375,63505.109375,62080.4921875,63176.3515625,57450.16796875,3114082,2026-08-06 16:24:45.638407
FPT.VN,2022-06-10,62135.28515625,62847.59375,60272.3203125,60272.3203125,54809.35546875,5424961,2026-08-06 16:24:45.638407
FPT.VN,2022-06-13,57861.4296875,59702.47265625,56546.39453125,56677.8984375,52109.18359375,5160785,2026-08-06 16:24:45.638407
FPT.VN,2022-06-14,56546.39453125,59110.7109375,56217.63671875,58584.6953125,53862.27734375,3510635,2026-08-06 16:24:45.638407
FPT.VN,2022-06-15,59570.96875,59570.96875,57861.4296875,59505.21875,54708.60546875,2680694,2026-08-06 16:24:45.638407
FPT.VN,2022-06-16,59833.9765625,61675.0234375,59307.96484375,60491.4921875,55615.3671875,3828802,2026-08-06 16:24:45.638407
FPT.VN,2022-06-17,59373.71484375,60886.00390625,58518.9453125,60491.4921875,55615.3671875,3530559,2026-08-06 16:24:45.638407
FPT.VN,2022-06-20,61477.76953125,62135.28515625,60031.23046875,60491.4921875,55615.3671875,3777701,2026-08-06 16:24:45.638407
FPT.VN,2022-06-21,60754.5,61477.76953125,58518.9453125,58584.6953125,53862.27734375,3741656,2026-08-06 16:24:45.638407
FPT.VN,2022-06-22,59044.95703125,59439.46875,55494.37109375,55560.12109375,51081.515625,4519127,2026-08-06 16:24:45.638407
FPT.VN,2022-06-23,55231.36328125,57072.41015625,55034.109375,56217.63671875,51686.02734375,3075969,2026-08-06 16:24:45.638407
FPT.VN,2022-06-24,56612.1484375,57729.92578125,56217.63671875,56217.63671875,51686.02734375,1372437,2026-08-06 16:24:45.638407
FPT.VN,2022-06-27,56809.40234375,57795.67578125,56480.64453125,56875.15234375,52290.5390625,1908393,2026-08-06 16:24:45.638407
FPT.VN,2022-06-28,58847.703125,59307.96484375,57335.4140625,58979.20703125,54224.98828125,3492841,2026-08-06 16:24:45.638407
FPT.VN,2022-06-29,58453.19140625,59176.4609375,57992.93359375,59176.4609375,54406.33984375,1798586,2026-08-06 16:24:45.638407
FPT.VN,2022-06-30,58847.703125,59110.7109375,56677.8984375,56677.8984375,52109.18359375,2291198,2026-08-06 16:24:45.638407
FPT.VN,2022-07-01,57203.9140625,58387.44140625,55757.375,57861.4296875,53197.31640625,2580164,2026-08-06 16:24:45.638407
FPT.VN,2022-07-04,58190.1875,58190.1875,56546.39453125,57006.65625,52411.4453125,1529239,2026-08-06 16:24:45.638407
FPT.VN,2022-07-05,57729.92578125,57729.92578125,56151.88671875,56151.88671875,51625.5703125,2122533,2026-08-06 16:24:45.638407
FPT.VN,2022-07-06,55297.11328125,56480.64453125,54902.60546875,54902.60546875,50476.99609375,3395201,2026-08-06 16:24:45.638407
FPT.VN,2022-07-07,55165.61328125,55625.875,54639.59765625,54639.59765625,50235.19140625,1956301,2026-08-06 16:24:45.638407
FPT.VN,2022-07-08,55165.61328125,55231.36328125,54639.59765625,54968.35546875,50537.44140625,1384604,2026-08-06 16:24:45.638407
FPT.VN,2022-07-11,55625.875,55625.875,54442.34375,54442.34375,50053.83203125,1517985,2026-08-06 16:24:45.638407
FPT.VN,2022-07-12,54442.34375,54442.34375,54442.34375,54442.34375,50053.83203125,0,2026-08-06 16:24:45.638407
FPT.VN,2022-07-13,55231.36328125,55231.36328125,54245.08984375,54245.08984375,49872.484375,1734862,2026-08-06 16:24:45.638407
FPT.VN,2022-07-14,54442.34375,54902.60546875,54047.8359375,54442.34375,50053.83203125,1355555,2026-08-06 16:24:45.638407
FPT.VN,2022-07-15,55231.36328125,55231.36328125,54047.8359375,54047.8359375,49691.12890625,2102305,2026-08-06 16:24:45.638407
FPT.VN,2022-07-18,54442.34375,55560.12109375,54113.5859375,54573.84765625,50174.73828125,1923754,2026-08-06 16:24:45.638407
FPT.VN,2022-07-19,54508.09375,54573.84765625,54047.8359375,54573.84765625,50174.73828125,1802845,2026-08-06 16:24:45.638407
FPT.VN,2022-07-20,55888.87890625,56480.64453125,55231.36328125,55823.12890625,51323.31640625,4332820,2026-08-06 16:24:45.638407
FPT.VN,2022-07-21,56480.64453125,56480.64453125,55560.12109375,55888.87890625,51383.765625,2743962,2026-08-06 16:24:45.638407
FPT.VN,2022-07-22,56809.40234375,56875.15234375,55954.6328125,55954.6328125,51444.22265625,1988087,2026-08-06 16:24:45.638407
FPT.VN,2022-07-25,57203.9140625,57203.9140625,55954.6328125,56151.88671875,51625.5703125,3415733,2026-08-06 16:24:45.638407
FPT.VN,2022-07-26,56546.39453125,56546.39453125,55757.375,55757.375,51262.8671875,1716763,2026-08-06 16:24:45.638407
FPT.VN,2022-07-27,55625.875,56020.3828125,55494.37109375,56020.3828125,51504.671875,1172746,2026-08-06 16:24:45.638407
FPT.VN,2022-07-28,56020.3828125,56414.89453125,54639.59765625,55823.12890625,51323.31640625,2531952,2026-08-06 16:24:45.638407
FPT.VN,2022-07-29,55954.6328125,56020.3828125,54902.60546875,54902.60546875,50476.99609375,2953235,2026-08-06 16:24:45.638407
FPT.VN,2022-08-01,55231.36328125,55362.8671875,54639.59765625,55231.36328125,50779.24609375,2760540,2026-08-06 16:24:45.638407
FPT.VN,2022-08-02,55231.36328125,55954.6328125,54902.60546875,55888.87890625,51383.765625,2858788,2026-08-06 16:24:45.638407
FPT.VN,2022-08-03,55888.87890625,56020.3828125,55362.8671875,55757.375,51262.8671875,3421208,2026-08-06 16:24:45.638407
FPT.VN,2022-08-04,55954.6328125,56940.90625,55823.12890625,56612.1484375,52048.73046875,4633801,2026-08-06 16:24:45.638407
FPT.VN,2022-08-05,56612.1484375,57335.4140625,56283.390625,56414.89453125,51867.3828125,2696663,2026-08-06 16:24:45.638407
FPT.VN,2022-08-08,56480.64453125,56809.40234375,56086.1328125,56546.39453125,51988.28125,2413324,2026-08-06 16:24:45.638407
FPT.VN,2022-08-09,56546.39453125,57532.671875,56349.140625,56677.8984375,52109.18359375,3529646,2026-08-06 16:24:45.638407
FPT.VN,2022-08-10,56743.65234375,57006.65625,56546.39453125,56546.39453125,51988.28125,1705509,2026-08-06 16:24:45.638407
FPT.VN,2022-08-11,56677.8984375,57072.41015625,56349.140625,56546.39453125,51988.28125,2817877,2026-08-06 16:24:45.638407
FPT.VN,2022-08-12,56349.140625,56875.15234375,56349.140625,56875.15234375,52290.5390625,1890599,2026-08-06 16:24:45.638407
FPT.VN,2022-08-15,56940.90625,58584.6953125,56940.90625,58453.19140625,53741.375,4691899,2026-08-06 16:24:45.638407
FPT.VN,2022-08-16,58453.19140625,58781.953125,57927.1796875,58321.69140625,53620.4765625,2103065,2026-08-06 16:24:45.638407
FPT.VN,2022-08-17,58518.9453125,58584.6953125,57861.4296875,58058.68359375,53378.6640625,2290741,2026-08-06 16:24:45.638407
FPT.VN,2022-08-18,57795.67578125,58979.20703125,57795.67578125,58058.68359375,53378.6640625,3882641,2026-08-06 16:24:45.638407
FPT.VN,2022-08-19,57861.4296875,58190.1875,56677.8984375,57138.16015625,52532.3515625,2977264,2026-08-06 16:24:45.638407
FPT.VN,2022-08-22,56940.90625,57401.16796875,56480.64453125,57072.41015625,52471.90234375,2485109,2026-08-06 16:24:45.638407
FPT.VN,2022-08-23,56612.1484375,57203.9140625,56612.1484375,57203.9140625,52592.80078125,1651213,2026-08-06 16:24:45.638407
FPT.VN,2022-08-24,56875.15234375,57072.41015625,56612.1484375,56677.8984375,52715.109375,1533042,2026-08-06 16:24:45.638407
FPT.VN,2022-08-25,56677.8984375,57006.65625,56546.39453125,56743.65234375,52776.265625,1739728,2026-08-06 16:24:45.638407
FPT.VN,2022-08-26,56809.40234375,57729.92578125,56743.65234375,57335.4140625,53326.65234375,2945326,2026-08-06 16:24:45.638407
FPT.VN,2022-08-29,57203.9140625,57203.9140625,55691.625,56875.15234375,52898.57421875,3388509,2026-08-06 16:24:45.638407
FPT.VN,2022-08-30,56875.15234375,57203.9140625,56546.39453125,56809.40234375,52837.4140625,1753873,2026-08-06 16:24:45.638407
FPT.VN,2022-08-31,56414.89453125,57203.9140625,56414.89453125,56940.90625,52959.73046875,1785050,2026-08-06 16:24:45.638407
FPT.VN,2022-09-01,56940.90625,56940.90625,56940.90625,56940.90625,52959.73046875,0,2026-08-06 16:24:45.638407
FPT.VN,2022-09-02,56940.90625,56940.90625,56940.90625,56940.90625,52959.73046875,0,2026-08-06 16:24:45.638407
FPT.VN,2022-09-05,56875.15234375,57006.65625,56480.64453125,56677.8984375,52715.109375,1552661,2026-08-06 16:24:45.638407
FPT.VN,2022-09-06,56546.39453125,56809.40234375,56414.89453125,56414.89453125,52470.49609375,1781857,2026-08-06 16:24:45.638407
FPT.VN,2022-09-07,56217.63671875,56480.64453125,55231.36328125,55231.36328125,51369.70703125,3401284,2026-08-06 16:24:45.638407
FPT.VN,2022-09-08,55297.11328125,55888.87890625,55099.859375,55428.6171875,51553.17578125,1727105,2026-08-06 16:24:45.638407
FPT.VN,2022-09-09,55625.875,55888.87890625,55428.6171875,55428.6171875,51553.17578125,1742010,2026-08-06 16:24:45.638407
FPT.VN,2022-09-12,55954.6328125,56020.3828125,55428.6171875,55625.875,51736.640625,1088946,2026-08-06 16:24:45.638407
FPT.VN,2022-09-13,55888.87890625,56086.1328125,55428.6171875,55625.875,51736.640625,1591443,2026-08-06 16:24:45.638407
FPT.VN,2022-09-14,54902.60546875,55560.12109375,54902.60546875,55231.36328125,51369.70703125,1991129,2026-08-06 16:24:45.638407
FPT.VN,2022-09-15,55560.12109375,55560.12109375,55034.109375,55034.109375,51186.25,1187042,2026-08-06 16:24:45.638407
FPT.VN,2022-09-16,55034.109375,55165.61328125,54245.08984375,54245.08984375,50452.39453125,2068542,2026-08-06 16:24:45.638407
FPT.VN,2022-09-19,54245.08984375,54968.35546875,53850.578125,54639.59765625,50819.31640625,2712784,2026-08-06 16:24:45.638407
FPT.VN,2022-09-20,54639.59765625,55099.859375,54113.5859375,54836.85546875,51002.78515625,874503,2026-08-06 16:24:45.638407
FPT.VN,2022-09-21,54771.1015625,54771.1015625,54113.5859375,54113.5859375,50330.08203125,1179286,2026-08-06 16:24:45.638407
FPT.VN,2022-09-22,53916.33203125,54573.84765625,53850.578125,54508.09375,50697.015625,1783073,2026-08-06 16:24:45.638407
FPT.VN,2022-09-23,54639.59765625,54639.59765625,53982.08203125,54179.3359375,50391.23828125,1278447,2026-08-06 16:24:45.638407
FPT.VN,2022-09-26,53587.57421875,53916.33203125,52798.5546875,53587.57421875,49840.8515625,2834302,2026-08-06 16:24:45.638407
FPT.VN,2022-09-27,53916.33203125,53916.33203125,52930.05859375,52930.05859375,49229.30859375,1418824,2026-08-06 16:24:45.638407
FPT.VN,2022-09-28,52667.05078125,52864.3046875,51286.265625,51286.265625,47700.44921875,3115360,2026-08-06 16:24:45.638407
FPT.VN,2022-09-29,52469.796875,52667.05078125,50628.75,50628.75,47088.90234375,1983068,2026-08-06 16:24:45.638407
FPT.VN,2022-09-30,50628.75,53127.3125,50563.0,52930.05859375,49229.30859375,3208894,2026-08-06 16:24:45.638407
FPT.VN,2022-10-03,52338.29296875,52798.5546875,50234.23828125,50628.75,47088.90234375,1894401,2026-08-06 16:24:45.638407
FPT.VN,2022-10-04,51286.265625,51943.78125,50760.25390625,50957.5078125,47394.671875,3102585,2026-08-06 16:24:45.638407
FPT.VN,2022-10-05,51943.78125,52272.5390625,51549.2734375,51549.2734375,47945.06640625,1478138,2026-08-06 16:24:45.638407
FPT.VN,2022-10-06,51878.03125,51878.03125,50299.9921875,50299.9921875,46783.12890625,1926492,2026-08-06 16:24:45.638407
FPT.VN,2022-10-07,50102.73828125,50102.73828125,48656.203125,48656.203125,45254.26953125,3134523,2026-08-06 16:24:45.638407
FPT.VN,2022-10-10,48327.44140625,49642.4765625,47406.921875,48656.203125,45254.26953125,2472334,2026-08-06 16:24:45.638407
FPT.VN,2022-10-11,48656.203125,48656.203125,46683.65234375,46683.65234375,43419.63671875,2423666,2026-08-06 16:24:45.638407
FPT.VN,2022-10-12,46683.65234375,48195.94140625,46683.65234375,47604.17578125,44275.796875,2225192,2026-08-06 16:24:45.638407
FPT.VN,2022-10-13,47472.671875,47998.68359375,47012.41015625,47998.68359375,44642.7265625,1261109,2026-08-06 16:24:45.638407
FPT.VN,2022-10-14,48919.20703125,48984.9609375,48393.1953125,48656.203125,45254.26953125,1283922,2026-08-06 16:24:45.638407
FPT.VN,2022-10-17,48327.44140625,48590.44921875,47735.6796875,48524.69921875,45131.9609375,1075866,2026-08-06 16:24:45.638407
FPT.VN,2022-10-18,48656.203125,49510.97265625,48656.203125,49247.96484375,45804.6640625,1336849,2026-08-06 16:24:45.638407
FPT.VN,2022-10-19,49247.96484375,50102.73828125,49116.4609375,49642.4765625,46171.5859375,1556919,2026-08-06 16:24:45.638407
FPT.VN,2022-10-20,49839.73046875,51615.0234375,49510.97265625,51154.76171875,47578.140625,2631570,2026-08-06 16:24:45.638407
FPT.VN,2022-10-21,51089.01171875,51089.01171875,48590.44921875,48590.44921875,45193.11328125,2380017,2026-08-06 16:24:45.638407
FPT.VN,2022-10-24,48590.44921875,48984.9609375,46683.65234375,46749.40234375,43480.79296875,2168919,2026-08-06 16:24:45.638407
FPT.VN,2022-10-25,46946.66015625,48984.9609375,46749.40234375,48130.1875,44765.0390625,2379561,2026-08-06 16:24:45.638407
FPT.VN,2022-10-26,48984.9609375,48984.9609375,47801.4296875,48524.69921875,45131.9609375,950698,2026-08-06 16:24:45.638407
FPT.VN,2022-10-27,48721.953125,50102.73828125,48458.9453125,49839.73046875,46355.0546875,1423386,2026-08-06 16:24:45.638407
FPT.VN,2022-10-28,50168.48828125,50168.48828125,49116.4609375,49313.71875,45865.8125,1331982,2026-08-06 16:24:45.638407
FPT.VN,2022-10-31,49313.71875,49971.234375,48458.9453125,49708.2265625,46232.73828125,1649693,2026-08-06 16:24:45.638407
FPT.VN,2022-11-01,50168.48828125,50497.24609375,49313.71875,49642.4765625,46171.5859375,853971,2026-08-06 16:24:45.638407
FPT.VN,2022-11-02,49445.21875,49971.234375,48656.203125,48656.203125,45254.26953125,1487719,2026-08-06 16:24:45.638407
FPT.VN,2022-11-03,48984.9609375,49773.98046875,48458.9453125,48721.953125,45315.4296875,946592,2026-08-06 16:24:45.638407
FPT.VN,2022-11-04,48656.203125,48656.203125,47012.41015625,47932.93359375,44581.56640625,2504576,2026-08-06 16:24:45.638407
FPT.VN,2022-11-07,47735.6796875,48656.203125,47735.6796875,47735.6796875,44398.10546875,2391423,2026-08-06 16:24:45.638407
FPT.VN,2022-11-08,47012.41015625,48590.44921875,46946.66015625,48195.94140625,44826.19140625,1437226,2026-08-06 16:24:45.638407
FPT.VN,2022-11-09,48195.94140625,48853.45703125,48195.94140625,48656.203125,45254.26953125,1061114,2026-08-06 16:24:45.638407
FPT.VN,2022-11-10,48327.44140625,48458.9453125,45434.37109375,47998.68359375,44642.7265625,2426099,2026-08-06 16:24:45.638407
FPT.VN,2022-11-11,48064.4375,48393.1953125,47341.16796875,47867.18359375,44520.41796875,1525285,2026-08-06 16:24:45.638407
FPT.VN,2022-11-14,47341.16796875,47604.17578125,46026.13671875,46552.1484375,43297.328125,2492714,2026-08-06 16:24:45.638407
FPT.VN,2022-11-15,46026.13671875,46026.13671875,43330.3203125,43330.3203125,40300.76171875,4737373,2026-08-06 16:24:45.638407
FPT.VN,2022-11-16,40305.74609375,46026.13671875,40305.74609375,45565.875,42380.015625,4639277,2026-08-06 16:24:45.638407
FPT.VN,2022-11-17,45565.875,47341.16796875,42409.796875,46683.65234375,43419.63671875,2351729,2026-08-06 16:24:45.638407
FPT.VN,2022-11-18,46091.88671875,47341.16796875,45500.125,47012.41015625,43725.4140625,1918887,2026-08-06 16:24:45.638407
FPT.VN,2022-11-21,45697.37890625,47209.6640625,45697.37890625,46091.88671875,42869.25,1278295,2026-08-06 16:24:45.638407
FPT.VN,2022-11-22,46026.13671875,47341.16796875,45434.37109375,46354.89453125,43113.86328125,1789005,2026-08-06 16:24:45.638407
FPT.VN,2022-11-23,46026.13671875,46683.65234375,45828.8828125,46354.89453125,43113.86328125,708575,2026-08-06 16:24:45.638407
FPT.VN,2022-11-24,45894.6328125,46683.65234375,45631.625,46354.89453125,43113.86328125,1199057,2026-08-06 16:24:45.638407
FPT.VN,2022-11-25,46420.64453125,47341.16796875,46354.89453125,47341.16796875,44031.1796875,1927556,2026-08-06 16:24:45.638407
FPT.VN,2022-11-28,47604.17578125,48984.9609375,47538.421875,48853.45703125,45437.734375,1744139,2026-08-06 16:24:45.638407
FPT.VN,2022-11-29,49247.96484375,49247.96484375,47998.68359375,48853.45703125,45437.734375,1739576,2026-08-06 16:24:45.638407
FPT.VN,2022-11-30,48984.9609375,49247.96484375,48327.44140625,49050.7109375,45621.1953125,1386277,2026-08-06 16:24:45.638407
FPT.VN,2022-12-01,49379.46875,49839.73046875,48721.953125,49116.4609375,45682.34765625,2701834,2026-08-06 16:24:45.638407
FPT.VN,2022-12-02,49116.4609375,51089.01171875,48656.203125,50891.7578125,47333.5234375,4412666,2026-08-06 16:24:45.638407
FPT.VN,2022-12-05,51286.265625,51943.78125,50891.7578125,51483.51953125,47883.90625,1849992,2026-08-06 16:24:45.638407
FPT.VN,2022-12-06,51483.51953125,51878.03125,49971.234375,49971.234375,46477.359375,2338649,2026-08-06 16:24:45.638407
FPT.VN,2022-12-07,49905.48046875,50365.7421875,49182.21484375,50299.9921875,46783.12890625,1565588,2026-08-06 16:24:45.638407
FPT.VN,2022-12-08,50563.0,51812.27734375,49708.2265625,50628.75,47088.90234375,1927404,2026-08-06 16:24:45.638407
FPT.VN,2022-12-09,50168.48828125,51286.265625,50102.73828125,51286.265625,47700.44921875,1501864,2026-08-06 16:24:45.638407
FPT.VN,2022-12-12,51023.2578125,51417.76953125,50234.23828125,50628.75,47088.90234375,1845581,2026-08-06 16:24:45.638407
FPT.VN,2022-12-13,50102.73828125,50826.00390625,49445.21875,50760.25390625,47211.21484375,1368331,2026-08-06 16:24:45.638407
FPT.VN,2022-12-14,50760.25390625,50957.5078125,50036.984375,50168.48828125,46660.82421875,1761173,2026-08-06 16:24:45.638407
FPT.VN,2022-12-15,50234.23828125,51352.01953125,50234.23828125,51089.01171875,47516.98046875,1780184,2026-08-06 16:24:45.638407
FPT.VN,2022-12-16,50628.75,51286.265625,50234.23828125,51220.515625,47639.296875,1385365,2026-08-06 16:24:45.638407
FPT.VN,2022-12-19,51483.51953125,51483.51953125,50365.7421875,50365.7421875,46844.28125,1560721,2026-08-06 16:24:45.638407
FPT.VN,2022-12-20,50760.25390625,50760.25390625,49576.72265625,50365.7421875,46844.28125,1195103,2026-08-06 16:24:45.638407
FPT.VN,2022-12-21,50760.25390625,50891.7578125,49773.98046875,50760.25390625,47211.21484375,827508,2026-08-06 16:24:45.638407
FPT.VN,2022-12-22,50760.25390625,50957.5078125,49971.234375,50760.25390625,47211.21484375,1000431,2026-08-06 16:24:45.638407
FPT.VN,2022-12-23,50234.23828125,51286.265625,50102.73828125,51286.265625,47700.44921875,1856988,2026-08-06 16:24:45.638407
FPT.VN,2022-12-26,51089.01171875,51352.01953125,50234.23828125,50234.23828125,46721.97265625,1266128,2026-08-06 16:24:45.638407
FPT.VN,2022-12-27,50234.23828125,50957.5078125,49971.234375,50299.9921875,46783.12890625,1224608,2026-08-06 16:24:45.638407
FPT.VN,2022-12-28,50628.75,50628.75,49971.234375,50431.49609375,46905.4375,896099,2026-08-06 16:24:45.638407
FPT.VN,2022-12-29,50299.9921875,50628.75,50102.73828125,50102.73828125,46599.66796875,996629,2026-08-06 16:24:45.638407
FPT.VN,2022-12-30,50102.73828125,50563.0,49971.234375,50563.0,47027.75390625,956022,2026-08-06 16:24:45.638407
FPT.VN,2023-01-02,50563.0,50563.0,50563.0,50563.0,47027.75390625,0,2026-08-06 16:24:45.638407
FPT.VN,2023-01-03,50563.0,52601.296875,50497.24609375,52601.296875,48923.53515625,2334847,2026-08-06 16:24:45.638407
FPT.VN,2023-01-04,53127.3125,53258.81640625,52141.0390625,52601.296875,48923.53515625,1208031,2026-08-06 16:24:45.638407
FPT.VN,2023-01-05,52732.80078125,53587.57421875,52732.80078125,52995.80859375,49290.46484375,1540038,2026-08-06 16:24:45.638407
FPT.VN,2023-01-06,52864.3046875,53324.56640625,52732.80078125,52798.5546875,49107.0,1094117,2026-08-06 16:24:45.638407
FPT.VN,2023-01-09,52930.05859375,53193.0625,52535.546875,52798.5546875,49107.0,789182,2026-08-06 16:24:45.638407
FPT.VN,2023-01-10,53061.55859375,53456.0703125,52732.80078125,52864.3046875,49168.1484375,1144762,2026-08-06 16:24:45.638407
FPT.VN,2023-01-11,52864.3046875,53653.32421875,52864.3046875,53193.0625,49473.92578125,1637830,2026-08-06 16:24:45.638407
FPT.VN,2023-01-12,53258.81640625,53587.57421875,52732.80078125,53061.55859375,49351.61328125,825074,2026-08-06 16:24:45.638407
FPT.VN,2023-01-13,52930.05859375,53390.31640625,52601.296875,52601.296875,48923.53515625,955565,2026-08-06 16:24:45.638407
FPT.VN,2023-01-16,52667.05078125,53258.81640625,52404.04296875,53127.3125,49412.77734375,873742,2026-08-06 16:24:45.638407
FPT.VN,2023-01-17,53390.31640625,53916.33203125,53258.81640625,53916.33203125,50146.625,1487719,2026-08-06 16:24:45.638407
FPT.VN,2023-01-18,53982.08203125,54836.85546875,53784.828125,54836.85546875,51002.78515625,1451827,2026-08-06 16:24:45.638407
FPT.VN,2023-01-19,54573.84765625,55362.8671875,54508.09375,55165.61328125,51308.5625,2018505,2026-08-06 16:24:45.638407
FPT.VN,2023-01-20,55165.61328125,55165.61328125,55165.61328125,55165.61328125,51308.5625,0,2026-08-06 16:24:45.638407
FPT.VN,2023-01-23,55165.61328125,55165.61328125,55165.61328125,55165.61328125,51308.5625,0,2026-08-06 16:24:45.638407
FPT.VN,2023-01-24,55165.61328125,55165.61328125,55165.61328125,55165.61328125,51308.5625,0,2026-08-06 16:24:45.638407
FPT.VN,2023-01-25,55165.61328125,55165.61328125,55165.61328125,55165.61328125,51308.5625,0,2026-08-06 16:24:45.638407
FPT.VN,2023-01-26,55165.61328125,55165.61328125,55165.61328125,55165.61328125,51308.5625,0,2026-08-06 16:24:45.638407
FPT.VN,2023-01-27,55297.11328125,56217.63671875,55231.36328125,55231.36328125,51369.70703125,1734862,2026-08-06 16:24:45.638407
FPT.VN,2023-01-30,55362.8671875,55494.37109375,55034.109375,55034.109375,51186.25,1355099,2026-08-06 16:24:45.638407
FPT.VN,2023-01-31,54902.60546875,55034.109375,53719.078125,54902.60546875,51063.94140625,2325569,2026-08-06 16:24:45.638407
FPT.VN,2023-02-01,55231.36328125,55231.36328125,53784.828125,53916.33203125,50146.625,1594333,2026-08-06 16:24:45.638407
FPT.VN,2023-02-02,53982.08203125,54179.3359375,53456.0703125,53850.578125,50085.47265625,2015463,2026-08-06 16:24:45.638407
FPT.VN,2023-02-03,53916.33203125,53916.33203125,52667.05078125,52667.05078125,48984.6953125,2629592,2026-08-06 16:24:45.638407
FPT.VN,2023-02-06,52601.296875,53653.32421875,52404.04296875,52930.05859375,49229.30859375,1436314,2026-08-06 16:24:45.638407
FPT.VN,2023-02-07,52930.05859375,53850.578125,52930.05859375,53061.55859375,49351.61328125,1141872,2026-08-06 16:24:45.638407
FPT.VN,2023-02-08,53127.3125,53719.078125,52995.80859375,53390.31640625,49657.38671875,1018529,2026-08-06 16:24:45.638407
FPT.VN,2023-02-09,53258.81640625,53653.32421875,53061.55859375,53061.55859375,49351.61328125,1130010,2026-08-06 16:24:45.638407
FPT.VN,2023-02-10,53324.56640625,53390.31640625,52930.05859375,53061.55859375,49351.61328125,1102634,2026-08-06 16:24:45.638407
FPT.VN,2023-02-13,53061.55859375,53390.31640625,52601.296875,53061.55859375,49351.61328125,932600,2026-08-06 16:24:45.638407
FPT.VN,2023-02-14,53061.55859375,53258.81640625,52732.80078125,53127.3125,49412.77734375,942486,2026-08-06 16:24:45.638407
FPT.VN,2023-02-15,52930.05859375,53850.578125,52798.5546875,53653.32421875,49902.0078125,981268,2026-08-06 16:24:45.638407
FPT.VN,2023-02-16,53653.32421875,53916.33203125,53061.55859375,53653.32421875,49902.0078125,645155,2026-08-06 16:24:45.638407
FPT.VN,2023-02-17,53390.31640625,53653.32421875,53258.81640625,53653.32421875,49902.0078125,711161,2026-08-06 16:24:45.638407
FPT.VN,2023-02-20,53653.32421875,54573.84765625,53521.8203125,54442.34375,50635.86328125,1939267,2026-08-06 16:24:45.638407
FPT.VN,2023-02-21,54442.34375,55034.109375,54310.83984375,54442.34375,50635.86328125,1277535,2026-08-06 16:24:45.638407
FPT.VN,2023-02-22,54113.5859375,54245.08984375,53784.828125,53784.828125,50024.31640625,1136397,2026-08-06 16:24:45.638407
FPT.VN,2023-02-23,53719.078125,53719.078125,52995.80859375,53521.8203125,49779.6953125,1764975,2026-08-06 16:24:45.638407
FPT.VN,2023-02-24,53324.56640625,53456.0703125,52864.3046875,53127.3125,49412.77734375,850473,2026-08-06 16:24:45.638407
FPT.VN,2023-02-27,52601.296875,52930.05859375,52535.546875,52798.5546875,49107.0,1544296,2026-08-06 16:24:45.638407
FPT.VN,2023-02-28,52601.296875,53061.55859375,52272.5390625,52930.05859375,49229.30859375,797394,2026-08-06 16:24:45.638407
FPT.VN,2023-03-01,52272.5390625,52930.05859375,51746.52734375,52930.05859375,49229.30859375,2093332,2026-08-06 16:24:45.638407
FPT.VN,2023-03-02,52601.296875,52930.05859375,52469.796875,52601.296875,48923.53515625,655192,2026-08-06 16:24:45.638407
FPT.VN,2023-03-03,52141.0390625,52601.296875,51615.0234375,51615.0234375,48006.21875,1126664,2026-08-06 16:24:45.638407
FPT.VN,2023-03-06,51352.01953125,52469.796875,51352.01953125,51417.76953125,47822.76171875,1242859,2026-08-06 16:24:45.638407
FPT.VN,2023-03-07,52009.53515625,52535.546875,51812.27734375,51812.27734375,48189.6796875,1204533,2026-08-06 16:24:45.638407
FPT.VN,2023-03-08,51615.0234375,52272.5390625,51615.0234375,52272.5390625,48617.76953125,776558,2026-08-06 16:24:45.638407
FPT.VN,2023-03-09,52272.5390625,53061.55859375,52075.28515625,52995.80859375,49290.46484375,973816,2026-08-06 16:24:45.638407
FPT.VN,2023-03-10,52732.80078125,52864.3046875,51943.78125,52272.5390625,48617.76953125,974728,2026-08-06 16:24:45.638407
FPT.VN,2023-03-13,51352.01953125,52206.7890625,51352.01953125,51878.03125,48250.83984375,1348255,2026-08-06 16:24:45.638407
FPT.VN,2023-03-14,51943.78125,52009.53515625,51615.0234375,51746.52734375,48128.53125,650021,2026-08-06 16:24:45.638407
FPT.VN,2023-03-15,52009.53515625,52930.05859375,52009.53515625,52930.05859375,49229.30859375,1052141,2026-08-06 16:24:45.638407
FPT.VN,2023-03-16,52601.296875,52601.296875,51549.2734375,52075.28515625,48434.3046875,1292743,2026-08-06 16:24:45.638407
FPT.VN,2023-03-17,52338.29296875,52601.296875,51680.77734375,51943.78125,48311.9921875,653063,2026-08-06 16:24:45.638407
FPT.VN,2023-03-20,52009.53515625,52141.0390625,51023.2578125,51023.2578125,47455.828125,1170769,2026-08-06 16:24:45.638407
FPT.VN,2023-03-21,51680.77734375,51746.52734375,50694.5,51352.01953125,47761.6015625,815493,2026-08-06 16:24:45.638407
FPT.VN,2023-03-22,51417.76953125,51680.77734375,51023.2578125,51615.0234375,48006.21875,928342,2026-08-06 16:24:45.638407
FPT.VN,2023-03-23,51549.2734375,51615.0234375,51023.2578125,51286.265625,47700.44921875,542344,2026-08-06 16:24:45.638407
FPT.VN,2023-03-24,51483.51953125,51812.27734375,51286.265625,51680.77734375,48067.37109375,557704,2026-08-06 16:24:45.638407
FPT.VN,2023-03-27,51878.03125,52075.28515625,51615.0234375,52009.53515625,48373.15234375,1166815,2026-08-06 16:24:45.638407
FPT.VN,2023-03-28,52075.28515625,52075.28515625,50957.5078125,52075.28515625,48434.3046875,1521483,2026-08-06 16:24:45.638407
FPT.VN,2023-03-29,52075.28515625,52141.0390625,51680.77734375,51943.78125,48311.9921875,615193,2026-08-06 16:24:45.638407
FPT.VN,2023-03-30,51943.78125,52141.0390625,51812.27734375,52009.53515625,48373.15234375,621125,2026-08-06 16:24:45.638407
FPT.VN,2023-03-31,52009.53515625,52272.5390625,51943.78125,52009.53515625,48373.15234375,1021419,2026-08-06 16:24:45.638407
FPT.VN,2023-04-03,52206.7890625,53193.0625,52009.53515625,53193.0625,49473.92578125,1779727,2026-08-06 16:24:45.638407
FPT.VN,2023-04-04,53193.0625,53258.81640625,52601.296875,52930.05859375,49229.30859375,889103,2026-08-06 16:24:45.638407
FPT.VN,2023-04-05,52930.05859375,52995.80859375,52404.04296875,52995.80859375,49290.46484375,641809,2026-08-06 16:24:45.638407
FPT.VN,2023-04-06,53061.55859375,53587.57421875,52798.5546875,52798.5546875,49107.0,932144,2026-08-06 16:24:45.638407
FPT.VN,2023-04-07,52732.80078125,53061.55859375,52601.296875,52930.05859375,49229.30859375,547210,2026-08-06 16:24:45.638407
FPT.VN,2023-04-10,53258.81640625,53258.81640625,52667.05078125,52798.5546875,49107.0,1170769,2026-08-06 16:24:45.638407
FPT.VN,2023-04-11,52732.80078125,52930.05859375,52667.05078125,52798.5546875,49107.0,812147,2026-08-06 16:24:45.638407
FPT.VN,2023-04-12,52798.5546875,52930.05859375,52535.546875,52798.5546875,49107.0,874046,2026-08-06 16:24:45.638407
FPT.VN,2023-04-13,52798.5546875,52864.3046875,52141.0390625,52338.29296875,48678.91796875,822032,2026-08-06 16:24:45.638407
FPT.VN,2023-04-14,52535.546875,52667.05078125,52141.0390625,52338.29296875,48678.91796875,606524,2026-08-06 16:24:45.638407
FPT.VN,2023-04-17,52338.29296875,52404.04296875,51943.78125,52338.29296875,48678.91796875,684241,2026-08-06 16:24:45.638407
FPT.VN,2023-04-18,52338.29296875,52601.296875,52075.28515625,52206.7890625,48556.6015625,458695,2026-08-06 16:24:45.638407
FPT.VN,2023-04-19,52469.796875,52469.796875,52141.0390625,52141.0390625,48495.45703125,638463,2026-08-06 16:24:45.638407
FPT.VN,2023-04-20,52469.796875,52469.796875,52075.28515625,52206.7890625,48556.6015625,554206,2026-08-06 16:24:45.638407
FPT.VN,2023-04-21,52601.296875,52601.296875,52141.0390625,52141.0390625,48495.45703125,492763,2026-08-06 16:24:45.638407
FPT.VN,2023-04-24,52272.5390625,52995.80859375,51943.78125,52009.53515625,48373.15234375,1208335,2026-08-06 16:24:45.638407
FPT.VN,2023-04-25,52009.53515625,52141.0390625,51483.51953125,51549.2734375,47945.06640625,821272,2026-08-06 16:24:45.638407
FPT.VN,2023-04-26,51352.01953125,51549.2734375,51023.2578125,51483.51953125,47883.90625,1174115,2026-08-06 16:24:45.638407
FPT.VN,2023-04-27,51352.01953125,51812.27734375,51352.01953125,51483.51953125,47883.90625,336113,2026-08-06 16:24:45.638407
FPT.VN,2023-04-28,51812.27734375,51812.27734375,50957.5078125,50957.5078125,47394.671875,1438139,2026-08-06 16:24:45.638407
FPT.VN,2023-05-01,50957.5078125,50957.5078125,50957.5078125,50957.5078125,47394.671875,0,2026-08-06 16:24:45.638407
FPT.VN,2023-05-02,50957.5078125,50957.5078125,50957.5078125,50957.5078125,47394.671875,0,2026-08-06 16:24:45.638407
FPT.VN,2023-05-03,50957.5078125,50957.5078125,50957.5078125,50957.5078125,47394.671875,0,2026-08-06 16:24:45.638407
FPT.VN,2023-05-04,51154.76171875,51746.52734375,51023.2578125,51615.0234375,48006.21875,756179,2026-08-06 16:24:45.638407
FPT.VN,2023-05-05,51680.77734375,51680.77734375,51417.76953125,51549.2734375,47945.06640625,485463,2026-08-06 16:24:45.638407
FPT.VN,2023-05-08,51615.0234375,51878.03125,51549.2734375,51615.0234375,48006.21875,551925,2026-08-06 16:24:45.638407
FPT.VN,2023-05-09,51680.77734375,52469.796875,51680.77734375,51878.03125,48250.83984375,921498,2026-08-06 16:24:45.638407
FPT.VN,2023-05-10,51943.78125,52338.29296875,51943.78125,51943.78125,48311.9921875,961953,2026-08-06 16:24:45.638407
FPT.VN,2023-05-11,52009.53515625,52338.29296875,51943.78125,52009.53515625,48373.15234375,723784,2026-08-06 16:24:45.638407
FPT.VN,2023-05-12,52141.0390625,52995.80859375,51812.27734375,52930.05859375,49229.30859375,1647259,2026-08-06 16:24:45.638407
FPT.VN,2023-05-15,53521.8203125,53784.828125,53127.3125,53258.81640625,49535.078125,1421561,2026-08-06 16:24:45.638407
FPT.VN,2023-05-16,53258.81640625,53719.078125,53127.3125,53587.57421875,49840.8515625,1165750,2026-08-06 16:24:45.638407
FPT.VN,2023-05-17,53850.578125,54376.59375,53324.56640625,53587.57421875,49840.8515625,1484678,2026-08-06 16:24:45.638407
FPT.VN,2023-05-18,53784.828125,54573.84765625,53521.8203125,54508.09375,50697.015625,2357052,2026-08-06 16:24:45.638407
FPT.VN,2023-05-19,54573.84765625,54771.1015625,53784.828125,54442.34375,50635.86328125,1632811,2026-08-06 16:24:45.638407
FPT.VN,2023-05-22,54442.34375,54442.34375,53916.33203125,54245.08984375,50452.39453125,853210,2026-08-06 16:24:45.638407
FPT.VN,2023-05-23,54245.08984375,54245.08984375,53521.8203125,53916.33203125,50146.625,998454,2026-08-06 16:24:45.638407
FPT.VN,2023-05-24,53916.33203125,53916.33203125,53916.33203125,53916.33203125,50146.625,0,2026-08-06 16:24:45.638407
FPT.VN,2023-05-25,53390.31640625,54836.85546875,53258.81640625,54705.3515625,50880.4765625,2039949,2026-08-06 16:24:45.638407
FPT.VN,2023-05-26,54639.59765625,54836.85546875,54113.5859375,54639.59765625,50819.31640625,1314644,2026-08-06 16:24:45.638407
FPT.VN,2023-05-29,54902.60546875,55034.109375,54508.09375,54639.59765625,50819.31640625,1337761,2026-08-06 16:24:45.638407
FPT.VN,2023-05-30,54573.84765625,55823.12890625,54508.09375,55231.36328125,51369.70703125,2523283,2026-08-06 16:24:45.638407
FPT.VN,2023-05-31,55362.8671875,55362.8671875,54639.59765625,55297.11328125,51430.86328125,1276622,2026-08-06 16:24:45.638407
FPT.VN,2023-06-01,55231.36328125,55231.36328125,54639.59765625,54902.60546875,51063.94140625,817166,2026-08-06 16:24:45.638407
FPT.VN,2023-06-02,54902.60546875,55428.6171875,54639.59765625,55099.859375,51247.40625,1119211,2026-08-06 16:24:45.638407
FPT.VN,2023-06-05,55165.61328125,56020.3828125,55099.859375,55888.87890625,51981.2578125,2168007,2026-08-06 16:24:45.638407
FPT.VN,2023-06-06,56086.1328125,56086.1328125,55691.625,56086.1328125,52164.71484375,781729,2026-08-06 16:24:45.638407
FPT.VN,2023-06-07,55888.87890625,56151.88671875,55428.6171875,55888.87890625,51981.2578125,1073433,2026-08-06 16:24:45.638407
FPT.VN,2023-06-08,55691.625,55823.12890625,54902.60546875,54968.35546875,51125.08984375,1892728,2026-08-06 16:24:45.638407
FPT.VN,2023-06-09,55428.6171875,55691.625,55034.109375,55625.875,51736.640625,1034499,2026-08-06 16:24:45.638407
FPT.VN,2023-06-12,55560.12109375,55823.12890625,54968.35546875,55823.12890625,51920.10546875,790398,2026-08-06 16:24:45.638407
FPT.VN,2023-06-13,55494.37109375,55823.12890625,55428.6171875,55494.37109375,51614.328125,709944,2026-08-06 16:24:45.638407
FPT.VN,2023-06-14,55428.6171875,55757.375,55297.11328125,55362.8671875,51492.01953125,1001648,2026-08-06 16:24:45.638407
FPT.VN,2023-06-15,55362.8671875,55494.37109375,54968.35546875,55297.11328125,51430.86328125,1214570,2026-08-06 16:24:45.638407
FPT.VN,2023-06-16,55297.11328125,56677.8984375,54836.85546875,55560.12109375,51675.484375,3393832,2026-08-06 16:24:45.638407
FPT.VN,2023-06-19,55691.625,56217.63671875,55560.12109375,55691.625,51797.79296875,1008644,2026-08-06 16:24:45.638407
FPT.VN,2023-06-20,55888.87890625,56414.89453125,55691.625,56217.63671875,52287.03125,1436466,2026-08-06 16:24:45.638407
FPT.VN,2023-06-21,56217.63671875,56809.40234375,56151.88671875,56414.89453125,52470.49609375,1073433,2026-08-06 16:24:45.638407
FPT.VN,2023-06-22,56414.89453125,56414.89453125,56414.89453125,56414.89453125,52470.49609375,0,2026-08-06 16:24:45.638407
FPT.VN,2023-06-23,56283.390625,56283.390625,55757.375,55954.6328125,52042.40625,1250159,2026-08-06 16:24:45.638407
FPT.VN,2023-06-26,55954.6328125,56414.89453125,55625.875,56414.89453125,52470.49609375,1307039,2026-08-06 16:24:45.638407
FPT.VN,2023-06-27,56546.39453125,57401.16796875,56546.39453125,57401.16796875,53387.80859375,2342755,2026-08-06 16:24:45.638407
FPT.VN,2023-06-28,57466.91796875,57729.92578125,57203.9140625,57203.9140625,53204.34765625,1467492,2026-08-06 16:24:45.638407
FPT.VN,2023-06-29,57203.9140625,57269.6640625,56875.15234375,56875.15234375,52898.57421875,855340,2026-08-06 16:24:45.638407
FPT.VN,2023-06-30,56875.15234375,56940.90625,56546.39453125,56546.39453125,52592.80078125,1115561,2026-08-06 16:24:45.638407
FPT.VN,2023-07-03,56875.15234375,57072.41015625,56546.39453125,56809.40234375,52837.4140625,1581101,2026-08-06 16:24:45.638407
FPT.VN,2023-07-04,56809.40234375,57203.9140625,56677.8984375,57203.9140625,53204.34765625,2019874,2026-08-06 16:24:45.638407
FPT.VN,2023-07-05,56786.390625,57844.9921875,56559.546875,56559.546875,53309.69921875,2363704,2026-08-06 16:24:45.638407
FPT.VN,2023-07-06,56559.546875,56862.00390625,55954.6328125,56408.31640625,53167.16015625,2006232,2026-08-06 16:24:45.638407
FPT.VN,2023-07-07,56105.859375,57088.84765625,56105.859375,56937.6171875,53666.046875,1185356,2026-08-06 16:24:45.638407
FPT.VN,2023-07-10,56937.6171875,57391.3046875,56635.16015625,56937.6171875,53666.046875,1526561,2026-08-06 16:24:45.638407
FPT.VN,2023-07-11,56937.6171875,57013.234375,56710.7734375,56710.7734375,53452.23828125,1443244,2026-08-06 16:24:45.638407
FPT.VN,2023-07-12,56710.7734375,57240.07421875,56635.16015625,56937.6171875,53666.046875,1196730,2026-08-06 16:24:45.638407
FPT.VN,2023-07-13,57315.69140625,57315.69140625,57013.234375,57315.69140625,54022.3984375,1656299,2026-08-06 16:24:45.638407
FPT.VN,2023-07-14,58147.44921875,59206.05078125,57542.53125,59206.05078125,55804.140625,3733153,2026-08-06 16:24:45.638407
FPT.VN,2023-07-17,59735.3515625,59886.578125,59357.27734375,59735.3515625,56303.02734375,1525239,2026-08-06 16:24:45.638407
FPT.VN,2023-07-18,59735.3515625,59735.3515625,59054.8203125,59508.5078125,56089.22265625,949951,2026-08-06 16:24:45.638407
FPT.VN,2023-07-19,59357.27734375,59659.734375,59206.05078125,59357.27734375,55946.671875,937123,2026-08-06 16:24:45.638407
FPT.VN,2023-07-20,59432.890625,61474.48046875,59357.27734375,60718.3359375,57229.52734375,3034211,2026-08-06 16:24:45.638407
FPT.VN,2023-07-21,60264.6484375,61247.63671875,60189.03515625,61247.63671875,57728.41796875,1684336,2026-08-06 16:24:45.638407
FPT.VN,2023-07-24,61247.63671875,61474.48046875,60945.1796875,61247.63671875,57728.41796875,1550895,2026-08-06 16:24:45.638407
FPT.VN,2023-07-25,61247.63671875,62155.0078125,61247.63671875,61474.48046875,57942.2265625,1397750,2026-08-06 16:24:45.638407
FPT.VN,2023-07-26,61398.8671875,62533.08203125,61323.25,62533.08203125,58940.0078125,1680633,2026-08-06 16:24:45.638407
FPT.VN,2023-07-27,62608.6953125,63818.52734375,62608.6953125,63289.2265625,59652.69921875,1874908,2026-08-06 16:24:45.638407
FPT.VN,2023-07-28,63137.99609375,63818.52734375,62835.5390625,63818.52734375,60151.5859375,1188134,2026-08-06 16:24:45.638407
FPT.VN,2023-07-31,64045.3671875,64877.125,63818.52734375,64725.8984375,61006.828125,1946058,2026-08-06 16:24:45.638407
FPT.VN,2023-08-01,64725.8984375,65255.19921875,63894.140625,63894.140625,60222.859375,1702454,2026-08-06 16:24:45.638407
FPT.VN,2023-08-02,63894.140625,64120.984375,63137.99609375,63137.99609375,59510.16015625,1317606,2026-08-06 16:24:45.638407
FPT.VN,2023-08-03,63364.83984375,63667.296875,62684.30859375,63289.2265625,59652.69921875,1200697,2026-08-06 16:24:45.638407
FPT.VN,2023-08-04,63516.06640625,63894.140625,62986.765625,62986.765625,59367.62109375,2140995,2026-08-06 16:24:45.638407
FPT.VN,2023-08-07,63213.609375,63894.140625,62986.765625,63894.140625,60222.859375,995181,2026-08-06 16:24:45.638407
FPT.VN,2023-08-08,63516.06640625,63969.75390625,63364.83984375,63667.296875,60009.05078125,841110,2026-08-06 16:24:45.638407
FPT.VN,2023-08-09,63516.06640625,64045.3671875,62759.92578125,62835.5390625,59225.078125,1299620,2026-08-06 16:24:45.638407
FPT.VN,2023-08-10,62835.5390625,62986.765625,62155.0078125,62155.0078125,58583.65234375,1776514,2026-08-06 16:24:45.638407
FPT.VN,2023-08-11,62003.78125,62759.92578125,61625.70703125,62003.78125,58441.1171875,1511485,2026-08-06 16:24:45.638407
FPT.VN,2023-08-14,62079.39453125,62911.15234375,62003.78125,62457.46875,58868.734375,1341147,2026-08-06 16:24:45.638407
FPT.VN,2023-08-15,62457.46875,63742.91015625,61625.70703125,63516.06640625,59866.51171875,2215981,2026-08-06 16:24:45.638407
FPT.VN,2023-08-16,62911.15234375,64423.44140625,62911.15234375,64347.82421875,60650.47265625,3432416,2026-08-06 16:24:45.638407
FPT.VN,2023-08-17,64272.2109375,65935.7265625,64272.2109375,65028.35546875,61291.90234375,4885050,2026-08-06 16:24:45.638407
FPT.VN,2023-08-18,64725.8984375,66465.03125,63742.91015625,64650.28515625,60935.55859375,5612293,2026-08-06 16:24:45.638407
FPT.VN,2023-08-21,64952.7421875,65557.65625,64650.28515625,64952.7421875,61220.6328125,3243828,2026-08-06 16:24:45.638407
FPT.VN,2023-08-22,65255.19921875,65406.42578125,62759.92578125,65406.42578125,61648.25,3081821,2026-08-06 16:24:45.638407
FPT.VN,2023-08-23,65330.8125,65633.2734375,64045.3671875,65406.42578125,61648.25,1875966,2026-08-06 16:24:45.638407
FPT.VN,2023-08-24,64650.28515625,68128.546875,64347.82421875,68052.9296875,64892.890625,6945241,2026-08-06 16:24:45.638407
FPT.VN,2023-08-25,67674.859375,68809.0703125,67372.3984375,68506.6171875,65325.515625,3691626,2026-08-06 16:24:45.638407
FPT.VN,2023-08-28,69565.21875,71304.3515625,68809.0703125,71077.5078125,67777.0234375,3902300,2026-08-06 16:24:45.638407
FPT.VN,2023-08-29,71077.5078125,71077.5078125,70170.1328125,70775.046875,67488.609375,2046436,2026-08-06 16:24:45.638407
FPT.VN,2023-08-30,70472.5859375,74253.3046875,70396.9765625,73043.4765625,69651.7109375,3122025,2026-08-06 16:24:45.638407
FPT.VN,2023-08-31,73043.4765625,73724.0078125,72665.40625,73119.09375,69723.8203125,1856393,2026-08-06 16:24:45.638407
FPT.VN,2023-09-01,73119.09375,73119.09375,73119.09375,73119.09375,69723.8203125,0,2026-08-06 16:24:45.638407
FPT.VN,2023-09-04,73119.09375,73119.09375,73119.09375,73119.09375,69723.8203125,0,2026-08-06 16:24:45.638407
FPT.VN,2023-09-05,73421.546875,74631.3828125,73194.703125,73194.703125,69795.9140625,1903871,2026-08-06 16:24:45.638407
FPT.VN,2023-09-06,73421.546875,74858.2265625,72816.6328125,74858.2265625,71382.1875,3294347,2026-08-06 16:24:45.638407
FPT.VN,2023-09-07,74858.2265625,76219.28125,73799.625,74026.46875,70589.046875,4297596,2026-08-06 16:24:45.638407
FPT.VN,2023-09-08,73724.0078125,74480.1484375,73345.9375,73799.625,70372.734375,2797881,2026-08-06 16:24:45.638407
FPT.VN,2023-09-11,74631.3828125,75236.296875,72060.4921875,73648.390625,70228.53125,6810610,2026-08-06 16:24:45.638407
FPT.VN,2023-09-12,73648.390625,74782.609375,73648.390625,74782.609375,71310.078125,3545225,2026-08-06 16:24:45.638407
FPT.VN,2023-09-13,74782.609375,74858.2265625,73648.390625,74102.078125,70661.15625,3821099,2026-08-06 16:24:45.638407
FPT.VN,2023-09-14,74102.078125,74102.078125,72211.71875,72514.1796875,69146.984375,3067803,2026-08-06 16:24:45.638407
FPT.VN,2023-09-15,72589.7890625,73950.8515625,72060.4921875,73724.0078125,70300.6328125,2823273,2026-08-06 16:24:45.638407
FPT.VN,2023-09-18,73270.3203125,73270.3203125,72362.9453125,73270.3203125,69868.0234375,2680575,2026-08-06 16:24:45.638407
FPT.VN,2023-09-19,73194.703125,74404.5390625,72514.1796875,74404.5390625,70949.5703125,4739311,2026-08-06 16:24:45.638407
FPT.VN,2023-09-20,74706.9921875,75387.5234375,74480.1484375,74480.1484375,71021.6640625,3233248,2026-08-06 16:24:45.638407
FPT.VN,2023-09-21,74480.1484375,74782.609375,72816.6328125,73194.703125,69795.9140625,4521627,2026-08-06 16:24:45.638407
FPT.VN,2023-09-22,71909.265625,73345.9375,70018.90625,73119.09375,69723.8203125,9073672,2026-08-06 16:24:45.638407
FPT.VN,2023-09-25,73345.9375,73799.625,71304.3515625,71304.3515625,67993.3359375,2773414,2026-08-06 16:24:45.638407
FPT.VN,2023-09-26,71228.734375,72211.71875,70396.9765625,70699.4296875,67416.5078125,2848797,2026-08-06 16:24:45.638407
FPT.VN,2023-09-27,71001.890625,71304.3515625,68355.390625,71304.3515625,67993.3359375,5965004,2026-08-06 16:24:45.638407
FPT.VN,2023-09-28,71153.1171875,71304.3515625,69111.53125,71077.5078125,67777.0234375,2333419,2026-08-06 16:24:45.638407
FPT.VN,2023-09-29,71077.5078125,71758.03125,70170.1328125,70170.1328125,66911.7890625,2162684,2026-08-06 16:24:45.638407
FPT.VN,2023-10-02,70623.8203125,70926.2734375,69565.21875,70472.5859375,67200.1875,1504343,2026-08-06 16:24:45.638407
FPT.VN,2023-10-03,69716.4453125,70699.4296875,69187.1484375,69716.4453125,66479.15625,2654125,2026-08-06 16:24:45.638407
FPT.VN,2023-10-04,69035.9140625,70623.8203125,69035.9140625,69943.2890625,66695.4765625,2105023,2026-08-06 16:24:45.638407
FPT.VN,2023-10-05,70170.1328125,70548.203125,69262.7578125,69262.7578125,66046.546875,1810634,2026-08-06 16:24:45.638407
FPT.VN,2023-10-06,69187.1484375,70170.1328125,68809.0703125,70094.515625,66839.6796875,1517833,2026-08-06 16:24:45.638407
FPT.VN,2023-10-09,69867.671875,72287.3359375,69716.4453125,72287.3359375,68930.6796875,4836382,2026-08-06 16:24:45.638407
FPT.VN,2023-10-10,72967.8671875,73497.1640625,72136.109375,72816.6328125,69435.3984375,4305398,2026-08-06 16:24:45.638407
FPT.VN,2023-10-11,72514.1796875,74102.078125,72514.1796875,73345.9375,69940.1171875,3118719,2026-08-06 16:24:45.638407
FPT.VN,2023-10-12,73345.9375,73950.8515625,72589.7890625,72892.25,69507.5,2487887,2026-08-06 16:24:45.638407
FPT.VN,2023-10-13,72589.7890625,72816.6328125,72060.4921875,72665.40625,69291.1953125,3123877,2026-08-06 16:24:45.638407
FPT.VN,2023-10-16,73194.703125,74782.609375,72816.6328125,73194.703125,69795.9140625,6578908,2026-08-06 16:24:45.638407
FPT.VN,2023-10-17,73950.8515625,73950.8515625,70396.9765625,70396.9765625,67128.1015625,3200582,2026-08-06 16:24:45.638407
FPT.VN,2023-10-18,71758.03125,71758.03125,68809.0703125,70321.359375,67055.9921875,8123853,2026-08-06 16:24:45.638407
FPT.VN,2023-10-19,71077.5078125,71304.3515625,69565.21875,69565.21875,66334.953125,4006381,2026-08-06 16:24:45.638407
FPT.VN,2023-10-20,69943.2890625,70321.359375,68128.546875,70245.75,66983.8984375,3786582,2026-08-06 16:24:45.638407
FPT.VN,2023-10-23,70926.2734375,70926.2734375,68657.84375,68809.0703125,65613.9296875,2607573,2026-08-06 16:24:45.638407
FPT.VN,2023-10-24,69867.671875,69867.671875,68657.84375,69565.21875,66334.953125,2132399,2026-08-06 16:24:45.638407
FPT.VN,2023-10-25,69413.9921875,70094.515625,68733.4609375,68733.4609375,65541.828125,2428771,2026-08-06 16:24:45.638407
FPT.VN,2023-10-26,66767.484375,67977.3125,65028.35546875,65633.2734375,62585.59765625,7815313,2026-08-06 16:24:45.638407
FPT.VN,2023-10-27,66162.5703125,66540.640625,65255.19921875,65784.5,62729.80078125,2691023,2026-08-06 16:24:45.638407
FPT.VN,2023-10-30,65784.5,65860.1171875,64272.2109375,64272.2109375,61287.734375,2472413,2026-08-06 16:24:45.638407
FPT.VN,2023-10-31,64347.82421875,64499.0546875,62759.92578125,62759.92578125,59845.66796875,4082822,2026-08-06 16:24:45.638407
FPT.VN,2023-11-01,63742.91015625,64574.66796875,62457.46875,64574.66796875,61576.1484375,2876702,2026-08-06 16:24:45.638407
FPT.VN,2023-11-02,65330.8125,67296.7890625,64952.7421875,67296.7890625,64171.859375,2914790,2026-08-06 16:24:45.638407
FPT.VN,2023-11-03,67296.7890625,67448.015625,65784.5,65784.5,62729.80078125,6403941,2026-08-06 16:24:45.638407
FPT.VN,2023-11-06,66691.875,67221.171875,66389.4140625,66918.7109375,63811.33984375,1600357,2026-08-06 16:24:45.638407
FPT.VN,2023-11-07,66918.7109375,67145.5546875,66465.03125,66767.484375,63667.13671875,1772414,2026-08-06 16:24:45.638407
FPT.VN,2023-11-08,66691.875,70018.90625,66540.640625,70018.90625,66767.578125,3892382,2026-08-06 16:24:45.638407
FPT.VN,2023-11-09,69565.21875,70548.203125,69413.9921875,69943.2890625,66695.4765625,2790739,2026-08-06 16:24:45.638407
FPT.VN,2023-11-10,69187.1484375,70094.515625,69035.9140625,69187.1484375,65974.453125,3182596,2026-08-06 16:24:45.638407
FPT.VN,2023-11-13,69262.7578125,69565.21875,68431.0,69111.53125,65902.34375,2026202,2026-08-06 16:24:45.638407
FPT.VN,2023-11-14,69565.21875,70623.8203125,69035.9140625,70018.90625,66767.578125,2642090,2026-08-06 16:24:45.638407
FPT.VN,2023-11-15,70850.6640625,70926.2734375,69565.21875,69867.671875,66623.3671875,3197276,2026-08-06 16:24:45.638407
FPT.VN,2023-11-16,69716.4453125,70321.359375,69262.7578125,70321.359375,67055.9921875,2521081,2026-08-06 16:24:45.638407
FPT.VN,2023-11-17,70623.8203125,70699.4296875,68506.6171875,68809.0703125,65613.9296875,4718547,2026-08-06 16:24:45.638407
FPT.VN,2023-11-20,68128.546875,70018.90625,67372.3984375,68582.234375,65397.6171875,2190721,2026-08-06 16:24:45.638407
FPT.VN,2023-11-21,69565.21875,69565.21875,68582.234375,69489.6015625,66262.8515625,1931775,2026-08-06 16:24:45.638407
FPT.VN,2023-11-22,69489.6015625,70396.9765625,69489.6015625,70321.359375,67055.9921875,4326823,2026-08-06 16:24:45.638407
FPT.VN,2023-11-23,70548.203125,70850.6640625,68657.84375,68657.84375,65469.71875,2864138,2026-08-06 16:24:45.638407
FPT.VN,2023-11-24,68657.84375,69565.21875,68204.15625,68960.3046875,65758.140625,2973641,2026-08-06 16:24:45.638407
FPT.VN,2023-11-27,69111.53125,69111.53125,68128.546875,68582.234375,65397.6171875,2194688,2026-08-06 16:24:45.638407
FPT.VN,2023-11-28,68657.84375,69489.6015625,67977.3125,68884.6875,65686.0390625,1442450,2026-08-06 16:24:45.638407
FPT.VN,2023-11-29,69262.7578125,69565.21875,68884.6875,69338.375,66118.6484375,1059983,2026-08-06 16:24:45.638407
FPT.VN,2023-11-30,69111.53125,70850.6640625,69035.9140625,69489.6015625,66262.8515625,2621724,2026-08-06 16:24:45.638407
FPT.VN,2023-12-01,69716.4453125,70245.75,69035.9140625,69867.671875,66623.3671875,1574833,2026-08-06 16:24:45.638407
FPT.VN,2023-12-04,70018.90625,71077.5078125,70018.90625,70775.046875,67488.609375,4578891,2026-08-06 16:24:45.638407
FPT.VN,2023-12-05,70926.2734375,72438.5625,70850.6640625,71682.421875,68353.8515625,4748039,2026-08-06 16:24:45.638407
FPT.VN,2023-12-06,71833.6484375,72136.109375,71153.1171875,71833.6484375,68498.046875,1614375,2026-08-06 16:24:45.638407
FPT.VN,2023-12-07,71909.265625,72060.4921875,70170.1328125,71304.3515625,67993.3359375,4974187,2026-08-06 16:24:45.638407
FPT.VN,2023-12-08,71304.3515625,71909.265625,70699.4296875,71228.734375,67921.234375,2308820,2026-08-06 16:24:45.638407
FPT.VN,2023-12-11,72211.71875,72362.9453125,71531.1875,71833.6484375,68498.046875,2069051,2026-08-06 16:24:45.638407
FPT.VN,2023-12-12,72136.109375,73194.703125,72060.4921875,73194.703125,69795.9140625,5402280,2026-08-06 16:24:45.638407
FPT.VN,2023-12-13,73648.390625,73648.390625,71984.875,71984.875,68642.2578125,2840862,2026-08-06 16:24:45.638407
FPT.VN,2023-12-14,72438.5625,72892.25,71984.875,72741.0234375,69363.3046875,2264516,2026-08-06 16:24:45.638407
FPT.VN,2023-12-15,72741.0234375,72816.6328125,71833.6484375,72741.0234375,69363.3046875,1949761,2026-08-06 16:24:45.638407
FPT.VN,2023-12-18,72514.1796875,72741.0234375,70850.6640625,71077.5078125,67777.0234375,2997446,2026-08-06 16:24:45.638407
FPT.VN,2023-12-19,71001.890625,71531.1875,70775.046875,71531.1875,68209.640625,1653654,2026-08-06 16:24:45.638407
FPT.VN,2023-12-20,71304.3515625,71833.6484375,71153.1171875,71606.8046875,68281.75,1784713,2026-08-06 16:24:45.638407
FPT.VN,2023-12-21,71531.1875,71909.265625,71077.5078125,71909.265625,68570.1640625,2323368,2026-08-06 16:24:45.638407
FPT.VN,2023-12-22,71833.6484375,71909.265625,71379.9609375,71531.1875,68209.640625,1686716,2026-08-06 16:24:45.638407
FPT.VN,2023-12-25,71758.03125,72741.0234375,71682.421875,72589.7890625,69219.0859375,2667482,2026-08-06 16:24:45.638407
FPT.VN,2023-12-26,72967.8671875,74555.765625,72892.25,73497.1640625,70084.3203125,4443467,2026-08-06 16:24:45.638407
FPT.VN,2023-12-27,73648.390625,73950.8515625,73270.3203125,73270.3203125,69868.0234375,1793177,2026-08-06 16:24:45.638407
FPT.VN,2023-12-28,73345.9375,73345.9375,72816.6328125,73043.4765625,69651.7109375,1582503,2026-08-06 16:24:45.638407
FPT.VN,2023-12-29,73043.4765625,73345.9375,72665.40625,72665.40625,69291.1953125,2468578,2026-08-06 16:24:45.638407
FPT.VN,2024-01-01,72665.40625,72665.40625,72665.40625,72665.40625,69291.1953125,0,2026-08-06 16:24:45.638407
FPT.VN,2024-01-02,73270.3203125,73270.3203125,72362.9453125,72514.1796875,69146.984375,2267426,2026-08-06 16:24:45.638407
FPT.VN,2024-01-03,72287.3359375,72967.8671875,72136.109375,72816.6328125,69435.3984375,1900300,2026-08-06 16:24:45.638407
FPT.VN,2024-01-04,72816.6328125,74404.5390625,72741.0234375,73497.1640625,70084.3203125,3932982,2026-08-06 16:24:45.638407
FPT.VN,2024-01-05,73572.78125,73724.0078125,72967.8671875,73648.390625,70228.53125,1505798,2026-08-06 16:24:45.638407
FPT.VN,2024-01-08,73648.390625,74328.921875,73421.546875,73572.78125,70156.4296875,1908367,2026-08-06 16:24:45.638407
FPT.VN,2024-01-09,73572.78125,73572.78125,73043.4765625,73043.4765625,69651.7109375,1602473,2026-08-06 16:24:45.638407
FPT.VN,2024-01-10,73119.09375,73270.3203125,71455.578125,71606.8046875,68281.75,4367556,2026-08-06 16:24:45.638407
FPT.VN,2024-01-11,71606.8046875,72136.109375,71606.8046875,71833.6484375,68498.046875,1813015,2026-08-06 16:24:45.638407
FPT.VN,2024-01-12,71682.421875,72287.3359375,71153.1171875,71606.8046875,68281.75,3434532,2026-08-06 16:24:45.638407
FPT.VN,2024-01-15,71833.6484375,72514.1796875,71758.03125,72136.109375,68786.46875,1735384,2026-08-06 16:24:45.638407
FPT.VN,2024-01-16,71606.8046875,72362.9453125,71606.8046875,72362.9453125,69002.7734375,1071225,2026-08-06 16:24:45.638407
FPT.VN,2024-01-17,72287.3359375,72589.7890625,71833.6484375,72362.9453125,69002.7734375,1870015,2026-08-06 16:24:45.638407
FPT.VN,2024-01-18,72362.9453125,72589.7890625,71984.875,72287.3359375,68930.6796875,1503550,2026-08-06 16:24:45.638407
FPT.VN,2024-01-19,72589.7890625,73270.3203125,72362.9453125,72816.6328125,69435.3984375,1974757,2026-08-06 16:24:45.638407
FPT.VN,2024-01-22,73194.703125,73194.703125,72438.5625,72892.25,69507.5,1465330,2026-08-06 16:24:45.638407
FPT.VN,2024-01-23,72665.40625,72892.25,72136.109375,72287.3359375,68930.6796875,1957829,2026-08-06 16:24:45.638407
FPT.VN,2024-01-24,72438.5625,72438.5625,71758.03125,71833.6484375,68498.046875,2277477,2026-08-06 16:24:45.638407
FPT.VN,2024-01-25,71833.6484375,71833.6484375,71833.6484375,71833.6484375,68498.046875,0,2026-08-06 16:24:45.638407
FPT.VN,2024-01-26,72211.71875,72741.0234375,72060.4921875,72514.1796875,69146.984375,1223841,2026-08-06 16:24:45.638407
FPT.VN,2024-01-29,72514.1796875,72665.40625,72060.4921875,72514.1796875,69146.984375,1402775,2026-08-06 16:24:45.638407
FPT.VN,2024-01-30,72514.1796875,72514.1796875,72136.109375,72287.3359375,68930.6796875,1255052,2026-08-06 16:24:45.638407
FPT.VN,2024-01-31,72287.3359375,72589.7890625,72211.71875,72362.9453125,69002.7734375,1827033,2026-08-06 16:24:45.638407
FPT.VN,2024-02-01,72514.1796875,75538.75,72362.9453125,75538.75,72031.109375,10307168,2026-08-06 16:24:45.638407
FPT.VN,2024-02-02,75538.75,75538.75,75538.75,75538.75,72031.109375,0,2026-08-06 16:24:45.638407
FPT.VN,2024-02-05,77126.65625,78714.5546875,77051.0390625,78260.8671875,74626.828125,3563344,2026-08-06 16:24:45.638407
FPT.VN,2024-02-06,78336.484375,79395.0859375,77807.1796875,78714.5546875,75059.4453125,2491986,2026-08-06 16:24:45.638407
FPT.VN,2024-02-07,79168.2421875,79395.0859375,78563.328125,79319.46875,75636.265625,2810841,2026-08-06 16:24:45.638407
FPT.VN,2024-02-08,79319.46875,79319.46875,79319.46875,79319.46875,75636.265625,0,2026-08-06 16:24:45.638407
FPT.VN,2024-02-09,79319.46875,79319.46875,79319.46875,79319.46875,75636.265625,0,2026-08-06 16:24:45.638407
FPT.VN,2024-02-12,79319.46875,79319.46875,79319.46875,79319.46875,75636.265625,0,2026-08-06 16:24:45.638407
FPT.VN,2024-02-13,79319.46875,79319.46875,79319.46875,79319.46875,75636.265625,0,2026-08-06 16:24:45.638407
FPT.VN,2024-02-14,79319.46875,79319.46875,79319.46875,79319.46875,75636.265625,0,2026-08-06 16:24:45.638407
FPT.VN,2024-02-15,79546.3125,79773.15625,78487.7109375,78638.9375,74987.34375,2973509,2026-08-06 16:24:45.638407
FPT.VN,2024-02-16,78638.9375,79470.703125,78487.7109375,79470.703125,75780.4765625,2732285,2026-08-06 16:24:45.638407
FPT.VN,2024-02-19,79773.15625,80907.375,79395.0859375,79395.0859375,75708.3671875,2687055,2026-08-06 16:24:45.638407
FPT.VN,2024-02-20,79546.3125,79546.3125,78638.9375,78865.78125,75203.6484375,2439086,2026-08-06 16:24:45.638407
FPT.VN,2024-02-21,78638.9375,80831.7578125,78260.8671875,80075.6171875,76357.3046875,4149343,2026-08-06 16:24:45.638407
FPT.VN,2024-02-22,80075.6171875,80151.2265625,79092.625,79092.625,75419.9609375,2272980,2026-08-06 16:24:45.638407
FPT.VN,2024-02-23,79773.15625,80680.53125,78109.640625,78563.328125,74915.2421875,5426878,2026-08-06 16:24:45.638407
FPT.VN,2024-02-26,78563.328125,81663.515625,78260.8671875,81663.515625,77871.46875,5907210,2026-08-06 16:24:45.638407
FPT.VN,2024-02-27,82041.5859375,82797.734375,81209.828125,81587.8984375,77799.3671875,3704058,2026-08-06 16:24:45.638407
FPT.VN,2024-02-28,81663.515625,82041.5859375,80378.0703125,82041.5859375,78231.984375,4578098,2026-08-06 16:24:45.638407
FPT.VN,2024-02-29,81814.7421875,82722.1171875,81436.671875,82419.65625,78592.5078125,3735798,2026-08-06 16:24:45.638407
FPT.VN,2024-03-01,82570.890625,84234.40625,82495.2734375,83780.71875,79890.3671875,5315656,2026-08-06 16:24:45.638407
FPT.VN,2024-03-04,83931.9453125,84536.859375,83780.71875,84234.40625,80322.984375,4082689,2026-08-06 16:24:45.638407
FPT.VN,2024-03-05,84234.40625,84234.40625,83100.1875,83705.1015625,79818.2578125,4474017,2026-08-06 16:24:45.638407
FPT.VN,2024-03-06,83175.8046875,83478.2578125,81965.9765625,82495.2734375,78664.609375,4896688,2026-08-06 16:24:45.638407
FPT.VN,2024-03-07,82495.2734375,86124.765625,81814.7421875,84158.7890625,80250.875,5339726,2026-08-06 16:24:45.638407
FPT.VN,2024-03-08,84158.7890625,85141.7734375,82797.734375,83175.8046875,79313.5390625,4120381,2026-08-06 16:24:45.638407
FPT.VN,2024-03-11,83175.8046875,85822.3046875,83175.8046875,83175.8046875,79313.5390625,4472033,2026-08-06 16:24:45.638407
FPT.VN,2024-03-12,83175.8046875,85822.3046875,83175.8046875,84612.4765625,80683.4921875,3845565,2026-08-06 16:24:45.638407
FPT.VN,2024-03-13,85293.0078125,88468.8125,84688.09375,88468.8125,84360.765625,6763529,2026-08-06 16:24:45.638407
FPT.VN,2024-03-14,89603.0234375,89603.0234375,87485.8203125,88468.8125,84360.765625,4579817,2026-08-06 16:24:45.638407
FPT.VN,2024-03-15,88317.578125,88317.578125,86578.453125,87712.6640625,83639.7265625,5076284,2026-08-06 16:24:45.638407
FPT.VN,2024-03-18,87561.4375,87561.4375,84007.5625,85444.234375,81476.6328125,7782383,2026-08-06 16:24:45.638407
FPT.VN,2024-03-19,85444.234375,85444.234375,84007.5625,84688.09375,80755.609375,4384616,2026-08-06 16:24:45.638407
FPT.VN,2024-03-20,84914.9375,86956.5234375,84007.5625,86578.453125,82558.1875,4596613,2026-08-06 16:24:45.638407
FPT.VN,2024-03-21,87107.75,87863.890625,86654.0625,87863.890625,83783.9296875,4969690,2026-08-06 16:24:45.638407
FPT.VN,2024-03-22,87939.5078125,87939.5078125,86578.453125,86880.90625,82846.59375,3193573,2026-08-06 16:24:45.638407
FPT.VN,2024-03-25,86275.9921875,87032.1328125,86049.1484375,86200.375,82197.6640625,3695594,2026-08-06 16:24:45.638407
FPT.VN,2024-03-26,86200.375,87334.59375,85897.921875,86956.5234375,82918.6953125,2239389,2026-08-06 16:24:45.638407
FPT.VN,2024-03-27,86729.6796875,87183.3671875,86275.9921875,87107.75,83062.90625,1745964,2026-08-06 16:24:45.638407
FPT.VN,2024-03-28,87637.0546875,88771.265625,87183.3671875,88544.421875,84432.8671875,3707232,2026-08-06 16:24:45.638407
FPT.VN,2024-03-29,88015.125,88620.0390625,87712.6640625,88090.734375,84000.25,1776778,2026-08-06 16:24:45.638407
FPT.VN,2024-04-01,87712.6640625,88922.4921875,87107.75,88317.578125,84216.546875,2611408,2026-08-06 16:24:45.638407
FPT.VN,2024-04-02,87258.9765625,88468.8125,87258.9765625,88468.8125,84360.765625,3022970,2026-08-06 16:24:45.638407
FPT.VN,2024-04-03,87788.28125,88468.8125,87032.1328125,87032.1328125,82990.8046875,3371052,2026-08-06 16:24:45.638407
FPT.VN,2024-04-04,86956.5234375,87561.4375,86200.375,86200.375,82197.6640625,3120438,2026-08-06 16:24:45.638407
FPT.VN,2024-04-05,85519.8515625,86729.6796875,85141.7734375,85973.53125,81981.34375,3648777,2026-08-06 16:24:45.638407
FPT.VN,2024-04-08,85973.53125,85973.53125,85141.7734375,85141.7734375,81188.2265625,2581520,2026-08-06 16:24:45.638407
FPT.VN,2024-04-09,85141.7734375,85595.4609375,85066.1640625,85444.234375,81476.6328125,1894481,2026-08-06 16:24:45.638407
FPT.VN,2024-04-10,85822.3046875,87410.2109375,85671.078125,86049.1484375,82053.4609375,2368729,2026-08-06 16:24:45.638407
FPT.VN,2024-04-11,85822.3046875,87258.9765625,85671.078125,86880.90625,82846.59375,2049081,2026-08-06 16:24:45.638407
FPT.VN,2024-04-12,87637.0546875,87637.0546875,86427.21875,87334.59375,83279.2109375,1808254,2026-08-06 16:24:45.638407
FPT.VN,2024-04-15,87334.59375,87410.2109375,84310.015625,84385.6328125,80467.1953125,4895762,2026-08-06 16:24:45.638407
FPT.VN,2024-04-16,84688.09375,85595.4609375,84310.015625,85444.234375,81476.6328125,4817470,2026-08-06 16:24:45.638407
FPT.VN,2024-04-17,85519.8515625,85519.8515625,84385.6328125,84536.859375,80611.390625,2570014,2026-08-06 16:24:45.638407
FPT.VN,2024-04-18,84536.859375,84536.859375,84536.859375,84536.859375,80611.390625,0,2026-08-06 16:24:45.638407
FPT.VN,2024-04-19,83553.875,84083.1796875,82419.65625,82419.65625,78592.5078125,7090054,2026-08-06 16:24:45.638407
FPT.VN,2024-04-22,83175.8046875,84234.40625,82344.046875,83402.6484375,79529.84375,3170429,2026-08-06 16:24:45.638407
FPT.VN,2024-04-23,83856.3359375,85671.078125,83100.1875,84914.9375,80971.9140625,5339726,2026-08-06 16:24:45.638407
FPT.VN,2024-04-24,85897.921875,90812.8515625,85595.4609375,90812.8515625,86595.9609375,13434880,2026-08-06 16:24:45.638407
FPT.VN,2024-04-25,92627.6015625,96786.390625,92173.9140625,93156.8984375,88831.1640625,7548433,2026-08-06 16:24:45.638407
FPT.VN,2024-04-26,93005.671875,94820.4140625,92400.7578125,93156.8984375,88831.1640625,4491871,2026-08-06 16:24:45.638407
FPT.VN,2024-04-29,93156.8984375,93156.8984375,93156.8984375,93156.8984375,88831.1640625,0,2026-08-06 16:24:45.638407
FPT.VN,2024-04-30,93156.8984375,93156.8984375,93156.8984375,93156.8984375,88831.1640625,0,2026-08-06 16:24:45.638407
FPT.VN,2024-05-01,93156.8984375,93156.8984375,93156.8984375,93156.8984375,88831.1640625,0,2026-08-06 16:24:45.638407
FPT.VN,2024-05-02,93610.5859375,97542.53125,93383.7421875,96257.0859375,91787.390625,4588149,2026-08-06 16:24:45.638407
FPT.VN,2024-05-03,96862.0,97088.84375,94971.6484375,95198.484375,90777.953125,4220362,2026-08-06 16:24:45.638407
FPT.VN,2024-05-06,95652.171875,96483.9296875,94139.8828125,96483.9296875,92003.703125,3576833,2026-08-06 16:24:45.638407
FPT.VN,2024-05-07,96786.390625,99508.5078125,96181.4765625,99281.6640625,94671.5234375,4129903,2026-08-06 16:24:45.638407
FPT.VN,2024-05-08,98374.2890625,99054.8203125,97769.375,99054.8203125,94455.2109375,3991040,2026-08-06 16:24:45.638407
FPT.VN,2024-05-09,98752.359375,100415.8828125,98298.6796875,98525.5234375,93950.4921875,2913864,2026-08-06 16:24:45.638407
FPT.VN,2024-05-10,99281.6640625,99962.1953125,97693.765625,99054.8203125,94455.2109375,5011878,2026-08-06 16:24:45.638407
FPT.VN,2024-05-13,99281.6640625,99432.890625,97391.3046875,98071.8359375,93517.875,2449534,2026-08-06 16:24:45.638407
FPT.VN,2024-05-14,98298.6796875,99584.1171875,97996.21875,98676.75,94094.6953125,3047833,2026-08-06 16:24:45.638407
FPT.VN,2024-05-15,99432.890625,101701.3203125,99281.6640625,101398.8671875,96690.4140625,4831224,2026-08-06 16:24:45.638407
FPT.VN,2024-05-16,102533.078125,103818.5234375,101474.4765625,102381.8515625,97627.75,4124877,2026-08-06 16:24:45.638407
FPT.VN,2024-05-17,102381.8515625,102835.5390625,101096.40625,101701.3203125,96978.8203125,3050214,2026-08-06 16:24:45.638407
FPT.VN,2024-05-20,102230.625,102911.15625,100567.109375,100567.109375,95897.28125,2662853,2026-08-06 16:24:45.638407
FPT.VN,2024-05-21,101323.25,102835.5390625,100945.1796875,102835.5390625,98060.375,4591587,2026-08-06 16:24:45.638407
FPT.VN,2024-05-22,104272.2109375,105633.2734375,102911.15625,104347.828125,99502.4453125,5966855,2026-08-06 16:24:45.638407
FPT.VN,2024-05-23,103969.7578125,104196.59375,102079.3984375,103969.7578125,99141.9296875,4789433,2026-08-06 16:24:45.638407
FPT.VN,2024-05-24,104347.828125,104347.828125,98752.359375,99735.3515625,95104.1328125,17689231,2026-08-06 16:24:45.638407
FPT.VN,2024-05-27,100567.109375,100945.1796875,98752.359375,100415.8828125,95753.0703125,6821190,2026-08-06 16:24:45.638407
FPT.VN,2024-05-28,101323.25,103591.6796875,100642.71875,103591.6796875,98781.40625,6116959,2026-08-06 16:24:45.638407
FPT.VN,2024-05-29,103667.296875,104499.0546875,101928.1640625,102608.6953125,97844.0703125,7720226,2026-08-06 16:24:45.638407
FPT.VN,2024-05-30,101172.0234375,102079.3984375,99735.3515625,102079.3984375,97339.34375,9603069,2026-08-06 16:24:45.638407
FPT.VN,2024-05-31,102079.3984375,103440.453125,101172.0234375,101776.9375,97050.921875,3482803,2026-08-06 16:24:45.638407
FPT.VN,2024-06-03,101776.9375,101776.9375,101776.9375,101776.9375,97050.921875,0,2026-08-06 16:24:45.638407
FPT.VN,2024-06-04,105103.96875,105330.8125,104196.59375,105179.5859375,100295.5703125,9270460,2026-08-06 16:24:45.638407
FPT.VN,2024-06-05,105860.1171875,109565.21875,105633.2734375,105935.7265625,101016.6015625,8360316,2026-08-06 16:24:45.638407
FPT.VN,2024-06-06,106086.953125,107145.5546875,104952.7421875,105557.65625,100656.0859375,6892605,2026-08-06 16:24:45.638407
FPT.VN,2024-06-07,106616.2578125,107372.3984375,106238.1875,107372.3984375,102386.578125,4968500,2026-08-06 16:24:45.638407
FPT.VN,2024-06-10,108506.6171875,109640.828125,108128.546875,108884.6875,103828.6328125,4992966,2026-08-06 16:24:45.638407
FPT.VN,2024-06-11,109111.53125,110775.046875,108204.15625,110775.046875,105631.2109375,8367854,2026-08-06 16:24:45.638407
FPT.VN,2024-06-12,111217.390625,115391.3046875,111130.4375,114782.609375,110318.65625,12897825,2026-08-06 16:24:45.638407
FPT.VN,2024-06-13,116260.8671875,116347.828125,113043.4765625,113043.4765625,108647.1640625,9356630,2026-08-06 16:24:45.638407
FPT.VN,2024-06-14,113130.4375,115304.3515625,112173.9140625,113913.046875,109482.9296875,7367130,2026-08-06 16:24:45.638407
FPT.VN,2024-06-17,113913.046875,114260.8671875,111739.1328125,112000.0,107644.2734375,5597740,2026-08-06 16:24:45.638407
FPT.VN,2024-06-18,112000.0,112782.609375,111304.3515625,111304.3515625,106975.671875,7682000,2026-08-06 16:24:45.638407
FPT.VN,2024-06-19,111304.3515625,115478.2578125,110086.953125,114347.828125,109900.7890625,11119580,2026-08-06 16:24:45.638407
FPT.VN,2024-06-20,115652.171875,118000.0,114608.6953125,115913.046875,111405.1328125,12035555,2026-08-06 16:24:45.638407
FPT.VN,2024-06-21,116434.78125,118347.828125,115913.046875,118347.828125,113745.2265625,8801295,2026-08-06 16:24:45.638407
FPT.VN,2024-06-24,117391.3046875,117826.0859375,114782.609375,114869.5625,110402.234375,15164935,2026-08-06 16:24:45.638407
FPT.VN,2024-06-25,113913.046875,114000.0,111826.0859375,113043.4765625,108647.1640625,15762820,2026-08-06 16:24:45.638407
FPT.VN,2024-06-26,113913.046875,114608.6953125,112521.7421875,114608.6953125,110151.515625,8219510,2026-08-06 16:24:45.638407
FPT.VN,2024-06-27,114173.9140625,116608.6953125,113739.1328125,115478.2578125,110987.265625,7364255,2026-08-06 16:24:45.638407
FPT.VN,2024-06-28,115478.2578125,115478.2578125,113391.3046875,113478.2578125,109065.0390625,7627950,2026-08-06 16:24:45.638407
FPT.VN,2024-07-01,113391.3046875,113391.3046875,111739.1328125,111826.0859375,107477.1171875,7332400,2026-08-06 16:24:45.638407
FPT.VN,2024-07-02,111826.0859375,114869.5625,110869.5625,111304.3515625,106975.671875,7728690,2026-08-06 16:24:45.638407
FPT.VN,2024-07-03,113478.2578125,115478.2578125,113130.4375,113913.046875,109482.9296875,8779215,2026-08-06 16:24:45.638407
FPT.VN,2024-07-04,114869.5625,118086.953125,114869.5625,118086.953125,113494.5,9335585,2026-08-06 16:24:45.638407
FPT.VN,2024-07-05,118347.828125,121478.2578125,118347.828125,120608.6953125,115918.171875,8957810,2026-08-06 16:24:45.638407
FPT.VN,2024-07-08,120434.78125,121391.3046875,119565.21875,121391.3046875,116670.34375,6745555,2026-08-06 16:24:45.638407
FPT.VN,2024-07-09,120956.5234375,121130.4375,118260.8671875,119565.21875,114915.2734375,11127515,2026-08-06 16:24:45.638407
FPT.VN,2024-07-10,118260.8671875,119130.4375,116521.7421875,116521.7421875,111990.1640625,7238905,2026-08-06 16:24:45.638407
FPT.VN,2024-07-11,116608.6953125,117739.1328125,115217.390625,115652.171875,111154.40625,7868415,2026-08-06 16:24:45.638407
FPT.VN,2024-07-12,114956.5234375,118260.8671875,114956.5234375,116347.828125,111823.0078125,4086410,2026-08-06 16:24:45.638407
FPT.VN,2024-07-15,116086.953125,117217.390625,115043.4765625,115391.3046875,110903.6875,3527280,2026-08-06 16:24:45.638407
FPT.VN,2024-07-16,116173.9140625,116956.5234375,115043.4765625,116521.7421875,111990.1640625,4602645,2026-08-06 16:24:45.638407
FPT.VN,2024-07-17,116521.7421875,116608.6953125,112956.5234375,114695.6484375,110235.09375,8015615,2026-08-06 16:24:45.638407
FPT.VN,2024-07-18,114260.8671875,114260.8671875,111130.4375,111217.390625,106892.09375,12420230,2026-08-06 16:24:45.638407
FPT.VN,2024-07-19,111826.0859375,112434.78125,109565.21875,109565.21875,105304.1796875,7534455,2026-08-06 16:24:45.638407
FPT.VN,2024-07-22,109565.21875,109565.21875,107130.4375,107913.046875,103716.25,7149435,2026-08-06 16:24:45.638407
FPT.VN,2024-07-23,108608.6953125,110869.5625,108521.7421875,109130.4375,104886.3046875,6108340,2026-08-06 16:24:45.638407
FPT.VN,2024-07-24,109130.4375,110086.953125,107826.0859375,109565.21875,105304.1796875,4774455,2026-08-06 16:24:45.638407
FPT.VN,2024-07-25,108000.0,109130.4375,107913.046875,108695.6484375,104468.4296875,2947910,2026-08-06 16:24:45.638407
FPT.VN,2024-07-26,109478.2578125,111304.3515625,108173.9140625,111304.3515625,106975.671875,4543765,2026-08-06 16:24:45.638407
FPT.VN,2024-07-29,113043.4765625,113565.21875,112173.9140625,112173.9140625,107811.421875,5588770,2026-08-06 16:24:45.638407
FPT.VN,2024-07-30,112173.9140625,112608.6953125,110434.78125,111304.3515625,106975.671875,2729870,2026-08-06 16:24:45.638407
FPT.VN,2024-07-31,110695.6484375,111826.0859375,110086.953125,111826.0859375,107477.1171875,3299580,2026-08-06 16:24:45.638407
FPT.VN,2024-08-01,112695.6484375,112782.609375,107913.046875,108521.7421875,104301.28125,7900845,2026-08-06 16:24:45.638407
FPT.VN,2024-08-02,106173.9140625,108521.7421875,105217.390625,107130.4375,102964.078125,11436405,2026-08-06 16:24:45.638407
FPT.VN,2024-08-05,105304.3515625,106869.5625,102086.953125,103130.4375,99119.6484375,11977480,2026-08-06 16:24:45.638407
FPT.VN,2024-08-06,104347.828125,106000.0,104173.9140625,105043.4765625,100958.2890625,7737315,2026-08-06 16:24:45.638407
FPT.VN,2024-08-07,105217.390625,106086.953125,104521.7421875,106086.953125,101961.1796875,3246220,2026-08-06 16:24:45.638407
FPT.VN,2024-08-08,105739.1328125,106434.78125,105130.4375,105565.21875,101459.7421875,3053135,2026-08-06 16:24:45.638407
FPT.VN,2024-08-09,106434.78125,110347.828125,106086.953125,110347.828125,106056.359375,6320860,2026-08-06 16:24:45.638407
FPT.VN,2024-08-12,110347.828125,113217.390625,109739.1328125,113043.4765625,108647.1640625,7111025,2026-08-06 16:24:45.638407
FPT.VN,2024-08-13,112782.609375,113217.390625,111304.3515625,112782.609375,108396.453125,4712585,2026-08-06 16:24:45.638407
FPT.VN,2024-08-14,113652.171875,114347.828125,112608.6953125,112608.6953125,108229.2890625,3291530,2026-08-06 16:24:45.638407
FPT.VN,2024-08-15,112260.8671875,112608.6953125,111478.2578125,111913.046875,107560.703125,2596240,2026-08-06 16:24:45.638407
FPT.VN,2024-08-16,112260.8671875,113913.046875,112260.8671875,113565.21875,109148.625,5857640,2026-08-06 16:24:45.638407
FPT.VN,2024-08-19,114000.0,114260.8671875,113043.4765625,113478.2578125,109065.0390625,2873160,2026-08-06 16:24:45.638407
FPT.VN,2024-08-20,113652.171875,115217.390625,113652.171875,114347.828125,109900.7890625,4302610,2026-08-06 16:24:45.638407
FPT.VN,2024-08-21,113565.21875,116347.828125,113565.21875,116086.953125,111572.28125,7037655,2026-08-06 16:24:45.638407
FPT.VN,2024-08-22,116521.7421875,116956.5234375,116086.953125,116347.828125,111823.0078125,3473575,2026-08-06 16:24:45.638407
FPT.VN,2024-08-23,116260.8671875,116260.8671875,115130.4375,115739.1328125,111237.9921875,3513250,2026-08-06 16:24:45.638407
FPT.VN,2024-08-26,115913.046875,116086.953125,114347.828125,114347.828125,109900.7890625,2978845,2026-08-06 16:24:45.638407
FPT.VN,2024-08-27,114347.828125,115304.3515625,113391.3046875,115217.390625,110736.53125,2689275,2026-08-06 16:24:45.638407
FPT.VN,2024-08-28,115652.171875,116956.5234375,115565.21875,115913.046875,111405.1328125,3118225,2026-08-06 16:24:45.638407
FPT.VN,2024-08-29,115478.2578125,116347.828125,114956.5234375,116260.8671875,111739.421875,2406605,2026-08-06 16:24:45.638407
FPT.VN,2024-08-30,116086.953125,117304.3515625,115652.171875,117217.390625,112658.7578125,3813170,2026-08-06 16:24:45.638407
FPT.VN,2024-09-02,117217.390625,117217.390625,117217.390625,117217.390625,112658.7578125,0,2026-08-06 16:24:45.638407
FPT.VN,2024-09-03,117217.390625,117217.390625,117217.390625,117217.390625,112658.7578125,0,2026-08-06 16:24:45.638407
FPT.VN,2024-09-04,115652.171875,115652.171875,114347.828125,115652.171875,111154.40625,5215480,2026-08-06 16:24:45.638407
FPT.VN,2024-09-05,115652.171875,115652.171875,112782.609375,113565.21875,109148.625,9263940,2026-08-06 16:24:45.638407
FPT.VN,2024-09-06,113478.2578125,115565.21875,113304.3515625,114869.5625,110402.234375,4394610,2026-08-06 16:24:45.638407
FPT.VN,2024-09-09,113739.1328125,114695.6484375,113130.4375,114173.9140625,109733.640625,3317980,2026-08-06 16:24:45.638407
FPT.VN,2024-09-10,113913.046875,113913.046875,112695.6484375,113043.4765625,108647.1640625,4824365,2026-08-06 16:24:45.638407
FPT.VN,2024-09-11,113043.4765625,114173.9140625,112869.5625,113565.21875,109148.625,3668960,2026-08-06 16:24:45.638407
FPT.VN,2024-09-12,113913.046875,115217.390625,113913.046875,115043.4765625,110569.3828125,4735700,2026-08-06 16:24:45.638407
FPT.VN,2024-09-13,114956.5234375,116000.0,114782.609375,115652.171875,111154.40625,3664820,2026-08-06 16:24:45.638407
FPT.VN,2024-09-16,114608.6953125,115652.171875,114000.0,114000.0,109566.484375,2203055,2026-08-06 16:24:45.638407
FPT.VN,2024-09-17,114086.953125,115565.21875,114086.953125,115565.21875,111070.8359375,3049110,2026-08-06 16:24:45.638407
FPT.VN,2024-09-18,116000.0,117565.21875,115565.21875,117043.4765625,112491.59375,6186540,2026-08-06 16:24:45.638407
FPT.VN,2024-09-19,117391.3046875,118086.953125,116782.609375,117565.21875,112993.0546875,5927445,2026-08-06 16:24:45.638407
FPT.VN,2024-09-20,118521.7421875,119130.4375,117391.3046875,117652.171875,113076.6328125,4277655,2026-08-06 16:24:45.638407
FPT.VN,2024-09-23,118173.9140625,118173.9140625,116000.0,116521.7421875,111990.1640625,2807380,2026-08-06 16:24:45.638407
FPT.VN,2024-09-24,116521.7421875,117130.4375,116260.8671875,116956.5234375,112408.0390625,2313110,2026-08-06 16:24:45.638407
FPT.VN,2024-09-25,116782.609375,117217.390625,116173.9140625,117217.390625,112658.7578125,5151885,2026-08-06 16:24:45.638407
FPT.VN,2024-09-26,117391.3046875,117391.3046875,116434.78125,116782.609375,112240.8828125,3237940,2026-08-06 16:24:45.638407
FPT.VN,2024-09-27,116782.609375,116869.5625,116086.953125,116695.6484375,112157.296875,3855720,2026-08-06 16:24:45.638407
FPT.VN,2024-09-30,116695.6484375,116956.5234375,115652.171875,116956.5234375,112408.0390625,3485075,2026-08-06 16:24:45.638407
FPT.VN,2024-10-01,117130.4375,118434.78125,117130.4375,118173.9140625,113578.0703125,5434785,2026-08-06 16:24:45.638407
FPT.VN,2024-10-02,117043.4765625,118173.9140625,117043.4765625,117739.1328125,113160.2109375,1977770,2026-08-06 16:24:45.638407
FPT.VN,2024-10-03,117739.1328125,118347.828125,116521.7421875,116521.7421875,111990.1640625,2645920,2026-08-06 16:24:45.638407
FPT.VN,2024-10-04,116782.609375,117217.390625,116086.953125,116608.6953125,112073.7421875,1688660,2026-08-06 16:24:45.638407
FPT.VN,2024-10-07,116695.6484375,117304.3515625,116173.9140625,116608.6953125,112073.7421875,1530075,2026-08-06 16:24:45.638407
FPT.VN,2024-10-08,116608.6953125,117478.2578125,116173.9140625,116347.828125,111823.0078125,2424890,2026-08-06 16:24:45.638407
FPT.VN,2024-10-09,116782.609375,118086.953125,116782.609375,117739.1328125,113160.2109375,3012885,2026-08-06 16:24:45.638407
FPT.VN,2024-10-10,118086.953125,123478.2578125,118086.953125,123217.390625,118425.4140625,11445030,2026-08-06 16:24:45.638407
FPT.VN,2024-10-11,123478.2578125,124173.9140625,121391.3046875,121391.3046875,116670.34375,4385640,2026-08-06 16:24:45.638407
FPT.VN,2024-10-14,122695.6484375,122869.5625,119217.390625,119652.171875,114998.8515625,6446095,2026-08-06 16:24:45.638407
FPT.VN,2024-10-15,119652.171875,120521.7421875,118782.609375,119130.4375,114497.40625,3289920,2026-08-06 16:24:45.638407
FPT.VN,2024-10-16,118608.6953125,119217.390625,118260.8671875,118521.7421875,113912.3828125,3169400,2026-08-06 16:24:45.638407
FPT.VN,2024-10-17,118695.6484375,119217.390625,117826.0859375,119130.4375,114497.40625,2966080,2026-08-06 16:24:45.638407
FPT.VN,2024-10-18,119478.2578125,119826.0859375,118782.609375,119130.4375,114497.40625,2494810,2026-08-06 16:24:45.638407
FPT.VN,2024-10-21,119130.4375,119739.1328125,117826.0859375,117826.0859375,113243.7734375,3083495,2026-08-06 16:24:45.638407
FPT.VN,2024-10-22,118000.0,118000.0,115652.171875,115739.1328125,111237.9921875,6910580,2026-08-06 16:24:45.638407
FPT.VN,2024-10-23,115565.21875,117217.390625,115304.3515625,116695.6484375,112157.296875,3467365,2026-08-06 16:24:45.638407
FPT.VN,2024-10-24,116695.6484375,116782.609375,116347.828125,116782.609375,112240.8828125,2618780,2026-08-06 16:24:45.638407
FPT.VN,2024-10-25,116782.609375,117043.4765625,116173.9140625,116521.7421875,111990.1640625,2114850,2026-08-06 16:24:45.638407
FPT.VN,2024-10-28,116608.6953125,117391.3046875,116173.9140625,117304.3515625,112742.3359375,1731900,2026-08-06 16:24:45.638407
FPT.VN,2024-10-29,117739.1328125,117826.0859375,117217.390625,117739.1328125,113160.2109375,2828080,2026-08-06 16:24:45.638407
FPT.VN,2024-10-30,117739.1328125,118173.9140625,117565.21875,118173.9140625,113578.0703125,1966270,2026-08-06 16:24:45.638407
FPT.VN,2024-10-31,118173.9140625,118260.8671875,117652.171875,118173.9140625,113578.0703125,1427955,2026-08-06 16:24:45.638407
FPT.VN,2024-11-01,117391.3046875,117391.3046875,116173.9140625,117043.4765625,112491.59375,3067625,2026-08-06 16:24:45.638407
FPT.VN,2024-11-04,117043.4765625,117043.4765625,115391.3046875,115478.2578125,110987.265625,3660335,2026-08-06 16:24:45.638407
FPT.VN,2024-11-05,115652.171875,116521.7421875,115043.4765625,115304.3515625,110820.109375,1905665,2026-08-06 16:24:45.638407
FPT.VN,2024-11-06,115739.1328125,117043.4765625,115652.171875,117043.4765625,112491.59375,2071725,2026-08-06 16:24:45.638407
FPT.VN,2024-11-07,117652.171875,119652.171875,116695.6484375,117478.2578125,112909.4765625,4106075,2026-08-06 16:24:45.638407
FPT.VN,2024-11-08,118347.828125,118956.5234375,117478.2578125,118086.953125,113494.5,2422245,2026-08-06 16:24:45.638407
FPT.VN,2024-11-11,118695.6484375,121304.3515625,118260.8671875,120260.8671875,115583.8671875,6085800,2026-08-06 16:24:45.638407
FPT.VN,2024-11-12,120521.7421875,120782.609375,118173.9140625,118956.5234375,114330.25,3351905,2026-08-06 16:24:45.638407
FPT.VN,2024-11-13,118869.5625,120086.953125,118347.828125,119826.0859375,115166.0,3973710,2026-08-06 16:24:45.638407
FPT.VN,2024-11-14,119913.046875,121652.171875,118260.8671875,118260.8671875,113661.6484375,5446745,2026-08-06 16:24:45.638407
FPT.VN,2024-11-15,117652.171875,118000.0,115304.3515625,116434.78125,111906.578125,7548140,2026-08-06 16:24:45.638407
FPT.VN,2024-11-18,116521.7421875,117043.4765625,115217.390625,116521.7421875,111990.1640625,4488910,2026-08-06 16:24:45.638407
FPT.VN,2024-11-19,116086.953125,116173.9140625,112956.5234375,113043.4765625,108647.1640625,8789220,2026-08-06 16:24:45.638407
FPT.VN,2024-11-20,113043.4765625,115130.4375,110173.9140625,115130.4375,110652.9609375,9729345,2026-08-06 16:24:45.638407
FPT.VN,2024-11-21,115130.4375,115652.171875,113913.046875,115652.171875,111154.40625,3653205,2026-08-06 16:24:45.638407
FPT.VN,2024-11-22,115565.21875,116869.5625,115217.390625,116434.78125,111906.578125,3353285,2026-08-06 16:24:45.638407
FPT.VN,2024-11-25,116521.7421875,116521.7421875,115826.0859375,116434.78125,111906.578125,2127155,2026-08-06 16:24:45.638407
FPT.VN,2024-11-26,116000.0,118173.9140625,115913.046875,117565.21875,112993.0546875,4802515,2026-08-06 16:24:45.638407
FPT.VN,2024-11-27,117565.21875,121478.2578125,117565.21875,120782.609375,116085.328125,11286445,2026-08-06 16:24:45.638407
FPT.VN,2024-11-28,121217.390625,121739.1328125,120260.8671875,121217.390625,116503.1875,5454105,2026-08-06 16:24:45.638407
FPT.VN,2024-11-29,121217.390625,126434.78125,120869.5625,125478.2578125,120598.34375,13324705,2026-08-06 16:24:45.638407
FPT.VN,2024-12-02,125478.2578125,126956.5234375,123130.4375,123652.171875,119672.609375,7609320,2026-08-06 16:24:45.638407
FPT.VN,2024-12-03,123217.390625,126869.5625,123217.390625,126086.953125,122029.0390625,5869255,2026-08-06 16:24:45.638407
FPT.VN,2024-12-04,126086.953125,127217.390625,124173.9140625,124782.609375,120766.671875,6450465,2026-08-06 16:24:45.638407
FPT.VN,2024-12-05,125217.390625,129130.4375,124869.5625,129130.4375,124974.5703125,5576580,2026-08-06 16:24:45.638407
FPT.VN,2024-12-06,132086.953125,132086.953125,128695.6484375,130000.0,125816.1484375,5222380,2026-08-06 16:24:45.638407
FPT.VN,2024-12-09,129739.1328125,130000.0,127043.4765625,127826.0859375,123712.1953125,5219850,2026-08-06 16:24:45.638407
FPT.VN,2024-12-10,127913.046875,130000.0,127826.0859375,130000.0,125816.1484375,4136780,2026-08-06 16:24:45.638407
FPT.VN,2024-12-11,130434.78125,131913.046875,130173.9140625,130869.5625,126657.7265625,5539090,2026-08-06 16:24:45.638407
FPT.VN,2024-12-12,132086.953125,132086.953125,129739.1328125,130608.6953125,126405.2578125,4770085,2026-08-06 16:24:45.638407
FPT.VN,2024-12-13,130000.0,131217.390625,129913.046875,130000.0,125816.1484375,3886770,2026-08-06 16:24:45.638407
FPT.VN,2024-12-16,130086.953125,130956.5234375,130000.0,130347.828125,126152.7734375,3784765,2026-08-06 16:24:45.638407
FPT.VN,2024-12-17,130521.7421875,130869.5625,128434.78125,128695.6484375,124553.7734375,6839625,2026-08-06 16:24:45.638407
FPT.VN,2024-12-18,128695.6484375,130260.8671875,128695.6484375,129304.3515625,125142.8828125,3361910,2026-08-06 16:24:45.638407
FPT.VN,2024-12-19,128086.953125,129565.21875,128000.0,128782.609375,124637.9453125,5525980,2026-08-06 16:24:45.638407
FPT.VN,2024-12-20,129130.4375,130956.5234375,128956.5234375,130000.0,125816.1484375,4069735,2026-08-06 16:24:45.638407
FPT.VN,2024-12-23,130000.0,130347.828125,129304.3515625,130260.8671875,126068.6171875,2892020,2026-08-06 16:24:45.638407
FPT.VN,2024-12-24,130434.78125,131130.4375,129913.046875,130782.609375,126573.5703125,2646035,2026-08-06 16:24:45.638407
FPT.VN,2024-12-25,130956.5234375,131478.265625,130782.609375,131130.4375,126910.1953125,2890065,2026-08-06 16:24:45.638407
FPT.VN,2024-12-26,131304.34375,131652.171875,129652.171875,130260.8671875,126068.6171875,2568295,2026-08-06 16:24:45.638407
FPT.VN,2024-12-27,130000.0,130347.828125,129304.3515625,130086.953125,125900.296875,2945955,2026-08-06 16:24:45.638407
FPT.VN,2024-12-30,129913.046875,131130.4375,129130.4375,130869.5625,126657.7265625,2279760,2026-08-06 16:24:45.638407
FPT.VN,2024-12-31,131043.4765625,133826.09375,130695.6484375,132608.703125,128340.890625,4143680,2026-08-06 16:24:45.638407
FPT.VN,2025-01-01,132608.703125,132608.703125,132608.703125,132608.703125,128340.890625,0,2026-08-06 16:24:45.638407
FPT.VN,2025-01-02,132608.703125,132782.609375,130521.7421875,132173.90625,127920.09375,3648720,2026-08-06 16:24:45.638407
FPT.VN,2025-01-03,131565.21875,131565.21875,129565.21875,129565.21875,125395.359375,4986515,2026-08-06 16:24:45.638407
FPT.VN,2025-01-06,129652.171875,130608.6953125,129043.4765625,129826.0859375,125647.8359375,3987165,2026-08-06 16:24:45.638407
FPT.VN,2025-01-07,130000.0,131565.21875,130000.0,130521.7421875,126321.1015625,3971295,2026-08-06 16:24:45.638407
FPT.VN,2025-01-08,130434.78125,130434.78125,128782.609375,128956.5234375,124806.2578125,4461885,2026-08-06 16:24:45.638407
FPT.VN,2025-01-09,128956.5234375,129739.1328125,128695.6484375,129391.3046875,125227.0390625,1971560,2026-08-06 16:24:45.638407
FPT.VN,2025-01-10,129391.3046875,129652.171875,128000.0,128086.953125,123964.671875,2903405,2026-08-06 16:24:45.638407
FPT.VN,2025-01-13,127043.4765625,129130.4375,125826.0859375,128347.828125,124217.1484375,4012120,2026-08-06 16:24:45.638407
FPT.VN,2025-01-14,128347.828125,128695.6484375,126173.9140625,126173.9140625,122113.1953125,3331780,2026-08-06 16:24:45.638407
FPT.VN,2025-01-15,126956.5234375,127391.3046875,125913.046875,126521.7421875,122449.828125,3267035,2026-08-06 16:24:45.638407
FPT.VN,2025-01-16,126956.5234375,127391.3046875,125913.046875,126521.7421875,122449.828125,3267035,2026-08-06 16:24:45.638407
FPT.VN,2025-01-17,127478.2578125,130521.7421875,126956.5234375,129565.21875,125395.359375,4067550,2026-08-06 16:24:45.638407
FPT.VN,2025-01-20,129565.21875,130782.609375,128869.5625,130434.78125,126236.9375,2550355,2026-08-06 16:24:45.638407
FPT.VN,2025-01-21,130869.5625,131652.171875,129565.21875,130347.828125,126152.7734375,2852345,2026-08-06 16:24:45.638407
FPT.VN,2025-01-22,130086.953125,130956.5234375,129739.1328125,130173.9140625,125984.4609375,3203440,2026-08-06 16:24:45.638407
FPT.VN,2025-01-23,130521.7421875,135652.171875,130434.78125,134173.90625,129855.7265625,8116470,2026-08-06 16:24:45.638407
FPT.VN,2025-01-24,134000.0,134347.828125,133391.296875,133391.296875,129098.3046875,4204055,2026-08-06 16:24:45.638407
FPT.VN,2025-01-27,133391.296875,133391.296875,133391.296875,133391.296875,129098.3046875,0,2026-08-06 16:24:45.638407
FPT.VN,2025-01-28,133391.296875,133391.296875,133391.296875,133391.296875,129098.3046875,0,2026-08-06 16:24:45.638407
FPT.VN,2025-01-29,133391.296875,133391.296875,133391.296875,133391.296875,129098.3046875,0,2026-08-06 16:24:45.638407
FPT.VN,2025-01-30,133391.296875,133391.296875,133391.296875,133391.296875,129098.3046875,0,2026-08-06 16:24:45.638407
FPT.VN,2025-01-31,133391.296875,133391.296875,133391.296875,133391.296875,129098.3046875,0,2026-08-06 16:24:45.638407
FPT.VN,2025-02-03,128695.6484375,129739.1328125,126347.828125,126521.7421875,122449.828125,14659855,2026-08-06 16:24:45.638407
FPT.VN,2025-02-04,126956.5234375,127826.0859375,126347.828125,127130.4375,123038.9453125,6287855,2026-08-06 16:24:45.638407
FPT.VN,2025-02-05,127739.1328125,128260.8671875,126782.609375,127217.390625,123123.1015625,5984715,2026-08-06 16:24:45.638407
FPT.VN,2025-02-06,127826.0859375,128086.953125,126608.6953125,127391.3046875,123291.40625,3940590,2026-08-06 16:24:45.638407
FPT.VN,2025-02-07,127391.3046875,127565.21875,126782.609375,127043.4765625,122954.7734375,4445785,2026-08-06 16:24:45.638407
FPT.VN,2025-02-10,126521.7421875,126521.7421875,123478.2578125,123478.2578125,119504.296875,8912040,2026-08-06 16:24:45.638407
FPT.VN,2025-02-11,123652.171875,126434.78125,121826.0859375,126434.78125,122365.671875,6165610,2026-08-06 16:24:45.638407
FPT.VN,2025-02-12,126608.6953125,126695.6484375,125478.2578125,126086.953125,122029.0390625,2170510,2026-08-06 16:24:45.638407
FPT.VN,2025-02-13,126086.953125,126086.953125,124086.953125,124434.78125,120430.0390625,3278420,2026-08-06 16:24:45.638407
FPT.VN,2025-02-14,125217.390625,126086.953125,124869.5625,126000.0,121944.8828125,3739455,2026-08-06 16:24:45.638407
FPT.VN,2025-02-17,126086.953125,126086.953125,124695.6484375,124869.5625,120850.828125,2836245,2026-08-06 16:24:45.638407
FPT.VN,2025-02-18,125043.4765625,125565.21875,124434.78125,125130.4375,121103.3046875,1914060,2026-08-06 16:24:45.638407
FPT.VN,2025-02-19,125130.4375,126000.0,124434.78125,125217.390625,121187.4609375,3484270,2026-08-06 16:24:45.638407
FPT.VN,2025-02-20,125391.3046875,125739.1328125,124347.828125,124347.828125,120345.8828125,3893210,2026-08-06 16:24:45.638407
FPT.VN,2025-02-21,124173.9140625,124260.8671875,123043.4765625,123478.2578125,119504.296875,6109490,2026-08-06 16:24:45.638407
FPT.VN,2025-02-24,123478.2578125,123478.2578125,121304.3515625,122173.9140625,118241.9296875,8622585,2026-08-06 16:24:45.638407
FPT.VN,2025-02-25,122086.953125,122086.953125,120173.9140625,120869.5625,116979.5546875,7831960,2026-08-06 16:24:45.638407
FPT.VN,2025-02-26,120956.5234375,123304.3515625,120782.609375,123304.3515625,119335.9921875,3821910,2026-08-06 16:24:45.638407
FPT.VN,2025-02-27,123478.2578125,123652.171875,122347.828125,122869.5625,118915.1875,3934955,2026-08-06 16:24:45.638407
FPT.VN,2025-02-28,121826.0859375,122695.6484375,120869.5625,122000.0,118073.609375,5398560,2026-08-06 16:24:45.638407
FPT.VN,2025-03-03,122173.9140625,122956.5234375,122000.0,122173.9140625,118241.9296875,2913985,2026-08-06 16:24:45.638407
FPT.VN,2025-03-04,121304.3515625,122260.8671875,121130.4375,121739.1328125,117821.140625,3991995,2026-08-06 16:24:45.638407
FPT.VN,2025-03-05,121739.1328125,121826.0859375,120956.5234375,120956.5234375,117063.71875,3278765,2026-08-06 16:24:45.638407
FPT.VN,2025-03-06,121304.3515625,124782.609375,121304.3515625,123130.4375,119167.671875,7379665,2026-08-06 16:24:45.638407
FPT.VN,2025-03-07,123217.390625,124086.953125,122695.6484375,122956.5234375,118999.3515625,3397675,2026-08-06 16:24:45.638407
FPT.VN,2025-03-10,123043.4765625,123043.4765625,121043.4765625,121130.4375,117232.0390625,6121450,2026-08-06 16:24:45.638407
FPT.VN,2025-03-11,120000.0,120434.78125,119130.4375,119565.21875,115717.1953125,6652060,2026-08-06 16:24:45.638407
FPT.VN,2025-03-12,119739.1328125,120608.6953125,118173.9140625,118173.9140625,114370.6640625,7112750,2026-08-06 16:24:45.638407
FPT.VN,2025-03-13,118347.828125,120000.0,118347.828125,118695.6484375,114875.609375,4151730,2026-08-06 16:24:45.638407
FPT.VN,2025-03-14,117913.046875,118521.7421875,113739.1328125,114260.8671875,110583.5625,18508100,2026-08-06 16:24:45.638407
FPT.VN,2025-03-17,114434.78125,114869.5625,112695.6484375,113043.4765625,109405.34375,7713050,2026-08-06 16:24:45.638407
FPT.VN,2025-03-18,113130.4375,114956.5234375,113043.4765625,113043.4765625,109405.34375,6334775,2026-08-06 16:24:45.638407
FPT.VN,2025-03-19,113130.4375,113565.21875,107391.3046875,108347.828125,104860.8203125,20847660,2026-08-06 16:24:45.638407
FPT.VN,2025-03-20,108347.828125,110260.8671875,108260.8671875,108695.6484375,105197.4453125,9433910,2026-08-06 16:24:45.638407
FPT.VN,2025-03-21,108695.6484375,112173.9140625,108695.6484375,111304.3515625,107722.1875,7388520,2026-08-06 16:24:45.638407
FPT.VN,2025-03-24,111739.1328125,112434.78125,110695.6484375,112173.9140625,108563.765625,5853730,2026-08-06 16:24:45.638407
FPT.VN,2025-03-25,112869.5625,112956.5234375,110000.0,110000.0,106459.8203125,6473580,2026-08-06 16:24:45.638407
FPT.VN,2025-03-26,110000.0,110000.0,106695.6484375,106956.5234375,103514.2890625,11194790,2026-08-06 16:24:45.638407
FPT.VN,2025-03-27,106086.953125,110000.0,105304.3515625,109739.1328125,106207.34375,7434060,2026-08-06 16:24:45.638407
FPT.VN,2025-03-28,109652.171875,109913.046875,107826.0859375,107826.0859375,104355.875,3386520,2026-08-06 16:24:45.638407
FPT.VN,2025-03-31,107304.3515625,107304.3515625,105217.390625,105217.390625,101831.125,6217245,2026-08-06 16:24:45.638407
FPT.VN,2025-04-01,106086.953125,106260.8671875,103304.3515625,104782.609375,101410.34375,8997945,2026-08-06 16:24:45.638407
FPT.VN,2025-04-02,105391.3046875,106347.828125,105043.4765625,106086.953125,102672.703125,4508230,2026-08-06 16:24:45.638407
FPT.VN,2025-04-03,99739.1328125,102260.8671875,98695.6484375,98695.6484375,95519.28125,13207635,2026-08-06 16:24:45.638407
FPT.VN,2025-04-04,91826.0859375,99043.4765625,91826.0859375,98260.8671875,95098.4921875,24810675,2026-08-06 16:24:45.638407
FPT.VN,2025-04-07,98260.8671875,98260.8671875,98260.8671875,98260.8671875,95098.4921875,0,2026-08-06 16:24:45.638407
FPT.VN,2025-04-08,92173.9140625,93913.046875,91391.3046875,91391.3046875,88450.015625,18717860,2026-08-06 16:24:45.638407
FPT.VN,2025-04-09,85043.4765625,93913.046875,85043.4765625,91565.21875,88618.328125,19427295,2026-08-06 16:24:45.638407
FPT.VN,2025-04-10,97913.046875,97913.046875,97913.046875,97913.046875,94761.8671875,1156210,2026-08-06 16:24:45.638407
FPT.VN,2025-04-11,101739.1328125,103043.4765625,99391.3046875,103043.4765625,99727.1796875,22107600,2026-08-06 16:24:45.638407
FPT.VN,2025-04-14,104347.828125,104347.828125,99130.4375,103043.4765625,99727.1796875,10600010,2026-08-06 16:24:45.638407
FPT.VN,2025-04-15,100956.5234375,101739.1328125,98869.5625,100869.5625,97623.2265625,8926760,2026-08-06 16:24:45.638407
FPT.VN,2025-04-16,99565.21875,100782.609375,93826.0859375,93826.0859375,90806.4375,20737030,2026-08-06 16:24:45.638407
FPT.VN,2025-04-17,91304.3515625,96782.609375,91217.390625,95130.4375,92068.8046875,9867115,2026-08-06 16:24:45.638407
FPT.VN,2025-04-18,96086.953125,100000.0,96086.953125,97043.4765625,93920.28125,8608325,2026-08-06 16:24:45.638407
FPT.VN,2025-04-21,97391.3046875,97826.0859375,95652.171875,97130.4375,94004.4453125,4982145,2026-08-06 16:24:45.638407
FPT.VN,2025-04-22,96521.7421875,96695.6484375,90434.78125,96000.0,92910.3828125,10496395,2026-08-06 16:24:45.638407
FPT.VN,2025-04-23,97130.4375,97130.4375,93652.171875,96000.0,92910.3828125,6567420,2026-08-06 16:24:45.638407
FPT.VN,2025-04-24,96956.5234375,98869.5625,96173.9140625,97391.3046875,94256.9140625,8901115,2026-08-06 16:24:45.638407
FPT.VN,2025-04-25,97391.3046875,97739.1328125,95826.0859375,97739.1328125,94593.546875,6191715,2026-08-06 16:24:45.638407
FPT.VN,2025-04-28,97391.3046875,97739.1328125,94956.5234375,95217.390625,92152.9609375,4431755,2026-08-06 16:24:45.638407
FPT.VN,2025-04-29,95304.3515625,96086.953125,94869.5625,95130.4375,92068.8046875,3387325,2026-08-06 16:24:45.638407
FPT.VN,2025-04-30,95130.4375,95130.4375,95130.4375,95130.4375,92068.8046875,0,2026-08-06 16:24:45.638407
FPT.VN,2025-05-01,95130.4375,95130.4375,95130.4375,95130.4375,92068.8046875,0,2026-08-06 16:24:45.638407
FPT.VN,2025-05-02,95130.4375,95130.4375,95130.4375,95130.4375,92068.8046875,0,2026-08-06 16:24:45.638407
FPT.VN,2025-05-05,95217.390625,95391.3046875,92956.5234375,94434.78125,91395.546875,8242740,2026-08-06 16:24:45.638407
FPT.VN,2025-05-06,95217.390625,95391.3046875,92956.5234375,94434.78125,91395.546875,8242740,2026-08-06 16:24:45.638407
FPT.VN,2025-05-07,94434.78125,96521.7421875,94434.78125,95391.3046875,92321.28125,6539130,2026-08-06 16:24:45.638407
FPT.VN,2025-05-08,95304.3515625,96695.6484375,94695.6484375,95391.3046875,92321.28125,4515820,2026-08-06 16:24:45.638407
FPT.VN,2025-05-09,96000.0,99652.171875,94782.609375,99391.3046875,96192.5546875,14541635,2026-08-06 16:24:45.638407
FPT.VN,2025-05-12,101739.1328125,103217.390625,101478.2578125,102869.5625,99558.8671875,10022480,2026-08-06 16:24:45.638407
FPT.VN,2025-05-13,101739.1328125,103217.390625,101478.2578125,102869.5625,99558.8671875,10022480,2026-08-06 16:24:45.638407
FPT.VN,2025-05-14,104347.828125,104608.6953125,103130.4375,103913.046875,100568.765625,9850785,2026-08-06 16:24:45.638407
FPT.VN,2025-05-15,104347.828125,109826.0859375,104347.828125,109826.0859375,106291.4921875,13892345,2026-08-06 16:24:45.638407
FPT.VN,2025-05-16,110000.0,110347.828125,107478.2578125,108695.6484375,105197.4453125,8977245,2026-08-06 16:24:45.638407
FPT.VN,2025-05-19,103304.3515625,104782.609375,101391.3046875,102782.609375,99474.7109375,11404205,2026-08-06 16:24:45.638407
FPT.VN,2025-05-20,103304.3515625,104782.609375,101391.3046875,102782.609375,99474.7109375,11404205,2026-08-06 16:24:45.638407
FPT.VN,2025-05-21,101565.21875,103739.1328125,101565.21875,103652.171875,100316.2890625,9097995,2026-08-06 16:24:45.638407
FPT.VN,2025-05-22,104347.828125,104347.828125,101739.1328125,102869.5625,99558.8671875,6928060,2026-08-06 16:24:45.638407
FPT.VN,2025-05-23,101826.0859375,102260.8671875,100521.7421875,101565.21875,98296.4921875,7303305,2026-08-06 16:24:45.638407
FPT.VN,2025-05-26,101478.2578125,102434.78125,100000.0,102000.0,98717.2890625,4626910,2026-08-06 16:24:45.638407
FPT.VN,2025-05-27,101478.2578125,102434.78125,100000.0,102000.0,98717.2890625,4626910,2026-08-06 16:24:45.638407
FPT.VN,2025-05-28,102086.953125,103826.0859375,102086.953125,103478.2578125,100147.96875,6322930,2026-08-06 16:24:45.638407
FPT.VN,2025-05-29,103652.171875,103826.0859375,102173.9140625,102956.5234375,99643.0234375,4523640,2026-08-06 16:24:45.638407
FPT.VN,2025-05-30,103478.2578125,103478.2578125,101826.0859375,101826.0859375,98548.96875,3372950,2026-08-06 16:24:45.638407
FPT.VN,2025-06-02,101304.3515625,101826.0859375,100521.7421875,100956.5234375,97707.3984375,3353860,2026-08-06 16:24:45.638407
FPT.VN,2025-06-03,101304.3515625,101826.0859375,100521.7421875,100956.5234375,97707.3984375,3353860,2026-08-06 16:24:45.638407
FPT.VN,2025-06-04,101478.2578125,102608.6953125,101130.4375,102086.953125,98801.4453125,3908390,2026-08-06 16:24:45.638407
FPT.VN,2025-06-05,102608.6953125,102782.609375,101304.3515625,101826.0859375,98548.96875,3304295,2026-08-06 16:24:45.638407
FPT.VN,2025-06-06,101826.0859375,102000.0,101304.3515625,101565.21875,98296.4921875,2648220,2026-08-06 16:24:45.638407
FPT.VN,2025-06-09,100434.78125,101652.171875,100000.0,101043.4765625,97791.546875,3512905,2026-08-06 16:24:45.638407
FPT.VN,2025-06-10,100434.78125,101652.171875,100000.0,101043.4765625,97791.546875,3512905,2026-08-06 16:24:45.638407
FPT.VN,2025-06-11,101739.1328125,102086.953125,100608.6953125,100608.6953125,97370.7578125,3862850,2026-08-06 16:24:45.638407
FPT.VN,2025-06-12,100956.5234375,102782.609375,100956.5234375,102521.7421875,100087.296875,6605945,2026-08-06 16:24:45.638407
FPT.VN,2025-06-13,102260.8671875,102347.828125,101304.3515625,101739.1328125,99323.2734375,4776065,2026-08-06 16:24:45.638407
FPT.VN,2025-06-16,100086.953125,104173.9140625,100000.0,103478.2578125,101021.09375,9279465,2026-08-06 16:24:45.638407
FPT.VN,2025-06-17,100086.953125,104173.9140625,100000.0,103478.2578125,101021.09375,9279465,2026-08-06 16:24:45.638407
FPT.VN,2025-06-18,103478.2578125,103739.1328125,102782.609375,103304.3515625,100851.3125,5290345,2026-08-06 16:24:45.638407
FPT.VN,2025-06-19,103304.3515625,103913.046875,101217.390625,101739.1328125,99323.2734375,7540205,2026-08-06 16:24:45.638407
FPT.VN,2025-06-20,101739.1328125,101826.0859375,100608.6953125,100869.5625,98474.34375,6215635,2026-08-06 16:24:45.638407
FPT.VN,2025-06-23,100434.78125,101130.4375,99565.21875,100782.609375,98389.453125,5275395,2026-08-06 16:24:45.638407
FPT.VN,2025-06-24,100434.78125,101130.4375,99565.21875,100782.609375,98389.453125,5275395,2026-08-06 16:24:45.638407
FPT.VN,2025-06-25,101130.4375,101739.1328125,101130.4375,101304.3515625,98898.8125,4912685,2026-08-06 16:24:45.638407
FPT.VN,2025-06-26,101739.1328125,103826.0859375,101739.1328125,101826.0859375,99408.15625,6900805,2026-08-06 16:24:45.638407
FPT.VN,2025-06-27,102608.6953125,102869.5625,101391.3046875,101739.1328125,99323.2734375,4752145,2026-08-06 16:24:45.638407
FPT.VN,2025-06-30,102521.7421875,103913.046875,102260.8671875,102782.609375,100341.96875,7887965,2026-08-06 16:24:45.638407
FPT.VN,2025-07-01,102521.7421875,103913.046875,102260.8671875,102782.609375,100341.96875,7887965,2026-08-06 16:24:45.638407
FPT.VN,2025-07-02,103478.2578125,103913.046875,102782.609375,103304.3515625,100851.3125,5300810,2026-08-06 16:24:45.638407
FPT.VN,2025-07-03,103043.4765625,103217.390625,102260.8671875,103130.4375,100681.5390625,4210955,2026-08-06 16:24:45.638407
FPT.VN,2025-07-04,103043.4765625,104173.9140625,102434.78125,102608.6953125,100172.1796875,7249945,2026-08-06 16:24:45.638407
FPT.VN,2025-07-07,107217.390625,108434.78125,106956.5234375,107652.171875,105095.8984375,7340220,2026-08-06 16:24:45.638407
FPT.VN,2025-07-08,107217.390625,108434.78125,106956.5234375,107652.171875,105095.8984375,7340220,2026-08-06 16:24:45.638407
FPT.VN,2025-07-09,107913.046875,109304.3515625,107826.0859375,108260.8671875,105690.1328125,9273830,2026-08-06 16:24:45.638407
FPT.VN,2025-07-10,108521.7421875,108608.6953125,106347.828125,106782.609375,104246.984375,14028160,2026-08-06 16:24:45.638407
FPT.VN,2025-07-11,107652.171875,108956.5234375,107391.3046875,107739.1328125,105180.796875,5957230,2026-08-06 16:24:45.638407
FPT.VN,2025-07-14,110608.6953125,111217.390625,108695.6484375,110521.7421875,107897.328125,6875160,2026-08-06 16:24:45.638407
FPT.VN,2025-07-15,110608.6953125,111217.390625,108695.6484375,110521.7421875,107897.328125,6875160,2026-08-06 16:24:45.638407
FPT.VN,2025-07-16,110086.953125,111130.4375,109565.21875,109565.21875,106963.515625,6440000,2026-08-06 16:24:45.638407
FPT.VN,2025-07-17,110173.9140625,110434.78125,108782.609375,109826.0859375,107218.1875,5822450,2026-08-06 16:24:45.638407
FPT.VN,2025-07-18,110173.9140625,112260.8671875,109565.21875,110434.78125,107812.4375,9584330,2026-08-06 16:24:45.638407
FPT.VN,2025-07-21,112400.0,112400.0,110300.0,110300.0,107680.8515625,7563700,2026-08-06 16:24:45.638407
FPT.VN,2025-07-22,112400.0,112400.0,110300.0,110300.0,107680.8515625,7563700,2026-08-06 16:24:45.638407
FPT.VN,2025-07-23,110300.0,112200.0,108700.0,112100.0,109438.109375,6889600,2026-08-06 16:24:45.638407
FPT.VN,2025-07-24,112300.0,112800.0,111300.0,111800.0,109145.2265625,4795100,2026-08-06 16:24:45.638407
FPT.VN,2025-07-25,112000.0,112100.0,110800.0,111100.0,108461.859375,6420800,2026-08-06 16:24:45.638407
FPT.VN,2025-07-28,110800.0,111600.0,110500.0,111300.0,108657.1015625,7611000,2026-08-06 16:24:45.638407
FPT.VN,2025-07-29,110800.0,111600.0,110500.0,111300.0,108657.1015625,7611000,2026-08-06 16:24:45.638407
FPT.VN,2025-07-30,111300.0,111600.0,106000.0,106000.0,103482.953125,16059500,2026-08-06 16:24:45.638407
FPT.VN,2025-07-31,107000.0,108000.0,105300.0,106100.0,103580.5859375,7488200,2026-08-06 16:24:45.638407
FPT.VN,2025-08-01,106100.0,106900.0,103800.0,104000.0,101530.453125,8944200,2026-08-06 16:24:45.638407
FPT.VN,2025-08-04,106500.0,106600.0,104800.0,106600.0,104068.7109375,4617800,2026-08-06 16:24:45.638407
FPT.VN,2025-08-05,106500.0,106600.0,104800.0,106600.0,104068.7109375,4617800,2026-08-06 16:24:45.638407
FPT.VN,2025-08-06,107000.0,108700.0,105000.0,105800.0,103287.703125,11395000,2026-08-06 16:24:45.638407
FPT.VN,2025-08-07,106000.0,106200.0,104500.0,104900.0,102409.078125,11814200,2026-08-06 16:24:45.638407
FPT.VN,2025-08-08,105600.0,107400.0,104900.0,106200.0,103678.2109375,9565800,2026-08-06 16:24:45.638407
FPT.VN,2025-08-11,105900.0,109500.0,105300.0,106400.0,103873.4609375,10278500,2026-08-06 16:24:45.638407
FPT.VN,2025-08-12,105900.0,109500.0,105300.0,106400.0,103873.4609375,10278500,2026-08-06 16:24:45.638407
FPT.VN,2025-08-13,107400.0,108200.0,106600.0,107500.0,104947.34375,11011800,2026-08-06 16:24:45.638407
FPT.VN,2025-08-14,107600.0,107800.0,104900.0,105100.0,102604.328125,21845000,2026-08-06 16:24:45.638407
FPT.VN,2025-08-15,105800.0,105800.0,103700.0,103800.0,101335.203125,17905400,2026-08-06 16:24:45.638407
FPT.VN,2025-08-18,101400.0,103000.0,100000.0,100500.0,98113.5625,11392300,2026-08-06 16:24:45.638407
FPT.VN,2025-08-19,101400.0,103000.0,100000.0,100500.0,98113.5625,11392300,2026-08-06 16:24:45.638407
FPT.VN,2025-08-20,100600.0,101500.0,100000.0,100300.0,97918.3046875,9153600,2026-08-06 16:24:45.638407
FPT.VN,2025-08-21,100100.0,100300.0,97500.0,97700.0,95380.046875,19969500,2026-08-06 16:24:45.638407
FPT.VN,2025-08-22,97700.0,102900.0,97700.0,101700.0,99285.0703125,12624800,2026-08-06 16:24:45.638407
FPT.VN,2025-08-25,102000.0,102000.0,98800.0,98800.0,96453.921875,6736000,2026-08-06 16:24:45.638407
FPT.VN,2025-08-26,102000.0,102000.0,98800.0,98800.0,96453.921875,6736000,2026-08-06 16:24:45.638407
FPT.VN,2025-08-27,98800.0,100000.0,97900.0,100000.0,97625.4296875,5812500,2026-08-06 16:24:45.638407
FPT.VN,2025-08-28,101400.0,105100.0,101200.0,105000.0,102506.7109375,19436400,2026-08-06 16:24:45.638407
FPT.VN,2025-08-29,105100.0,105100.0,102800.0,104500.0,102018.578125,6280200,2026-08-06 16:24:45.638407
FPT.VN,2025-09-01,104500.0,104500.0,104500.0,104500.0,102018.578125,0,2026-08-06 16:24:45.638407
FPT.VN,2025-09-02,104500.0,104500.0,104500.0,104500.0,102018.578125,0,2026-08-06 16:24:45.638407
FPT.VN,2025-09-03,102000.0,103300.0,100000.0,103200.0,100749.4453125,9744200,2026-08-06 16:24:45.638407
FPT.VN,2025-09-04,102000.0,103300.0,100000.0,103200.0,100749.4453125,9744200,2026-08-06 16:24:45.638407
FPT.VN,2025-09-05,103300.0,105500.0,103200.0,105000.0,102506.7109375,11033600,2026-08-06 16:24:45.638407
FPT.VN,2025-09-08,103000.0,103900.0,101900.0,101900.0,99480.3125,10600300,2026-08-06 16:24:45.638407
FPT.VN,2025-09-09,103000.0,103900.0,101900.0,101900.0,99480.3125,10600300,2026-08-06 16:24:45.638407
FPT.VN,2025-09-10,102000.0,103000.0,101000.0,102100.0,99675.5625,6460700,2026-08-06 16:24:45.638407
FPT.VN,2025-09-11,102100.0,102900.0,101100.0,101200.0,98796.9375,5498500,2026-08-06 16:24:45.638407
FPT.VN,2025-09-12,101200.0,102900.0,100500.0,102000.0,99577.9375,7414200,2026-08-06 16:24:45.638407
FPT.VN,2025-09-15,101900.0,103500.0,101500.0,101900.0,99480.3125,14123100,2026-08-06 16:24:45.638407
FPT.VN,2025-09-16,101900.0,103500.0,101500.0,101900.0,99480.3125,14123100,2026-08-06 16:24:45.638407
FPT.VN,2025-09-17,102700.0,104800.0,102000.0,103500.0,101042.3203125,17531600,2026-08-06 16:24:45.638407
FPT.VN,2025-09-18,104000.0,107800.0,104000.0,105500.0,102994.828125,20018000,2026-08-06 16:24:45.638407
FPT.VN,2025-09-19,106000.0,106300.0,103000.0,103000.0,100554.1953125,8198400,2026-08-06 16:24:45.638407
FPT.VN,2025-09-22,102500.0,102700.0,99600.0,99700.0,97332.5546875,16280200,2026-08-06 16:24:45.638407
FPT.VN,2025-09-23,102500.0,102700.0,99600.0,99700.0,97332.5546875,16280200,2026-08-06 16:24:45.638407
FPT.VN,2025-09-24,100000.0,100000.0,97500.0,98000.0,95672.921875,18291200,2026-08-06 16:24:45.638407
FPT.VN,2025-09-25,98100.0,99500.0,97400.0,99500.0,97137.3046875,7421100,2026-08-06 16:24:45.638407
FPT.VN,2025-09-26,99500.0,99500.0,97900.0,98000.0,95672.921875,8627700,2026-08-06 16:24:45.638407
FPT.VN,2025-09-29,97800.0,97800.0,95500.0,95500.0,93232.2890625,10430900,2026-08-06 16:24:45.638407
FPT.VN,2025-09-30,97800.0,97800.0,95500.0,95500.0,93232.2890625,10430900,2026-08-06 16:24:45.638407
FPT.VN,2025-10-01,95500.0,95800.0,92800.0,93000.0,90791.6484375,12018800,2026-08-06 16:24:45.638407
FPT.VN,2025-10-02,93200.0,94500.0,91400.0,93400.0,91182.1484375,7405100,2026-08-06 16:24:45.638407
FPT.VN,2025-10-03,92900.0,93400.0,92000.0,92100.0,89913.0234375,7933800,2026-08-06 16:24:45.638407
FPT.VN,2025-10-06,94300.0,95900.0,93500.0,95500.0,93232.2890625,6580000,2026-08-06 16:24:45.638407
FPT.VN,2025-10-07,94300.0,95900.0,93500.0,95500.0,93232.2890625,6580000,2026-08-06 16:24:45.638407
FPT.VN,2025-10-08,96000.0,96300.0,95200.0,95500.0,93232.2890625,5997500,2026-08-06 16:24:45.638407
FPT.VN,2025-10-09,95500.0,96900.0,94500.0,94500.0,92256.03125,5132100,2026-08-06 16:24:45.638407
FPT.VN,2025-10-10,95000.0,95000.0,93500.0,94200.0,91963.15625,5716300,2026-08-06 16:24:45.638407
FPT.VN,2025-10-13,94900.0,94900.0,93700.0,94000.0,91767.90625,7915000,2026-08-06 16:24:45.638407
FPT.VN,2025-10-14,94900.0,94900.0,93700.0,94000.0,91767.90625,7915000,2026-08-06 16:24:45.638407
FPT.VN,2025-10-15,94100.0,94500.0,92400.0,92400.0,90205.90625,12659600,2026-08-06 16:24:45.638407
FPT.VN,2025-10-16,92600.0,93100.0,89500.0,89600.0,87472.3828125,18738600,2026-08-06 16:24:45.638407
FPT.VN,2025-10-17,89800.0,91500.0,89600.0,89800.0,87667.6328125,7928500,2026-08-06 16:24:45.638407
FPT.VN,2025-10-20,88300.0,91800.0,87000.0,87000.0,84934.125,14580300,2026-08-06 16:24:45.638407
FPT.VN,2025-10-21,88300.0,91800.0,87000.0,87000.0,84934.125,14580300,2026-08-06 16:24:45.638407
FPT.VN,2025-10-22,89000.0,93000.0,88500.0,93000.0,90791.6484375,19520200,2026-08-06 16:24:45.638407
FPT.VN,2025-10-23,95200.0,99000.0,95000.0,97000.0,94696.671875,18311100,2026-08-06 16:24:45.638407
FPT.VN,2025-10-24,97200.0,97300.0,94000.0,95000.0,92744.1640625,6647600,2026-08-06 16:24:45.638407
FPT.VN,2025-10-27,99000.0,99700.0,96300.0,98000.0,95672.921875,12897800,2026-08-06 16:24:45.638407
FPT.VN,2025-10-28,99000.0,99700.0,96300.0,98000.0,95672.921875,12897800,2026-08-06 16:24:45.638407
FPT.VN,2025-10-29,98600.0,102200.0,98600.0,102200.0,99773.1875,20912700,2026-08-06 16:24:45.638407
FPT.VN,2025-10-30,102400.0,103200.0,101100.0,101700.0,99285.0703125,9302800,2026-08-06 16:24:45.638407
FPT.VN,2025-10-31,102100.0,103500.0,101600.0,102700.0,100261.3203125,9730600,2026-08-06 16:24:45.638407
FPT.VN,2025-11-03,103800.0,106300.0,103500.0,105000.0,102506.7109375,20963600,2026-08-06 16:24:45.638407
FPT.VN,2025-11-04,104100.0,104700.0,101700.0,103300.0,100847.0703125,10620700,2026-08-06 16:24:45.638407
FPT.VN,2025-11-05,104100.0,104700.0,101700.0,103300.0,100847.0703125,10620700,2026-08-06 16:24:45.638407
FPT.VN,2025-11-06,100900.0,102000.0,99400.0,100200.0,97820.6796875,6751800,2026-08-06 16:24:45.638407
FPT.VN,2025-11-07,99500.0,101800.0,99500.0,101000.0,98601.6875,5863600,2026-08-06 16:24:45.638407
FPT.VN,2025-11-10,101200.0,101200.0,96200.0,96200.0,93915.6640625,10072600,2026-08-06 16:24:45.638407
FPT.VN,2025-11-11,96800.0,97900.0,96100.0,96100.0,93818.0390625,6624200,2026-08-06 16:24:45.638407
FPT.VN,2025-11-12,96500.0,100600.0,96500.0,100600.0,98211.1875,6635300,2026-08-06 16:24:45.638407
FPT.VN,2025-11-13,100600.0,100700.0,98700.0,98900.0,96551.546875,4757400,2026-08-06 16:24:45.638407
FPT.VN,2025-11-14,98900.0,100900.0,98200.0,100000.0,97625.4296875,4699900,2026-08-06 16:24:45.638407
FPT.VN,2025-11-17,100600.0,101800.0,100600.0,101000.0,98601.6875,5585100,2026-08-06 16:24:45.638407
FPT.VN,2025-11-18,101000.0,101100.0,98800.0,100000.0,97625.4296875,6500100,2026-08-06 16:24:45.638407
FPT.VN,2025-11-19,99500.0,99500.0,98000.0,98000.0,95672.921875,5169300,2026-08-06 16:24:45.638407
FPT.VN,2025-11-20,98600.0,99700.0,98100.0,99000.0,96649.171875,4593100,2026-08-06 16:24:45.638407
FPT.VN,2025-11-21,98000.0,101200.0,97800.0,100800.0,98406.4375,7936900,2026-08-06 16:24:45.638407
FPT.VN,2025-11-24,100700.0,101100.0,99600.0,100200.0,97820.6796875,5061800,2026-08-06 16:24:45.638407
FPT.VN,2025-11-25,99700.0,100300.0,99000.0,99700.0,97332.5546875,4494900,2026-08-06 16:24:45.638407
FPT.VN,2025-11-26,99800.0,100200.0,98900.0,99000.0,96649.171875,5830900,2026-08-06 16:24:45.638407
FPT.VN,2025-11-27,99200.0,99800.0,98100.0,99500.0,97137.3046875,4780500,2026-08-06 16:24:45.638407
FPT.VN,2025-11-28,99100.0,99400.0,97100.0,97100.0,94794.296875,6210400,2026-08-06 16:24:45.638407
FPT.VN,2025-12-01,96900.0,97700.0,96100.0,96600.0,95287.5,3125100,2026-08-06 16:24:45.638407
FPT.VN,2025-12-02,96800.0,97300.0,95400.0,96600.0,95287.5,5560800,2026-08-06 16:24:45.638407
FPT.VN,2025-12-03,97000.0,97000.0,96000.0,96600.0,95287.5,6475300,2026-08-06 16:24:45.638407
FPT.VN,2025-12-04,97000.0,97000.0,96000.0,96600.0,95287.5,6475300,2026-08-06 16:24:45.638407
FPT.VN,2025-12-05,97500.0,97500.0,96100.0,96200.0,94892.9375,5062500,2026-08-06 16:24:45.638407
FPT.VN,2025-12-08,96600.0,97300.0,95500.0,95500.0,94202.4453125,5278600,2026-08-06 16:24:45.638407
FPT.VN,2025-12-09,95500.0,97000.0,94400.0,96900.0,95583.421875,9961500,2026-08-06 16:24:45.638407
FPT.VN,2025-12-10,97100.0,97100.0,95600.0,95600.0,94301.0859375,3894100,2026-08-06 16:24:45.638407
FPT.VN,2025-12-11,95900.0,96600.0,95600.0,96000.0,94695.65625,5201600,2026-08-06 16:24:45.638407
FPT.VN,2025-12-12,96000.0,96000.0,93500.0,93700.0,92426.90625,5519800,2026-08-06 16:24:45.638407
FPT.VN,2025-12-15,93900.0,94400.0,93500.0,93800.0,92525.546875,3524800,2026-08-06 16:24:45.638407
FPT.VN,2025-12-16,93900.0,95400.0,92000.0,94900.0,93610.6015625,6295300,2026-08-06 16:24:45.638407
FPT.VN,2025-12-17,94400.0,96300.0,94400.0,95900.0,94597.015625,4967800,2026-08-06 16:24:45.638407
FPT.VN,2025-12-18,94400.0,96300.0,94400.0,95900.0,94597.015625,4967800,2026-08-06 16:24:45.638407
FPT.VN,2025-12-19,94000.0,95000.0,93600.0,93900.0,92624.1875,4492600,2026-08-06 16:24:45.638407
FPT.VN,2025-12-22,94100.0,94300.0,93500.0,93700.0,92426.90625,6142400,2026-08-06 16:24:45.638407
FPT.VN,2025-12-23,94000.0,95900.0,93600.0,94000.0,92722.828125,6006900,2026-08-06 16:24:45.638407
FPT.VN,2025-12-24,94100.0,94200.0,93100.0,93600.0,92328.265625,3901500,2026-08-06 16:24:45.638407
FPT.VN,2025-12-25,94100.0,94200.0,93100.0,93600.0,92328.265625,3901500,2026-08-06 16:24:45.638407
FPT.VN,2025-12-26,92700.0,93000.0,91000.0,92500.0,91243.2109375,6612400,2026-08-06 16:24:45.638407
FPT.VN,2025-12-29,92500.0,94900.0,92500.0,94300.0,93018.75,6300900,2026-08-06 16:24:45.638407
FPT.VN,2025-12-30,94500.0,96600.0,94300.0,96500.0,95188.859375,7271200,2026-08-06 16:24:45.638407
FPT.VN,2025-12-31,96800.0,97000.0,95200.0,95800.0,94498.375,3082600,2026-08-06 16:24:45.638407
FPT.VN,2026-01-01,95800.0,95800.0,95800.0,95800.0,94498.375,0,2026-08-06 16:24:45.638407
FPT.VN,2026-01-02,95800.0,95800.0,95800.0,95800.0,94498.375,0,2026-08-06 16:24:45.638407
FPT.VN,2026-01-05,95700.0,95700.0,93200.0,95000.0,93709.2421875,7029300,2026-08-06 16:24:45.638407
FPT.VN,2026-01-06,94700.0,94800.0,93600.0,94000.0,92722.828125,5397500,2026-08-06 16:24:45.638407
FPT.VN,2026-01-07,94100.0,97600.0,94000.0,97500.0,96175.2734375,11427400,2026-08-06 16:24:45.638407
FPT.VN,2026-01-08,98100.0,98100.0,96500.0,96500.0,95188.859375,5576200,2026-08-06 16:24:45.638407
FPT.VN,2026-01-09,96100.0,99900.0,96000.0,97400.0,96076.6328125,10048700,2026-08-06 16:24:45.638407
FPT.VN,2026-01-12,98000.0,99500.0,98000.0,99500.0,98148.1015625,9076600,2026-08-06 16:24:45.638407
FPT.VN,2026-01-13,99700.0,101700.0,97900.0,98900.0,97556.25,9411100,2026-08-06 16:24:45.638407
FPT.VN,2026-01-14,99000.0,101100.0,97800.0,99800.0,98444.0234375,11900400,2026-08-06 16:24:45.638407
FPT.VN,2026-01-15,99800.0,101700.0,98400.0,98500.0,97161.6875,7401400,2026-08-06 16:24:45.638407
FPT.VN,2026-01-16,99500.0,105300.0,99500.0,105300.0,103869.296875,23871100,2026-08-06 16:24:45.638407
FPT.VN,2026-01-19,108700.0,108700.0,105500.0,105800.0,104362.5,14710500,2026-08-06 16:24:45.638407
FPT.VN,2026-01-20,106100.0,107000.0,104000.0,104100.0,102685.6015625,12213100,2026-08-06 16:24:45.638407
FPT.VN,2026-01-21,103200.0,106500.0,101100.0,105000.0,103573.375,14517300,2026-08-06 16:24:45.638407
FPT.VN,2026-01-22,105500.0,105800.0,103500.0,103500.0,102093.75,8095100,2026-08-06 16:24:45.638407
FPT.VN,2026-01-23,103600.0,104600.0,101000.0,101000.0,99627.71875,9418000,2026-08-06 16:24:45.638407
FPT.VN,2026-01-26,100200.0,101600.0,98000.0,98500.0,97161.6875,11183100,2026-08-06 16:24:45.638407
FPT.VN,2026-01-27,99600.0,102500.0,99100.0,102100.0,100712.7734375,10585500,2026-08-06 16:24:45.638407
FPT.VN,2026-01-28,102400.0,105800.0,102300.0,104500.0,103080.1640625,11949800,2026-08-06 16:24:45.638407
FPT.VN,2026-01-29,105000.0,107200.0,103700.0,106100.0,104658.4296875,14247700,2026-08-06 16:24:45.638407
FPT.VN,2026-01-30,106400.0,106400.0,103900.0,104500.0,103080.1640625,10833200,2026-08-06 16:24:45.638407
FPT.VN,2026-02-02,103300.0,104300.0,101600.0,104300.0,102882.8828125,9331400,2026-08-06 16:24:45.638407
FPT.VN,2026-02-03,104900.0,105400.0,102900.0,103900.0,102488.3203125,9097000,2026-08-06 16:24:45.638407
FPT.VN,2026-02-04,103100.0,103500.0,101500.0,101900.0,100515.4921875,11639700,2026-08-06 16:24:45.638407
FPT.VN,2026-02-05,101200.0,101900.0,99000.0,99000.0,97654.890625,18088600,2026-08-06 16:24:45.638407
FPT.VN,2026-02-06,98000.0,100000.0,96700.0,97600.0,96273.9140625,9766800,2026-08-06 16:24:45.638407
FPT.VN,2026-02-09,98800.0,99400.0,97900.0,99000.0,97654.890625,5108600,2026-08-06 16:24:45.638407
FPT.VN,2026-02-10,99900.0,99900.0,97300.0,97800.0,96471.1953125,6113500,2026-08-06 16:24:45.638407
FPT.VN,2026-02-11,98200.0,99500.0,97400.0,98600.0,97260.328125,5507500,2026-08-06 16:24:45.638407
FPT.VN,2026-02-12,99000.0,99200.0,98400.0,98800.0,97457.609375,4125200,2026-08-06 16:24:45.638407
FPT.VN,2026-02-13,98100.0,98500.0,96300.0,96300.0,94991.578125,18508400,2026-08-06 16:24:45.638407
FPT.VN,2026-02-16,96300.0,96300.0,96300.0,96300.0,94991.578125,0,2026-08-06 16:24:45.638407
FPT.VN,2026-02-17,96300.0,96300.0,96300.0,96300.0,94991.578125,0,2026-08-06 16:24:45.638407
FPT.VN,2026-02-18,96300.0,96300.0,96300.0,96300.0,94991.578125,0,2026-08-06 16:24:45.638407
FPT.VN,2026-02-19,96300.0,96300.0,96300.0,96300.0,94991.578125,0,2026-08-06 16:24:45.638407
FPT.VN,2026-02-20,96300.0,96300.0,96300.0,96300.0,94991.578125,0,2026-08-06 16:24:45.638407
FPT.VN,2026-02-23,96800.0,96800.0,93100.0,94500.0,93216.03125,22660400,2026-08-06 16:24:45.638407
FPT.VN,2026-02-24,94000.0,94000.0,92500.0,92500.0,91243.2109375,28539000,2026-08-06 16:24:45.638407
FPT.VN,2026-02-25,92200.0,92500.0,89000.0,89100.0,87889.40625,47733100,2026-08-06 16:24:45.638407
FPT.VN,2026-02-26,90000.0,92200.0,89900.0,90500.0,89270.3828125,17525500,2026-08-06 16:24:45.638407
FPT.VN,2026-02-27,91000.0,93500.0,90300.0,92900.0,91637.7734375,18705600,2026-08-06 16:24:45.638407
FPT.VN,2026-03-02,90100.0,91500.0,89300.0,89600.0,88382.609375,17245400,2026-08-06 16:24:45.638407
FPT.VN,2026-03-03,90100.0,91500.0,89300.0,89600.0,88382.609375,17245400,2026-08-06 16:24:45.638407
FPT.VN,2026-03-04,86900.0,87000.0,84200.0,85100.0,83943.75,23755700,2026-08-06 16:24:45.638407
FPT.VN,2026-03-05,86500.0,86800.0,84400.0,84400.0,83253.265625,15906800,2026-08-06 16:24:45.638407
FPT.VN,2026-03-06,84400.0,84600.0,81500.0,81600.0,80491.3046875,23713900,2026-08-06 16:24:45.638407
FPT.VN,2026-03-09,76000.0,76700.0,75900.0,75900.0,74868.75,17633000,2026-08-06 16:24:45.638407
FPT.VN,2026-03-10,76400.0,79600.0,76400.0,79500.0,78419.8359375,21099200,2026-08-06 16:24:45.638407
FPT.VN,2026-03-11,80000.0,81000.0,78300.0,80200.0,79110.328125,10652800,2026-08-06 16:24:45.638407
FPT.VN,2026-03-12,78800.0,79200.0,77500.0,77700.0,76644.296875,12722400,2026-08-06 16:24:45.638407
FPT.VN,2026-03-13,77100.0,78500.0,76300.0,77000.0,75953.8046875,9026000,2026-08-06 16:24:45.638407
FPT.VN,2026-03-16,77100.0,79300.0,77100.0,78200.0,77137.5,8662000,2026-08-06 16:24:45.638407
FPT.VN,2026-03-17,79400.0,81300.0,79100.0,79400.0,78321.1953125,9218800,2026-08-06 16:24:45.638407
FPT.VN,2026-03-18,80000.0,80200.0,78100.0,78600.0,77532.0703125,6352700,2026-08-06 16:24:45.638407
FPT.VN,2026-03-19,77700.0,77800.0,76600.0,76800.0,75756.5234375,11602900,2026-08-06 16:24:45.638407
FPT.VN,2026-03-20,76500.0,76500.0,73600.0,74600.0,73586.4140625,21423700,2026-08-06 16:24:45.638407
FPT.VN,2026-03-23,73700.0,76100.0,71600.0,73100.0,72106.796875,13156200,2026-08-06 16:24:45.638407
FPT.VN,2026-03-24,75500.0,75900.0,74100.0,75400.0,74375.546875,5189700,2026-08-06 16:24:45.638407
FPT.VN,2026-03-25,76200.0,77000.0,75600.0,77000.0,75953.8046875,7429300,2026-08-06 16:24:45.638407
FPT.VN,2026-03-26,77000.0,77000.0,74200.0,74200.0,73191.8515625,9743400,2026-08-06 16:24:45.638407
FPT.VN,2026-03-27,74500.0,76300.0,74000.0,76100.0,75066.03125,9080300,2026-08-06 16:24:45.638407
FPT.VN,2026-03-30,74400.0,75200.0,73500.0,74000.0,72994.5703125,7814800,2026-08-06 16:24:45.638407
FPT.VN,2026-03-31,74900.0,75500.0,74400.0,74700.0,73685.0546875,5639200,2026-08-06 16:24:45.638407
FPT.VN,2026-04-01,75900.0,76300.0,75000.0,75300.0,74276.90625,8534000,2026-08-06 16:24:45.638407
FPT.VN,2026-04-02,75200.0,75200.0,74200.0,74700.0,73685.0546875,5224400,2026-08-06 16:24:45.638407
FPT.VN,2026-04-03,74700.0,75500.0,73900.0,74000.0,72994.5703125,6333100,2026-08-06 16:24:45.638407
FPT.VN,2026-04-06,74000.0,74500.0,73500.0,73900.0,72895.921875,4593000,2026-08-06 16:24:45.638407
FPT.VN,2026-04-07,74500.0,74500.0,73800.0,74000.0,72994.5703125,4713000,2026-08-06 16:24:45.638407
FPT.VN,2026-04-08,76000.0,79100.0,75100.0,79100.0,78025.2734375,14610000,2026-08-06 16:24:45.638407
FPT.VN,2026-04-09,79100.0,79200.0,78100.0,78300.0,77236.140625,6272100,2026-08-06 16:24:45.638407
FPT.VN,2026-04-10,78600.0,79000.0,77300.0,77700.0,76644.296875,6099800,2026-08-06 16:24:45.638407
FPT.VN,2026-04-13,76900.0,77000.0,75900.0,76000.0,74967.390625,9559100,2026-08-06 16:24:45.638407
FPT.VN,2026-04-14,77000.0,77200.0,76000.0,76200.0,75164.671875,7092500,2026-08-06 16:24:45.638407
FPT.VN,2026-04-15,76900.0,77000.0,75000.0,75100.0,74079.6171875,10047800,2026-08-06 16:24:45.638407
FPT.VN,2026-04-16,75600.0,75600.0,74000.0,74100.0,73093.2109375,11316400,2026-08-06 16:24:45.638407
FPT.VN,2026-04-17,75000.0,78000.0,74900.0,76000.0,74967.390625,12349600,2026-08-06 16:24:45.638407
FPT.VN,2026-04-20,76300.0,77000.0,76100.0,76900.0,75855.1640625,6876800,2026-08-06 16:24:45.638407
FPT.VN,2026-04-21,77000.0,77400.0,75100.0,75100.0,74079.6171875,7119000,2026-08-06 16:24:45.638407
FPT.VN,2026-04-22,75500.0,75500.0,74100.0,74600.0,73586.4140625,8145000,2026-08-06 16:24:45.638407
FPT.VN,2026-04-23,75000.0,76000.0,74100.0,74300.0,73290.4921875,7968500,2026-08-06 16:24:45.638407
FPT.VN,2026-04-24,74000.0,74100.0,73200.0,73400.0,72402.71875,10459800,2026-08-06 16:24:45.638407
FPT.VN,2026-04-27,73400.0,73400.0,73400.0,73400.0,72402.71875,0,2026-08-06 16:24:45.638407
FPT.VN,2026-04-28,73400.0,74400.0,72900.0,74400.0,73389.1328125,9503800,2026-08-06 16:24:45.638407
FPT.VN,2026-04-29,73400.0,75500.0,73400.0,75500.0,74474.1875,9163000,2026-08-06 16:24:45.638407
FPT.VN,2026-04-30,75500.0,75500.0,75500.0,75500.0,74474.1875,0,2026-08-06 16:24:45.638407
FPT.VN,2026-05-01,75500.0,75500.0,75500.0,75500.0,74474.1875,0,2026-08-06 16:24:45.638407
FPT.VN,2026-05-04,74900.0,75100.0,73600.0,73700.0,72698.640625,8285900,2026-08-06 16:24:45.638407
FPT.VN,2026-05-05,73700.0,74500.0,72800.0,74300.0,73290.4921875,6841400,2026-08-06 16:24:45.638407
FPT.VN,2026-05-06,74200.0,74200.0,73000.0,73300.0,72304.078125,9455600,2026-08-06 16:24:45.638407
FPT.VN,2026-05-07,73900.0,74300.0,73000.0,73000.0,72008.15625,10186100,2026-08-06 16:24:45.638407
FPT.VN,2026-05-08,73200.0,73300.0,71900.0,71900.0,70923.1015625,13444300,2026-08-06 16:24:45.638407
FPT.VN,2026-05-11,71700.0,71700.0,70000.0,70000.0,69048.9140625,16909100,2026-08-06 16:24:45.638407
FPT.VN,2026-05-12,70100.0,71500.0,70000.0,70600.0,69640.765625,8533300,2026-08-06 16:24:45.638407
FPT.VN,2026-05-13,70600.0,71500.0,70000.0,70700.0,69739.40625,11517600,2026-08-06 16:24:45.638407
FPT.VN,2026-05-14,71100.0,75300.0,71000.0,73900.0,72895.921875,21565500,2026-08-06 16:24:45.638407
FPT.VN,2026-05-15,74200.0,74200.0,72700.0,72900.0,71909.515625,6386100,2026-08-06 16:24:45.638407
FPT.VN,2026-05-18,72900.0,75300.0,72000.0,74900.0,73882.3359375,18323700,2026-08-06 16:24:45.638407
FPT.VN,2026-05-19,75000.0,75800.0,74300.0,74500.0,73487.7734375,11279900,2026-08-06 16:24:45.638407
FPT.VN,2026-05-20,74800.0,78500.0,72800.0,77700.0,76644.296875,25976600,2026-08-06 16:24:45.638407
FPT.VN,2026-05-21,77700.0,77900.0,75700.0,76500.0,75460.6015625,11809100,2026-08-06 16:24:45.638407
FPT.VN,2026-05-22,76800.0,77600.0,75100.0,75100.0,74079.6171875,11668800,2026-08-06 16:24:45.638407
FPT.VN,2026-05-25,74600.0,75600.0,73500.0,73500.0,72501.359375,10441000,2026-08-06 16:24:45.638407
FPT.VN,2026-05-26,73600.0,74600.0,73600.0,74500.0,73487.7734375,5104800,2026-08-06 16:24:45.638407
FPT.VN,2026-05-27,74500.0,75300.0,73100.0,73600.0,72600.0,9176300,2026-08-06 16:24:45.638407
FPT.VN,2026-05-28,72800.0,73100.0,71200.0,71200.0,71200.0,10646900,2026-08-06 16:24:45.638407
FPT.VN,2026-05-29,71200.0,72500.0,70800.0,71600.0,71600.0,5446700,2026-08-06 16:24:45.638407
FPT.VN,2026-06-01,72200.0,73400.0,72100.0,72900.0,72900.0,5972700,2026-08-06 16:24:45.638407
FPT.VN,2026-06-02,73000.0,75600.0,73000.0,74800.0,74800.0,17368000,2026-08-06 16:24:45.638407
FPT.VN,2026-06-03,75100.0,77700.0,75000.0,76500.0,76500.0,25278600,2026-08-06 16:24:45.638407
FPT.VN,2026-06-04,76700.0,77200.0,75800.0,76100.0,76100.0,11304700,2026-08-06 16:24:45.638407
FPT.VN,2026-06-05,76000.0,76000.0,74300.0,75000.0,75000.0,11218100,2026-08-06 16:24:45.638407
FPT.VN,2026-06-08,73700.0,74500.0,72800.0,72900.0,72900.0,10914200,2026-08-06 16:24:45.638407
FPT.VN,2026-06-09,73400.0,74200.0,72600.0,73700.0,73700.0,7772300,2026-08-06 16:24:45.638407
FPT.VN,2026-06-10,73500.0,74500.0,73500.0,74200.0,74200.0,4736000,2026-08-06 16:24:45.638407
FPT.VN,2026-06-11,73900.0,73900.0,73100.0,73100.0,73100.0,3507300,2026-08-06 16:24:45.638407
FPT.VN,2026-06-12,73600.0,74300.0,73500.0,73500.0,73500.0,5688200,2026-08-06 16:24:45.638407
FPT.VN,2026-06-15,74400.0,75200.0,73500.0,73600.0,73600.0,6422700,2026-08-06 16:24:45.638407
FPT.VN,2026-06-16,73700.0,74200.0,73100.0,73200.0,73200.0,5819800,2026-08-06 16:24:45.638407
FPT.VN,2026-06-17,73300.0,73400.0,72200.0,72300.0,72300.0,10652200,2026-08-06 16:24:45.638407
FPT.VN,2026-06-18,72300.0,72300.0,71500.0,71600.0,71600.0,13665800,2026-08-06 16:24:45.638407
FPT.VN,2026-06-19,71600.0,71800.0,70800.0,71500.0,71500.0,14295100,2026-08-06 16:24:45.638407
FPT.VN,2026-06-22,71500.0,71700.0,70300.0,70600.0,70600.0,9260100,2026-08-06 16:24:45.638407
FPT.VN,2026-06-23,70900.0,71800.0,70700.0,70800.0,70800.0,5737500,2026-08-06 16:24:45.638407
FPT.VN,2026-06-24,71000.0,71200.0,70100.0,70800.0,70800.0,5968500,2026-08-06 16:24:45.638407
FPT.VN,2026-06-25,71000.0,71700.0,70800.0,71000.0,71000.0,6592100,2026-08-06 16:24:45.638407
FPT.VN,2026-06-26,71300.0,71300.0,70300.0,70800.0,70800.0,4333200,2026-08-06 16:24:45.638407
FPT.VN,2026-06-29,70700.0,70800.0,70200.0,70400.0,70400.0,4618200,2026-08-06 16:24:45.638407
FPT.VN,2026-06-30,70500.0,70800.0,70200.0,70200.0,70200.0,6075800,2026-08-06 16:24:45.638407
FPT.VN,2026-07-01,70500.0,70800.0,70200.0,70200.0,70200.0,6075800,2026-08-06 16:24:45.638407
FPT.VN,2026-07-02,72900.0,73300.0,72500.0,72500.0,72500.0,5690500,2026-08-06 16:24:45.638407
FPT.VN,2026-07-03,72500.0,73100.0,71700.0,72300.0,72300.0,7490500,2026-08-06 16:24:45.638407
FPT.VN,2026-07-06,72400.0,74000.0,71900.0,73000.0,73000.0,11200200,2026-08-06 16:24:45.638407
FPT.VN,2026-07-07,73000.0,73700.0,72500.0,73200.0,73200.0,4557200,2026-08-06 16:24:45.638407
FPT.VN,2026-07-08,72400.0,72800.0,71500.0,72100.0,72100.0,6741600,2026-08-06 16:24:45.638407
FPT.VN,2026-07-09,71800.0,73000.0,71700.0,72100.0,72100.0,4441900,2026-08-06 16:24:45.638407
FPT.VN,2026-07-10,72000.0,72300.0,70600.0,70600.0,70600.0,7937300,2026-08-06 16:24:45.638407
FPT.VN,2026-07-13,70300.0,71300.0,70200.0,70500.0,70500.0,7738400,2026-08-06 16:24:45.638407
FPT.VN,2026-07-14,70300.0,70900.0,70000.0,70300.0,70300.0,6626800,2026-08-06 16:24:45.638407
FPT.VN,2026-07-15,70400.0,70400.0,66800.0,66800.0,66800.0,21271900,2026-08-06 16:24:45.638407
FPT.VN,2026-07-16,66700.0,68000.0,64700.0,68000.0,68000.0,13030600,2026-08-06 16:24:45.638407
FPT.VN,2026-07-17,68300.0,68400.0,67000.0,67000.0,67000.0,3987800,2026-08-06 16:24:45.638407
FPT.VN,2026-07-20,66900.0,67700.0,66100.0,67100.0,67100.0,7346800,2026-08-06 16:24:45.638407
FPT.VN,2026-07-21,66500.0,67900.0,64800.0,64800.0,64800.0,7540400,2026-08-06 16:24:45.638407
FPT.VN,2026-07-22,65000.0,67500.0,64600.0,64600.0,64600.0,10060700,2026-08-06 16:24:45.638407
FPT.VN,2026-07-23,65000.0,65700.0,64200.0,64700.0,64700.0,6287300,2026-08-06 16:24:45.638407
FPT.VN,2026-07-24,64300.0,64500.0,62800.0,62900.0,62900.0,5804800,2026-08-06 16:24:45.638407
FPT.VN,2026-07-27,63100.0,63700.0,62200.0,62200.0,62200.0,4449500,2026-08-06 16:24:45.638407
FPT.VN,2026-07-28,61900.0,63700.0,61500.0,63000.0,63000.0,5399400,2026-08-06 16:24:45.638407
FPT.VN,2026-07-29,63000.0,65300.0,62500.0,65100.0,65100.0,6114000,2026-08-06 16:24:45.638407
FPT.VN,2026-07-30,65200.0,67200.0,64800.0,67000.0,67000.0,7571500,2026-08-06 16:24:45.638407
FPT.VN,2026-07-31,67200.0,67900.0,66500.0,67100.0,67100.0,6253600,2026-08-06 16:24:45.638407
