symbol,date,open,high,low,close,volume,sma20,sma50,ema20,ema50,rsi14,macd,macd_signal,macd_hist,atr14,obv,bollinger_upper,bollinger_middle,bollinger_lower,target
FPT.VN,2010-04-30,12128.53,12128.53,12128.53,12128.53,0,12007.9335,11724.7046,12003.1604,11821.504,51.77,118.9224,112.7202,6.2022,150.8636,9119877,12279.4717,12007.9335,11736.3953,0
FPT.VN,2010-05-03,12128.53,12128.53,12128.53,12128.53,0,12021.716,11737.1088,12015.1004,11833.5442,51.77,114.3976,113.0556,1.3419,140.0876,9119877,12288.0496,12021.716,11755.3824,1
FPT.VN,2010-05-04,12473.09,12473.09,12197.44,12197.44,739637,12038.944,11759.1606,12032.466,11847.8146,54.9218,115.0459,113.4537,1.5922,154.6928,9859514,12303.8658,12038.944,11774.0222,1
FPT.VN,2010-05-05,12197.44,12266.35,12128.53,12266.35,2240245,12056.172,11782.5906,12054.7407,11864.2278,57.8856,119.7399,114.711,5.029,153.4876,12099759,12333.5371,12056.172,11778.8069,0
FPT.VN,2010-05-06,12128.53,12266.35,12059.62,12059.62,2173711,12066.509,11801.886,12055.2054,11871.8902,47.744,105.5617,112.8811,-7.3194,157.2906,9926048,12326.8615,12066.509,11806.1565,0
FPT.VN,2010-05-07,11921.79,11990.71,11783.97,11921.79,1529774,12069.9545,11825.316,12042.4992,11873.8471,42.4091,82.2555,106.756,-24.5005,165.7449,8396274,12320.024,12069.9545,11819.885,0
FPT.VN,2010-05-10,11921.79,11921.79,11577.23,11783.97,2436799,12059.6175,11840.4766,12017.8773,11870.3225,37.8543,52.064,95.8176,-43.7536,178.5174,5959475,12338.8686,12059.6175,11780.3664,0
FPT.VN,2010-05-11,9165.31,9234.22,8820.75,8820.75,1131731,11897.674,11796.3728,11713.389,11750.7314,10.8563,-208.5658,34.9409,-243.5067,377.4247,4827744,13372.8125,11897.674,10422.5355,1
FPT.VN,2010-05-12,8820.75,8889.66,8614.01,8889.66,679198,11739.176,11750.8908,11444.4624,11638.5325,12.4206,-404.889,-53.0251,-351.8639,370.1551,5506942,13731.5641,11739.176,9746.7879,0
FPT.VN,2010-05-13,8820.75,8820.75,8545.1,8751.84,665558,11573.787,11698.5176,11188.0222,11525.3289,11.9683,-565.0836,-155.4368,-409.6468,368.3269,4841384,13963.6811,11573.787,9183.8929,0
FPT.VN,2010-05-14,8751.84,8889.66,8751.84,8751.84,316199,11411.8435,11647.5228,10956.0049,11416.5646,11.9683,-684.1524,-261.1799,-422.9725,351.8621,4841384,14102.7685,11411.8435,8720.9185,0
FPT.VN,2010-05-17,8751.84,8751.84,8407.28,8407.28,987127,11239.5635,11588.2584,10713.2692,11298.5535,10.8252,-797.1297,-368.3699,-428.7598,351.3405,3854257,14235.5045,11239.5635,8243.6225,0
FPT.VN,2010-05-18,8338.36,8476.19,8269.45,8407.28,2044561,11067.2835,11524.8594,10493.6511,11185.1702,10.8252,-876.5605,-470.008,-406.5525,341.0119,3854257,14301.5234,11067.2835,7833.0436,0
FPT.VN,2010-05-19,8131.63,8269.45,8131.63,8200.54,2045576,10884.6665,11446.2996,10275.2596,11068.1259,10.1505,-945.2954,-565.0655,-380.23,336.3432,1808681,14337.2182,10884.6665,7432.1148,1
FPT.VN,2010-05-20,7993.8,8476.19,7993.8,8476.19,646112,10702.0495,11370.4964,10103.9196,10966.4813,17.5304,-966.3858,-645.3295,-321.0563,346.7751,2454793,14262.2719,10702.0495,7141.8271,0
FPT.VN,2010-05-21,8200.54,8407.28,8131.63,8407.28,1978462,10515.987,11293.315,9942.3349,10866.1205,17.1512,-977.3937,-711.7424,-265.6514,346.6169,476331,14150.4958,10515.987,6881.4782,1
FPT.VN,2010-05-24,8338.36,8476.19,8269.45,8476.19,1099371,10329.9245,11220.2682,9802.7021,10772.3977,19.0375,-969.3827,-763.2704,-206.1123,336.6257,1575702,13982.9538,10329.9245,6676.8952,0
FPT.VN,2010-05-25,8476.19,8476.19,8476.19,8476.19,0,10143.862,11158.2474,9676.3676,10682.3504,19.0375,-952.0592,-801.0282,-151.031,312.581,1575702,13775.3991,10143.862,6512.3249,1
FPT.VN,2010-05-26,9096.4,9096.4,8820.75,8889.66,1820507,9978.473,11103.1178,9601.4431,10612.0488,30.1107,-894.6536,-819.7533,-74.9003,334.5545,3396209,13516.3005,9978.473,6440.6455,1
FPT.VN,2010-05-27,8889.66,9027.49,8820.75,9027.49,5446721,9823.421,11045.2318,9546.7809,10549.9092,33.3815,-828.4872,-821.5001,-6.9871,325.4249,8842930,13234.0194,9823.421,6412.8226,1
FPT.VN,2010-05-28,9234.22,9234.22,9027.49,9096.4,3447072,9671.8145,10990.1022,9503.8874,10492.9089,35.019,-761.7089,-809.5418,47.8329,316.9467,12290002,12916.5091,9671.8145,6427.1199,0
FPT.VN,2010-05-31,9096.4,9096.4,8958.57,8958.57,1427615,9513.3165,10937.729,9451.9524,10432.7387,33.2582,-711.7043,-789.9743,78.2701,304.1526,10862387,12556.1351,9513.3165,6470.4979,1
FPT.VN,2010-06-01,8958.57,9096.4,8889.66,9096.4,1513449,9358.2645,10890.8688,9418.0903,10380.3333,36.6866,-653.4213,-762.6637,109.2424,297.1946,12375836,12129.0716,9358.2645,6587.4574,0
FPT.VN,2010-06-02,9027.49,9165.31,9027.49,9096.4,2121253,9199.767,10838.4956,9387.4531,10329.9829,36.6866,-600.3115,-730.1933,129.8817,285.8107,12375836,11609.2526,9199.767,6790.2814,1
FPT.VN,2010-06-03,9096.4,9234.22,9096.4,9234.22,2449352,9058.497,10793.0136,9372.8595,10287.0118,40.2461,-540.866,-692.3278,151.4618,275.2399,14825188,11058.4961,9058.497,7058.4979,0
FPT.VN,2010-06-04,9234.22,9303.13,9234.22,9234.22,1461717,8924.1185,10748.9098,9359.6557,10245.7259,40.2461,-488.1282,-651.4879,163.3597,260.5021,14825188,10408.8664,8924.1185,7439.3706,0
FPT.VN,2010-06-07,9096.4,9096.4,8889.66,8889.66,1756077,8779.403,10693.7802,9314.8942,10192.5468,34.605,-468.7329,-614.9369,146.204,266.5062,13069111,9407.6585,8779.403,8151.1475,1
FPT.VN,2010-06-08,8889.66,8958.57,8889.66,8958.57,1464401,8786.294,10642.7852,9280.9586,10144.1556,36.5214,-442.6984,-580.4892,137.7908,252.3922,14533512,9419.4631,8786.294,8153.1249,1
FPT.VN,2010-06-09,9096.4,9165.31,9027.49,9096.4,1025001,8796.631,10594.5468,9263.3816,10103.0671,40.2903,-406.261,-545.6436,139.3825,249.1313,15558513,9443.5076,8796.631,8149.7544,1
FPT.VN,2010-06-10,9096.4,9234.22,9096.4,9165.31,1211615,8817.3045,10543.5518,9254.0414,10066.2923,42.1399,-367.5864,-510.0321,142.4458,241.1805,16770128,9484.27,8817.3045,8150.339,1
FPT.VN,2010-06-11,9303.13,9303.13,9165.31,9234.22,994527,8841.4235,10491.1786,9252.1537,10033.6621,44.0078,-327.5996,-473.5456,145.946,233.7976,17764655,9532.8602,8841.4235,8149.9868,1
FPT.VN,2010-06-14,9372.05,9440.96,9372.05,9440.96,1617495,8893.1075,10442.9402,9270.1352,10010.4188,49.2965,-276.0455,-434.0456,158.0001,231.8649,19382150,9602.2124,8893.1075,8184.0026,0
FPT.VN,2010-06-15,9440.96,9440.96,9440.96,9440.96,0,8944.7915,10394.7018,9286.4043,9988.0871,49.2965,-232.5083,-393.7382,161.2298,215.3032,19382150,9655.4814,8944.7915,8234.1016,0
FPT.VN,2010-06-16,9234.22,9303.13,9165.31,9165.31,971817,8993.03,10339.5722,9274.8715,9955.8214,43.014,-217.7375,-358.538,140.8005,219.6136,18410333,9616.6543,8993.03,8369.4057,1
FPT.VN,2010-06-17,9372.05,9440.96,9303.13,9440.96,2061756,9041.2685,10291.3338,9290.6894,9935.6307,49.8912,-181.6944,-323.1693,141.4749,223.6162,20472089,9645.5146,9041.2685,8437.0224,0
FPT.VN,2010-06-18,9509.87,9509.87,9303.13,9303.13,1398085,9086.061,10240.3388,9291.8742,9910.8268,46.8469,-162.3799,-291.0114,128.6315,222.4108,19074004,9621.3014,9086.061,8550.8206,1
FPT.VN,2010-06-21,9509.87,9509.87,9372.05,9509.87,1379801,9137.745,10190.722,9312.6357,9895.103,51.616,-128.9049,-258.5901,129.6852,221.2915,20453805,9622.2497,9137.745,8653.2403,1
FPT.VN,2010-06-22,9509.87,9647.69,9440.96,9647.69,1978389,9196.32,10142.4834,9344.5457,9885.4005,54.544,-90.2149,-224.9151,134.7002,220.2513,22432194,9623.9957,9196.32,8768.6443,0
FPT.VN,2010-06-23,9509.87,9578.78,9303.13,9303.13,622894,9216.9935,10087.3536,9340.6013,9862.5664,46.9021,-86.3603,-197.2041,110.8438,229.1305,21809300,9621.6054,9216.9935,8812.3816,1
FPT.VN,2010-06-24,9303.13,9716.61,9303.13,9578.78,2292267,9244.558,10037.7368,9363.285,9851.4375,52.6211,-60.3671,-169.8367,109.4697,242.2984,24101567,9669.4191,9244.558,8819.6969,0
FPT.VN,2010-06-25,9440.96,9578.78,9372.05,9440.96,825544,9261.786,9986.7418,9370.6826,9835.3403,49.7367,-50.3082,-145.931,95.6228,239.7578,23276023,9689.2867,9261.786,8834.2853,0
FPT.VN,2010-06-28,9372.05,9440.96,9372.05,9372.05,386071,9282.46,9937.1252,9370.8129,9817.1721,48.3108,-47.3511,-126.215,78.8639,227.5543,22889952,9687.6279,9282.46,8877.2921,1
FPT.VN,2010-06-29,9509.87,9647.69,9440.96,9578.78,3496773,9306.579,9891.6432,9390.6192,9807.8234,52.6926,-28.0034,-106.5727,78.5693,230.989,26386725,9722.4022,9306.579,8890.7558,0
FPT.VN,2010-06-30,9578.78,9578.78,9303.13,9509.87,757994,9327.2525,9844.783,9401.9765,9796.1389,51.1364,-18.0229,-88.8628,70.8398,234.1791,25628731,9740.1808,9327.2525,8914.3242,1
FPT.VN,2010-07-01,9372.05,9647.69,9372.05,9647.69,2005525,9347.926,9795.1662,9425.3778,9790.3174,54.0587,0.9961,-70.891,71.8871,237.1406,27634256,9782.0977,9347.926,8913.7543,0
FPT.VN,2010-07-02,9509.87,9509.87,9303.13,9372.05,967972,9354.8175,9740.0366,9420.2989,9773.9148,47.89,-6.1026,-57.9333,51.8307,244.8134,26666284,9785.7533,9354.8175,8923.8817,1
FPT.VN,2010-07-05,9509.87,9509.87,9372.05,9440.96,1202256,9382.3825,9684.907,9422.2666,9760.8577,49.4432,-6.0977,-47.5662,41.4685,237.171,27868540,9754.5608,9382.3825,9010.2042,0
FPT.VN,2010-07-06,9509.87,9509.87,9303.13,9372.05,1861429,9403.0565,9628.3992,9417.4841,9745.6103,47.9055,-11.5214,-40.3572,28.8358,234.9974,26007111,9717.5806,9403.0565,9088.5324,0
FPT.VN,2010-07-07,9509.87,9509.87,9303.13,9303.13,856888,9413.393,9570.513,9406.5932,9728.2582,46.3528,-21.1374,-36.5133,15.3759,232.979,25150223,9697.6116,9413.393,9129.1744,1
FPT.VN,2010-07-08,9440.96,9647.69,9440.96,9578.78,1236647,9434.0665,9519.518,9422.992,9722.3963,52.9248,-6.4412,-30.4989,24.0576,240.9491,26386870,9701.9887,9434.0665,9166.1443,0
FPT.VN,2010-07-09,9578.78,9578.78,9440.96,9509.87,312934,9447.849,9467.1448,9431.2661,9714.0619,51.235,-0.3508,-24.4693,24.1184,233.5827,26073936,9700.4041,9447.849,9195.2939,0
FPT.VN,2010-07-12,9303.13,9440.96,9303.13,9440.96,512536,9447.849,9413.3934,9432.1893,9703.352,49.5319,-1.0722,-19.7898,18.7176,231.6654,25561400,9700.4041,9447.849,9195.2939,1
FPT.VN,2010-07-13,9647.69,9647.69,9509.87,9578.78,3489009,9454.74,9361.0202,9446.1503,9698.4669,52.9038,9.369,-13.9581,23.3271,229.8843,29050409,9713.9371,9454.74,9195.5429,0
FPT.VN,2010-07-14,9578.78,9578.78,9440.96,9440.96,573121,9468.5225,9304.5124,9445.656,9688.3686,49.3528,6.4485,-9.8768,16.3252,223.3083,28477288,9689.4016,9468.5225,9247.6434,1
FPT.VN,2010-07-15,9372.05,9578.78,9372.05,9578.78,1043213,9475.4135,9254.8956,9458.3345,9684.071,52.767,15.081,-4.8852,19.9662,222.1241,29520501,9701.2165,9475.4135,9249.6105,0
FPT.VN,2010-07-16,9578.78,9578.78,9509.87,9578.78,412336,9489.196,9208.0354,9469.8055,9679.9419,52.767,21.6725,0.4263,21.2462,211.1802,29520501,9704.1096,9489.196,9274.2824,1
FPT.VN,2010-07-19,9578.78,9647.69,9509.87,9647.69,845279,9496.087,9165.3098,9486.7469,9678.6771,54.544,32.0869,6.7584,25.3285,205.9402,30365780,9722.3311,9496.087,9269.8429,0
FPT.VN,2010-07-20,9647.69,9647.69,9509.87,9647.69,908911,9496.087,9181.8486,9502.0748,9677.4619,54.544,39.8807,13.3829,26.4978,201.0745,30365780,9722.3311,9496.087,9269.8429,0
FPT.VN,2010-07-21,9578.78,9578.78,9509.87,9578.78,957524,9509.8695,9195.631,9509.38,9673.5921,52.2637,40.0354,18.7134,21.322,196.5563,29408256,9719.6022,9509.8695,9300.1368,1
FPT.VN,2010-07-22,9647.69,9716.61,9578.78,9647.69,2887736,9513.315,9213.548,9522.5524,9672.5763,54.3203,45.1974,24.0102,21.1872,192.3616,32295992,9729.9643,9513.315,9296.6657,1
FPT.VN,2010-07-23,9716.61,9716.61,9647.69,9716.61,1307970,9527.0975,9232.8434,9541.0341,9674.3031,56.346,54.2245,30.0531,24.1715,183.5443,33603962,9758.9073,9527.0975,9295.2877,0
FPT.VN,2010-07-26,9716.61,9716.61,9716.61,9716.61,0,9544.3255,9259.03,9557.7556,9675.9622,56.346,60.6791,36.1783,24.5009,170.434,33603962,9778.8167,9544.3255,9309.8343,1
FPT.VN,2010-07-27,9785.52,9992.25,9716.61,9992.25,6848724,9564.999,9290.7294,9599.136,9688.3656,63.7935,87.033,46.3492,40.6838,177.9487,40452686,9873.5049,9564.999,9256.4931,0
FPT.VN,2010-07-28,9785.52,9992.25,9716.61,9785.52,1194782,9578.7815,9322.429,9616.8869,9692.1756,56.0677,90.1976,55.1189,35.0787,184.9267,39257904,9901.2315,9578.7815,9256.3315,1
FPT.VN,2010-07-29,9785.52,10267.9,9785.52,10267.9,3662636,9609.792,9358.2632,9678.8881,9714.753,66.3179,130.1295,70.121,60.0085,206.1733,42920540,10055.7751,9609.792,9163.8089,1
FPT.VN,2010-07-30,10474.64,10750.29,10336.82,10612.46,5244144,9671.8125,9402.3668,9767.7997,9749.9572,71.4433,187.4185,93.5805,93.838,225.9031,48164684,10290.2435,9671.8125,9053.3815,0
FPT.VN,2010-08-02,10405.73,10612.46,10405.73,10543.55,1440167,9726.942,9443.714,9841.6807,9781.0785,69.1761,224.6701,119.7984,104.8717,224.5336,46724517,10446.9593,9726.942,9006.9247,1
FPT.VN,2010-08-03,10750.29,11025.94,10681.38,10750.29,3129421,9795.854,9489.196,9928.2149,9819.0868,72.0425,267.7875,149.3962,118.3913,242.9519,49853938,10627.9514,9795.854,8963.7566,0
FPT.VN,2010-08-04,10612.46,10750.29,10336.82,10405.73,2006324,9850.984,9519.5174,9973.6926,9842.0924,61.7379,271.0311,173.7232,97.3079,255.1318,47847614,10691.6879,9850.984,9010.2801,1
FPT.VN,2010-08-05,10750.29,10888.11,10612.46,10888.11,2200266,9916.4505,9556.7298,10060.7799,9883.1127,68.5254,308.9641,200.7714,108.1927,271.3638,50047880,10864.916,9916.4505,8967.985,0
FPT.VN,2010-08-06,10750.29,10750.29,10474.64,10612.46,2010242,9971.58,9587.051,10113.3209,9911.7146,61.7809,313.1735,223.2518,89.9217,281.5142,48037638,10948.2957,9971.58,8994.8643,0
FPT.VN,2010-08-09,10474.64,10474.64,10267.9,10336.82,1741929,10016.373,9614.616,10134.6065,9928.3854,55.8603,290.9142,236.7843,54.1299,286.0175,46295709,10972.5813,10016.373,9060.1647,0
FPT.VN,2010-08-10,10267.9,10267.9,10061.17,10198.99,2243510,10047.3835,9636.6678,10140.7383,9938.9973,53.119,259.1644,241.2603,17.9041,285.277,44052199,10983.8625,10047.3835,9110.9045,0
FPT.VN,2010-08-11,10336.82,10336.82,10198.99,10198.99,239435,10085.285,9658.7196,10146.2861,9949.1931,53.119,231.3357,239.2754,-7.9397,274.745,44052199,10978.7963,10085.285,9191.7737,0
FPT.VN,2010-08-12,10130.08,10130.08,9785.52,9785.52,1511418,10095.622,9669.7456,10111.9274,9942.7746,45.3724,173.9129,226.2029,-52.29,284.654,42540781,10969.0178,10095.622,9222.2262,0
FPT.VN,2010-08-13,9647.69,9854.43,9578.78,9785.52,1256383,10105.959,9680.7716,10080.841,9936.6077,45.3724,126.9416,206.3506,-79.409,284.0108,42540781,10958.2372,10105.959,9253.6808,1
FPT.VN,2010-08-16,9785.52,10130.08,9716.61,10130.08,947003,10130.0785,9705.58,10085.5304,9944.1949,52.1207,116.1804,188.3166,-72.1362,293.2579,43487784,10954.6017,10130.0785,9305.5553,1
FPT.VN,2010-08-17,10267.9,10336.82,10061.17,10336.82,1059683,10164.535,9733.145,10109.4627,9959.5919,55.6601,122.9174,175.2367,-52.3194,292.0002,44547467,10961.3089,10164.535,9367.7611,0
FPT.VN,2010-08-18,10198.99,10198.99,9992.25,9992.25,448469,10185.2085,9751.062,10098.2996,9960.8726,49.1401,99.3078,160.0509,-60.7432,295.7552,44098998,10938.2454,10185.2085,9432.1716,0
FPT.VN,2010-08-19,9854.43,9992.25,9854.43,9923.34,727013,10198.991,9766.2226,10081.6368,9959.4008,47.9308,74.1814,142.877,-68.6956,284.4741,43371985,10920.0146,10198.991,9477.9674,1
FPT.VN,2010-08-20,9923.34,10336.82,9716.61,10336.82,1034941,10230.0015,9788.2746,10105.94,9974.2015,55.0746,86.6343,131.6285,-44.9942,308.4552,44406926,10916.1776,10230.0015,9543.8254,0
FPT.VN,2010-08-23,10198.99,10198.99,10061.17,10061.17,774319,10247.2295,9800.6788,10101.6762,9977.6121,50.1362,73.4144,119.9857,-46.5713,306.112,43632607,10895.3809,10247.2295,9599.0781,0
FPT.VN,2010-08-24,9923.34,9923.34,9647.69,9647.69,1770588,10230.0015,9804.8134,10058.4394,9964.6739,43.7929,29.2361,101.8357,-72.5997,313.7811,41862019,10923.4252,10230.0015,9536.5778,0
FPT.VN,2010-08-25,9716.61,9716.61,9303.13,9578.78,1892846,10219.6645,9813.0828,10012.7575,9949.5408,42.8205,-11.2068,79.2272,-90.434,320.9025,39969173,10946.3529,10219.6645,9492.9761,1
FPT.VN,2010-08-26,9440.96,9785.52,9440.96,9647.69,1527162,10188.654,9817.2174,9977.9892,9937.7036,44.1558,-37.268,55.9282,-93.1962,322.5923,41496335,10958.337,10188.654,9418.971,0
FPT.VN,2010-08-27,9509.87,9716.61,9509.87,9647.69,669476,10140.4155,9824.1086,9946.5321,9926.3305,44.1558,-57.2616,33.2902,-90.5518,314.3172,41496335,10919.1389,10140.4155,9361.6921,1
FPT.VN,2010-08-30,9923.34,10130.08,9854.43,9923.34,1396271,10109.405,9832.378,9944.3234,9926.2132,49.6146,-50.2844,16.5753,-66.8597,326.3224,42892606,10869.7123,10109.405,9349.0977,1
FPT.VN,2010-08-31,9923.34,10336.82,9923.34,10336.82,4285676,10088.7315,9846.1606,9981.704,9942.3154,56.4858,-11.2607,11.0081,-22.2688,332.5479,47178282,10796.3228,10088.7315,9381.1402,0
FPT.VN,2010-09-01,10198.99,10267.9,9854.43,10267.9,2545924,10081.84,9865.456,10008.9608,9955.0834,55.1361,13.9438,11.5952,2.3486,343.2509,44632358,10779.0403,10081.84,9384.6397,0
FPT.VN,2010-09-02,10267.9,10267.9,10267.9,10267.9,0,10050.8295,9879.2384,10033.6216,9967.3508,55.1361,33.5321,15.9826,17.5495,318.733,44632358,10644.5214,10050.8295,9457.1376,0
FPT.VN,2010-09-03,10267.9,10267.9,10267.9,10267.9,0,10033.6015,9895.7772,10055.9339,9979.137,55.1361,48.4968,22.4855,26.0114,295.9663,44632358,10576.4958,10033.6015,9490.7072,0
FPT.VN,2010-09-06,10405.73,10681.38,10198.99,10198.99,3424507,10026.71,9912.316,10069.5583,9987.7587,53.5386,54.1716,28.8227,25.3489,309.2823,41207851,10556.7447,10026.71,9496.6753,0
FPT.VN,2010-09-07,10198.99,10198.99,10061.17,10061.17,2076123,10019.819,9921.9638,10068.7594,9990.6376,50.3936,47.0061,32.4594,14.5468,297.035,39131728,10543.9739,10019.819,9495.6641,0
FPT.VN,2010-09-08,9923.34,10061.17,9923.34,9992.25,1266831,10009.482,9931.6114,10061.4728,9990.7008,48.8483,35.3586,33.0392,2.3194,285.6632,37864897,10526.8697,10009.482,9492.0943,1
FPT.VN,2010-09-09,10130.08,10130.08,10061.17,10130.08,780994,10026.71,9941.2592,10068.0068,9996.1667,52.0172,36.8251,33.7964,3.0287,275.1037,38645891,10535.5739,10026.71,9517.8461,0
FPT.VN,2010-09-10,10130.08,10198.99,9992.25,9992.25,1059610,10037.0465,9953.6632,10060.7919,9996.0131,48.7639,26.5594,32.349,-5.7896,270.2206,37586281,10533.5299,10037.0465,9540.5631,1
FPT.VN,2010-09-13,10267.9,10267.9,9923.34,10061.17,645242,10033.601,9966.0674,10060.8279,9998.5682,50.4333,23.7116,30.6215,-6.9099,275.5305,38231523,10528.3192,10033.601,9538.8828,0
FPT.VN,2010-09-14,10061.17,10130.08,9923.34,10061.17,323237,10019.8185,9979.8498,10060.8605,10001.0232,50.4333,21.2103,28.7393,-7.529,270.6169,38231523,10493.8967,10019.8185,9545.7403,0
FPT.VN,2010-09-15,10130.08,10130.08,9923.34,10061.17,741016,10023.2645,9995.0106,10060.8899,10003.3819,50.4333,19.0089,26.7932,-7.7843,266.0543,38231523,10497.5008,10023.2645,9549.0282,0
FPT.VN,2010-09-16,10061.17,10130.08,9923.34,9923.34,779688,10023.2645,10001.9018,10047.7899,10000.243,46.6377,6.0725,22.6491,-16.5766,261.8176,37451835,10497.5008,10023.2645,9549.0282,1
FPT.VN,2010-09-17,9923.34,10130.08,9923.34,10130.08,1219742,10012.9275,10014.306,10055.6271,10005.3347,52.4217,12.36,20.5912,-8.2312,257.8834,38671577,10466.9692,10012.9275,9558.8858,0
FPT.VN,2010-09-20,9992.25,10130.08,9923.34,10061.17,508111,10012.9275,10026.7102,10056.155,10007.5243,50.4585,11.6482,18.8026,-7.1544,254.2303,38163466,10466.9692,10012.9275,9558.8858,0
FPT.VN,2010-09-21,10130.08,10130.08,9923.34,9923.34,1384009,10026.71,10033.6014,10043.5059,10004.2229,46.6919,-0.0372,15.0347,-15.0719,250.8382,36779457,10449.7465,10026.71,9603.6735,0
FPT.VN,2010-09-22,9785.52,9923.34,9785.52,9854.43,1603346,10040.4925,10041.8708,10025.4987,9998.3487,44.8878,-14.6892,9.0899,-23.779,242.7655,35176111,10417.5446,10040.4925,9663.4404,0
FPT.VN,2010-09-23,9854.43,9854.43,9854.43,9854.43,0,10050.8295,10047.3838,10009.2064,9992.7048,44.8878,-26.0012,2.0717,-28.0729,225.4251,35176111,10392.1852,10050.8295,9709.4738,0
FPT.VN,2010-09-24,9716.61,9854.43,9647.69,9716.61,1540150,10054.2755,10050.1404,9981.3401,9981.8776,41.1957,-45.5617,-7.455,-38.1067,224.0904,33635961,10379.5062,10054.2755,9729.0448,0
FPT.VN,2010-09-27,9785.52,9785.52,9647.69,9647.69,971672,10040.493,10050.1404,9949.5639,9968.7722,39.4483,-65.8657,-19.1371,-46.7285,217.929,32664289,10409.503,10040.493,9671.483,1
FPT.VN,2010-09-28,9716.61,9785.52,9647.69,9785.52,1404034,10012.928,10052.897,9933.9407,9961.5858,44.5169,-70.0277,-29.3152,-40.7124,212.2076,34068323,10370.9356,10012.928,9654.9204,0
FPT.VN,2010-09-29,9785.52,9785.52,9647.69,9716.61,1623952,9985.3635,10055.6536,9913.2425,9951.9789,42.597,-77.9876,-39.0497,-38.9379,206.8949,32444371,10345.5981,9985.3635,9625.1289,1
FPT.VN,2010-09-30,9785.52,9854.43,9785.52,9785.52,1970771,9961.2445,10058.4102,9901.0785,9945.4511,45.1447,-77.8381,-46.8074,-31.0307,201.961,34415142,10306.0949,9961.2445,9616.3941,0
FPT.VN,2010-10-01,9923.34,9923.34,9716.61,9785.52,1356655,9937.1255,10059.7884,9890.0729,9939.1793,45.1447,-76.834,-52.8127,-24.0213,202.3016,34415142,10258.3355,9937.1255,9615.9155,0
FPT.VN,2010-10-04,9785.52,9785.52,9647.69,9785.52,1681417,9916.452,10061.1666,9880.1155,9933.1535,45.1447,-75.1717,-57.2845,-17.8872,197.6965,34415142,10219.402,9916.452,9613.502,1
FPT.VN,2010-10-05,9647.69,9923.34,9647.69,9923.34,2232046,9909.5605,10059.7884,9884.2321,9932.7686,50.6192,-62.0185,-58.2313,-3.7872,203.2646,36647188,10204.8224,9909.5605,9614.2986,1
FPT.VN,2010-10-06,9923.34,9992.25,9854.43,9992.25,1769718,9909.5605,10063.923,9894.5195,9935.1012,53.1375,-45.5094,-55.6869,10.1775,198.59,38416906,10204.8224,9909.5605,9614.2986,1
FPT.VN,2010-10-07,9785.52,10198.99,9785.52,10130.08,3263505,9909.5605,10061.1666,9916.9539,9942.7474,57.7758,-21.0613,-48.7618,27.7005,213.9386,41680411,10204.8224,9909.5605,9614.2986,0
FPT.VN,2010-10-08,10130.08,10130.08,10061.17,10061.17,1518964,9913.0065,10050.1408,9930.6887,9947.3915,54.8527,-7.1639,-40.4422,33.2783,203.5794,40161447,10213.8871,9913.0065,9612.1259,0
FPT.VN,2010-10-11,9854.43,9992.25,9854.43,9923.34,875753,9906.115,10037.7366,9929.9888,9946.4483,49.4622,-7.1889,-33.7916,26.6026,203.8052,39285694,10198.912,9906.115,9613.318,0
FPT.VN,2010-10-12,9854.43,9923.34,9785.52,9854.43,709889,9895.778,10019.8194,9922.7928,9942.8397,46.9766,-12.6238,-29.558,16.9342,199.0919,38575805,10179.9981,9895.778,9611.5579,1
FPT.VN,2010-10-13,9854.43,9992.25,9785.52,9992.25,2172260,9892.332,10011.5498,9929.4077,9944.7774,52.1551,-5.7437,-24.7951,19.0514,199.6375,40748065,10169.6974,9892.332,9614.9666,1
FPT.VN,2010-10-14,9992.25,10061.17,9923.34,10061.17,1392280,9899.2235,9995.011,9941.9565,9949.3418,54.5459,5.2099,-18.7941,24.0041,195.2227,42140345,10186.5047,9899.2235,9611.9423,0
FPT.VN,2010-10-15,9923.34,9992.25,9785.52,9854.43,2507542,9885.441,9979.8504,9933.6207,9945.6198,46.9648,-2.7596,-15.5872,12.8276,200.9675,39632803,10151.7738,9885.441,9619.1082,0
FPT.VN,2010-10-18,9923.34,9923.34,9854.43,9854.43,988070,9875.104,9970.2026,9926.0787,9942.0437,46.9648,-8.9721,-14.2642,5.2921,191.5348,39632803,10128.4506,9875.104,9621.7574,0
FPT.VN,2010-10-19,9923.34,9923.34,9854.43,9854.43,1866363,9871.6585,9963.3114,9919.255,9938.6079,46.9648,-13.7372,-14.1588,0.4216,182.7759,39632803,10124.1158,9871.6585,9619.2012,0
FPT.VN,2010-10-20,9854.43,9854.43,9647.69,9716.61,1279238,9864.7675,9953.6638,9899.9555,9929.9021,42.0936,-28.3081,-16.9887,-11.3195,184.4876,38353565,10126.5562,9864.7675,9602.9788,0
FPT.VN,2010-10-21,9647.69,9716.61,9578.78,9578.78,1532241,9850.985,9949.529,9869.3673,9916.1326,37.864,-50.3965,-23.6702,-26.7263,181.1549,36821324,10142.412,9850.985,9559.558,0
FPT.VN,2010-10-22,9578.78,9578.78,9509.87,9578.78,1128684,9844.0935,9945.3942,9841.6924,9902.9031,37.864,-67.1279,-32.3618,-34.7661,173.1374,36821324,10154.7821,9844.0935,9533.4049,0
FPT.VN,2010-10-25,9578.78,9647.69,9440.96,9578.78,2119947,9840.648,9934.3682,9816.6531,9890.1923,37.864,-79.4715,-41.7837,-37.6878,175.5369,36821324,10161.8578,9840.648,9519.4382,1
FPT.VN,2010-10-26,9578.78,9923.34,9578.78,9854.43,2615941,9844.0935,9924.7204,9820.2509,9888.7899,50.3305,-66.2477,-46.6765,-19.5712,187.61,39437265,10164.2902,9844.0935,9523.8968,1
FPT.VN,2010-10-27,9923.34,10130.08,9923.34,9992.25,4090210,9857.8755,9924.7204,9836.6318,9892.8472,55.1731,-44.1379,-46.1688,2.0309,193.8986,43527475,10178.696,9857.8755,9537.055,1
FPT.VN,2010-10-28,9923.34,10130.08,9923.34,10130.08,3536026,9875.1035,9928.8552,9864.5792,9902.1504,59.4328,-15.3175,-39.9985,24.681,194.8158,47063501,10215.945,9875.1035,9534.262,1
FPT.VN,2010-10-29,10198.99,10612.46,10198.99,10543.55,5567527,9913.005,9932.9898,9929.2431,9927.3033,68.9613,40.4205,-23.9147,64.3352,215.3561,52631028,10363.0077,9913.005,9463.0023,0
FPT.VN,2010-11-01,10543.55,10543.55,10198.99,10267.9,1828996,9937.124,9937.1244,9961.4961,9940.6601,59.0101,61.6401,-6.8038,68.4439,224.585,50802032,10409.5087,9937.124,9464.7393,0
FPT.VN,2010-11-02,10198.99,10267.9,10061.17,10061.17,916892,9944.0155,9945.394,9970.9889,9945.3859,52.8505,61.0714,6.7713,54.3001,223.3096,49885140,10419.5645,9944.0155,9468.4665,0
FPT.VN,2010-11-03,10198.99,10198.99,9923.34,10061.17,897882,9947.4615,9955.0418,9979.5776,9949.9265,52.8505,59.9299,17.403,42.5269,227.0482,49885140,10425.4746,9947.4615,9469.4484,1
FPT.VN,2010-11-04,9992.25,10130.08,9992.25,10130.08,349865,9947.4615,9964.6896,9993.9111,9956.9913,54.6793,63.8496,26.6923,37.1573,220.6755,50235005,10425.4746,9947.4615,9469.4484,1
FPT.VN,2010-11-05,10198.99,10474.64,10061.17,10474.64,3770310,9968.135,9981.2286,10039.6948,9977.2913,62.5096,93.6793,40.0897,53.5896,234.4465,54005315,10499.6271,9968.135,9436.6429,0
FPT.VN,2010-11-08,10474.64,10474.64,9992.25,9992.25,1801207,9971.5805,9982.6068,10035.1763,9977.8779,49.5913,77.5013,47.572,29.9293,252.1568,52204108,10502.7432,9971.5805,9440.4178,1
FPT.VN,2010-11-09,10198.99,10198.99,9992.25,10061.17,2328110,9981.9175,9977.0938,10037.6519,9981.1443,51.1448,69.441,51.9458,17.4951,248.9127,54532218,10511.5252,9981.9175,9452.3098,1
FPT.VN,2010-11-10,10130.08,10198.99,10061.17,10198.99,1823845,9992.2545,9975.7156,10053.0174,9989.6872,54.1853,73.3287,56.2224,17.1063,240.9775,56356063,10530.7079,9992.2545,9453.8011,0
FPT.VN,2010-11-11,9992.25,10198.99,9992.25,9992.25,527846,9988.8085,9970.2026,10047.23,9989.7877,49.2352,59.0469,56.7873,2.2596,238.532,55828217,10526.2861,9988.8085,9451.3309,0
FPT.VN,2010-11-12,9923.34,9923.34,9716.61,9923.34,1912799,9992.254,9963.3114,10035.431,9987.1819,47.6719,41.6874,53.7673,-12.0799,241.1825,53915418,10526.981,9992.254,9457.527,0
FPT.VN,2010-11-15,9785.52,9923.34,9578.78,9647.69,1442127,9981.917,9952.2854,9998.5033,9973.8685,41.9359,5.6225,44.1384,-38.5159,248.5667,52473291,10535.5221,9981.917,9428.3119,0
FPT.VN,2010-11-16,9647.69,9647.69,9509.87,9578.78,1993263,9968.1345,9942.6376,9958.5296,9958.3749,40.6201,-28.1947,29.6718,-57.8664,240.6562,50480028,10548.1964,9968.1345,9388.0726,0
FPT.VN,2010-11-17,9647.69,9716.61,9440.96,9440.96,2402045,9954.352,9931.6118,9909.2373,9938.0841,38.0487,-65.3625,10.6649,-76.0274,243.1557,48077983,10571.4914,9954.352,9337.2126,1
FPT.VN,2010-11-18,9647.69,9647.69,9440.96,9509.87,1284534,9950.9065,9919.2076,9871.2023,9921.2914,40.0908,-88.2406,-9.1162,-79.1244,240.5539,49362517,10577.5706,9950.9065,9324.2424,0
FPT.VN,2010-11-19,9716.61,9716.61,9372.05,9372.05,2052832,9940.57,9906.8036,9823.664,9899.7525,37.4332,-116.1537,-30.5237,-85.63,247.9829,47309685,10599.0887,9940.57,9282.0513,1
FPT.VN,2010-11-22,9165.31,9509.87,9165.31,9509.87,1115116,9937.1245,9895.7776,9793.7788,9884.463,41.6022,-125.705,-49.5599,-76.145,254.8813,48424801,10604.278,9937.1245,9269.971,1
FPT.VN,2010-11-23,9716.61,9716.61,9716.61,9716.61,1202836,9930.2335,9888.8864,9786.4294,9877.8805,47.2774,-115.2636,-62.7007,-52.5629,251.4426,49627637,10603.7997,9930.2335,9256.6673,1
FPT.VN,2010-11-24,9647.69,9785.52,9509.87,9785.52,689936,9919.897,9883.3734,9786.3428,9874.2585,49.0545,-100.2724,-70.215,-30.0574,253.1717,50317573,10595.7969,9919.897,9243.9971,0
FPT.VN,2010-11-25,9716.61,9785.52,9647.69,9647.69,550483,9895.7775,9877.8604,9773.1378,9865.3735,45.7339,-98.3794,-75.8479,-22.5315,244.933,49767090,10574.519,9895.7775,9217.036,0
FPT.VN,2010-11-26,9716.61,9716.61,9440.96,9440.96,893529,9840.648,9864.078,9741.5018,9848.7298,41.2262,-112.2665,-83.1316,-29.1349,247.1271,48873561,10475.5524,9840.648,9205.7436,1
FPT.VN,2010-11-29,9509.87,9716.61,9509.87,9716.61,1181650,9813.0835,9857.1868,9739.1312,9843.5487,48.5133,-99.8781,-86.4809,-13.3972,249.1644,50055211,10416.9984,9813.0835,9209.1686,0
FPT.VN,2010-11-30,10130.08,10130.08,9647.69,9647.69,1765727,9792.4095,9851.6738,9730.4225,9835.8679,46.946,-94.5317,-88.0911,-6.4407,265.8234,48289484,10388.8282,9792.4095,9195.9908,0
FPT.VN,2010-12-01,9716.61,9716.61,9440.96,9440.96,5019292,9761.399,9843.4044,9702.8546,9820.3813,42.5098,-105.757,-91.6243,-14.1328,266.5253,43270192,10363.4479,9761.399,9159.3501,1
FPT.VN,2010-12-02,9578.78,9647.69,9440.96,9509.87,1290919,9730.3885,9836.5132,9684.4751,9808.2044,44.396,-107.8495,-94.8693,-12.9802,262.2542,44561111,10316.1506,9730.3885,9144.6264,0
FPT.VN,2010-12-03,9716.61,9716.61,9509.87,9509.87,1664584,9682.15,9832.3784,9667.8461,9796.505,44.396,-108.2598,-97.5474,-10.7124,258.2889,44561111,10158.5368,9682.15,9205.7632,0
FPT.VN,2010-12-06,9509.87,9509.87,9303.13,9440.96,4483827,9654.5855,9828.2438,9646.2379,9782.5621,42.7686,-112.8446,-100.6068,-12.2378,254.6068,40077284,10119.0718,9654.5855,9190.0992,0
FPT.VN,2010-12-07,9372.05,9440.96,9303.13,9303.13,2476923,9616.6835,9818.596,9613.5609,9763.7608,39.6389,-126.1457,-105.7146,-20.4311,246.2656,37600361,10064.9032,9616.6835,9168.4638,0
FPT.VN,2010-12-08,9372.05,9372.05,9234.22,9234.22,1051556,9568.445,9808.9482,9577.4332,9742.9945,38.1363,-140.6264,-112.697,-27.9294,238.5202,36548805,9956.4053,9568.445,9180.4847,1
FPT.VN,2010-12-09,9303.13,9440.96,9234.22,9372.05,1168590,9537.435,9800.6788,9557.8729,9728.4477,42.8063,-139.374,-118.0324,-21.3417,236.2502,37717395,9879.1538,9537.435,9195.7162,1
FPT.VN,2010-12-10,9440.96,9440.96,9303.13,9440.96,3044603,9513.316,9793.7876,9546.7384,9717.1737,45.0401,-131.3075,-120.6874,-10.6201,229.2202,40761998,9804.743,9513.316,9221.889,1
FPT.VN,2010-12-13,9440.96,9647.69,9440.96,9578.78,2779845,9509.8705,9789.6528,9549.7899,9711.7465,49.3048,-112.4969,-119.0493,6.5524,227.6138,43541843,9796.193,9509.8705,9223.548,0
FPT.VN,2010-12-14,9578.78,9578.78,9372.05,9509.87,2783038,9506.425,9781.3834,9545.988,9703.8297,47.3273,-101.9744,-115.6343,13.6599,226.1221,40758805,9790.9085,9506.425,9221.9415,0
FPT.VN,2010-12-15,9440.96,9509.87,9303.13,9303.13,3117884,9499.5335,9767.601,9522.8587,9688.116,41.8981,-109.0602,-114.3195,5.2593,224.7376,37640921,9797.0725,9499.5335,9201.9945,0
FPT.VN,2010-12-16,9165.31,9303.13,9027.49,9027.49,3289262,9475.4145,9745.5492,9475.6807,9662.2091,35.9729,-135.3573,-118.5271,-16.8303,228.3735,34351659,9840.0625,9475.4145,9110.7665,1
FPT.VN,2010-12-17,9096.4,9165.31,9027.49,9096.4,3025375,9461.632,9726.2538,9439.5588,9640.0205,38.3213,-148.9209,-124.6058,-24.315,221.9054,37377034,9861.8339,9461.632,9061.4301,0
FPT.VN,2010-12-20,9096.4,9234.22,8889.66,9096.4,2989605,9440.9585,9709.715,9406.877,9618.7021,38.3213,-157.8504,-131.2547,-26.5957,230.6664,37377034,9872.1837,9440.9585,9009.7333,0
FPT.VN,2010-12-21,8958.57,9096.4,8889.66,8958.57,3534647,9403.0565,9691.7978,9364.1811,9592.8145,35.3165,-174.0427,-139.8123,-34.2303,228.9574,33842387,9864.4664,9403.0565,8941.6466,0
FPT.VN,2010-12-22,8958.57,9027.49,8889.66,8889.66,1821595,9358.2635,9669.746,9318.9886,9565.2398,33.8859,-190.2426,-149.8984,-40.3442,222.4483,32020792,9836.9547,9358.2635,8879.5723,1
FPT.VN,2010-12-23,8820.75,8958.57,8820.75,8958.57,252350,9323.8075,9647.694,9284.663,9541.4489,36.6495,-195.2697,-158.9727,-36.2971,216.4034,32273142,9813.8522,9323.8075,8833.7628,0
FPT.VN,2010-12-24,8958.57,9027.49,8820.75,8889.66,1683086,9296.2425,9628.3986,9247.0437,9515.8885,35.0708,-202.4802,-167.6742,-34.806,215.7132,30590056,9819.4403,9296.2425,8773.0447,0
FPT.VN,2010-12-27,8958.57,8958.57,8820.75,8889.66,1858309,9254.895,9609.1032,9213.0071,9491.3305,35.0708,-205.8219,-175.3037,-30.5182,210.1494,30590056,9768.8382,9254.895,8740.9518,1
FPT.VN,2010-12-28,8958.57,8958.57,8820.75,8958.57,2069665,9220.439,9591.186,9188.775,9470.438,38.1602,-200.5975,-180.3625,-20.235,204.983,32659721,9715.5584,9220.439,8725.3196,0
FPT.VN,2010-12-29,8958.57,8958.57,8751.84,8889.66,2372152,9192.874,9574.647,9160.2879,9447.6624,36.3001,-199.7153,-184.233,-15.4823,205.1078,30287569,9697.5925,9192.874,8688.1555,0
FPT.VN,2010-12-30,8751.84,8889.66,8751.84,8751.84,3895977,9154.9725,9558.1082,9121.3881,9420.3752,32.8512,-207.7424,-188.9349,-18.8075,200.3015,26391592,9673.1297,9154.9725,8636.8153,1
FPT.VN,2010-12-31,8751.84,8889.66,8751.84,8889.66,2112038,9123.962,9544.3258,9099.3187,9399.5629,39.0841,-200.6698,-191.2819,-9.3879,195.8386,28503630,9626.6952,9123.962,8621.2288,0
FPT.VN,2011-01-03,8889.66,8889.66,8889.66,8889.66,0,9096.397,9530.5434,9079.3512,9379.5667,39.0841,-192.8417,-191.5939,-1.2479,181.8501,28503630,9586.2372,9096.397,8606.5568,0
FPT.VN,2011-01-04,8958.57,8958.57,8751.84,8751.84,1838138,9068.8325,9508.4916,9048.1597,9354.9499,35.2855,-195.5052,-192.3761,-3.1291,183.6272,26665492,9571.5653,9068.8325,8566.0997,0
FPT.VN,2011-01-05,8820.75,8820.75,8545.1,8614.01,2316937,9037.822,9480.9268,9006.8121,9325.8935,31.9421,-206.359,-195.1727,-11.1863,190.2003,24348555,9573.063,9037.822,8502.581,0
FPT.VN,2011-01-06,8545.1,8682.92,8545.1,8614.01,969133,8999.92,9450.6054,8969.4024,9297.9765,31.9421,-212.511,-198.6404,-13.8706,186.4588,24348555,9542.8111,8999.92,8457.0289,0
FPT.VN,2011-01-07,8545.1,8614.01,8545.1,8545.1,3498877,8955.127,9410.6364,8928.9926,9268.4519,30.2785,-220.4062,-202.9935,-17.4127,178.0625,20849678,9492.6041,8955.127,8417.6499,1
FPT.VN,2011-01-10,8545.1,8751.84,8545.1,8614.01,2827877,8906.8885,9377.5586,8898.9943,9242.7875,33.9813,-218.5831,-206.1115,-12.4717,180.1109,23677555,9377.7368,8906.8885,8436.0402,0
FPT.VN,2011-01-11,8614.01,8682.92,8476.19,8614.01,1801352,8862.0955,9348.6154,8871.8529,9218.1296,33.9813,-214.6638,-207.8219,-6.8419,182.0122,23677555,9255.4961,8862.0955,8468.6949,0
FPT.VN,2011-01-12,8682.92,8682.92,8407.28,8407.28,2650623,8817.303,9315.5376,8827.6079,9186.3315,28.6815,-225.6381,-211.3852,-14.2529,188.6999,21026932,9203.1984,8817.303,8431.4076,0
FPT.VN,2011-01-13,8338.36,8476.19,8338.36,8338.36,1502711,8782.8465,9279.7032,8781.0128,9153.0778,27.1607,-237.1627,-216.5407,-20.622,185.0664,19524221,9210.5233,8782.8465,8355.1697,1
FPT.VN,2011-01-14,8614.01,8751.84,8614.01,8751.84,1342579,8765.6185,9245.2472,8778.2345,9137.3429,45.7472,-210.505,-215.3335,4.8285,201.3816,20866800,9167.0685,8765.6185,8364.1685,1
FPT.VN,2011-01-17,9165.31,9165.31,8958.57,8958.57,4284225,8758.727,9224.5736,8795.4093,9130.3322,52.3008,-170.7292,-206.4127,35.6834,216.5308,25151025,9140.5189,8758.727,8376.9351,0
FPT.VN,2011-01-18,8958.57,9096.4,8889.66,8958.57,2514725,8758.727,9202.5216,8810.9484,9123.5965,52.3008,-137.6202,-192.6542,55.034,215.8315,25151025,9140.5189,8758.727,8376.9351,0
FPT.VN,2011-01-19,9096.4,9096.4,8889.66,8889.66,1775377,8758.727,9176.335,8818.4447,9114.4225,49.9674,-115.6089,-177.2451,61.6362,215.1821,23375648,9140.5189,8758.727,8376.9351,0
FPT.VN,2011-01-20,8820.75,8889.66,8751.84,8751.84,1021301,8748.3905,9151.5268,8812.1014,9100.2036,45.5868,-108.0402,-163.4042,55.3639,209.6562,22354347,9118.4139,8748.3905,8378.3671,1
FPT.VN,2011-01-21,8958.57,8958.57,8820.75,8820.75,2070681,8744.945,9129.475,8812.9251,9089.2446,48.0397,-95.3821,-149.7997,54.4177,209.4472,24425028,9110.6882,8744.945,8379.2018,0
FPT.VN,2011-01-24,8820.75,8820.75,8682.92,8682.92,2687989,8734.608,9110.1796,8800.5437,9073.3103,43.7879,-95.3727,-138.9143,43.5416,204.3317,21737039,9094.7735,8734.608,8374.4425,0
FPT.VN,2011-01-25,8614.01,8751.84,8614.01,8614.01,3176220,8717.38,9090.8842,8782.7786,9055.2985,41.7961,-99.7756,-131.0866,31.311,199.5816,18560819,9065.1897,8717.38,8369.5703,0
FPT.VN,2011-01-26,8545.1,8614.01,8476.19,8545.1,2524955,8700.152,9072.967,8760.1425,9035.2907,39.8444,-107.5852,-126.3863,18.8011,195.17,16035864,9046.1605,8700.152,8354.1435,1
FPT.VN,2011-01-27,8476.19,8958.57,8476.19,8958.57,2806691,8710.4885,9061.941,8779.0404,9032.2821,53.7884,-79.4945,-117.0079,37.5135,215.685,18842555,9074.8626,8710.4885,8346.1144,0
FPT.VN,2011-01-28,9027.49,9027.49,8682.92,8682.92,2960800,8700.1515,9048.1584,8769.886,9018.5816,46.114,-78.5693,-109.3202,30.7509,224.8911,15881755,9054.7219,8700.1515,8345.5811,0
FPT.VN,2011-01-31,8682.92,8682.92,8682.92,8682.92,0,8689.8145,9031.6194,8761.6036,9005.4184,46.114,-76.949,-102.846,25.8969,208.8274,15881755,9032.9938,8689.8145,8346.6352,0
FPT.VN,2011-02-01,8682.92,8682.92,8682.92,8682.92,0,8686.3685,9010.9456,8754.1099,8992.7714,46.114,-74.8027,-97.2373,22.4346,193.9112,15881755,9028.3073,8686.3685,8344.4297,0
FPT.VN,2011-02-02,8682.92,8682.92,8682.92,8682.92,0,8689.814,8988.8936,8747.3299,8980.6204,46.114,-72.2687,-92.2436,19.9749,180.0604,15881755,9030.0674,8689.814,8349.5606,0
FPT.VN,2011-02-03,8682.92,8682.92,8682.92,8682.92,0,8693.2595,8969.5982,8741.1956,8968.9459,46.114,-69.4597,-87.6868,18.2271,167.1989,15881755,9031.6715,8693.2595,8354.8475,0
FPT.VN,2011-02-04,8682.92,8682.92,8682.92,8682.92,0,8700.1505,8954.4374,8735.6456,8957.7292,46.114,-66.4674,-83.4429,16.9755,155.2562,15881755,9031.3965,8700.1505,8368.9045,0
FPT.VN,2011-02-07,8682.92,8682.92,8682.92,8682.92,0,8703.596,8933.7636,8730.6241,8946.9523,46.114,-63.3656,-79.4275,16.0619,144.1664,15881755,9032.4946,8703.596,8374.6974,1
FPT.VN,2011-02-08,8751.84,9096.4,8751.84,8751.84,3483858,8710.4875,8915.8466,8732.6446,8939.3009,49.1608,-54.7153,-74.485,19.7697,163.4031,19365613,9037.2515,8710.4875,8383.7235,0
FPT.VN,2011-02-09,8958.57,8958.57,8682.92,8682.92,1531661,8724.2695,8900.6858,8727.909,8929.2467,46.3392,-52.8124,-70.1505,17.3381,171.4207,17833952,9018.8544,8724.2695,8429.6846,0
FPT.VN,2011-02-10,8682.92,8751.84,8614.01,8614.01,2852909,8738.052,8882.7686,8717.0614,8916.8845,43.6421,-56.2168,-67.3638,11.147,169.0214,14981043,8977.1899,8738.052,8498.9141,0
FPT.VN,2011-02-11,8614.01,8614.01,8476.19,8545.1,4186129,8727.715,8863.4732,8700.6842,8902.3047,41.0679,-63.7405,-66.6391,2.8986,166.7927,10794914,8981.7524,8727.715,8473.6776,0
FPT.VN,2011-02-14,8682.92,8682.92,8407.28,8476.19,2110006,8703.596,8844.1778,8679.3038,8885.5943,38.615,-74.4058,-68.1925,-6.2134,174.5675,8684908,8956.9431,8703.596,8450.2489,0
FPT.VN,2011-02-15,8407.28,8476.19,8407.28,8476.19,1933767,8679.477,8827.639,8659.9596,8869.5393,38.615,-81.9139,-70.9368,-10.9772,167.0206,8684908,8922.2438,8679.477,8436.7102,0
FPT.VN,2011-02-16,8476.19,8545.1,8407.28,8407.28,1299989,8655.358,8811.1002,8635.8949,8851.4114,36.1134,-92.36,-75.2214,-17.1386,164.9348,7384919,8905.9256,8655.358,8404.7904,0
FPT.VN,2011-02-17,8407.28,8407.28,8269.45,8407.28,1327125,8638.13,8791.8048,8614.122,8833.9945,36.1134,-99.4916,-80.0754,-19.4162,162.9988,7384919,8907.4459,8638.13,8368.8141,0
FPT.VN,2011-02-18,8269.45,8407.28,7993.8,7993.8,4896527,8596.7825,8762.8616,8555.0437,8801.0457,24.8919,-136.9295,-91.4462,-45.4832,180.8903,2488392,8978.5074,8596.7825,8215.0576,0
FPT.VN,2011-02-21,7855.98,7855.98,7649.24,7649.24,2533735,8545.0985,8724.2708,8468.7767,8755.8769,19.4642,-192.1869,-111.5944,-80.5925,192.581,-45343,9112.481,8545.0985,7977.716,0
FPT.VN,2011-02-22,7373.59,7649.24,7304.68,7442.51,4748803,8486.5235,8682.9236,8371.037,8704.3723,17.0605,-249.7809,-139.2317,-110.5492,203.4366,-4794146,9236.466,8486.5235,7736.581,0
FPT.VN,2011-02-23,7373.59,7649.24,7373.59,7373.59,2756772,8427.948,8644.3328,8276.0421,8652.1847,16.3362,-297.5558,-170.8965,-126.6593,208.5947,-7550918,9326.8401,8427.948,7529.0559,0
FPT.VN,2011-02-24,7166.86,7304.68,7029.03,7304.68,4290683,8345.2535,8609.8766,8183.5314,8599.3414,15.6221,-337.0924,-204.1357,-132.9567,218.3065,-11841601,9338.0101,8345.2535,7352.4969,1
FPT.VN,2011-02-25,7304.68,7649.24,7235.77,7649.24,2654976,8293.5695,8580.9334,8132.6465,8562.0825,31.6997,-336.7406,-230.6567,-106.0839,232.2468,-9186625,9319.3866,8293.5695,7267.7524,0
FPT.VN,2011-02-28,7580.33,7787.07,7442.51,7442.51,3385109,8231.549,8547.8556,8066.9192,8518.1777,28.2248,-349.1188,-254.3491,-94.7697,240.2691,-12571734,9307.0373,8231.549,7156.0607,1
FPT.VN,2011-03-01,7442.51,7511.42,7373.59,7511.42,1623807,8172.974,8518.9126,8014.0145,8478.697,30.9423,-349.3411,-273.3475,-75.9936,232.9521,-10947927,9272.2978,8172.974,7073.6502,0
FPT.VN,2011-03-02,7511.42,7511.42,7166.86,7166.86,3107509,8097.171,8484.4566,7933.3331,8427.2524,25.7023,-373.0205,-293.2821,-79.7384,240.9241,-14055436,9255.9121,8097.171,6938.4299,1
FPT.VN,2011-03-03,7235.77,7511.42,7235.77,7442.51,1767106,8035.1505,8454.1354,7886.5881,8388.6351,35.1621,-365.3326,-307.6922,-57.6404,248.3266,-12288330,9194.6679,8035.1505,6875.6331,0
FPT.VN,2011-03-04,7580.33,7580.33,7442.51,7442.51,1889653,7973.13,8425.1924,7844.2949,8351.5322,35.1621,-355.1459,-317.1829,-37.963,240.4333,-12288330,9119.3796,7973.13,6826.8804,0
FPT.VN,2011-03-07,7442.51,7511.42,7442.51,7442.51,963256,7911.1095,8396.2494,7806.0297,8315.8842,35.1621,-343.1177,-322.3699,-20.7478,228.1816,-12288330,9029.5477,7911.1095,6792.6713,1
FPT.VN,2011-03-08,7442.51,7580.33,7442.51,7580.33,1693824,7852.534,8368.6846,7784.5345,8287.039,39.9377,-318.7895,-321.6538,2.8643,221.7272,-10594506,8906.425,7852.534,6798.643,0
FPT.VN,2011-03-09,7580.33,7580.33,7235.77,7442.51,1277424,7790.5135,8339.7416,7751.9607,8253.9202,37.0027,-307.0902,-318.7411,11.6509,230.501,-11871930,8782.8428,7790.5135,6798.1842,1
FPT.VN,2011-03-10,7373.59,7511.42,7373.59,7511.42,2187787,7735.384,8314.9332,7729.0521,8224.8025,39.4007,-288.9274,-312.7784,23.8509,223.8816,-9684143,8654.9227,7735.384,6815.8453,0
FPT.VN,2011-03-11,7580.33,7580.33,7442.51,7442.51,2096656,7680.2545,8285.9902,7701.7624,8194.1244,37.8491,-276.9018,-305.6031,28.7013,217.7344,-11780799,8524.5192,7680.2545,6835.9898,0
FPT.VN,2011-03-14,7304.68,7442.51,7304.68,7304.68,1300134,7621.679,8254.2906,7663.945,8159.2442,34.8897,-275.3194,-299.5463,24.2269,212.0269,-13080933,8392.8217,7621.679,6850.5363,0
FPT.VN,2011-03-15,7235.77,7304.68,7235.77,7235.77,1379873,7559.658,8223.9692,7623.1664,8123.0295,33.4802,-276.4392,-294.9249,18.4857,201.8043,-14460806,8235.005,7559.658,6884.311,1
FPT.VN,2011-03-16,7235.77,7304.68,7166.86,7304.68,1786188,7504.528,8197.7826,7592.8344,8090.9374,36.2535,-268.6691,-289.6737,21.0046,197.234,-12674618,8057.4549,7504.528,6951.6011,0
FPT.VN,2011-03-17,7235.77,7304.68,7166.86,7166.86,861604,7442.507,8168.8396,7552.2654,8054.6991,33.2663,-270.5139,-285.8418,15.3279,192.9901,-13536222,7819.2899,7442.507,7065.7241,1
FPT.VN,2011-03-18,7166.86,7304.68,7097.95,7304.68,2990113,7408.051,8144.0312,7528.6858,8025.2866,38.7054,-257.8823,-280.2499,22.3676,193.9715,-10546109,7685.5069,7408.051,7130.5951,0
FPT.VN,2011-03-21,7373.59,7373.59,7304.68,7304.68,1662842,7390.823,8117.8446,7507.3519,7997.0275,38.7054,-245.0468,-273.2093,28.1624,185.0386,-10546109,7647.2111,7390.823,7134.4349,0
FPT.VN,2011-03-22,7304.68,7373.59,7235.77,7304.68,1557128,7383.9315,8091.658,7488.0499,7969.8766,38.7054,-232.1981,-265.007,32.809,181.6658,-10546109,7641.8747,7383.9315,7125.9883,1
FPT.VN,2011-03-23,7304.68,7373.59,7304.68,7373.59,736808,7383.9315,8070.9842,7477.1489,7946.4928,41.6742,-213.9881,-254.8032,40.8151,173.6118,-9809301,7641.8747,7383.9315,7125.9883,0
FPT.VN,2011-03-24,7304.68,7373.59,7235.77,7304.68,382733,7383.9315,8050.3106,7460.7233,7921.3237,39.6082,-202.7795,-244.3985,41.619,171.0553,-10192034,7641.8747,7383.9315,7125.9883,0
FPT.VN,2011-03-25,7235.77,7235.77,7166.86,7235.77,719104,7363.258,8019.9892,7439.2992,7894.4392,37.6008,-197.1841,-234.9556,37.7715,168.6813,-10911138,7596.7916,7363.258,7129.7244,0
FPT.VN,2011-03-28,7304.68,7304.68,7097.95,7166.86,490117,7349.4755,7984.155,7413.3526,7865.9067,35.6548,-196.0502,-227.1745,31.1243,171.3991,-11401255,7595.5167,7349.4755,7103.4343,0
FPT.VN,2011-03-29,7166.86,7166.86,7097.95,7097.95,256050,7328.802,7946.9426,7383.3143,7835.7908,33.7724,-198.4248,-221.4246,22.9998,164.0784,-11657305,7586.7447,7328.802,7070.8593,0
FPT.VN,2011-03-30,7029.03,7097.95,6960.12,7029.03,1426890,7321.9105,7909.73,7349.5729,7804.1531,31.9553,-203.5218,-217.844,14.3223,162.2036,-13084195,7604.279,7321.9105,7039.542,0
FPT.VN,2011-03-31,7029.03,7097.95,6960.12,7029.03,421043,7301.2365,7875.2738,7319.045,7773.7561,31.9553,-205.1958,-215.3144,10.1186,160.4626,-13084195,7606.0793,7301.2365,6996.3937,0
FPT.VN,2011-04-01,7029.03,7029.03,6849.86,6877.43,890772,7272.9825,7836.4074,7276.9864,7738.606,28.0986,-216.2624,-215.504,-0.7584,161.7988,-13974967,7623.9514,7272.9825,6922.0136,1
FPT.VN,2011-04-04,7166.86,7166.86,7166.86,7166.86,956435,7259.2,7806.0862,7266.4982,7716.1846,42.3934,-199.3799,-212.2792,12.8993,170.9153,-13018532,7603.7285,7259.2,6914.6715,1
FPT.VN,2011-04-05,7511.42,7511.42,7511.42,7511.42,890409,7255.7545,7784.0344,7289.8241,7708.1546,54.0942,-156.3944,-201.1022,44.7078,183.3185,-12128123,7587.9173,7255.7545,6923.5917,1
FPT.VN,2011-04-06,7855.98,7855.98,7855.98,7855.98,2353795,7276.428,7770.252,7343.7437,7713.9517,62.3333,-93.4478,-179.5714,86.1235,194.8358,-9774328,7697.1849,7276.428,6855.6711,1
FPT.VN,2011-04-07,8200.54,8200.54,7855.98,7924.89,8665024,7297.1015,7749.5784,7399.091,7722.2238,63.7352,-37.5687,-151.1708,113.6022,205.5304,-1109304,7799.2352,7297.1015,6794.9678,0
FPT.VN,2011-04-08,7855.98,7924.89,7787.07,7924.89,1563078,7321.2205,7734.4178,7449.1671,7730.1715,63.7352,6.6394,-119.6088,126.2482,200.6939,-1109304,7894.1165,7321.2205,6748.3245,0
FPT.VN,2011-04-11,7924.89,7924.89,7924.89,7924.89,0,7352.231,7719.2572,7494.474,7737.8075,63.7352,41.1998,-87.4471,128.6468,186.3586,-1109304,7985.3365,7352.231,6719.1255,0
FPT.VN,2011-04-12,7924.89,7924.89,7924.89,7924.89,0,7386.687,7704.0966,7535.466,7745.1441,63.7352,67.8074,-56.3962,124.2036,173.0473,-1109304,8066.3987,7386.687,6706.9753,0
FPT.VN,2011-04-13,7924.89,7924.89,7580.33,7580.33,1336194,7400.4695,7682.0448,7539.7388,7738.6808,50.9758,60.3949,-33.038,93.4328,185.2982,-2445498,8084.3456,7400.4695,6716.5934,0
FPT.VN,2011-04-14,7373.59,7580.33,7304.68,7304.68,1041761,7407.3605,7654.48,7517.3522,7721.6612,43.477,31.9099,-20.0484,51.9583,191.7519,-3487259,8084.0652,7407.3605,6730.6558,0
FPT.VN,2011-04-15,7304.68,7373.59,7235.77,7304.68,1951181,7407.3605,7626.9152,7497.0977,7705.309,43.477,9.229,-14.1929,23.4219,187.8996,-3487259,8084.0652,7407.3605,6730.6558,0
FPT.VN,2011-04-18,7304.68,7304.68,7097.95,7097.95,863491,7397.024,7595.2158,7459.0837,7681.491,38.5451,-25.1375,-16.3818,-8.7556,189.2447,-4350750,8086.527,7397.024,6707.521,0
FPT.VN,2011-04-19,6960.12,7166.86,6960.12,7029.03,882791,7383.2415,7560.7596,7418.1262,7655.9043,37.0368,-57.2742,-24.5603,-32.7139,190.4943,-5233541,8091.2872,7383.2415,6675.1958,0
FPT.VN,2011-04-20,7097.95,7097.95,6960.12,6960.12,2093246,7362.568,7526.3036,7374.5065,7628.6186,35.5393,-87.2969,-37.1076,-50.1893,186.7326,-7326787,8095.5076,7362.568,6629.6284,0
FPT.VN,2011-04-21,6960.12,7029.03,6891.21,6960.12,913772,7345.34,7493.2258,7335.0411,7602.403,35.5393,-109.8241,-51.6509,-58.1732,183.2388,-7326787,8099.8882,7345.34,6590.7918,0
FPT.VN,2011-04-22,7097.95,7097.95,6877.43,6877.43,788758,7327.423,7459.8724,7291.4591,7573.9727,33.646,-132.8184,-67.8844,-64.934,185.9018,-8115545,8109.4438,7327.423,6545.4022,1
FPT.VN,2011-04-25,6891.21,7166.86,6891.21,7166.86,757776,7327.423,7433.6858,7279.5925,7558.0074,44.7421,-126.2319,-79.5539,-46.678,193.2966,-7357769,8109.4438,7327.423,6545.4022,0
FPT.VN,2011-04-26,7166.86,7235.77,7029.03,7029.03,1033708,7323.977,7404.7426,7255.7294,7537.2632,41.2081,-130.628,-89.7687,-40.8592,194.2569,-8391477,8110.8477,7323.977,6537.1063,0
FPT.VN,2011-04-27,7166.86,7166.86,6877.43,7029.03,2054356,7323.977,7377.1776,7234.139,7517.3325,41.2081,-132.5835,-98.3317,-34.2519,201.055,-8391477,8110.8477,7323.977,6537.1063,0
FPT.VN,2011-04-28,7029.03,7029.03,6891.21,6960.12,771344,7320.5315,7348.2344,7208.042,7495.481,39.4034,-138.1018,-106.2857,-31.8161,196.5382,-9162821,8113.4206,7320.5315,6527.6424,1
FPT.VN,2011-04-29,6960.12,7166.86,6960.12,7029.03,1443142,7328.1115,7328.939,7190.9932,7477.1889,42.1326,-135.3544,-112.0995,-23.255,197.2669,-7719679,8105.9198,7328.1115,6550.3032,0
FPT.VN,2011-05-02,7029.03,7029.03,7029.03,7029.03,0,7321.22,7316.5348,7175.5681,7459.614,42.1326,-131.6594,-116.0114,-15.6479,183.1764,-7719679,8107.4408,7321.22,6534.9992,0
FPT.VN,2011-05-03,7029.03,7029.03,7029.03,7029.03,0,7297.1005,7308.2652,7161.6121,7442.7283,42.1326,-127.264,-118.2619,-9.002,170.0924,-7719679,8088.3346,7297.1005,6505.8664,1
FPT.VN,2011-05-04,6960.12,7166.86,6960.12,7097.95,841724,7259.199,7302.7524,7155.5491,7429.2076,45.2148,-116.8721,-117.984,1.1119,172.7101,-6877955,8009.2626,7259.199,6509.1354,0
FPT.VN,2011-05-05,7097.95,7097.95,7029.03,7097.95,719539,7217.852,7298.6178,7150.0634,7416.2171,45.2148,-107.3985,-115.8669,8.4684,165.2965,-6877955,7901.6484,7217.852,6534.0556,1
FPT.VN,2011-05-06,7097.95,7304.68,7097.95,7166.86,1257906,7179.9505,7288.9702,7151.6631,7406.4384,48.4018,-93.2551,-111.3445,18.0894,168.256,-5620049,7777.3061,7179.9505,6582.5949,1
FPT.VN,2011-05-09,7304.68,7304.68,7166.86,7304.68,1232439,7148.94,7286.2136,7166.2362,7402.4479,54.1468,-70.1172,-103.099,32.9819,166.082,-4387610,7638.053,7148.94,6659.827,0
FPT.VN,2011-05-10,7304.68,7373.59,7304.68,7304.68,1337646,7117.9295,7282.0788,7179.4213,7398.6139,54.1468,-51.1901,-92.7173,41.5272,159.1412,-4387610,7454.8735,7117.9295,6780.9855,0
FPT.VN,2011-05-11,7166.86,7304.68,7166.86,7235.77,2153830,7100.7015,7283.457,7184.7878,7392.2278,50.8628,-41.2749,-82.4288,41.1539,157.6182,-6541440,7365.6382,7100.7015,6835.7648,0
FPT.VN,2011-05-12,7097.95,7235.77,7097.95,7235.77,738404,7097.256,7279.3222,7189.6433,7386.0922,50.8628,-33.0363,-72.5503,39.514,156.2041,-6541440,7352.6436,7097.256,6841.8684,0
FPT.VN,2011-05-13,7235.77,7304.68,7235.77,7235.77,1494802,7093.8105,7275.1874,7194.0363,7380.1972,50.8628,-26.205,-63.2812,37.0762,149.9688,-6541440,7339.074,7093.8105,6848.547,0
FPT.VN,2011-05-16,7235.77,7304.68,7097.95,7097.95,1113229,7093.8105,7268.2962,7184.8852,7369.1287,44.171,-31.5484,-56.9347,25.3862,154.0231,-7654669,7339.074,7093.8105,6848.547,0
FPT.VN,2011-05-17,7029.03,7166.86,7029.03,7097.95,747691,7097.2565,7258.6486,7176.6057,7358.4943,44.171,-35.3753,-52.6228,17.2475,152.8665,-7654669,7340.6169,7097.2565,6853.8961,0
FPT.VN,2011-05-18,6891.21,7029.03,6891.21,7029.03,883516,7100.702,7250.379,7162.5508,7345.5741,41.0395,-43.4684,-50.7919,7.3235,156.7146,-8538185,7337.7569,7100.702,6863.6471,1
FPT.VN,2011-05-19,7097.95,7166.86,7029.03,7097.95,747981,7107.5935,7242.1096,7156.3984,7335.8633,45.2217,-43.8158,-49.3967,5.5809,155.3657,-7790204,7335.2686,7107.5935,6879.9184,0
FPT.VN,2011-05-20,7097.95,7097.95,6863.65,6960.12,1614375,7111.728,7232.4618,7137.7052,7321.1283,39.2289,-54.5837,-50.4341,-4.1496,161.0039,-9404579,7324.3072,7111.728,6899.1488,0
FPT.VN,2011-05-23,6891.21,6891.21,6615.56,6615.56,1508080,7084.163,7218.6794,7087.9771,7293.459,28.9133,-89.8843,-58.3242,-31.5602,174.115,-10912659,7389.4148,7084.163,6778.9112,0
FPT.VN,2011-05-24,6408.83,6422.61,6284.78,6284.78,1782633,7046.9505,7199.6596,7011.4821,7253.9029,22.7331,-142.9042,-75.2402,-67.664,185.3054,-12695292,7517.3091,7046.9505,6576.5919,0
FPT.VN,2011-05-25,5995.35,6009.14,5981.57,5981.57,2262229,6994.5775,7173.1974,6913.3953,7204.0075,18.7721,-207.0031,-101.5927,-105.4104,193.7271,-14957521,7664.3351,6994.5775,6324.8199,1
FPT.VN,2011-05-26,5692.14,6271.0,5692.14,6271.0,1836760,6960.1215,7155.2802,6852.2148,7167.419,31.1111,-231.7756,-127.6293,-104.1463,221.2366,-13120761,7704.1313,6960.1215,6216.1117,1
FPT.VN,2011-05-27,6560.43,6560.43,6243.44,6284.78,2389928,6922.909,7134.8822,6798.1734,7132.8057,31.6436,-247.4437,-151.5922,-95.8515,228.0761,-10730833,7724.6187,6922.909,6121.1993,0
FPT.VN,2011-05-30,6312.35,6312.35,6243.44,6243.44,1509096,6883.6295,7113.6574,6745.3416,7097.9286,30.8727,-260.1972,-173.3132,-86.884,216.7071,-12239929,7738.6539,6883.6295,6028.6051,0
FPT.VN,2011-05-31,6243.44,6243.44,6202.09,6243.44,891788,6844.35,7092.4326,6697.5415,7064.4192,30.8727,-267.224,-192.0954,-75.1286,204.1816,-12239929,7742.349,6844.35,5946.351,1
FPT.VN,2011-06-01,5995.35,6546.65,5995.35,6546.65,2980318,6816.785,7075.8938,6683.1708,7044.1146,42.7385,-245.4964,-202.7756,-42.7208,228.9758,-9259611,7715.8519,6816.785,5917.7181,1
FPT.VN,2011-06-02,6739.6,6863.65,6712.04,6863.65,2484251,6805.07,7067.0732,6700.3593,7037.0375,52.0127,-200.3879,-202.298,1.9101,235.2632,-6775360,7694.7682,6805.07,5915.3718,1
FPT.VN,2011-06-03,7029.03,7029.03,6849.86,6960.12,2975457,6794.733,7061.5602,6725.0984,7034.0212,54.4315,-155.0672,-192.8519,37.7846,231.2566,-3799903,7671.4416,6794.733,5918.0244,0
FPT.VN,2011-06-06,6891.21,6960.12,6836.08,6891.21,1991377,6774.0595,7056.0472,6740.9186,7028.4207,52.3997,-123.2895,-178.9394,55.6499,223.5983,-5791280,7619.0633,6774.0595,5929.0557,1
FPT.VN,2011-06-07,6767.17,7166.86,6767.17,7166.86,2059144,6767.1685,7057.4254,6781.4844,7033.8497,58.9935,-74.9983,-158.1512,83.1529,236.1762,-3732136,7596.0465,6767.1685,5938.2905,0
FPT.VN,2011-06-08,7442.51,7442.51,7029.03,7029.03,1940080,6756.8315,7057.4254,6805.0602,7033.6607,54.8985,-47.3036,-135.9817,88.6781,248.8408,-5672216,7566.0261,6756.8315,5947.6369,0
FPT.VN,2011-06-09,6891.21,7029.03,6891.21,7029.03,172538,6746.4945,7057.4254,6826.3907,7033.4791,54.8985,-25.0664,-113.7986,88.7322,240.9107,-5672216,7534.9445,6746.4945,5958.0445,0
FPT.VN,2011-06-10,7029.03,7097.95,6960.12,6960.12,920302,6732.712,7059.0792,6839.1268,7030.6023,52.7743,-12.8555,-93.61,80.7545,233.5478,-6592518,7494.3307,6732.712,5971.0933,0
FPT.VN,2011-06-13,6891.21,6960.12,6891.21,6960.12,927340,6725.8205,7054.9444,6850.65,7027.8383,52.7743,-3.1421,-75.5164,72.3743,221.788,-6592518,7475.9314,6725.8205,5975.7096,0
FPT.VN,2011-06-14,6891.21,7235.77,6891.21,6891.21,1717767,6715.4835,7042.5402,6854.5128,7022.4803,50.5079,-0.9931,-60.6118,59.6186,230.5574,-8310285,7449.5281,6715.4835,5981.4389,0
FPT.VN,2011-06-15,6891.21,6960.12,6877.43,6891.21,2822073,6708.5925,7023.2448,6858.0078,7017.3324,50.5079,0.7018,-48.349,49.0509,219.9955,-8310285,7432.7647,6708.5925,5984.4203,1
FPT.VN,2011-06-16,6822.3,7029.03,6822.3,6960.12,504338,6701.701,7003.9494,6867.7328,7015.0888,52.856,7.5189,-37.1755,44.6943,219.0479,-7805947,7412.7769,6701.701,5990.6251,0
FPT.VN,2011-06-17,7029.03,7097.95,6891.21,6891.21,3420371,6698.2555,6983.2758,6869.9687,7010.2308,50.2866,7.2771,-28.2849,35.562,218.1688,-11226318,7404.7119,6698.2555,5991.7991,0
FPT.VN,2011-06-20,6891.21,6960.12,6822.3,6822.3,713590,6708.5925,6961.224,6865.4288,7002.861,47.7851,1.5077,-22.3264,23.8341,212.4296,-11939908,7416.0036,6708.5925,6001.1814,1
FPT.VN,2011-06-21,6877.43,6960.12,6836.08,6891.21,794200,6738.914,6940.5504,6867.8842,6998.4825,50.4401,2.4673,-17.3677,19.835,207.1003,-11145708,7421.3846,6738.914,6056.4434,1
FPT.VN,2011-06-22,6891.21,6960.12,6877.43,6960.12,1119904,6787.8415,6928.1462,6876.6685,6996.9781,53.0131,8.6882,-12.1565,20.8447,198.2139,-10025804,7375.4097,6787.8415,6200.2733,0
FPT.VN,2011-06-23,6891.21,6960.12,6849.86,6849.86,829244,6816.7845,6919.0498,6874.1153,6991.2088,48.66,4.6674,-8.7917,13.4591,191.9315,-10855048,7351.8379,6816.7845,6281.7311,0
FPT.VN,2011-06-24,6849.86,6891.21,6822.3,6822.3,1116785,6843.6605,6909.4022,6869.1805,6984.5849,47.6077,-0.7345,-7.1803,6.4458,183.1442,-11971833,7316.5899,6843.6605,6370.7311,0
FPT.VN,2011-06-27,6891.21,6891.21,6698.26,6698.26,859137,6866.4015,6901.4084,6852.9024,6973.3565,43.091,-14.8533,-8.7149,-6.1384,183.8446,-12830970,7253.8165,6866.4015,6478.9865,1
FPT.VN,2011-06-28,6698.26,6753.39,6698.26,6753.39,605699,6891.899,6895.8956,6843.425,6964.7303,45.563,-21.3479,-11.2415,-10.1064,174.6507,-12225271,7153.3191,6891.899,6630.4789,0
FPT.VN,2011-06-29,6670.69,6753.39,6629.34,6629.34,1118744,6896.0335,6889.28,6823.036,6951.5778,41.2238,-36.0888,-16.2109,-19.8778,171.0364,-13344015,7136.2158,6896.0335,6655.8512,0
FPT.VN,2011-06-30,6753.39,6753.39,6601.78,6615.56,900640,6883.629,6882.3888,6803.2764,6938.4006,40.7594,-48.3258,-22.6339,-25.6919,169.6488,-14244655,7154.5164,6883.629,6612.7416,0
FPT.VN,2011-07-01,6615.56,6684.47,6422.61,6422.61,1007805,6856.7535,6873.2924,6767.0224,6918.1735,34.8413,-72.7546,-32.6581,-40.0966,176.2353,-15252460,7194.1731,6856.7535,6519.3339,0
FPT.VN,2011-07-04,6422.61,6477.74,6339.91,6339.91,2453342,6829.1885,6856.7534,6726.345,6895.4965,32.6529,-97.662,-45.6588,-52.0031,173.4921,-17705802,7237.4042,6829.1885,6420.9728,0
FPT.VN,2011-07-05,6339.91,6477.74,6326.13,6326.13,1876448,6787.152,6842.6954,6688.2293,6873.1684,32.2889,-117.1626,-59.9596,-57.203,171.9291,-19582250,7221.2863,6787.152,6353.0177,1
FPT.VN,2011-07-06,6339.91,6436.39,6339.91,6436.39,715113,6757.52,6830.8426,6664.2446,6856.0399,38.222,-122.31,-72.4297,-49.8804,167.5241,-18867137,7202.8968,6757.52,6312.1432,0
FPT.VN,2011-07-07,6436.39,6477.74,6408.83,6422.61,667154,6727.199,6820.0924,6641.2318,6839.0426,37.7765,-126.0483,-83.1534,-42.8949,160.4803,-19534291,7177.2919,6727.199,6277.1061,1
FPT.VN,2011-07-08,6422.61,6739.6,6422.61,6684.47,1266323,6713.4165,6813.2012,6645.3497,6832.9809,49.7604,-106.6516,-87.853,-18.7986,171.6595,-18267968,7150.1621,6713.4165,6276.6709,1
FPT.VN,2011-07-11,6684.47,6794.73,6629.34,6698.26,1065415,6700.3235,6806.5858,6650.3888,6827.6978,50.3032,-89.1393,-88.1103,-1.029,171.2117,-17202553,7121.3461,6700.3235,6279.3009,1
FPT.VN,2011-07-12,6698.26,6808.52,6698.26,6794.73,2118786,6695.4995,6801.8998,6664.1356,6826.4049,54.0439,-66.7074,-83.8297,17.1223,166.858,-15083767,7109.4649,6695.4995,6281.5341,1
FPT.VN,2011-07-13,6891.21,6891.21,6836.08,6891.21,2103331,6695.4995,6797.765,6685.7617,6828.9463,57.4902,-40.6759,-75.199,34.523,161.831,-12980436,7109.4649,6695.4995,6281.5341,0
FPT.VN,2011-07-14,6891.21,6891.21,6822.3,6877.43,981540,6691.365,6793.3546,6704.0158,6830.8476,56.8346,-20.9166,-64.3425,43.4259,155.1938,-13961976,7095.7431,6691.365,6286.9869,0
FPT.VN,2011-07-15,6822.3,6822.3,6753.39,6794.73,756180,6686.541,6785.912,6712.6553,6829.4312,52.9335,-11.7945,-53.8329,42.0384,152.9685,-14718156,7083.1075,6686.541,6289.9745,1
FPT.VN,2011-07-18,6767.17,6808.52,6767.17,6808.52,650901,6685.852,6775.9888,6721.7853,6828.6112,53.5066,-3.413,-43.7489,40.3359,144.9958,-14067255,7081.4721,6685.852,6290.2319,1
FPT.VN,2011-07-19,6794.73,6863.65,6794.73,6863.65,884895,6684.474,6767.1682,6735.2962,6829.9853,55.8224,7.5904,-33.481,41.0714,139.5618,-13182360,7077.2642,6684.474,6291.6838,1
FPT.VN,2011-07-20,6877.43,7166.86,6877.43,7166.86,2660273,6694.811,6765.79,6776.3975,6843.196,65.8868,40.3125,-18.7223,59.0348,151.2509,-10522087,7127.0459,6694.811,6262.5761,0
FPT.VN,2011-07-21,7166.86,7166.86,6960.12,7029.03,1152337,6703.7695,6761.6552,6800.4577,6850.4836,59.2761,54.4951,-4.0789,58.5739,155.2145,-11674424,7156.4772,6703.7695,6251.0618,0
FPT.VN,2011-07-22,7029.03,7097.95,6960.12,7029.03,1063311,6714.106,6757.5204,6822.2265,6857.4855,59.2761,64.9857,9.7341,55.2517,153.9727,-11674424,7187.1907,6714.106,6241.0213,1
FPT.VN,2011-07-25,6960.12,7097.95,6960.12,7097.95,1032982,6734.0905,6757.5204,6848.4859,6866.9154,61.5153,77.9622,23.3797,54.5825,152.8197,-10641442,7237.1738,6734.0905,6231.0072,1
FPT.VN,2011-07-26,7097.95,7304.68,7097.95,7235.77,1768267,6758.2095,6760.2768,6885.3701,6881.3803,65.59,98.2348,38.3507,59.884,156.6704,-8873175,7309.1639,6758.2095,6207.2551,1
FPT.VN,2011-07-27,7304.68,7580.33,7304.68,7580.33,3085597,6805.759,6771.3028,6951.5568,6908.7901,73.2232,140.4846,58.7775,81.7071,170.0911,-5787578,7463.6538,6805.759,6147.8642,1
FPT.VN,2011-07-28,7718.16,7855.98,7718.16,7855.98,3901854,6867.78,6786.4634,7037.6923,6945.9348,77.5195,193.9745,85.8169,108.1576,177.631,-1885724,7668.5399,6867.78,6067.0201,1
FPT.VN,2011-07-29,7993.8,7993.8,7787.07,7924.89,7799283,6942.894,6805.7588,7122.1873,6984.3252,78.4504,239.1691,116.4873,122.6818,179.7095,5913559,7843.4483,6942.894,6042.3397,0
FPT.VN,2011-08-01,7787.07,7855.98,7580.33,7649.24,4002998,7008.3605,6826.4324,7172.3828,7010.4003,66.5748,249.8632,143.1625,106.7007,191.4845,1910561,7914.696,7008.3605,6102.025,0
FPT.VN,2011-08-02,7373.59,7649.24,7373.59,7373.59,1200877,7060.7335,6848.2086,7191.5454,7024.643,57.243,233.4052,161.211,72.1941,197.4964,709684,7920.9604,7060.7335,6200.5066,1
FPT.VN,2011-08-03,7304.68,7511.42,7304.68,7511.42,872488,7114.485,6878.8056,7222.0097,7043.7323,60.2437,228.8458,174.738,54.1078,198.1566,1582172,7944.2577,7114.485,6284.7123,1
FPT.VN,2011-08-04,7511.42,7787.07,7511.42,7649.24,915876,7175.8165,6906.3704,7262.6983,7067.4777,63.0372,233.6599,186.5224,47.1375,203.6919,2498048,7970.8702,7175.8165,6380.7628,0
FPT.VN,2011-08-05,7580.33,7649.24,7580.33,7580.33,809799,7220.6095,6932.2814,7292.9489,7087.5896,60.7392,229.2718,195.0723,34.1995,194.0646,1688249,7999.8947,7220.6095,6441.3243,0
FPT.VN,2011-08-08,7442.51,7580.33,7373.59,7373.59,2598019,7254.376,6954.8844,7300.629,7098.8053,54.3388,206.7289,197.4036,9.3253,194.97,-909770,7995.9754,7254.376,6512.7766,0
FPT.VN,2011-08-09,7166.86,7373.59,7097.95,7097.95,3078486,7269.537,6971.9746,7281.3262,7098.7717,47.1978,164.7228,190.8674,-26.1446,200.7321,-3988256,7983.4519,7269.537,6555.6221,1
FPT.VN,2011-08-10,7166.86,7373.59,7166.86,7235.77,3545531,7286.765,6985.757,7276.9876,7104.1442,50.6873,140.9291,180.8798,-39.9507,206.0827,-442725,7978.525,7286.765,6595.005,1
FPT.VN,2011-08-11,7235.77,7442.51,7166.86,7442.51,2293791,7315.019,6997.3342,7292.7516,7117.4135,55.4441,137.1734,172.1385,-34.9651,211.0518,1851066,7982.1041,7315.019,6647.9339,0
FPT.VN,2011-08-12,7442.51,7442.51,7442.51,7442.51,0,7347.408,7006.982,7307.0143,7130.1624,55.4441,132.6676,164.2443,-31.5767,195.9766,1851066,7969.5155,7347.408,6725.3005,0
FPT.VN,2011-08-15,7442.51,7442.51,7304.68,7442.51,1496326,7379.1075,7018.008,7319.9187,7142.4113,55.4441,127.6255,156.9206,-29.295,191.8233,1851066,7947.9256,7379.1075,6810.2894,0
FPT.VN,2011-08-16,7373.59,7511.42,7373.59,7442.51,685003,7408.0505,7023.521,7331.594,7154.1799,55.4441,122.2208,149.9806,-27.7598,187.9666,1851066,7922.7709,7408.0505,6893.3301,1
FPT.VN,2011-08-17,7511.42,7511.42,7442.51,7511.42,923205,7425.2785,7033.1688,7348.7203,7168.1893,57.2911,122.0906,144.4026,-22.312,179.4626,2774271,7928.9549,7425.2785,6921.6021,1
FPT.VN,2011-08-18,7718.16,7718.16,7511.42,7580.33,589881,7452.8435,7044.1948,7370.7784,7184.3517,59.1162,126.0943,140.7409,-14.6466,181.411,3364152,7924.5389,7452.8435,6981.1481,0
FPT.VN,2011-08-19,7649.24,7649.24,7442.51,7442.51,472993,7473.5175,7053.8426,7377.61,7194.4755,54.1336,116.8,135.9527,-19.1528,183.2195,2891159,7901.1916,7473.5175,7045.8434,1
FPT.VN,2011-08-22,7442.51,7580.33,7442.51,7511.42,1172870,7494.191,7064.8686,7390.3538,7206.9047,56.1248,113.6841,131.499,-17.8149,179.9767,4064029,7883.6946,7494.191,7104.6874,0
FPT.VN,2011-08-23,7442.51,7580.33,7442.51,7511.42,1240057,7507.9735,7077.2728,7401.8839,7218.8465,56.1248,109.9474,127.1887,-17.2413,176.9655,4064029,7877.9958,7507.9735,7137.9512,0
FPT.VN,2011-08-24,7511.42,7580.33,7442.51,7511.42,1206682,7504.528,7089.677,7412.3159,7230.32,56.1248,105.7668,122.9043,-17.1375,174.1694,4064029,7872.9935,7504.528,7136.0625,0
FPT.VN,2011-08-25,7649.24,7649.24,7442.51,7511.42,685510,7487.3,7100.703,7421.7544,7241.3435,56.1248,101.286,118.5807,-17.2946,176.4951,4064029,7816.7286,7487.3,7157.8714,1
FPT.VN,2011-08-26,7580.33,7580.33,7511.42,7580.33,1022679,7470.072,7114.4854,7436.8568,7254.6371,58.5456,102.1183,115.2882,-13.1698,168.8105,5086708,7732.337,7470.072,7207.807,1
FPT.VN,2011-08-29,7718.16,7718.16,7511.42,7649.24,820175,7470.072,7131.0242,7457.0838,7270.1117,60.8705,107.1038,113.6513,-6.5475,171.5197,5906883,7732.337,7470.072,7207.807,1
FPT.VN,2011-08-30,7718.16,7718.16,7649.24,7718.16,2063498,7487.3005,7147.5632,7481.9482,7287.6822,63.0996,115.2871,113.9785,1.3086,164.1912,7970381,7767.534,7487.3005,7207.067,0
FPT.VN,2011-08-31,7718.16,7718.16,7649.24,7649.24,3749849,7494.1915,7161.3456,7497.8807,7301.861,59.4523,114.8868,114.1601,0.7267,157.3861,4220532,7783.5517,7494.1915,7204.8313,1
FPT.VN,2011-09-01,7718.16,7787.07,7649.24,7718.16,1756948,7497.6375,7178.7116,7518.8597,7318.1864,61.8284,118.7618,115.0805,3.6814,155.9892,5977480,7796.2654,7497.6375,7199.0096,0
FPT.VN,2011-09-02,7718.16,7718.16,7718.16,7718.16,0,7504.529,7196.6288,7537.8407,7333.8716,61.8284,120.4444,116.1533,4.2912,144.8471,5977480,7817.2222,7504.529,7191.8358,0
FPT.VN,2011-09-05,7787.07,7787.07,7649.24,7718.16,1305721,7521.7575,7217.0268,7555.014,7348.9418,61.8284,120.3901,117.0006,3.3895,144.3459,5977480,7841.954,7521.7575,7201.561,0
FPT.VN,2011-09-06,7718.16,7718.16,7580.33,7718.16,1377697,7552.768,7236.3222,7570.5517,7363.4209,61.8284,118.9756,117.3956,1.5799,143.8805,5977480,7815.0357,7552.768,7290.5003,0
FPT.VN,2011-09-07,7718.16,7718.16,7580.33,7649.24,1556475,7573.4415,7256.7202,7578.0458,7374.6295,57.3111,111.0136,116.1192,-5.1056,143.4483,4421005,7792.0481,7573.4415,7354.8349,1
FPT.VN,2011-09-08,7718.16,7787.07,7649.24,7718.16,1261607,7587.224,7278.7722,7591.39,7388.1013,60.4249,109.0083,114.697,-5.6887,143.047,5682612,7805.8312,7587.224,7368.6168,0
FPT.VN,2011-09-09,7718.16,7718.16,7511.42,7580.33,2214342,7594.115,7301.9266,7590.3367,7395.6397,52.2212,95.2,110.7976,-15.5976,147.5965,3468270,7801.9377,7594.115,7386.2923,0
FPT.VN,2011-09-12,7442.51,7511.42,7304.68,7373.59,1854608,7590.669,7322.6002,7569.6941,7394.775,42.8284,66.8046,101.999,-35.1944,156.7432,1613662,7810.9863,7590.669,7370.3517,0
FPT.VN,2011-09-13,7511.42,7511.42,7235.77,7235.77,6154144,7580.332,7340.793,7537.8918,7388.5395,37.9305,32.8019,88.1596,-55.3577,165.2365,-4540482,7844.8788,7580.332,7315.7852,0
FPT.VN,2011-09-14,7166.86,7166.86,6960.12,6960.12,4355113,7552.767,7351.2676,7482.866,7371.7387,30.4339,-16.2013,67.2874,-83.4887,173.1232,-8895595,7935.8696,7552.767,7169.6644,1
FPT.VN,2011-09-15,7235.77,7304.68,7166.86,7304.68,8407667,7538.9845,7368.909,7465.8959,7369.109,45.0528,-26.9233,48.4453,-75.3685,185.3687,-487928,7937.438,7538.9845,7140.531,0
FPT.VN,2011-09-16,7304.68,7649.24,7097.95,7097.95,10118760,7521.7565,7377.1786,7430.8534,7358.4753,39.6668,-51.5081,28.4546,-79.9627,211.5059,-10606688,7965.0462,7521.7565,7078.4668,1
FPT.VN,2011-09-19,7097.95,7442.51,7097.95,7442.51,2394789,7518.311,7392.0636,7431.9636,7361.7708,50.3259,-42.6965,14.2244,-56.9209,221.0098,-8211899,7963.008,7518.311,7073.614,0
FPT.VN,2011-09-20,7442.51,7511.42,7304.68,7304.68,3917018,7507.974,7402.2626,7419.8413,7359.5319,46.7666,-46.3012,2.1193,-48.4205,219.9905,-12128917,7962.8405,7507.974,7053.1075,1
FPT.VN,2011-09-21,7373.59,7442.51,7304.68,7373.59,3785256,7501.0825,7411.9102,7415.4364,7360.0832,48.7193,-43.1007,-6.9247,-36.176,214.1219,-8343661,7959.8886,7501.0825,7042.2764,0
FPT.VN,2011-09-22,7304.68,7442.51,7235.77,7373.59,1758762,7494.191,7421.8334,7411.451,7360.6129,48.7193,-40.102,-13.5602,-26.5418,213.5946,-8343661,7956.4707,7494.191,7031.9113,0
FPT.VN,2011-09-23,7235.77,7304.68,7166.86,7235.77,1135504,7476.963,7430.6542,7394.7195,7355.7171,44.899,-48.2897,-20.5061,-27.7837,213.1043,-9479165,7951.2519,7476.963,7002.6741,0
FPT.VN,2011-09-26,7166.86,7235.77,7097.95,7097.95,2127855,7449.3985,7436.4428,7366.4558,7345.6086,41.4027,-65.1485,-29.4346,-35.714,207.7269,-11607020,7945.125,7449.3985,6953.672,0
FPT.VN,2011-09-27,7097.95,7166.86,7029.03,7029.03,2155354,7414.942,7439.7504,7334.32,7333.1937,39.7363,-83.1125,-40.1702,-42.9423,202.7342,-13762374,7927.5247,7414.942,6902.3593,1
FPT.VN,2011-09-28,7097.95,7166.86,7029.03,7097.95,888232,7387.3775,7438.3722,7311.8085,7323.9685,42.2399,-90.7417,-50.2845,-40.4572,198.0982,-12874142,7906.1639,7387.3775,6868.5911,0
FPT.VN,2011-09-29,7097.95,7166.86,7029.03,7097.95,1247241,7356.367,7439.7506,7291.4411,7315.105,42.2399,-95.6849,-59.3646,-36.3204,193.7933,-12874142,7865.9654,7356.367,6846.7686,0
FPT.VN,2011-09-30,7097.95,7166.86,7029.03,7097.95,2198017,7325.3565,7441.129,7273.0133,7306.5891,42.2399,-98.4674,-67.1851,-31.2823,189.796,-12874142,7817.4374,7325.3565,6833.2756,0
FPT.VN,2011-10-03,7097.95,7097.95,7029.03,7029.03,1273578,7290.9,7439.7506,7249.7768,7295.7045,40.1563,-105.0232,-74.7527,-30.2704,181.162,-14147720,7763.2852,7290.9,6818.5148,0
FPT.VN,2011-10-04,6891.21,7029.03,6891.21,7029.03,1334671,7256.4435,7435.6158,7228.7533,7285.2466,40.1563,-108.9626,-81.5947,-27.3679,178.0661,-14147720,7697.0727,7256.4435,6815.8143,0
FPT.VN,2011-10-05,7029.03,7029.03,6891.21,6960.12,4477297,7221.9875,7423.2116,7203.1692,7272.4966,37.9836,-116.3044,-88.5367,-27.7678,175.1914,-18625017,7640.5077,7221.9875,6803.4673,0
FPT.VN,2011-10-06,6891.21,6960.12,6836.08,6891.21,3946113,7180.64,7403.9162,7173.4588,7257.5442,35.8922,-126.2282,-96.075,-30.1533,171.5377,-22571130,7553.6901,7180.64,6807.5899,0
FPT.VN,2011-10-07,6877.43,6877.43,6794.73,6822.3,2429979,7142.7385,7381.8644,7140.0151,7240.4758,33.8831,-138.0619,-104.4724,-33.5895,166.1764,-25001109,7498.4336,7142.7385,6787.0434,0
FPT.VN,2011-10-10,6698.26,6767.17,6698.26,6753.39,1748749,7111.7285,7363.9474,7103.1937,7221.3744,31.9567,-151.257,-113.8293,-37.4277,163.1667,-26749858,7490.0998,7111.7285,6733.3572,0
FPT.VN,2011-10-11,6753.39,6753.39,6753.39,6753.39,0,7087.6095,7351.5434,7069.879,7203.022,31.9567,-159.8714,-123.0377,-36.8337,151.5119,-26749858,7493.2068,7087.6095,6682.0122,0
FPT.VN,2011-10-12,6739.6,6767.17,6725.82,6739.6,1624533,7076.5835,7336.107,7038.4239,7184.8486,31.5406,-165.8987,-131.6099,-34.2888,143.6432,-28374391,7507.9446,7076.5835,6645.2224,1
FPT.VN,2011-10-13,6698.26,6808.52,6698.26,6808.52,1324368,7051.7755,7319.2926,7016.5283,7170.0906,36.0249,-163.2324,-137.9344,-25.298,141.2587,-27050023,7484.9681,7051.7755,6618.5829,1
FPT.VN,2011-10-14,6822.3,6891.21,6822.3,6891.21,1145299,7041.4385,7305.5102,7004.5932,7159.1541,41.017,-152.6869,-140.8849,-11.802,137.0752,-25904724,7479.8273,7041.4385,6603.0497,0
FPT.VN,2011-10-17,6808.52,6849.86,6794.73,6794.73,2215721,7009.0495,7293.933,6984.6062,7144.863,37.3544,-150.3812,-142.7842,-7.597,134.1756,-28120445,7417.3588,7009.0495,6600.7402,0
FPT.VN,2011-10-18,6767.17,6780.95,6739.6,6753.39,1150668,6981.485,7287.0418,6962.5856,7129.5111,35.8762,-150.1587,-144.2591,-5.8996,128.5295,-29271113,7380.0803,6981.485,6582.8897,0
FPT.VN,2011-10-19,6767.17,6767.17,6712.04,6725.82,2017062,6949.0965,7276.8428,6940.0365,7113.6801,34.8847,-150.4725,-145.5018,-4.9708,123.2866,-31288175,7317.6812,6949.0965,6580.5118,0
FPT.VN,2011-10-20,6684.47,6739.6,6684.47,6712.04,1343958,6916.019,7262.2334,6918.3226,7097.9295,34.3734,-150.1029,-146.422,-3.6809,118.4183,-32632133,7240.2763,6916.019,6591.7617,1
FPT.VN,2011-10-21,6698.26,6836.08,6684.47,6836.08,3179412,6896.0345,7250.1048,6910.4899,7087.6609,42.5381,-138.2077,-144.7791,6.5714,120.7891,-29452721,7184.621,6896.0345,6607.448,0
FPT.VN,2011-10-24,6836.08,6836.08,6656.91,6656.91,1608063,6873.9825,7234.3928,6886.3395,7070.7687,35.6406,-141.6059,-144.1445,2.5386,124.9592,-31060784,7164.9971,6873.9825,6582.9679,0
FPT.VN,2011-10-25,6629.34,6643.13,6574.21,6574.21,1760068,6851.2415,7217.0268,6856.6129,7051.2958,32.9822,-149.2518,-145.166,-4.0858,121.9407,-32820852,7161.6761,6851.2415,6540.8069,1
FPT.VN,2011-10-26,6546.65,6794.73,6546.65,6684.47,1997472,6830.5675,7200.4878,6840.2183,7036.9105,39.4652,-144.7455,-145.0819,0.3363,130.9506,-30823380,7126.5601,6830.5675,6534.5749,0
FPT.VN,2011-10-27,6615.56,6698.26,6615.56,6684.47,1754263,6809.8935,7182.5706,6825.3851,7023.0893,39.4652,-139.5655,-143.9786,4.4131,127.5042,-30823380,7084.2187,6809.8935,6535.5683,1
FPT.VN,2011-10-28,6753.39,6891.21,6684.47,6891.21,2141351,6799.5565,7171.5446,6831.6542,7017.9176,49.9862,-117.4245,-138.6678,21.2433,133.1639,-28682029,7041.8945,6799.5565,6557.2185,0
FPT.VN,2011-10-31,7029.03,7029.03,6822.3,6822.3,2973498,6789.22,7157.7622,6830.7633,7010.2463,47.0508,-104.2365,-131.7815,27.5451,138.4186,-31655527,7006.7076,6789.22,6571.7324,0
FPT.VN,2011-11-01,6836.08,6836.08,6767.17,6767.17,1269080,6776.127,7142.8772,6824.7068,7000.7139,44.785,-97.1139,-124.848,27.7341,133.4537,-32924607,6962.0686,6776.127,6590.1854,1
FPT.VN,2011-11-02,6767.17,6877.43,6753.39,6849.86,2252942,6770.614,7129.646,6827.1023,6994.798,48.7701,-83.8305,-116.6445,32.814,132.7813,-30671665,6939.3262,6770.614,6601.9018,0
FPT.VN,2011-11-03,6849.86,6849.86,6753.39,6794.73,1710802,6765.79,7115.3122,6824.0193,6986.9522,46.3673,-76.8658,-108.6888,31.823,130.1876,-32382467,6925.2469,6765.79,6606.3331,1
FPT.VN,2011-11-04,6794.73,6891.21,6794.73,6877.43,2605420,6768.5465,7101.2542,6829.106,6982.6572,50.3212,-63.936,-99.7382,35.8022,127.7799,-29777047,6933.9131,6768.5465,6603.1799,0
FPT.VN,2011-11-07,6877.43,6891.21,6822.3,6863.65,2196784,6774.0595,7085.5424,6832.3959,6977.9903,49.6642,-54.1764,-90.6258,36.4494,123.5749,-31973831,6944.5702,6774.0595,6603.5488,0
FPT.VN,2011-11-08,6863.65,6863.65,6725.82,6753.39,781793,6774.0595,7066.247,6824.8715,6969.1824,44.6418,-54.7083,-83.4423,28.734,124.5932,-32755624,6944.5702,6774.0595,6603.5488,0
FPT.VN,2011-11-09,6808.52,6808.52,6725.82,6725.82,816765,6773.3705,7047.7786,6815.438,6959.6388,43.4583,-56.7009,-78.0941,21.3931,121.6008,-33572389,6944.5775,6773.3705,6602.1635,0
FPT.VN,2011-11-10,6698.26,6725.82,6684.47,6725.82,1250288,6769.2355,7027.9318,6806.903,6950.4694,43.4583,-57.6159,-73.9984,16.3825,115.8686,-33572389,6940.8623,6769.2355,6597.6087,0
FPT.VN,2011-11-11,6712.04,6739.6,6698.26,6698.26,1637158,6759.588,7007.5338,6796.556,6940.5789,42.1625,-59.8747,-71.1737,11.299,110.5451,-35209547,6923.8811,6759.588,6595.2949,0
FPT.VN,2011-11-14,6601.78,6684.47,6601.78,6615.56,865305,6750.6295,6985.4818,6779.3183,6927.833,38.4569,-67.5593,-70.4508,2.8916,109.5405,-36074852,6926.019,6750.6295,6575.24,0
FPT.VN,2011-11-15,6615.56,6629.34,6546.65,6546.65,1984847,6740.2925,6962.0516,6757.1594,6912.8847,35.6456,-78.3071,-72.0221,-6.285,107.6226,-38059699,6937.9525,6740.2925,6542.6325,1
FPT.VN,2011-11-16,6519.08,6615.56,6519.08,6615.56,1273433,6734.7795,6941.378,6743.6738,6901.2249,40.3422,-80.3383,-73.6853,-6.653,106.8267,-36786266,6940.1397,6734.7795,6529.4193,1
FPT.VN,2011-11-17,6615.56,6643.13,6574.21,6643.13,1727998,6731.334,6919.8774,6734.0982,6891.1035,42.1609,-78.8148,-74.7112,-4.1036,104.1191,-35058268,6940.5762,6731.334,6522.0918,0
FPT.VN,2011-11-18,6684.47,6684.47,6588.0,6643.13,534231,6721.6865,6901.1334,6725.4345,6881.3791,42.1609,-76.723,-75.1136,-1.6095,103.5727,-35058268,6928.371,6721.6865,6515.002,0
FPT.VN,2011-11-21,6601.78,6643.13,6601.78,6643.13,682028,6720.9975,6886.5242,6717.596,6872.036,42.1609,-74.2098,-74.9328,0.723,99.1282,-35058268,6928.6806,6720.9975,6513.3144,0
FPT.VN,2011-11-22,6643.13,6643.13,6643.13,6643.13,0,6724.4435,6874.6714,6710.504,6863.0593,42.1609,-71.3951,-74.2253,2.8302,92.0476,-35058268,6923.9997,6724.4435,6524.8873,1
FPT.VN,2011-11-23,6656.91,6767.17,6656.91,6767.17,2132354,6728.5785,6870.8124,6715.9008,6859.2989,51.1693,-58.4813,-71.0765,12.5952,94.3328,-32925914,6928.0744,6728.5785,6529.0826,0
FPT.VN,2011-11-24,6656.91,6780.95,6656.91,6767.17,1383138,6732.7135,6860.0622,6720.7836,6855.686,51.1693,-47.6972,-66.4006,18.7034,96.4547,-32925914,6931.7877,6732.7135,6533.6393,0
FPT.VN,2011-11-25,6712.04,6767.17,6712.04,6753.39,1587094,6725.8225,6853.171,6723.8889,6851.6744,50.1627,-39.8038,-61.0813,21.2775,93.503,-34513008,6910.8413,6725.8225,6540.8037,0
FPT.VN,2011-11-28,6753.39,6753.39,6753.39,6753.39,0,6722.377,6839.3886,6726.6986,6847.8201,50.1627,-33.1659,-55.4982,22.3323,86.8242,-34513008,6902.3281,6722.377,6542.4259,0
FPT.VN,2011-11-29,6753.39,6753.39,6712.04,6725.82,1237591,6720.3095,6827.8114,6726.6149,6843.0358,47.9729,-29.7866,-50.3559,20.5692,83.576,-35750599,6899.0397,6720.3095,6541.5793,1
FPT.VN,2011-11-30,6725.82,6780.95,6725.82,6767.17,2514797,6716.175,6815.683,6730.4773,6840.0607,51.3997,-23.501,-44.9849,21.4839,81.5442,-33235802,6885.885,6716.175,6546.465,1
FPT.VN,2011-12-01,6684.47,6780.95,6684.47,6780.95,1062803,6715.486,6803.8302,6735.2842,6837.7426,52.522,-17.2094,-39.4298,22.2204,82.611,-32172999,6883.9606,6715.486,6547.0114,1
FPT.VN,2011-12-02,6780.95,6849.86,6767.17,6794.73,3107001,6711.351,6795.0094,6740.9457,6836.0558,53.6741,-10.9846,-33.7408,22.7562,82.6167,-29065998,6866.6329,6711.351,6556.0691,1
FPT.VN,2011-12-05,6808.52,6891.21,6794.73,6891.21,3089878,6712.729,6790.8746,6755.2566,6838.2187,60.8391,1.714,-26.6498,28.3638,83.6069,-25976120,6874.0724,6712.729,6551.3856,0
FPT.VN,2011-12-06,6960.12,6960.12,6836.08,6891.21,2068432,6719.62,6788.1182,6768.2045,6840.2968,60.8391,11.6434,-18.9912,30.6346,86.495,-25976120,6899.036,6719.62,6540.204,0
FPT.VN,2011-12-07,6891.21,6960.12,6863.65,6891.21,1647025,6727.8895,6783.9834,6779.9193,6842.2934,60.8391,19.2902,-11.3349,30.6251,87.2075,-25976120,6923.0628,6727.8895,6532.7162,0
FPT.VN,2011-12-08,6891.21,6960.12,6863.65,6863.65,325994,6734.781,6779.2974,6787.8937,6843.1309,57.6575,22.863,-4.4953,27.3583,87.8691,-26302114,6939.1629,6734.781,6530.3991,0
FPT.VN,2011-12-09,6960.12,6960.12,6822.3,6822.3,532997,6740.983,6773.7844,6791.1705,6842.314,53.1652,22.103,0.8243,21.2787,91.437,-26835111,6948.2069,6740.983,6533.7591,0
FPT.VN,2011-12-12,6780.95,6849.86,6780.95,6822.3,1689180,6751.32,6769.6498,6794.1352,6841.5292,53.1652,21.2557,4.9106,16.3451,89.8279,-26835111,6952.7453,6751.32,6549.8947,0
FPT.VN,2011-12-13,6780.95,6836.08,6780.95,6808.52,1759197,6764.4135,6765.2396,6795.5052,6840.2347,51.611,19.2504,7.7786,11.4718,87.3495,-28594308,6942.5152,6764.4135,6586.3118,0
FPT.VN,2011-12-14,6780.95,6808.52,6753.39,6753.39,1561481,6771.305,6761.105,6791.4942,6836.829,45.8378,13.062,8.8353,4.2268,85.0481,-30155789,6935.2596,6771.305,6607.3504,0
FPT.VN,2011-12-15,6698.26,6739.6,6684.47,6698.26,675280,6774.0615,6757.246,6782.6148,6831.3949,40.9096,3.6669,7.8016,-4.1347,83.8961,-30831069,6930.63,6774.0615,6617.493,1
FPT.VN,2011-12-16,6643.13,6822.3,6643.13,6753.39,1235994,6779.5745,6755.8678,6779.8315,6828.3359,47.0414,0.6621,6.3737,-5.7116,90.7014,-29595075,6924.0273,6779.5745,6635.1217,1
FPT.VN,2011-12-19,6753.39,6822.3,6753.39,6822.3,975663,6788.533,6757.246,6783.8761,6828.0992,53.5322,3.7975,5.8585,-2.061,89.1449,-28619412,6918.8926,6788.533,6658.1734,0
FPT.VN,2011-12-20,6615.56,6836.08,6615.56,6822.3,1183391,6797.4915,6758.6242,6787.5355,6827.8718,53.5322,6.2107,5.9289,0.2818,98.5288,-28619412,6909.0477,6797.4915,6685.9353,0
FPT.VN,2011-12-21,6822.3,6836.08,6794.73,6822.3,644226,6800.248,6760.2782,6790.8464,6827.6533,53.5322,8.0306,6.3493,1.6814,94.4446,-28619412,6911.3732,6800.248,6689.1228,0
FPT.VN,2011-12-22,6822.3,6849.86,6753.39,6822.3,1414918,6803.0045,6760.5538,6793.842,6827.4434,53.5322,9.365,6.9524,2.4126,94.5893,-28619412,6913.4076,6803.0045,6692.6014,0
FPT.VN,2011-12-23,6698.26,6753.39,6698.26,6753.39,180084,6803.0045,6757.7974,6789.9894,6824.5393,45.9561,4.8066,6.5232,-1.7167,96.6929,-28799496,6913.4076,6803.0045,6692.6014,0
FPT.VN,2011-12-26,6780.95,6780.95,6684.47,6739.6,790572,6802.315,6756.6948,6785.1904,6821.2084,44.5959,0.0804,5.2347,-5.1543,96.6777,-29590068,6914.1853,6802.315,6690.4447,0
FPT.VN,2011-12-27,6739.6,6739.6,6684.47,6698.26,1013972,6800.937,6755.5922,6776.9113,6816.3869,40.7064,-6.9212,2.8035,-9.7247,93.71,-30604040,6917.361,6800.937,6684.513,1
FPT.VN,2011-12-28,6725.82,6725.82,6670.69,6712.04,709599,6798.1805,6755.3166,6770.7331,6812.2948,42.5064,-11.2287,-0.0029,-11.2257,90.9543,-29894441,6920.4352,6798.1805,6675.9258,1
FPT.VN,2011-12-29,6753.39,6822.3,6643.13,6822.3,1022752,6800.248,6757.5218,6775.6442,6812.6872,54.428,-5.6798,-1.1383,-4.5415,97.2554,-28871689,6922.6743,6800.248,6677.8217,1
FPT.VN,2011-12-30,6877.43,6877.43,6753.39,6849.86,1183899,6803.0045,6757.7974,6782.7124,6814.1449,56.8371,0.9309,-0.7245,1.6553,99.1686,-27687790,6927.3748,6803.0045,6678.6342,0
FPT.VN,2012-01-02,6849.86,6849.86,6849.86,6849.86,0,6800.937,6761.6564,6789.1074,6815.5455,56.8371,6.0995,0.6403,5.4592,92.0851,-27687790,6920.4118,6800.937,6681.4622,0
FPT.VN,2012-01-03,6546.65,6808.52,6546.65,6780.95,542792,6795.424,6765.7912,6788.3305,6814.1888,49.2822,4.5825,1.4287,3.1537,107.1655,-28230582,6907.2933,6795.424,6683.5547,0
FPT.VN,2012-01-04,6794.73,6794.73,6767.17,6780.95,215564,6789.911,6767.7208,6787.6276,6812.8854,49.2822,3.3416,1.8113,1.5303,101.4794,-28230582,6892.3771,6789.911,6687.4449,0
FPT.VN,2012-01-05,6656.91,6739.6,6629.34,6643.13,470817,6778.885,6766.894,6773.8659,6806.2283,37.6683,-8.6628,-0.2835,-8.3793,105.0601,-28701399,6894.5501,6778.885,6663.2199,1
FPT.VN,2012-01-06,6684.47,6698.26,6656.91,6698.26,479523,6772.683,6763.035,6766.6654,6801.9942,43.413,-13.5714,-2.9411,-10.6303,101.4937,-28221876,6891.797,6772.683,6653.569,1
FPT.VN,2012-01-09,6698.26,6725.82,6643.13,6725.82,334338,6767.859,6761.1054,6762.7753,6799.007,46.0879,-15.064,-5.3657,-9.6983,100.1506,-27887538,6886.3251,6767.859,6649.3929,1
FPT.VN,2012-01-10,6684.47,6822.3,6684.47,6822.3,1453663,6768.548,6762.208,6768.4444,6799.9205,54.2426,-8.3653,-5.9656,-2.3997,102.842,-26433875,6888.1646,6768.548,6648.9314,0
FPT.VN,2012-01-11,6822.3,6836.08,6753.39,6822.3,1128756,6771.9935,6761.6568,6773.5735,6800.7981,54.2426,-3.0218,-5.3768,2.3551,101.4025,-26433875,6893.7228,6771.9935,6650.2642,0
FPT.VN,2012-01-12,6725.82,6822.3,6725.82,6767.17,336007,6775.439,6761.1056,6772.9636,6799.4793,49.3007,-3.1986,-4.9412,1.7426,101.0509,-26769882,6892.1797,6775.439,6658.6983,1
FPT.VN,2012-01-13,6753.39,6891.21,6753.39,6891.21,1107425,6782.33,6761.3812,6784.2252,6803.0766,58.4689,6.5942,-2.6341,9.2283,103.6773,-25662457,6909.4039,6782.33,6655.2561,1
FPT.VN,2012-01-16,6891.21,7097.95,6891.21,7029.03,3313278,6792.6665,6764.6888,6807.5399,6811.9375,65.8568,25.1857,2.9299,22.2559,111.0389,-22349179,6960.5188,6792.6665,6624.8142,0
FPT.VN,2012-01-17,6960.12,7029.03,6822.3,6822.3,540108,6792.6665,6766.067,6808.9456,6812.3439,51.1565,22.9734,6.9386,16.0348,117.874,-22889287,6960.5188,6792.6665,6624.8142,0
FPT.VN,2012-01-18,6822.3,6822.3,6822.3,6822.3,0,6792.6665,6767.9966,6810.2175,6812.7343,51.1565,20.9783,9.7465,11.2318,109.4544,-22889287,6960.5188,6792.6665,6624.8142,1
FPT.VN,2012-01-19,6960.12,6960.12,6822.3,6849.86,636753,6794.0445,6770.4774,6813.993,6814.1903,52.786,21.3746,12.0721,9.3025,111.4805,-22252534,6963.3672,6794.0445,6624.7218,0
FPT.VN,2012-01-20,6877.43,6877.43,6822.3,6849.86,515511,6798.868,6773.5094,6817.4089,6815.5891,52.786,21.4416,13.946,7.4955,107.4555,-22252534,6968.8095,6798.868,6628.9265,0
FPT.VN,2012-01-23,6849.86,6849.86,6849.86,6849.86,0,6804.381,6778.1954,6820.4995,6816.933,52.786,21.2497,15.4067,5.8429,99.7801,-22252534,6973.3782,6804.381,6635.3838,0
FPT.VN,2012-01-24,6849.86,6849.86,6849.86,6849.86,0,6811.961,6784.2596,6823.2957,6818.2243,52.786,20.8571,16.4968,4.3603,92.6529,-22252534,6974.3885,6811.961,6649.5335,0
FPT.VN,2012-01-25,6849.86,6849.86,6849.86,6849.86,0,6818.852,6788.9456,6825.8256,6819.4649,52.786,20.3119,17.2598,3.0521,86.0349,-22252534,6975.0032,6818.852,6662.7008,0
FPT.VN,2012-01-26,6849.86,6849.86,6849.86,6849.86,0,6820.23,6793.0802,6828.1146,6820.6569,52.786,19.6533,17.7385,1.9147,79.8895,-22252534,6976.9945,6820.23,6663.4655,0
FPT.VN,2012-01-27,6849.86,6849.86,6849.86,6849.86,0,6820.23,6797.2148,6830.1856,6821.8021,52.786,18.9133,17.9735,0.9398,74.1831,-22252534,6976.9945,6820.23,6663.4655,1
FPT.VN,2012-01-30,6891.21,6891.21,6849.86,6891.21,236097,6822.2975,6802.1764,6835.9975,6824.524,56.4481,21.4166,18.6621,2.7545,71.8379,-22016437,6981.7746,6822.2975,6662.8204,0
FPT.VN,2012-01-31,6891.21,7029.03,6849.86,6849.86,304300,6825.743,6806.311,6837.3177,6825.5175,52.0965,19.8352,18.8967,0.9385,79.5045,-22320737,6984.4345,6825.743,6667.0515,1
FPT.VN,2012-02-01,7029.03,7029.03,6863.65,6960.12,322947,6834.7015,6810.17,6849.0132,6830.7961,60.779,27.1658,20.5505,6.6153,86.6235,-21997790,7002.702,6834.7015,6666.701,1
FPT.VN,2012-02-02,6891.21,7029.03,6891.21,7029.03,605046,6853.9965,6815.4072,6866.1576,6838.5699,65.0434,38.0967,24.0598,14.0369,90.2804,-21392744,7017.9495,6853.9965,6690.0435,0
FPT.VN,2012-02-03,7029.03,7029.03,6960.12,6960.12,1322191,6867.0895,6819.5418,6875.1064,6843.3366,58.2257,40.7296,27.3937,13.3358,88.7539,-22714935,7020.1376,6867.0895,6714.0414,0
FPT.VN,2012-02-06,6960.12,7029.03,6891.21,6960.12,295811,6878.8045,6823.6764,6883.2029,6847.9163,58.2257,42.3282,30.3806,11.9476,92.2586,-22714935,7021.8653,6878.8045,6735.7437,0
FPT.VN,2012-02-07,6960.12,7029.03,6891.21,6960.12,543518,6885.6955,6828.3624,6890.5284,6852.3165,58.2257,43.0983,32.9242,10.1741,95.513,-22714935,7030.5621,6885.6955,6740.8289,1
FPT.VN,2012-02-08,7029.03,7097.95,6960.12,7097.95,1220032,6899.478,6834.978,6910.2828,6861.9492,66.8944,54.2055,37.1804,17.0251,98.5356,-21494903,7069.2574,6899.478,6729.6986,1
FPT.VN,2012-02-09,7097.95,7166.86,7029.03,7166.86,1115769,6919.4625,6842.6962,6934.7187,6873.9065,70.2215,67.7871,43.3018,24.4853,101.3424,-20379134,7115.7003,6919.4625,6723.2247,0
FPT.VN,2012-02-10,7166.86,7166.86,7097.95,7097.95,1415281,6929.7995,6848.7606,6950.2646,6882.6925,63.3636,72.1583,49.0731,23.0853,99.0258,-21794415,7140.9824,6929.7995,6718.6166,0
FPT.VN,2012-02-13,7166.86,7166.86,7029.03,7029.03,826197,6929.7995,6851.517,6957.766,6888.4312,57.3328,69.2629,53.111,16.1519,101.7975,-22620612,7140.9824,6929.7995,6718.6166,0
FPT.VN,2012-02-14,7029.03,7097.95,6960.12,7029.03,883661,6940.136,6854.2734,6964.5531,6893.9449,57.3328,66.2051,55.7298,10.4752,104.3713,-22620612,7149.393,6940.136,6730.879,0
FPT.VN,2012-02-15,7097.95,7097.95,7029.03,7029.03,1084860,6950.4725,6857.0298,6970.6937,6899.2423,57.3328,63.0548,57.1948,5.86,101.839,-22620612,7155.6042,6950.4725,6745.3408,1
FPT.VN,2012-02-16,6960.12,7166.86,6960.12,7097.95,686309,6962.877,6861.7158,6982.8134,6907.0348,61.866,65.3661,58.8291,6.537,109.332,-21934303,7172.3498,6962.877,6753.4042,1
FPT.VN,2012-02-17,7029.03,7166.86,7029.03,7166.86,745442,6978.727,6868.607,7000.3416,6917.224,65.7807,71.929,61.4491,10.4799,111.3675,-21188861,7199.842,6978.727,6757.612,1
FPT.VN,2012-02-20,7166.86,7442.51,7166.86,7442.51,2059580,7008.3595,6881.0112,7042.4529,6937.8235,76.2733,98.2404,68.8073,29.4331,123.102,-19129281,7303.2859,7008.3595,6713.4331,0
FPT.VN,2012-02-21,7442.51,7511.42,7373.59,7442.51,2383543,7037.992,6893.691,7080.5536,6957.6151,76.2733,117.7352,78.5929,39.1423,124.154,-19129281,7381.0327,7037.992,6694.9513,1
FPT.VN,2012-02-22,7511.42,7580.33,7442.51,7511.42,1128031,7071.07,6908.8516,7121.5885,6979.3329,78.2104,137.1643,90.3072,46.8571,125.1301,-18001250,7461.9725,7071.07,6680.1675,0
FPT.VN,2012-02-23,7442.51,7580.33,7442.51,7511.42,1249272,7104.148,6925.1148,7158.7153,7000.1991,78.2104,150.8233,102.4104,48.4129,126.0366,-18001250,7526.8994,7104.148,6681.3966,0
FPT.VN,2012-02-24,7649.24,7649.24,7511.42,7511.42,1073686,7137.226,6940.2754,7192.3062,7020.247,78.2104,159.8061,113.8895,45.9166,126.8782,-18001250,7579.2879,7137.226,6695.1641,1
FPT.VN,2012-02-27,7442.51,7580.33,7442.51,7580.33,1023622,7171.682,6955.436,7229.2609,7042.211,80.2267,170.5198,125.2156,45.3042,127.6598,-16977628,7639.6703,7171.682,6703.6937,0
FPT.VN,2012-02-28,7442.51,7580.33,7442.51,7511.42,1248329,7204.76,6969.2184,7256.1332,7060.6114,72.9564,171.4735,134.4672,37.0063,128.3855,-18225957,7670.4867,7204.76,6739.0333,1
FPT.VN,2012-02-29,7511.42,7580.33,7442.51,7580.33,1106699,7235.7705,6984.379,7287.0091,7080.9925,75.361,175.7636,142.7265,33.0371,129.0594,-17119258,7715.2993,7235.7705,6756.2417,0
FPT.VN,2012-03-01,7580.33,7580.33,7511.42,7580.33,661277,7263.3355,6999.5396,7314.9444,7100.5744,75.361,177.1218,149.6055,27.5162,124.763,-17119258,7756.0264,7263.3355,6770.6446,1
FPT.VN,2012-03-02,7580.33,7649.24,7511.42,7649.24,1207407,7297.7915,7017.4566,7346.7821,7122.0907,77.6643,181.6645,156.0173,25.6472,125.6957,-15911851,7797.5333,7297.7915,6798.0497,1
FPT.VN,2012-03-05,7718.16,7993.8,7718.16,7993.8,3100326,7349.4755,7042.5406,7408.4028,7156.2753,85.1429,210.6396,166.9418,43.6978,141.3288,-12811525,7912.0363,7349.4755,6786.9147,0
FPT.VN,2012-03-06,7993.8,7993.8,7993.8,7993.8,0,7401.1595,7068.4514,7464.1549,7189.1194,85.1429,230.9405,179.7415,51.199,131.2339,-12811525,8001.7533,7401.1595,6800.5657,0
FPT.VN,2012-03-07,7718.16,7924.89,7649.24,7924.89,1384154,7442.5065,7092.7084,7508.0345,7217.9732,79.0071,238.7168,191.5366,47.1802,146.4715,-14195679,8068.5303,7442.5065,6816.4827,0
FPT.VN,2012-03-08,7855.98,7924.89,7649.24,7787.07,2321653,7473.517,7112.0038,7534.6093,7240.2907,68.3915,231.0948,199.4482,31.6466,155.6985,-16517332,8103.4815,7473.517,6843.5525,0
FPT.VN,2012-03-09,7718.16,7924.89,7718.16,7787.07,1368700,7507.973,7130.748,7558.6532,7261.733,68.3915,222.4895,204.0565,18.4331,159.3436,-16517332,8126.7295,7507.973,6889.2165,0
FPT.VN,2012-03-12,7718.16,7787.07,7718.16,7787.07,1106917,7545.875,7149.4922,7580.4071,7282.3345,68.3915,213.2121,205.8876,7.3245,152.8841,-16517332,8133.1722,7545.875,6958.5778,1
FPT.VN,2012-03-13,7787.07,7855.98,7787.07,7855.98,749432,7587.2225,7170.9928,7606.6522,7304.8304,70.8384,209.0107,206.5122,2.4985,146.8859,-15767900,8136.5196,7587.2225,7037.9254,0
FPT.VN,2012-03-14,7855.98,7924.89,7787.07,7855.98,987780,7628.57,7192.4934,7630.3977,7326.4441,70.8384,203.3371,205.8772,-2.5401,146.2384,-15767900,8122.6751,7628.57,7134.4649,1
FPT.VN,2012-03-15,7855.98,8131.63,7855.98,8131.63,3128840,7680.254,7222.2634,7678.1341,7358.02,78.5439,218.564,208.4146,10.1494,155.4821,-12639060,8156.589,7680.254,7203.919,0
FPT.VN,2012-03-16,8200.54,8269.45,8131.63,8131.63,2089328,7728.4925,7250.9308,7721.3242,7388.3577,78.5439,228.0031,212.3323,15.6708,154.2205,-12639060,8180.7102,7728.4925,7276.2748,0
FPT.VN,2012-03-19,7993.8,8131.63,7924.89,8131.63,663018,7762.9485,7279.047,7760.4009,7417.5056,78.5439,232.8001,216.4258,16.3743,157.9719,-12639060,8228.2427,7762.9485,7297.6543,0
FPT.VN,2012-03-20,8131.63,8131.63,8062.72,8062.72,684277,7793.959,7303.8554,7789.1932,7442.8081,72.5577,228.4083,218.8223,9.586,151.6103,-13323337,8251.9449,7793.959,7335.9731,0
FPT.VN,2012-03-21,8062.72,8131.63,7993.8,8062.72,1053951,7821.524,7328.6638,7815.2434,7467.1184,72.5577,222.3645,219.5308,2.8338,150.626,-13323337,8274.241,7821.524,7368.807,0
FPT.VN,2012-03-22,8062.72,8062.72,7924.89,7924.89,653368,7842.1975,7351.8182,7825.6859,7485.0702,61.657,204.1003,216.4447,-12.3444,149.712,-13976705,8272.4967,7842.1975,7411.8983,1
FPT.VN,2012-03-23,7993.8,7993.8,7924.89,7993.8,517470,7866.3165,7373.87,7841.6968,7505.0204,64.5264,192.9619,211.7481,-18.7862,143.9404,-13459235,8271.9174,7866.3165,7460.7156,0
FPT.VN,2012-03-26,7993.8,7993.8,7924.89,7993.8,815241,7886.99,7393.1654,7856.1828,7524.1882,64.5264,182.0363,205.8058,-23.7695,138.5811,-13459235,8272.8857,7886.99,7501.0943,0
FPT.VN,2012-03-27,7855.98,7993.8,7855.98,7924.89,1343305,7907.6635,7415.2172,7862.7263,7539.902,59.3733,165.9047,197.8255,-31.9209,138.5268,-14802540,8250.7713,7907.6635,7564.5557,1
FPT.VN,2012-03-28,7787.07,7993.8,7787.07,7993.8,1653120,7928.337,7438.6472,7875.2096,7557.702,62.5906,156.8724,189.6349,-32.7625,143.3984,-13149420,8236.4411,7928.337,7620.2329,0
FPT.VN,2012-03-29,7993.8,8062.72,7924.89,7993.8,1365362,7949.0105,7461.526,7886.5039,7574.8038,62.5906,148.0082,181.3096,-33.3014,143.0007,-13149420,8210.8008,7949.0105,7687.2202,0
FPT.VN,2012-03-30,8062.72,8131.63,7924.89,7993.8,1650508,7966.2385,7484.4048,7896.7226,7591.2351,62.5906,139.3765,172.923,-33.5464,147.5535,-13149420,8187.1195,7966.2385,7745.3575,0
FPT.VN,2012-04-02,7993.8,7993.8,7993.8,7993.8,0,7966.2385,7507.2836,7905.968,7607.0219,62.5906,131.0255,164.5435,-33.518,137.0139,-13149420,8187.1195,7966.2385,7745.3575,0
FPT.VN,2012-04-03,7993.8,8062.72,7993.8,7993.8,564269,7966.2385,7530.1624,7914.333,7622.1897,62.5906,122.9895,156.2327,-33.2432,132.1501,-13149420,8187.1195,7966.2385,7745.3575,0
FPT.VN,2012-04-04,8062.72,8131.63,7993.8,7993.8,1665890,7969.684,7553.0412,7921.9013,7636.7626,62.5906,115.2919,148.0445,-32.7526,132.5558,-13149420,8189.9983,7969.684,7749.3697,1
FPT.VN,2012-04-05,8062.72,8338.36,7993.8,8200.54,3794398,7990.3575,7580.0548,7948.4383,7658.8716,72.7064,124.4392,143.3235,-18.8842,147.699,-9355022,8216.0523,7990.3575,7764.6627,0
FPT.VN,2012-04-06,8269.45,8269.45,8200.54,8200.54,339708,8011.031,7607.0684,7972.448,7680.1135,72.7064,130.1878,140.6963,-10.5085,142.0712,-9355022,8234.0529,8011.031,7788.0091,1
FPT.VN,2012-04-09,8338.36,8338.36,8200.54,8269.45,628336,8035.15,7634.6332,8000.7339,7703.2247,75.2895,138.7052,140.2981,-1.5929,141.7675,-8726686,8260.5136,8035.15,7809.7864,0
FPT.VN,2012-04-10,8338.36,8338.36,8200.54,8269.45,710107,8055.8235,7663.025,8026.3259,7725.4296,75.2895,143.7977,140.998,2.7996,141.4856,-8726686,8287.746,8055.8235,7823.901,1
FPT.VN,2012-04-11,8338.36,8614.01,8269.45,8614.01,2916323,8093.725,7696.1028,8082.2958,7760.2759,84.0454,173.635,147.5254,26.1096,155.9909,-5810363,8417.6475,8093.725,7769.8025,1
FPT.VN,2012-04-12,8682.92,8751.84,8614.01,8682.92,1316314,8121.2895,7729.1806,8139.4981,7796.458,85.1767,200.5302,158.1264,42.4038,154.6937,-4494049,8539.0316,8121.2895,7703.5474,0
FPT.VN,2012-04-13,8682.92,8682.92,8407.28,8407.28,939094,8135.072,7758.1238,8165.0011,7820.4118,65.2474,197.3284,165.9668,31.3616,163.3327,-5433143,8571.999,8135.072,7698.145,1
FPT.VN,2012-04-16,8545.1,8682.92,8476.19,8545.1,931476,8155.7455,7789.8234,8201.201,7848.831,69.1359,203.5652,173.4865,30.0787,171.3546,-4501667,8629.5572,8155.7455,7681.9338,1
FPT.VN,2012-04-17,8682.92,8682.92,8476.19,8614.01,897955,8183.31,7822.9012,8240.5162,7878.838,70.8897,211.6289,181.1149,30.5139,173.8815,-3603712,8696.8159,8183.31,7669.8041,0
FPT.VN,2012-04-18,8682.92,8682.92,8545.1,8545.1,825109,8207.429,7851.8442,8269.5242,7904.9659,66.8017,210.0377,186.8995,23.1382,171.3056,-4428821,8741.9697,8207.429,7672.8883,0
FPT.VN,2012-04-19,8545.1,8614.01,8200.54,8200.54,2186335,8221.2115,7872.5178,8262.9542,7916.557,50.9733,178.9113,185.3019,-6.3906,188.6031,-6615156,8739.0319,8221.2115,7703.3911,0
FPT.VN,2012-04-20,8269.45,8476.19,8131.63,8131.63,1743670,8228.103,7893.1914,8250.4472,7924.9913,48.4983,146.9885,177.6392,-30.6507,199.7429,-8358826,8736.7678,8228.103,7719.4382,0
FPT.VN,2012-04-23,8200.54,8407.28,8062.72,8062.72,1009184,8231.549,7913.8652,8232.5684,7930.3924,46.0883,114.8055,165.0724,-50.2669,210.0869,-9368010,8734.4313,8231.549,7728.6667,1
FPT.VN,2012-04-24,8200.54,8269.45,8131.63,8269.45,591695,8248.777,7938.6736,8236.0809,7943.6888,53.5461,104.774,153.0127,-48.2388,209.8472,-8776315,8730.5918,8248.777,7766.9622,1
FPT.VN,2012-04-25,8476.19,8476.19,8269.45,8338.36,576386,8266.005,7964.8602,8245.8218,7959.1661,55.7438,101.2175,142.6537,-41.4362,209.6252,-8199929,8733.8707,8266.005,7798.1393,0
FPT.VN,2012-04-26,8476.19,8476.19,8200.54,8200.54,1309639,8276.342,7986.912,8241.5092,7968.6317,50.589,86.2835,131.3797,-45.0962,214.3413,-9509568,8727.7305,8276.342,7824.9535,0
FPT.VN,2012-04-27,8269.45,8338.36,8200.54,8200.54,789338,8286.679,8007.5856,8237.6074,7977.7262,50.589,73.5998,119.8237,-46.2239,208.8755,-9509568,8719.9284,8286.679,7853.4296,0
FPT.VN,2012-04-30,8200.54,8200.54,8200.54,8200.54,0,8297.016,8022.7462,8234.0772,7986.464,50.589,62.8236,108.4237,-45.6,193.9558,-9509568,8710.2455,8297.016,7883.7865,0
FPT.VN,2012-05-01,8200.54,8200.54,8200.54,8200.54,0,8307.353,8037.9068,8230.8832,7994.8591,50.589,53.6649,97.4719,-43.8071,180.1018,-9509568,8698.3932,8307.353,7916.3128,1
FPT.VN,2012-05-02,8545.1,8545.1,8476.19,8545.1,3085887,8334.918,8058.5804,8260.8086,8016.4372,62.3094,73.3639,92.6503,-19.2864,191.8488,-6423681,8710.3043,8334.918,7959.5317,1
FPT.VN,2012-05-03,8958.57,8958.57,8820.75,8958.57,3994291,8372.8195,8087.5234,8327.262,8053.3836,71.1523,120.9449,98.3092,22.6357,207.6789,-2429390,8834.2816,8372.8195,7911.3574,1
FPT.VN,2012-05-04,8958.57,9165.31,8958.57,9096.4,2819896,8417.6125,8119.223,8400.5133,8094.2862,73.3933,167.8401,112.2154,55.6247,207.6118,390506,8973.0184,8417.6125,7862.2066,1
FPT.VN,2012-05-07,9165.31,9234.22,9027.49,9234.22,2063135,8465.851,8152.3008,8479.9139,8138.9895,75.4472,213.6629,132.5049,81.158,207.5489,2453641,9124.9759,8465.851,7806.7261,0
FPT.VN,2012-05-08,9234.22,9303.13,9096.4,9165.31,2262084,8510.644,8185.3786,8545.1897,8179.2373,72.4363,241.632,154.3303,87.3016,207.4904,191557,9232.3609,8510.644,7788.9271,0
FPT.VN,2012-05-09,9096.4,9165.31,9027.49,9096.4,1918893,8534.7635,8215.7,8597.686,8215.2045,69.4514,255.2943,174.5231,80.7712,202.5139,-1727336,9301.8425,8534.7635,7767.6845,0
FPT.VN,2012-05-10,9165.31,9165.31,9027.49,9027.49,2104129,8551.992,8244.6432,8638.6197,8247.0588,66.5004,257.592,191.1369,66.4551,197.8929,-3831465,9348.0138,8551.992,7755.9702,0
FPT.VN,2012-05-11,9165.31,9165.31,8889.66,8889.66,2063425,8576.111,8269.4516,8662.5283,8272.2589,60.9243,245.4616,202.0018,43.4598,203.447,-5894890,9382.8307,8576.111,7769.3913,0
FPT.VN,2012-05-14,8958.57,9027.49,8820.75,8820.75,1547043,8589.8935,8285.9906,8677.597,8293.7683,58.2925,227.6634,207.1342,20.5293,203.6822,-7441933,9403.7695,8589.8935,7776.0175,0
FPT.VN,2012-05-15,8958.57,8958.57,8510.64,8527.87,2034649,8585.5865,8296.672,8663.3373,8302.9488,48.6697,187.7609,203.2595,-15.4986,221.1285,-9476582,9399.8367,8585.5865,7771.3363,0
FPT.VN,2012-05-16,8596.78,8614.01,8493.42,8493.42,641861,8583.0025,8308.0426,8647.1547,8310.4182,47.6728,151.6103,192.9297,-41.3193,213.9472,-10118443,9398.1212,8583.0025,7767.8838,1
FPT.VN,2012-05-17,8527.87,8614.01,8527.87,8579.56,930054,8601.9535,8323.8924,8640.7171,8320.9728,50.4081,128.431,180.0299,-51.5989,207.2788,-9188389,9397.0092,8601.9535,7806.8978,0
FPT.VN,2012-05-18,8579.56,8579.56,8269.45,8355.59,1532967,8613.1515,8335.2628,8613.5621,8322.3304,43.972,90.9405,162.212,-71.2716,214.6239,-10721356,9386.323,8613.1515,7839.98,1
FPT.VN,2012-05-21,8614.01,8700.15,8441.73,8700.15,972369,8645.023,8353.5244,8621.8086,8337.1468,53.7545,88.0174,147.3731,-59.3557,223.905,-9748987,9373.9444,8645.023,7916.1016,0
FPT.VN,2012-05-22,8786.29,8786.29,8562.33,8579.56,519618,8660.5285,8367.996,8617.7849,8346.6532,50.4355,75.1046,132.9194,-57.8149,223.909,-10268605,9368.7096,8660.5285,7952.3474,0
FPT.VN,2012-05-23,8527.87,8579.56,8355.59,8407.28,741988,8663.9745,8379.022,8597.7368,8349.0307,46.06,50.3886,116.4132,-66.0247,223.9133,-11010593,9366.2006,8663.9745,7961.7484,0
FPT.VN,2012-05-24,8407.28,8441.73,8372.82,8372.82,580333,8672.5885,8383.8458,8576.3162,8349.9636,45.215,27.7011,98.6708,-70.9697,212.8417,-11590926,9354.8205,8672.5885,7990.3565,1
FPT.VN,2012-05-25,8545.1,8545.1,8441.73,8545.1,602680,8689.8165,8392.1152,8573.3432,8357.6161,50.1396,23.3534,83.6073,-60.2539,209.9444,-10988246,9338.4312,8689.8165,8041.2018,0
FPT.VN,2012-05-28,8527.87,8614.01,8527.87,8545.1,720918,8707.0445,8400.3846,8570.6534,8364.9684,50.1396,19.6809,70.822,-51.1411,201.1012,-10988246,9318.16,8707.0445,8095.929,0
FPT.VN,2012-05-29,8527.87,8545.1,8476.19,8527.87,376769,8723.411,8409.6876,8566.5788,8371.3567,49.6223,15.2049,59.6986,-44.4937,191.659,-11365015,9293.5716,8723.411,8153.2504,1
FPT.VN,2012-05-30,8614.01,8614.01,8493.42,8545.1,379788,8723.411,8419.3352,8564.5332,8378.1701,50.1759,12.8993,50.3388,-37.4395,186.5826,-10985227,9293.5716,8723.411,8153.2504,0
FPT.VN,2012-05-31,8493.42,8527.87,8493.42,8510.64,812803,8701.0145,8431.0502,8559.4005,8383.365,49.0157,8.1969,41.9104,-33.7135,176.9467,-11798030,9267.4595,8701.0145,8134.5695,0
FPT.VN,2012-06-01,8510.64,8527.87,8493.42,8493.42,220861,8670.8655,8441.0426,8553.1166,8387.6809,48.4132,3.0456,34.1374,-31.0918,166.7684,-12018891,9212.3393,8670.8655,8129.3917,0
FPT.VN,2012-06-04,8493.42,8493.42,8441.73,8441.73,574877,8631.241,8450.0012,8542.5084,8389.8005,46.5631,-5.1484,26.2803,-31.4287,158.5485,-12593768,9111.6802,8631.241,8150.8018,0
FPT.VN,2012-06-05,8390.05,8458.96,8390.05,8441.73,852274,8595.062,8460.338,8532.9104,8391.8369,46.5631,-11.5096,18.7223,-30.2319,152.1458,-12593768,9010.7821,8595.062,8179.3419,1
FPT.VN,2012-06-06,8510.64,8510.64,8424.5,8493.42,309321,8564.913,8470.3304,8529.1495,8395.8206,48.8309,-12.2388,12.5301,-24.7689,147.4311,-12284447,8908.7986,8564.913,8221.0274,0
FPT.VN,2012-06-07,8545.1,8545.1,8493.42,8493.42,186904,8538.2095,8480.3228,8525.7466,8399.648,48.8309,-12.6707,7.4899,-20.1606,140.5917,-12284447,8805.1983,8538.2095,8271.2207,0
FPT.VN,2012-06-08,8527.87,8614.01,8441.73,8441.73,476607,8515.813,8489.2814,8517.7451,8401.2983,46.5402,-16.988,2.5943,-19.5824,142.8551,-12761054,8728.2442,8515.813,8303.3818,1
FPT.VN,2012-06-11,8510.64,8510.64,8390.05,8458.96,241989,8497.7235,8498.5846,8512.1465,8403.5595,47.4256,-18.8025,-1.685,-17.1175,141.2648,-12519065,8655.3736,8497.7235,8340.0734,0
FPT.VN,2012-06-12,8458.96,8476.19,8424.5,8441.73,495820,8493.4165,8507.5432,8505.4402,8405.0564,46.5945,-21.3843,-5.6249,-15.7594,134.8666,-13014885,8652.3006,8493.4165,8334.5324,0
FPT.VN,2012-06-13,8476.19,8476.19,8424.5,8441.73,417459,8490.832,8516.5018,8499.3725,8406.4946,46.5945,-23.1634,-9.1326,-14.0308,128.9254,-13014885,8651.3887,8490.832,8330.2753,0
FPT.VN,2012-06-14,8476.19,8476.19,8390.05,8407.28,410668,8482.218,8520.6366,8490.6018,8406.5254,44.7753,-27.0415,-12.7144,-14.3271,125.8693,-13425553,8641.2095,8482.218,8323.2265,1
FPT.VN,2012-06-15,8458.96,8458.96,8407.28,8424.5,632515,8485.6635,8525.1158,8484.3064,8407.2303,45.9121,-28.398,-15.8511,-12.5469,120.5701,-12793038,8635.8432,8485.6635,8335.4838,1
FPT.VN,2012-06-18,8545.1,8545.1,8424.5,8458.96,200197,8473.604,8528.906,8481.8925,8409.2589,48.2097,-26.3882,-17.9585,-8.4297,120.5722,-12592841,8584.9888,8473.604,8362.2192,0
FPT.VN,2012-06-19,8441.73,8476.19,8424.5,8458.96,602274,8467.574,8532.6962,8479.7084,8411.208,48.2097,-24.5129,-19.2694,-5.2435,115.652,-12592841,8567.249,8467.574,8367.899,1
FPT.VN,2012-06-20,8527.87,8527.87,8458.96,8493.42,520779,8471.881,8530.2844,8481.0143,8414.432,50.6414,-20.0153,-19.4186,-0.5967,112.3133,-12072062,8567.9658,8471.881,8375.7962,0
FPT.VN,2012-06-21,8476.19,8493.42,8441.73,8476.19,292314,8477.0495,8526.1498,8480.5548,8416.8538,49.3926,-17.638,-19.0625,1.4245,107.9831,-12364376,8561.0603,8477.0495,8393.0387,0
FPT.VN,2012-06-22,8458.96,8476.19,8441.73,8441.73,390932,8471.881,8526.8388,8476.8572,8417.8294,46.9016,-18.3233,-18.9146,0.5913,102.7314,-12755308,8550.8306,8471.881,8392.9314,0
FPT.VN,2012-06-25,8424.5,8493.42,8424.5,8441.73,248664,8466.7125,8524.7714,8473.5118,8418.7667,46.9016,-18.6514,-18.862,0.2105,100.3163,-12755308,8538.7077,8466.7125,8394.7173,0
FPT.VN,2012-06-26,8372.82,8407.28,8372.82,8372.82,180577,8458.96,8519.9476,8463.9221,8416.9648,41.9903,-24.1931,-19.9282,-4.2649,98.073,-12935885,8536.4119,8458.96,8381.5081,0
FPT.VN,2012-06-27,8441.73,8441.73,8372.82,8372.82,428255,8450.346,8516.502,8455.2457,8415.2337,41.9903,-28.2591,-21.5944,-6.6647,95.99,-12935885,8525.754,8450.346,8374.938,0
FPT.VN,2012-06-28,8390.05,8390.05,8114.4,8114.4,211689,8430.534,8514.7792,8422.7842,8403.4363,28.8508,-51.7374,-27.623,-24.1144,108.8228,-13147574,8594.9368,8430.534,8266.1312,0
FPT.VN,2012-06-29,8183.31,8252.22,8114.4,8114.4,28848,8411.583,8514.4346,8393.4143,8392.1015,28.8508,-69.5425,-36.0069,-33.5356,110.894,-13147574,8625.414,8411.583,8197.752,0
FPT.VN,2012-07-02,8217.77,8338.36,8097.17,8114.4,762652,8395.2165,8515.4682,8366.8415,8381.2112,28.8508,-82.6998,-45.3455,-37.3543,120.2009,-13147574,8646.21,8395.2165,8144.223,0
FPT.VN,2012-07-03,8235.0,8235.0,8097.17,8097.17,70350,8377.9885,8512.0226,8341.1585,8370.0724,28.1181,-93.4403,-54.9644,-38.4759,121.4601,-13217924,8660.8205,8377.9885,8095.1565,1
FPT.VN,2012-07-04,8183.31,8183.31,8097.17,8131.63,107034,8359.899,8507.888,8321.2034,8360.7217,31.8461,-98.0414,-63.5798,-34.4616,118.9373,-13110890,8657.537,8359.899,8062.261,1
FPT.VN,2012-07-05,8183.31,8200.54,8131.63,8183.31,207742,8344.3935,8507.5434,8308.0707,8353.7644,37.1136,-96.4064,-70.1451,-26.2612,115.3639,-12903148,8645.0392,8344.3935,8043.7478,0
FPT.VN,2012-07-06,8235.0,8235.0,8183.31,8183.31,155386,8331.4725,8507.1988,8296.1887,8347.0799,37.1136,-94.0267,-74.9214,-19.1053,110.8157,-12903148,8636.6822,8331.4725,8026.2628,0
FPT.VN,2012-07-09,8011.03,8183.31,8011.03,8114.4,83642,8314.2445,8505.476,8278.8755,8337.9552,33.1513,-96.5879,-79.2547,-17.3331,115.206,-12986790,8627.9349,8314.2445,8000.5541,0
FPT.VN,2012-07-10,8097.17,8131.63,8097.17,8097.17,159855,8297.0165,8503.4086,8261.5702,8328.5126,32.2249,-98.8682,-83.1774,-15.6908,109.4385,-13146645,8618.9647,8297.0165,7975.0683,1
FPT.VN,2012-07-11,8097.17,8114.4,8062.72,8114.4,235662,8280.65,8494.7946,8247.554,8320.1161,34.2049,-98.1536,-86.1727,-11.981,105.3129,-12910983,8604.895,8280.65,7956.405,0
FPT.VN,2012-07-12,8097.17,8114.4,8097.17,8114.4,121139,8266.006,8477.9112,8234.8727,8312.0488,34.2049,-96.4752,-88.2332,-8.2421,99.0212,-12910983,8592.6171,8266.006,7939.3949,1
FPT.VN,2012-07-13,8131.63,8269.45,8097.17,8235.0,174,8256.531,8460.6832,8234.8848,8309.0272,46.8174,-84.4403,-87.4746,3.0343,104.254,-12910809,8574.6673,8256.531,7938.3947,0
FPT.VN,2012-07-16,8321.14,8321.14,8131.63,8148.86,133793,8241.026,8438.976,8226.692,8302.7462,40.8012,-80.9205,-86.1638,5.2433,110.3437,-13044602,8547.6402,8241.026,7934.4118,0
FPT.VN,2012-07-17,8131.63,8148.86,8097.17,8148.86,225620,8225.521,8418.647,8219.2794,8296.7114,40.8012,-77.2407,-84.3792,7.1385,106.1542,-13044602,8516.7071,8225.521,7934.3349,0
FPT.VN,2012-07-18,8166.08,8166.08,8097.17,8114.4,315184,8206.57,8399.007,8209.2909,8289.562,38.5055,-76.2263,-82.7486,6.5223,103.4939,-13359786,8472.5912,8206.57,7940.5488,1
FPT.VN,2012-07-19,8097.17,8131.63,8062.72,8131.63,364580,8189.342,8381.0898,8201.8946,8283.3685,40.3138,-73.1884,-80.8366,7.6481,101.0236,-12995206,8424.7049,8189.342,7953.9791,0
FPT.VN,2012-07-20,8217.77,8252.22,8114.4,8114.4,482701,8172.9755,8365.5846,8193.5618,8276.7423,39.0763,-71.3487,-78.939,7.5903,103.6519,-13477907,8378.0115,8172.9755,7967.9395,0
FPT.VN,2012-07-23,8114.4,8114.4,8079.94,8114.4,355177,8156.609,8351.4576,8186.0226,8270.376,39.0763,-69.0943,-76.9701,7.8758,98.7096,-13477907,8319.1764,8156.609,7994.0416,1
FPT.VN,2012-07-24,8114.4,8510.64,8114.4,8476.19,1724631,8161.7775,8350.424,8213.6576,8278.4471,65.1371,-37.6799,-69.112,31.4322,119.9618,-11753276,8356.6509,8161.7775,7966.9041,0
FPT.VN,2012-07-25,8441.73,8441.73,8183.31,8183.31,1033548,8152.302,8344.2218,8210.7673,8274.7162,47.4441,-36.0017,-62.4899,26.4883,132.3131,-12786824,8320.5833,8152.302,7984.0207,1
FPT.VN,2012-07-26,8131.63,8235.0,8131.63,8235.0,512420,8158.332,8337.3306,8213.0752,8273.1587,50.0242,-30.1531,-56.0226,25.8695,130.2457,-12274404,8329.5128,8158.332,7987.1512,1
FPT.VN,2012-07-27,8269.45,8441.73,8269.45,8390.05,1096353,8172.1145,8338.0198,8229.9299,8277.7427,56.8648,-12.8587,-47.3898,34.5311,135.7089,-11178051,8370.6102,8172.1145,7973.6188,0
FPT.VN,2012-07-30,8269.45,8441.73,8269.45,8390.05,1096353,8185.897,8331.8178,8245.1795,8282.1469,56.8648,0.8377,-37.7443,38.582,138.3211,-11178051,8404.7545,8185.897,7967.0395,0
FPT.VN,2012-07-31,8183.31,8269.45,8183.31,8200.54,824238,8191.0655,8324.2374,8240.9281,8278.9466,47.6243,-3.5587,-30.9072,27.3485,143.2082,-12002289,8405.9466,8191.0655,7976.1844,0
FPT.VN,2012-08-01,8148.86,8183.31,8114.4,8131.63,780994,8191.0655,8318.7244,8230.5187,8273.1695,44.7751,-12.4598,-27.2177,14.7579,139.1319,-12783283,8405.9466,8191.0655,7976.1844,0
FPT.VN,2012-08-02,8097.17,8200.54,8097.17,8131.63,521882,8188.4815,8313.9006,8221.1008,8267.6189,44.7751,-19.2915,-25.6325,6.341,136.5775,-12783283,8404.9921,8188.4815,7971.9709,1
FPT.VN,2012-08-03,8097.17,8148.86,8097.17,8148.86,924307,8186.759,8305.9758,8214.2207,8262.9617,45.7169,-23.0497,-25.1159,2.0662,130.5141,-11858976,8403.9898,8186.759,7969.5282,0
FPT.VN,2012-08-06,8097.17,8183.31,8097.17,8131.63,861619,8187.6205,8297.7064,8206.3549,8257.8115,44.8925,-27.1059,-25.5139,-1.592,127.3445,-12720595,8403.777,8187.6205,7971.464,0
FPT.VN,2012-08-07,8114.4,8148.86,8097.17,8131.63,841361,8189.3435,8289.7816,8199.2383,8252.8632,44.8925,-29.975,-26.4061,-3.5689,121.9406,-12720595,8402.9992,8189.3435,7975.6878,0
FPT.VN,2012-08-08,8114.4,8131.63,8097.17,8114.4,413686,8189.3435,8281.1676,8191.1584,8247.4332,43.9728,-33.2557,-27.776,-5.4797,115.692,-13134281,8402.9992,8189.3435,7975.6878,0
FPT.VN,2012-08-09,8114.4,8148.86,8028.26,8079.94,1885648,8187.6205,8272.5536,8180.5662,8240.8649,42.1145,-38.196,-29.86,-8.336,116.0426,-15019929,8404.3545,8187.6205,7970.8865,0
FPT.VN,2012-08-10,8114.4,8114.4,7890.44,7890.44,2677207,8170.3925,8260.494,8152.9351,8227.1227,33.6845,-56.7482,-35.2377,-21.5105,123.7509,-17697136,8423.0667,8170.3925,7917.7183,1
FPT.VN,2012-08-13,8114.4,8114.4,7907.66,8011.03,903876,8163.501,8251.88,8139.4204,8218.6485,41.6842,-61.017,-40.3935,-20.6234,130.9087,-16793260,8425.9763,8163.501,7901.0257,0
FPT.VN,2012-08-14,7890.44,8079.94,7890.44,7976.58,1296201,8154.887,8242.577,8123.9117,8209.1556,40.1925,-66.4142,-45.5977,-20.8165,135.0938,-18089461,8430.3709,8154.887,7879.4031,0
FPT.VN,2012-08-15,7942.12,7993.8,7924.89,7942.12,2314716,8146.273,8231.551,8106.5982,8198.6836,38.7007,-72.6349,-51.0051,-21.6298,130.3664,-20404177,8437.4162,8146.273,7855.1298,0
FPT.VN,2012-08-16,7993.8,8062.72,7890.44,7890.44,1880946,8134.2135,8219.4914,8086.0117,8186.5957,36.5119,-80.8036,-56.9648,-23.8388,133.3602,-22285123,8447.0808,8134.2135,7821.3462,0
FPT.VN,2012-08-17,7752.61,7924.89,7752.61,7838.75,1272925,8120.431,8207.4318,8062.463,8172.9546,34.4154,-90.4061,-63.6531,-26.753,136.1402,-23558048,8460.1104,8120.431,7780.7516,1
FPT.VN,2012-08-20,7924.89,7959.35,7838.75,7942.12,505745,8111.817,8197.095,8051.0018,8163.9023,41.6332,-88.6531,-68.6531,-20.0,135.0302,-23052303,8460.7521,8111.817,7762.8819,0
FPT.VN,2012-08-21,7924.89,7924.89,7563.1,7580.33,2465227,8067.024,8179.867,8006.1759,8141.0171,29.4266,-115.1302,-77.9485,-37.1817,152.458,-25517530,8447.5837,8067.024,7686.4643,0
FPT.VN,2012-08-22,7580.33,7752.61,7545.88,7580.33,1018514,8036.875,8162.639,7965.6191,8119.0294,29.4266,-134.5623,-89.2712,-45.291,156.3346,-25517530,8470.4869,8036.875,7603.2631,0
FPT.VN,2012-08-23,7580.33,7580.33,7201.31,7201.31,1777452,7985.1905,8138.5196,7892.8278,8083.0404,21.6974,-178.4886,-107.1147,-71.3739,172.2407,-27294982,8546.8761,7985.1905,7423.5049,1
FPT.VN,2012-08-24,6891.21,7408.05,6873.98,7253.0,967551,7928.338,8115.0896,7831.8918,8050.4898,24.6059,-206.7463,-127.041,-79.7053,198.0857,-26327431,8544.9721,7928.338,7311.7039,0
FPT.VN,2012-08-27,7253.0,7253.0,6736.16,6736.16,1899985,7845.6435,8080.6336,7727.5364,7998.9474,17.5761,-267.7589,-155.1846,-112.5743,220.8538,-28227416,8623.9644,7845.6435,7067.3226,0
FPT.VN,2012-08-28,6753.39,6891.21,6529.42,6563.88,2247210,7763.8105,8042.732,7616.712,7942.6703,15.9412,-326.2525,-189.3982,-136.8543,230.9207,-30474626,8710.8841,7763.8105,6816.7369,1
FPT.VN,2012-08-29,6718.93,6718.93,6546.65,6581.11,3000285,7686.2845,8004.4858,7518.0832,7889.2758,16.775,-366.9884,-224.9162,-142.0722,226.7321,-27474341,8752.8864,7686.2845,6619.6826,0
FPT.VN,2012-08-30,6581.11,6632.79,6546.65,6581.11,3229505,7608.7585,7966.5842,7428.8477,7837.9752,16.775,-394.7217,-258.8773,-135.8444,216.6898,-27474341,8761.025,7608.7585,6456.492,1
FPT.VN,2012-08-31,6581.11,6908.44,6563.88,6908.44,2845073,7546.7375,7935.9184,7379.285,7801.5228,31.7013,-385.8401,-284.2699,-101.5702,225.8234,-24629268,8710.078,7546.7375,6383.397,0
FPT.VN,2012-09-03,6908.44,6908.44,6908.44,6908.44,0,7485.578,7905.2526,7334.4427,7766.4999,31.7013,-374.4845,-302.3128,-72.1717,209.6931,-24629268,8648.0599,7485.578,6323.0961,1
FPT.VN,2012-09-04,7218.54,7253.0,6994.58,7201.31,1140989,7439.062,7881.8224,7321.7634,7744.3356,42.4177,-337.9573,-309.4417,-28.5156,219.3265,-23488279,8566.6239,7439.062,6311.5001,0
FPT.VN,2012-09-05,7201.31,7218.54,6977.35,6977.35,999243,7382.2095,7853.913,7288.9621,7714.2578,37.5639,-323.3534,-312.224,-11.1294,220.8882,-24487522,8480.6853,7382.2095,6283.7337,0
FPT.VN,2012-09-06,6891.21,6977.35,6736.16,6787.84,848327,7317.6045,7827.3818,7241.2362,7677.9277,34.0167,-323.3443,-314.4481,-8.8962,222.3383,-25335849,8395.0824,7317.6045,6240.1266,0
FPT.VN,2012-09-07,6787.84,6805.07,6718.93,6770.61,613070,7261.613,7800.506,7196.4146,7642.3466,33.7051,-321.0268,-315.7638,-5.263,212.6098,-25948919,8330.1009,7261.613,6193.1251,0
FPT.VN,2012-09-10,6787.84,6787.84,6563.88,6615.56,551252,7191.8395,7770.5292,7141.0951,7602.0804,30.9567,-327.9213,-318.1953,-9.726,213.4206,-26500171,8236.2539,7191.8395,6147.4251,1
FPT.VN,2012-09-11,6408.83,6667.25,6408.83,6632.79,533955,7124.65,7741.2416,7092.6851,7564.069,31.624,-328.2116,-320.1986,-8.013,216.6348,-25966216,8128.6145,7124.65,6120.6855,1
FPT.VN,2012-09-12,6615.56,6753.39,6615.56,6667.25,319305,7060.9065,7711.954,7052.1675,7528.8997,33.0182,-321.9497,-320.5488,-1.4009,211.0059,-25646911,8006.5258,7060.9065,6115.2872,0
FPT.VN,2012-09-13,6701.7,6701.7,6598.33,6667.25,828359,6999.747,7681.6328,7015.5087,7495.1095,33.0182,-313.3747,-319.114,5.7392,203.3176,-25646911,7875.0767,6999.747,6124.4173,0
FPT.VN,2012-09-14,6753.39,6753.39,6667.25,6667.25,833873,6941.172,7651.3116,6982.3412,7462.6444,33.0182,-303.0853,-315.9082,12.823,194.9478,-25646911,7732.9013,6941.172,6149.4427,0
FPT.VN,2012-09-17,6667.25,6684.47,6598.33,6650.02,570523,6876.567,7622.024,6950.6916,7430.7768,32.603,-292.9442,-311.3154,18.3712,187.1758,-26217434,7521.6886,6876.567,6231.4454,0
FPT.VN,2012-09-18,6615.56,6650.02,6512.19,6512.19,980495,6823.16,7590.3244,6908.9295,7394.7538,29.4167,-292.6555,-307.5834,14.9279,183.6511,-27197929,7395.7453,6823.16,6250.5747,0
FPT.VN,2012-09-19,6322.69,6460.51,6271.0,6322.69,2821739,6760.278,7554.4902,6853.0972,7352.7121,25.698,-304.211,-306.909,2.6979,187.761,-30019668,7253.4711,6760.278,6267.0849,0
FPT.VN,2012-09-20,6339.91,6408.83,6288.23,6322.69,803052,6716.347,7518.656,6802.5822,7312.319,25.698,-309.7977,-307.4867,-2.311,182.9638,-30019668,7200.5745,6716.347,6232.1195,1
FPT.VN,2012-09-21,6357.14,6408.83,6322.69,6339.91,289586,6670.6925,7480.7542,6758.5182,7274.1853,26.6749,-309.2706,-307.8435,-1.4271,176.0478,-29730082,7112.1695,6670.6925,6229.2155,0
FPT.VN,2012-09-24,6339.91,6339.91,6288.23,6305.46,603957,6649.1575,7443.8862,6715.3698,7236.1961,25.9401,-308.0813,-307.8911,-0.1903,167.1644,-30334039,7118.3377,6649.1575,6179.9773,0
FPT.VN,2012-09-25,6339.91,6339.91,6288.23,6305.46,733862,6636.2365,7407.0182,6676.3308,7199.6967,25.9401,-303.6387,-307.0406,3.4019,158.9155,-30334039,7128.9485,6636.2365,6143.5245,1
FPT.VN,2012-09-26,6339.91,6391.6,6288.23,6374.37,751740,6625.8995,7372.2176,6647.5726,7167.3309,30.3884,-291.2006,-303.8726,12.672,154.948,-29582299,7131.9747,6625.8995,6119.8243,1
FPT.VN,2012-09-27,6426.05,6684.47,6391.6,6546.65,1475328,6624.1765,7340.518,6637.9609,7142.9905,40.0785,-264.394,-295.9769,31.5829,166.0303,-28106971,7131.1277,6624.1765,6117.2253,0
FPT.VN,2012-09-28,6546.65,6615.56,6512.19,6529.42,546667,6605.2255,7308.8184,6627.6237,7118.9289,39.4865,-241.7531,-285.1321,43.379,161.5545,-28653638,7095.4967,6605.2255,6114.9543,0
FPT.VN,2012-10-01,6443.28,6477.74,6322.69,6357.14,430345,6577.6605,7273.6732,6601.8633,7089.0548,34.0678,-235.0026,-275.1062,40.1036,164.7814,-29083983,7058.0438,6577.6605,6097.2772,0
FPT.VN,2012-10-02,6357.14,6391.6,6322.69,6357.14,642035,6535.452,7231.2922,6578.5563,7060.3523,34.0678,-227.0357,-265.4921,38.4564,157.9334,-29083983,6924.8397,6535.452,6146.0643,0
FPT.VN,2012-10-03,6357.14,6408.83,6357.14,6357.14,381935,6504.4415,7194.7688,6557.4691,7032.7753,34.0678,-218.2065,-256.035,37.8285,150.3446,-29083983,6840.8299,6504.4415,6168.0531,0
FPT.VN,2012-10-04,6357.14,6391.6,6339.91,6339.91,540166,6482.045,7156.867,6536.7492,7005.6041,33.4936,-210.1768,-246.8634,36.6865,143.2978,-29624149,6798.0131,6482.045,6166.0769,0
FPT.VN,2012-10-05,6374.37,6374.37,6339.91,6339.91,267587,6460.51,7115.8642,6518.0026,6979.4985,33.4936,-201.4906,-237.7888,36.2982,135.5237,-29624149,6751.3808,6460.51,6169.6392,1
FPT.VN,2012-10-08,6305.46,6391.6,6305.46,6357.14,376595,6447.589,7075.206,6502.6823,6955.0923,34.7686,-191.0145,-228.434,37.4195,131.9963,-29247554,6732.3543,6447.589,6162.8237,1
FPT.VN,2012-10-09,6374.37,6546.65,6357.14,6408.83,833757,6436.391,7039.3718,6493.744,6933.6702,38.5731,-176.5065,-218.0485,41.542,136.1044,-28413797,6707.7922,6436.391,6164.9898,1
FPT.VN,2012-10-10,6460.51,6460.51,6426.05,6460.51,248200,6426.054,7005.9494,6490.5789,6915.1149,42.2026,-159.0057,-206.2399,47.2342,130.0741,-28165597,6675.2748,6426.054,6176.8332,0
FPT.VN,2012-10-11,6512.19,6512.19,6443.28,6443.28,929473,6414.8555,6972.1824,6486.0742,6896.6116,41.3259,-144.8568,-193.9633,49.1065,125.7052,-29095070,6637.112,6414.8555,6192.599,0
FPT.VN,2012-10-12,6443.28,6477.74,6391.6,6391.6,265149,6401.073,6937.0372,6477.0767,6876.8072,38.7272,-136.2432,-182.4193,46.1761,122.8791,-29360219,6588.9582,6401.073,6213.1878,0
FPT.VN,2012-10-15,6374.37,6408.83,6357.14,6357.14,371429,6386.429,6901.5474,6465.6541,6856.4281,37.054,-130.691,-172.0736,41.3826,117.7942,-29731648,6533.9314,6386.429,6238.9266,1
FPT.VN,2012-10-16,6339.91,6408.83,6339.91,6391.6,390468,6380.3995,6866.7468,6458.6014,6838.1995,39.8526,-122.1027,-162.0794,39.9767,114.3032,-29341180,6515.6026,6380.3995,6245.1964,0
FPT.VN,2012-10-17,6374.37,6426.05,6374.37,6391.6,154863,6383.845,6832.2908,6452.2203,6820.6858,39.8526,-113.9825,-152.46,38.4776,109.8301,-29341180,6516.3409,6383.845,6251.3491,0
FPT.VN,2012-10-18,6391.6,6391.6,6322.69,6322.69,350649,6383.845,6797.1458,6439.8841,6801.1566,36.1274,-111.8186,-144.3318,32.5131,106.9072,-29691829,6516.3409,6383.845,6251.3491,0
FPT.VN,2012-10-19,6374.37,6374.37,6271.0,6305.46,348908,6382.1225,6765.4462,6427.0818,6781.7175,35.2404,-110.2235,-137.5101,27.2866,106.6546,-30040737,6517.8789,6382.1225,6246.3661,0
FPT.VN,2012-10-22,6357.14,6357.14,6288.23,6288.23,333352,6381.261,6730.9902,6413.8578,6762.3651,34.3327,-109.0921,-131.8265,22.7344,103.9585,-30374089,6519.2659,6381.261,6243.2561,0
FPT.VN,2012-10-23,6288.23,6305.46,6271.0,6288.23,444972,6380.3995,6697.2232,6401.8932,6743.7715,34.3327,-106.9625,-126.8537,19.8912,98.9944,-30374089,6520.5945,6380.3995,6240.2045,0
FPT.VN,2012-10-24,6288.23,6305.46,6288.23,6288.23,475852,6376.0925,6664.1454,6391.0682,6725.9072,34.3327,-104.075,-122.298,18.2229,93.154,-30374089,6522.234,6376.0925,6229.951,0
FPT.VN,2012-10-25,6236.54,6288.23,6236.54,6288.23,358427,6363.1715,6632.1012,6381.2741,6708.7433,34.3327,-100.6267,-117.9637,17.337,90.1923,-30374089,6490.2755,6363.1715,6236.0675,0
FPT.VN,2012-10-26,6288.23,6288.23,6236.54,6271.0,185279,6350.2505,6600.7462,6370.7718,6691.5769,33.183,-98.1528,-114.0016,15.8487,87.4422,-30559368,6457.126,6350.2505,6243.375,0
FPT.VN,2012-10-29,6236.54,6271.0,6236.54,6253.77,276177,6345.082,6566.9792,6359.6287,6674.408,32.028,-96.4705,-110.4953,14.0249,83.6577,-30835545,6460.2323,6345.082,6229.9317,0
FPT.VN,2012-10-30,6184.86,6236.54,6184.86,6184.86,548118,6336.468,6539.0698,6342.9841,6655.2101,27.8524,-99.5501,-108.3063,8.7562,82.6043,-31383663,6471.8231,6336.468,6201.1129,0
FPT.VN,2012-10-31,6184.86,6202.09,6167.63,6167.63,531053,6326.9925,6510.8158,6326.2837,6636.0893,26.9078,-102.203,-107.0856,4.8827,79.1654,-31914716,6481.4409,6326.9925,6172.5441,0
FPT.VN,2012-11-01,6098.72,6202.09,6098.72,6167.63,406953,6318.3785,6490.1422,6311.1738,6617.7183,26.9078,-103.1167,-106.2918,3.1752,80.8943,-31914716,6488.2413,6318.3785,6148.5157,0
FPT.VN,2012-11-02,5909.21,5960.9,5874.76,5874.76,561933,6295.121,6462.5774,6269.6106,6588.5827,16.1262,-126.0203,-110.2375,-15.7828,96.0355,-32476649,6555.7151,6295.121,6034.5269,0
FPT.VN,2012-11-05,5616.34,5874.76,5599.11,5840.3,568608,6269.279,6444.6602,6228.7239,6559.2383,15.347,-145.2775,-117.2455,-28.032,108.8651,-33045257,6597.6654,6269.279,5940.8926,0
FPT.VN,2012-11-06,5926.44,5926.44,5771.39,5771.39,260389,6237.407,6428.8104,6185.1683,6528.3423,13.9005,-164.2066,-126.6377,-37.5689,112.164,-33305646,6626.8279,6237.407,5847.9861,1
FPT.VN,2012-11-07,5840.3,5891.98,5805.84,5857.53,258822,6207.258,6414.3388,6153.9646,6502.0359,23.5947,-170.2942,-135.369,-34.9252,112.7658,-33046824,6616.7978,6207.258,5797.7182,0
FPT.VN,2012-11-08,5891.98,5891.98,5823.07,5857.53,211457,6177.9705,6399.8672,6125.7328,6476.7612,23.5947,-173.123,-142.9198,-30.2032,109.6333,-33046824,6600.0285,6177.9705,5755.9125,0
FPT.VN,2012-11-09,5857.53,5874.76,5823.07,5857.53,134664,6151.267,6378.849,6100.1896,6452.4776,23.5947,-173.3665,-149.0092,-24.3573,105.4945,-33046824,6583.8637,6151.267,5718.6703,1
FPT.VN,2012-11-12,5909.21,6064.26,5909.21,6029.81,577141,6134.9005,6361.2764,6093.4868,6435.9024,40.3667,-157.8383,-150.775,-7.0633,112.7256,-32469683,6559.3941,6134.9005,5710.4069,0
FPT.VN,2012-11-13,6047.04,6064.26,6012.58,6012.58,180635,6115.9495,6337.5018,6085.7814,6419.3015,39.4344,-145.2482,-149.6696,4.4215,108.3652,-32650318,6525.7788,6115.9495,5706.1202,1
FPT.VN,2012-11-14,6047.04,6047.04,5995.35,6029.81,182899,6097.86,6318.551,6080.4508,6404.0273,40.9043,-132.3544,-146.2066,13.8522,104.317,-32467419,6487.9214,6097.86,5707.7986,0
FPT.VN,2012-11-15,6029.81,6029.81,5978.12,5978.12,265207,6080.6315,6302.3566,6070.705,6387.3251,37.9302,-124.8675,-141.9388,17.0713,100.5579,-32732626,6459.1481,6080.6315,5702.1149,0
FPT.VN,2012-11-16,6012.58,6012.58,5943.67,5943.67,102043,6062.542,6285.8178,6058.6064,6369.9269,36.0489,-120.3269,-137.6164,17.2895,98.2973,-32834669,6430.2436,6062.542,5694.8404,0
FPT.VN,2012-11-19,5995.35,5995.35,5857.53,5857.53,191142,6041.007,6270.6572,6039.4563,6349.8329,31.8017,-122.2697,-134.547,12.2773,101.1204,-33025811,6403.4667,6041.007,5678.5473,0
FPT.VN,2012-11-20,5805.84,5874.76,5805.84,5857.53,127989,6019.472,6255.152,6022.13,6330.5269,31.8017,-122.3985,-132.1173,9.7188,98.8203,-33025811,6371.1029,6019.472,5667.8411,0
FPT.VN,2012-11-21,5909.21,5909.21,5840.3,5840.3,121372,5997.0755,6238.613,6004.8128,6311.3023,30.9556,-122.479,-130.1897,7.7107,96.6839,-33147183,6333.3555,5997.0755,5660.7955,0
FPT.VN,2012-11-22,5857.53,5857.53,5823.07,5840.3,228987,5974.679,6222.074,5989.145,6292.8316,30.9556,-121.1463,-128.381,7.2347,92.2393,-33147183,6288.2075,5974.679,5661.1505,0
FPT.VN,2012-11-23,5874.76,5874.76,5840.3,5840.3,185337,5953.144,6205.535,5974.9692,6275.0853,30.9556,-118.7216,-126.4491,7.7275,88.1122,-33147183,6238.9125,5953.144,5667.3755,0
FPT.VN,2012-11-26,5857.53,5857.53,5805.84,5805.84,223705,5930.7475,6188.6514,5958.8617,6256.6835,29.0266,-118.2179,-124.8029,6.585,85.5106,-33370888,6185.8811,5930.7475,5675.6139,0
FPT.VN,2012-11-27,5805.84,5823.07,5754.16,5754.16,286858,5909.2125,6173.4908,5939.3663,6236.9767,26.3724,-120.5987,-123.962,3.3634,84.3249,-33657746,6146.0902,5909.2125,5672.3348,0
FPT.VN,2012-11-28,5771.39,5771.39,5685.25,5685.25,257661,5885.0935,6160.742,5915.1647,6215.3404,23.3114,-126.5867,-124.487,-2.0997,84.4545,-33915407,6109.0637,5885.0935,5661.1233,0
FPT.VN,2012-11-29,5685.25,5702.48,5616.34,5616.34,428023,5857.529,6146.615,5886.7052,6191.8501,20.7214,-135.3327,-126.6561,-8.6766,84.5749,-34343430,6070.5168,5857.529,5644.5412,1
FPT.VN,2012-11-30,5633.56,5650.79,5616.34,5633.56,257893,5845.469,6132.488,5862.5962,6169.9564,23.023,-139.269,-129.1787,-10.0903,80.9946,-34085537,6080.5208,5845.469,5610.4172,0
FPT.VN,2012-12-03,5633.56,5633.56,5581.88,5599.11,315532,5833.4095,6118.361,5837.5023,6147.5703,21.6677,-143.5141,-132.0458,-11.4683,78.9007,-34401069,6093.0415,5833.4095,5573.7775,1
FPT.VN,2012-12-04,5547.42,5650.79,5530.2,5650.79,543591,5827.3795,6105.2676,5819.7201,6128.0887,28.4703,-141.0818,-133.853,-7.2289,81.8785,-33857478,6098.4274,5827.3795,5556.3316,0
FPT.VN,2012-12-05,5650.79,5719.7,5564.65,5633.56,621951,5816.181,6090.4514,5801.9906,6108.6954,27.6095,-138.943,-134.871,-4.072,87.105,-34479429,6100.1813,5816.181,5532.1807,0
FPT.VN,2012-12-06,5581.88,5633.56,5581.88,5599.11,385186,5803.26,6071.5006,5782.6686,6088.7117,25.9217,-138.432,-135.5832,-2.8488,84.5747,-34864615,6102.4476,5803.26,5504.0724,0
FPT.VN,2012-12-07,5564.65,5616.34,5547.42,5564.65,235546,5788.616,6052.2052,5761.905,6068.1602,24.3203,-139.203,-136.3071,-2.8959,83.4565,-35100161,6104.8066,5788.616,5472.4254,1
FPT.VN,2012-12-10,5599.11,5633.56,5581.88,5633.56,217668,5768.8035,6037.7336,5749.6816,6051.1171,33.207,-132.7236,-135.5904,2.8668,82.4174,-34882493,6070.6942,5768.8035,5466.9128,0
FPT.VN,2012-12-11,5599.11,5633.56,5599.11,5599.11,239609,5748.13,6022.573,5735.3415,6033.3913,31.2325,-128.8828,-134.2489,5.3661,78.9912,-35122102,6036.0359,5748.13,5460.2241,1
FPT.VN,2012-12-12,5599.11,5771.39,5599.11,5685.25,839910,5730.902,6009.1352,5730.5709,6019.7387,40.7235,-117.5333,-130.9058,13.3725,85.6547,-34282192,5987.3559,5730.902,5474.4481,1
FPT.VN,2012-12-13,5702.48,5754.16,5668.02,5719.7,807811,5717.981,5996.731,5729.5355,6007.9725,44.0493,-104.5537,-125.6354,21.0817,85.6893,-33474381,5946.5097,5717.981,5489.4523,0
FPT.VN,2012-12-14,5702.48,5771.39,5685.25,5685.25,356221,5705.06,5983.6378,5725.3179,5995.3167,41.5394,-95.9411,-119.6965,23.7554,85.7215,-33830602,5907.6055,5705.06,5502.5145,0
FPT.VN,2012-12-17,5685.25,5754.16,5650.79,5668.02,521591,5695.5845,5969.8554,5719.8609,5982.4815,40.3025,-89.4745,-113.6521,24.1776,86.9821,-34352193,5885.4301,5695.5845,5505.7389,0
FPT.VN,2012-12-18,5599.11,5668.02,5581.88,5581.88,552994,5681.802,5953.3164,5706.7199,5966.7717,34.734,-90.26,-108.9737,18.7137,86.922,-34905187,5861.9187,5681.802,5501.6853,1
FPT.VN,2012-12-19,5668.02,5805.84,5616.34,5736.93,876943,5676.6335,5938.8448,5709.597,5957.7583,48.5214,-77.4781,-102.6746,25.1964,96.7104,-34028244,5843.0084,5676.6335,5510.2586,0
FPT.VN,2012-12-20,5771.39,5771.39,5650.79,5650.79,413628,5667.158,5922.995,5703.9964,5945.7203,43.0769,-73.4525,-96.8302,23.3777,98.4168,-34441872,5814.8193,5667.158,5519.4967,0
FPT.VN,2012-12-21,5650.79,5685.25,5564.65,5616.34,1176861,5655.96,5907.4898,5695.6481,5932.8034,41.0911,-72.2096,-91.906,19.6965,100.0013,-35618733,5780.4926,5655.96,5531.4274,1
FPT.VN,2012-12-24,5633.56,5736.93,5633.56,5719.7,906023,5651.653,5894.741,5697.9388,5924.4464,48.7281,-62.1676,-85.9584,23.7907,101.4719,-34712710,5759.1533,5651.653,5544.1527,0
FPT.VN,2012-12-25,5719.7,5736.93,5685.25,5719.7,1097281,5649.93,5881.303,5700.0113,5916.4172,48.7281,-53.5916,-79.485,25.8934,97.9154,-34712710,5751.4509,5649.93,5548.4091,1
FPT.VN,2012-12-26,5702.48,5909.21,5685.25,5909.21,1594030,5661.128,5871.6552,5719.935,5916.1345,59.8079,-31.1441,-69.8168,38.6727,106.9186,-33118680,5814.9745,5661.128,5507.2815,1
FPT.VN,2012-12-27,5943.67,6167.63,5943.67,6115.95,2014043,5686.1085,5867.5204,5757.6507,5923.9704,67.9459,3.29,-55.1955,58.4854,117.7401,-31104637,5939.4246,5686.1085,5432.7924,0
FPT.VN,2012-12-28,6115.95,6115.95,6047.04,6064.26,885185,5707.6435,5862.6964,5786.8516,5929.472,64.4331,26.1073,-38.9349,65.0422,114.2522,-31989822,6010.5297,5707.6435,5404.7573,0
FPT.VN,2012-12-31,6064.26,6064.26,6064.26,6064.26,0,5730.901,5858.217,5813.2714,5934.7578,64.4331,43.6866,-22.4106,66.0972,106.0914,-31989822,6068.1789,5730.901,5393.6231,0
FPT.VN,2013-01-01,6064.26,6064.26,6064.26,6064.26,0,5751.5745,5853.7376,5837.1751,5939.8363,64.4331,56.9618,-6.5361,63.4979,98.5134,-31989822,6117.6361,5751.5745,5385.5129,1
FPT.VN,2013-01-02,6081.49,6305.46,6081.49,6271.0,2207565,5783.4465,5853.393,5878.4918,5952.8231,71.7333,83.2054,11.4122,71.7932,108.7053,-29782257,6211.9234,5783.4465,5354.9696,0
FPT.VN,2013-01-03,6271.0,6305.46,6081.49,6184.86,2130017,5812.734,5851.3256,5907.6697,5961.9226,65.6839,95.9469,28.3191,67.6278,116.9385,-31912274,6267.4316,5812.734,5358.0364,1
FPT.VN,2013-01-04,6150.4,6271.0,6133.18,6271.0,1613765,5848.0515,5851.3256,5942.2726,5974.0433,68.541,111.7078,44.9969,66.7109,118.43,-30298509,6330.4965,5848.0515,5365.6065,0
FPT.VN,2013-01-07,6236.54,6288.23,6202.09,6236.54,1187425,5878.2005,5850.981,5970.298,5984.3373,66.1676,120.034,60.0043,60.0297,116.1236,-31485934,6379.2132,5878.2005,5377.1878,1
FPT.VN,2013-01-08,6253.77,6546.65,6236.54,6546.65,3110397,5925.5775,5858.2168,6025.1887,6006.3888,74.6684,149.9276,77.989,71.9387,129.9798,-28375537,6490.5846,5925.5775,5360.5704,1
FPT.VN,2013-01-09,6873.98,6873.98,6632.79,6718.93,9220441,5977.2615,5869.2428,6091.2593,6034.3315,77.9788,185.3831,99.4678,85.9153,144.0762,-19155096,6631.7332,5977.2615,5322.7898,1
FPT.VN,2013-01-10,6667.25,6856.75,6650.02,6805.07,3523619,6031.53,5881.9916,6159.2413,6064.5566,79.4265,217.9206,123.1583,94.7622,148.5515,-15631477,6770.6063,6031.53,5292.4537,0
FPT.VN,2013-01-11,6805.07,6839.53,6684.47,6701.7,3568662,6082.3525,5898.5304,6210.904,6089.5426,73.2069,232.6834,145.0634,87.6201,149.0164,-19200139,6859.9561,6082.3525,5304.7489,0
FPT.VN,2013-01-14,6581.11,6632.79,6477.74,6494.97,2899926,6123.7,5911.6238,6237.9579,6105.4417,62.6422,225.1068,161.072,64.0348,154.3695,-22100065,6896.468,6123.7,5350.932,1
FPT.VN,2013-01-15,6494.97,6667.25,6494.97,6581.11,2077312,6173.6615,5927.8182,6270.6391,6124.0954,64.9143,223.4769,173.553,49.9239,155.6488,-20022753,6927.9184,6173.6615,5419.4046,1
FPT.VN,2013-01-16,6650.02,6753.39,6581.11,6650.02,2138260,6219.316,5943.668,6306.7706,6144.7199,66.6611,225.1504,183.8725,41.2779,156.8368,-17884493,6972.8044,6219.316,5465.8276,0
FPT.VN,2013-01-17,6632.79,6667.25,6563.88,6563.88,1696073,6264.9705,5957.795,6331.2572,6161.1575,62.4739,217.024,190.5028,26.5212,153.0177,-19580566,6983.2438,6264.9705,5546.6972,0
FPT.VN,2013-01-18,6512.19,6563.88,6494.97,6529.42,2106799,6310.6245,5971.2328,6350.1298,6175.5992,60.8278,205.4351,193.4893,11.9459,147.01,-21687365,6968.8725,6310.6245,5652.3765,0
FPT.VN,2013-01-21,6512.19,6546.65,6460.51,6494.97,690735,6349.388,5980.536,6363.9241,6188.1235,59.1499,191.2662,193.0446,-1.7785,142.6622,-22378100,6949.8911,6349.388,5748.8849,0
FPT.VN,2013-01-22,6494.97,6529.42,6253.77,6391.6,2166470,6382.983,5988.1164,6366.5599,6196.103,54.309,169.7395,188.3836,-18.6441,152.1613,-24544570,6905.2395,6382.983,5860.7265,0
FPT.VN,2013-01-23,6357.14,6426.05,6357.14,6391.6,1117539,6407.1025,5995.3522,6368.9447,6203.7696,54.309,150.9394,180.8948,-29.9553,146.2148,-24544570,6879.3981,6407.1025,5934.8069,1
FPT.VN,2013-01-24,6426.05,6563.88,6426.05,6546.65,822206,6428.6375,6006.7228,6385.869,6217.2158,60.0033,146.8586,174.0875,-27.2289,148.0766,-23722364,6884.0097,6428.6375,5973.2653,1
FPT.VN,2013-01-25,6615.56,6805.07,6615.56,6770.61,4571272,6463.955,6023.2616,6422.511,6238.9176,66.4981,159.8536,171.2408,-11.3872,155.9582,-19151092,6909.8028,6463.955,6018.1072,1
FPT.VN,2013-01-28,6805.07,7029.03,6805.07,6856.75,3242101,6503.5795,6043.246,6463.8671,6263.1463,68.6095,175.0847,172.0095,3.0751,163.2769,-15908991,6940.6357,6503.5795,6066.5233,0
FPT.VN,2013-01-29,6839.53,6891.21,6787.84,6805.07,1202285,6540.62,6062.1968,6496.3626,6284.3982,65.9251,180.9,173.7876,7.1123,158.9979,-17111276,6945.2747,6540.62,6135.9653,1
FPT.VN,2013-01-30,6891.21,7166.86,6891.21,7029.03,4002954,6578.5215,6085.9714,6547.0929,6313.5995,71.1863,201.2603,179.2822,21.9782,173.483,-13108322,7017.398,6578.5215,6139.645,0
FPT.VN,2013-01-31,6994.58,7011.81,6891.21,6908.44,2128334,6614.7005,6107.3342,6581.5069,6336.9265,65.3366,205.2989,184.4855,20.8134,170.9357,-15236656,7035.8789,6614.7005,6193.5221,0
FPT.VN,2013-02-01,6891.21,6891.21,6718.93,6805.07,1876593,6641.404,6126.6296,6602.7986,6355.2851,60.7297,197.8774,187.1639,10.7135,172.2624,-17113249,7037.8241,6641.404,6244.9839,0
FPT.VN,2013-02-04,6856.75,6856.75,6753.39,6787.84,966854,6668.969,6146.2696,6620.4216,6372.248,59.9707,188.4334,187.4178,1.0156,167.3408,-18080103,7021.0423,6668.969,6316.8957,0
FPT.VN,2013-02-05,6736.16,6787.84,6701.7,6753.39,1063383,6679.306,6166.2542,6633.0852,6387.1948,58.399,176.1386,185.162,-9.0233,161.5407,-19143486,7028.3851,6679.306,6330.2269,1
FPT.VN,2013-02-06,6736.16,6891.21,6736.16,6787.84,527628,6682.7515,6188.306,6647.8238,6402.9064,59.5409,167.2469,181.5789,-14.3321,161.0771,-18615858,7034.8248,6682.7515,6330.6782,1
FPT.VN,2013-02-07,6805.07,6822.3,6770.61,6822.3,902541,6683.613,6212.4252,6664.4406,6419.3532,60.7028,161.1234,177.4878,-16.3644,153.2638,-17713317,7037.0283,6683.613,6330.1977,1
FPT.VN,2013-02-08,6839.53,6977.35,6805.07,6856.75,535000,6691.3655,6236.889,6682.7558,6436.506,61.8814,157.2378,173.4378,-16.2,154.6221,-17178317,7053.1545,6691.3655,6329.5765,0
FPT.VN,2013-02-11,6856.75,6856.75,6856.75,6856.75,0,6709.4545,6262.0418,6699.3266,6452.9861,61.8814,152.4016,169.2306,-16.829,143.5776,-17178317,7066.0378,6709.4545,6352.8712,0
FPT.VN,2013-02-12,6856.75,6856.75,6856.75,6856.75,0,6723.2365,6286.161,6714.3193,6468.82,61.8814,146.8759,164.7596,-17.8838,133.3221,-17178317,7080.2401,6723.2365,6366.2329,0
FPT.VN,2013-02-13,6856.75,6856.75,6856.75,6856.75,0,6733.573,6310.6248,6727.8842,6484.033,61.8814,140.8727,159.9823,-19.1095,123.7991,-17178317,7093.6091,6733.573,6373.5369,0
FPT.VN,2013-02-14,6856.75,6856.75,6856.75,6856.75,0,6748.2165,6335.7776,6740.1571,6498.6493,61.8814,134.564,154.8986,-20.3346,114.9563,-17178317,7102.9771,6748.2165,6393.4559,0
FPT.VN,2013-02-15,6856.75,6856.75,6856.75,6856.75,0,6764.583,6361.6196,6751.2612,6512.6925,61.8814,128.0879,149.5365,-21.4486,106.7451,-17178317,7106.8239,6764.583,6422.3421,1
FPT.VN,2013-02-18,6856.75,6925.67,6839.53,6891.21,760447,6784.395,6386.7726,6764.5896,6527.5363,63.5856,124.3032,144.4898,-20.1866,105.2733,-16417870,7106.1844,6784.395,6462.6056,0
FPT.VN,2013-02-19,6891.21,6908.44,6822.3,6839.53,976664,6806.7915,6411.581,6771.7268,6539.7714,59.3036,115.7988,138.7516,-22.9528,103.9067,-17394534,7070.5996,6806.7915,6542.9834,0
FPT.VN,2013-02-20,6753.39,6839.53,6753.39,6805.07,995993,6827.465,6433.9774,6774.9024,6550.1752,56.5681,105.0672,132.0147,-26.9475,102.6376,-18390527,7004.9598,6827.465,6649.9702,0
FPT.VN,2013-02-21,6805.07,6822.3,6650.02,6650.02,1785288,6832.6335,6452.5838,6763.0088,6554.0907,46.2342,83.0933,122.2304,-39.1372,107.6121,-20175815,6978.9866,6832.6335,6686.2804,0
FPT.VN,2013-02-22,6701.7,6787.84,6460.51,6632.79,1961745,6825.7425,6471.5346,6750.607,6557.1769,45.245,63.5558,110.4955,-46.9397,123.3062,-22137560,6995.499,6825.7425,6655.986,0
FPT.VN,2013-02-25,6701.7,6701.7,6598.33,6615.56,831958,6813.683,6490.4854,6737.7454,6559.4665,44.226,46.1499,97.6264,-51.4765,121.8822,-22969518,7006.8225,6813.683,6620.5435,0
FPT.VN,2013-02-26,6615.56,6615.56,6357.14,6357.14,1654513,6791.2865,6505.9906,6701.4973,6551.5321,32.4295,11.3722,80.3756,-69.0033,131.6349,-24624031,7072.4547,6791.2865,6510.1183,0
FPT.VN,2013-02-27,6305.46,6426.05,6288.23,6305.46,1643310,6755.108,6517.3612,6663.7794,6541.8822,30.6677,-20.1275,60.2749,-80.4024,132.0767,-26267341,7088.7771,6755.108,6421.4389,1
FPT.VN,2013-02-28,6305.46,6408.83,6305.46,6374.37,1109065,6728.4045,6531.8328,6636.2166,6535.3131,35.6849,-39.0803,40.4039,-79.4842,130.0262,-25158276,7094.3297,6728.4045,6362.4793,0
FPT.VN,2013-03-01,6391.6,6391.6,6339.91,6374.37,562339,6706.8695,6546.9934,6611.2788,6529.0016,35.6849,-53.484,21.6263,-75.1103,124.4308,-25158276,7103.2262,6706.8695,6310.5128,0
FPT.VN,2013-03-04,6357.14,6357.14,6202.09,6236.54,1309204,6679.3045,6557.3302,6575.5894,6517.5325,30.5557,-75.1544,2.2702,-77.4246,127.8486,-26467480,7125.4991,6679.3045,6233.1099,0
FPT.VN,2013-03-05,6202.09,6236.54,6150.4,6150.4,1131644,6649.155,6565.9442,6535.0952,6503.1352,27.8605,-98.1478,-17.8134,-80.3344,124.8694,-27599124,7152.1454,6649.155,6146.1646,1
FPT.VN,2013-03-06,6150.4,6253.77,6150.4,6236.54,350301,6621.59,6572.4908,6506.6614,6492.6805,34.1187,-108.1725,-35.8852,-72.2872,123.3337,-27248823,7152.2436,6621.59,6090.9364,0
FPT.VN,2013-03-07,6288.23,6288.23,6133.18,6202.09,672566,6590.5795,6574.2136,6477.6546,6481.2848,32.8898,-117.542,-52.2166,-65.3254,125.5992,-27921389,7143.8532,6590.5795,6037.3058,1
FPT.VN,2013-03-08,6184.86,6357.14,6184.86,6339.91,674424,6564.7375,6579.7266,6464.536,6475.7407,41.9048,-112.5491,-64.2831,-48.266,128.9335,-27246965,7113.9308,6564.7375,6015.5442,1
FPT.VN,2013-03-11,6339.91,6460.51,6339.91,6443.28,455885,6544.064,6587.307,6462.5117,6474.4677,47.5913,-99.1086,-71.2482,-27.8604,128.3383,-26791080,7077.8875,6544.064,6010.2405,0
FPT.VN,2013-03-12,6408.83,6512.19,6357.14,6443.28,390700,6523.3905,6594.8874,6460.6801,6473.2446,47.5913,-87.4488,-74.4883,-12.9605,130.2462,-26791080,7037.9026,6523.3905,6008.8784,0
FPT.VN,2013-03-13,6477.74,6477.74,6374.37,6391.6,385360,6500.133,6597.2994,6454.101,6470.0429,45.0353,-81.4398,-75.8786,-5.5612,128.3265,-27176440,6992.7853,6500.133,6007.4807,1
FPT.VN,2013-03-14,6460.51,6460.51,6391.6,6426.05,90666,6478.598,6602.1232,6451.4295,6468.3177,47.0758,-73.0556,-75.314,2.2584,124.0825,-27085774,6942.4247,6478.598,6014.7713,0
FPT.VN,2013-03-15,6443.28,6443.28,6391.6,6408.83,80102,6456.202,6604.8798,6447.3724,6465.9848,46.1535,-67.0279,-73.6568,6.6289,118.9109,-27165876,6885.0878,6456.202,6027.3162,0
FPT.VN,2013-03-18,6426.05,6443.28,6357.14,6357.14,316693,6429.4985,6607.2918,6438.7788,6461.7164,43.4045,-65.6649,-72.0584,6.3935,116.5701,-27482569,6807.8743,6429.4985,6051.1227,1
FPT.VN,2013-03-19,6322.69,6391.6,6322.69,6374.37,158346,6406.2405,6603.8462,6432.6447,6458.2911,44.5892,-62.4743,-70.1416,7.6673,113.1658,-27324223,6732.025,6406.2405,6080.456,1
FPT.VN,2013-03-20,6426.05,6460.51,6374.37,6408.83,366495,6386.4285,6597.6442,6430.3766,6456.3514,46.9798,-56.5136,-67.416,10.9024,111.2354,-26957728,6652.8809,6386.4285,6119.9761,1
FPT.VN,2013-03-21,6443.28,6650.02,6426.05,6581.11,1593566,6382.983,6593.165,6444.7322,6461.2439,56.974,-37.4564,-61.4241,23.9677,120.5179,-25364162,6636.5546,6382.983,6129.4114,0
FPT.VN,2013-03-22,6650.02,6856.75,6546.65,6546.65,2249648,6378.676,6590.064,6454.4386,6464.5932,54.7509,-24.8476,-54.1088,29.2612,134.0594,-27613810,6616.8402,6378.676,6140.5118,1
FPT.VN,2013-03-25,6667.25,6667.25,6581.11,6632.79,1006731,6379.5375,6592.8204,6471.4245,6471.1891,59.0521,-7.8142,-44.8498,37.0357,133.098,-26607079,6621.4055,6379.5375,6137.6695,0
FPT.VN,2013-03-26,6684.47,6684.47,6598.33,6598.33,803342,6391.597,6593.1648,6483.5107,6476.175,56.7289,2.8712,-35.3056,38.1768,129.7439,-27410421,6652.0967,6391.597,6131.0973,0
FPT.VN,2013-03-27,6581.11,6598.33,6512.19,6512.19,1086079,6401.9335,6590.4082,6486.2421,6477.5874,51.2963,4.3386,-27.3768,31.7154,126.6293,-28496500,6664.4403,6401.9335,6139.4267,0
FPT.VN,2013-03-28,6529.42,6581.11,6512.19,6512.19,568492,6408.8245,6589.3744,6488.7133,6478.9443,51.2963,5.4389,-20.8137,26.2525,122.5072,-28496500,6675.4876,6408.8245,6142.1614,0
FPT.VN,2013-03-29,6512.19,6546.65,6460.51,6512.19,1069826,6415.7155,6589.0298,6490.9492,6480.2481,51.2963,6.2389,-15.4031,21.6421,119.9096,-28496500,6685.7316,6415.7155,6145.6994,1
FPT.VN,2013-04-01,6477.74,6615.56,6477.74,6615.56,827372,6434.6665,6591.4416,6502.8169,6485.5544,57.4094,15.0407,-9.3144,24.3551,121.1889,-27669128,6704.9363,6434.6665,6164.3967,1
FPT.VN,2013-04-02,6632.79,6787.84,6632.79,6667.25,2402190,6460.509,6596.9546,6518.4772,6492.6798,60.1059,25.8887,-2.2738,28.1624,124.8383,-25266938,6714.6943,6460.509,6206.3237,0
FPT.VN,2013-04-03,6684.47,6701.7,6615.56,6615.56,747444,6479.46,6601.4338,6527.7232,6497.4986,56.2693,29.9693,4.1749,25.7945,122.0741,-26014382,6719.4575,6479.46,6239.4625,0
FPT.VN,2013-04-04,6632.79,6632.79,6546.65,6563.88,337357,6497.5495,6601.7784,6531.1667,6500.1018,52.6508,28.7023,9.0804,19.622,119.5074,-26351739,6701.3256,6497.5495,6293.7734,1
FPT.VN,2013-04-05,6546.65,6615.56,6546.65,6615.56,714765,6511.332,6598.6774,6539.2041,6504.6296,55.7175,31.5051,13.5653,17.9398,115.8933,-25636974,6707.3553,6511.332,6315.3087,1
FPT.VN,2013-04-08,6615.56,6839.53,6615.56,6839.53,4190033,6531.1445,6598.333,6567.8066,6517.7629,65.9963,51.2086,21.094,30.1147,123.613,-21446941,6772.9585,6531.1445,6289.3305,1
FPT.VN,2013-04-09,6856.75,7166.86,6839.53,7046.26,5191250,6561.2935,6603.1568,6613.3736,6538.4883,72.3712,82.5535,33.3859,49.1676,138.1643,-16255691,6891.2683,6561.2935,6231.3187,0
FPT.VN,2013-04-10,7063.49,7063.49,6856.75,6856.75,1773563,6584.551,6599.7112,6636.5523,6550.9691,61.0686,91.0531,44.9193,46.1338,143.0625,-18029254,6929.4008,6584.551,6239.7012,0
FPT.VN,2013-04-11,6856.75,6856.75,6701.7,6753.39,1813963,6600.918,6596.6102,6647.6797,6558.9072,55.9374,88.4294,53.6214,34.8081,143.9188,-19843217,6945.1649,6600.918,6256.6711,0
FPT.VN,2013-04-12,6805.07,6839.53,6667.25,6718.93,1928137,6616.423,6594.8874,6654.4654,6565.1826,54.2993,82.6172,59.4205,23.1967,145.9446,-21771354,6952.0682,6616.423,6280.7778,0
FPT.VN,2013-04-15,6632.79,6718.93,6477.74,6512.19,1862256,6624.1755,6589.3744,6640.9154,6563.1045,45.6602,60.6298,59.6624,0.9674,152.7478,-23633610,6941.2539,6624.1755,6307.0971,0
FPT.VN,2013-04-16,6512.19,6529.42,6339.91,6460.51,799395,6628.4825,6583.5168,6623.7339,6559.0812,43.7848,38.5897,55.4478,-16.8581,155.3737,-24433005,6933.3798,6628.4825,6323.5852,1
FPT.VN,2013-04-17,6581.11,6632.79,6460.51,6546.65,612606,6635.3735,6578.693,6616.3926,6558.5937,47.6447,27.7536,49.909,-22.1554,156.5813,-23820399,6925.2268,6635.3735,6345.5202,0
FPT.VN,2013-04-18,6477.74,6512.19,6357.14,6374.37,788598,6625.0365,6569.7344,6593.3428,6551.3692,41.5064,5.2044,40.9681,-35.7637,158.9333,-24608997,6936.9448,6625.0365,6313.1282,0
FPT.VN,2013-04-19,6374.37,6374.37,6374.37,6374.37,0,6616.4225,6560.0868,6572.4883,6544.4281,41.5064,-12.5217,30.2701,-42.7918,147.581,-24608997,6946.436,6616.4225,6286.409,0
FPT.VN,2013-04-22,6460.51,6460.51,6357.14,6357.14,832364,6602.64,6550.0946,6551.9789,6537.0834,40.8953,-27.6415,18.6878,-46.3293,144.423,-25441361,6952.2195,6602.64,6253.0605,1
FPT.VN,2013-04-23,6443.28,6443.28,6374.37,6426.05,411306,6594.026,6541.4806,6539.9857,6532.7292,44.4199,-33.6753,8.2152,-41.8905,140.26,-25030055,6952.4316,6594.026,6235.6204,0
FPT.VN,2013-04-24,6460.51,6460.51,6357.14,6391.6,872705,6587.9965,6532.1776,6525.8537,6527.1947,43.0381,-40.7671,-1.5813,-39.1858,137.625,-25902760,6956.1244,6587.9965,6219.8686,1
FPT.VN,2013-04-25,6477.74,6477.74,6391.6,6408.83,268051,6582.8285,6523.2192,6514.7086,6522.5529,43.9768,-44.4843,-10.1619,-34.3224,133.9475,-25634709,6958.2668,6582.8285,6207.3902,0
FPT.VN,2013-04-26,6408.83,6443.28,6391.6,6408.83,300034,6577.6605,6514.2608,6504.6249,6518.0932,43.9768,-46.8896,-17.5074,-29.3822,128.0712,-25634709,6959.9755,6577.6605,6195.3455,0
FPT.VN,2013-04-29,6408.83,6408.83,6408.83,6408.83,0,6567.324,6504.6132,6495.5016,6513.8084,43.9768,-48.2398,-23.6539,-24.5859,118.9233,-25634709,6956.4426,6567.324,6178.2054,0
FPT.VN,2013-04-30,6408.83,6408.83,6408.83,6408.83,0,6554.403,6495.9992,6487.2472,6509.6916,43.9768,-48.7479,-28.6727,-20.0752,110.4288,-25634709,6946.6997,6554.403,6162.1063,0
FPT.VN,2013-05-01,6408.83,6408.83,6408.83,6408.83,0,6544.0665,6488.0744,6479.7789,6505.7362,43.9768,-48.5905,-32.6563,-15.9342,102.541,-25634709,6940.4511,6544.0665,6147.6819,0
FPT.VN,2013-05-02,6443.28,6443.28,6374.37,6374.37,384721,6534.591,6482.5614,6469.7399,6500.5846,41.973,-50.6623,-36.2575,-14.4049,100.1388,-26019430,6937.9799,6534.591,6131.2021,1
FPT.VN,2013-05-03,6391.6,6408.83,6374.37,6391.6,425585,6523.393,6477.7376,6462.298,6496.3107,43.3626,-50.3337,-39.0727,-11.261,95.4474,-25593845,6929.7413,6523.393,6117.0447,1
FPT.VN,2013-05-06,6443.28,6598.33,6391.6,6598.33,1093857,6511.333,6477.393,6475.2534,6500.3115,56.7463,-33.0114,-37.8605,4.849,103.3962,-24499988,6891.6594,6511.333,6131.0066,0
FPT.VN,2013-05-07,6546.65,6546.65,6460.51,6460.51,52826,6482.0455,6479.4604,6473.8493,6498.7506,48.5154,-30.0578,-36.2999,6.2421,105.855,-24552814,6767.2453,6482.0455,6196.8457,1
FPT.VN,2013-05-08,6546.65,6563.88,6477.74,6512.19,710354,6464.8175,6483.595,6477.5008,6499.2777,51.3642,-23.2785,-33.6957,10.4171,105.6775,-23842460,6690.0327,6464.8175,6239.6023,0
FPT.VN,2013-05-09,6546.65,6546.65,6512.19,6512.19,468713,6452.7575,6486.3514,6480.8045,6499.784,51.3642,-17.7019,-30.4969,12.795,100.5906,-23842460,6634.5557,6452.7575,6270.9593,1
FPT.VN,2013-05-10,6546.65,6546.65,6512.19,6529.42,375550,6443.282,6489.4524,6485.4346,6500.9462,52.383,-11.7565,-26.7488,14.9923,95.8669,-23466910,6581.1025,6443.282,6305.4615,1
FPT.VN,2013-05-13,6581.11,6581.11,6529.42,6546.65,349953,6445.005,6495.6546,6491.2646,6502.7385,53.4335,-5.59,-22.5171,16.9271,92.7115,-23116957,6587.2436,6445.005,6302.7664,1
FPT.VN,2013-05-14,6546.65,6770.61,6546.65,6615.56,1868351,6452.7575,6504.9578,6503.1023,6507.1629,57.4741,4.8021,-17.0532,21.8553,102.0863,-21248606,6614.1643,6452.7575,6291.3507,1
FPT.VN,2013-05-15,6667.25,6684.47,6615.56,6684.47,909448,6459.6485,6513.9164,6520.3754,6514.1161,61.1084,18.3865,-9.9653,28.3517,99.7166,-20339158,6647.5302,6459.6485,6271.7668,0
FPT.VN,2013-05-16,6718.93,6718.93,6632.79,6684.47,750753,6475.1535,6523.564,6536.0035,6520.7967,61.1084,28.8199,-2.2082,31.0282,98.7469,-20339158,6683.4736,6475.1535,6266.8334,0
FPT.VN,2013-05-17,6667.25,6684.47,6632.79,6632.79,600765,6488.0745,6529.4216,6545.2212,6525.1886,56.8804,32.5432,4.7421,27.8012,95.3849,-20939923,6702.0543,6488.0745,6274.0947,1
FPT.VN,2013-05-20,6632.79,6856.75,6632.79,6770.61,1807520,6508.748,6535.9682,6566.6868,6534.8129,64.0282,46.0837,13.0104,33.0733,104.5689,-19132403,6747.88,6508.748,6269.616,1
FPT.VN,2013-05-21,7115.17,7235.77,6908.44,7235.77,10617293,6549.234,6551.818,6630.409,6562.3014,77.553,93.2739,29.0631,64.2108,130.3254,-8515110,6949.3825,6549.234,6149.0855,0
FPT.VN,2013-05-22,7235.77,7270.23,7184.09,7184.09,2746629,6588.8585,6567.6678,6683.1405,6586.6853,74.2144,125.0608,48.2626,76.7981,127.1693,-11261739,7071.6913,6588.8585,6106.0257,0
FPT.VN,2013-05-23,7115.17,7270.23,7115.17,7184.09,3604475,6627.6215,6582.8286,6730.85,6610.1129,74.2144,148.5398,68.3181,80.2217,129.1615,-11261739,7170.3621,6627.6215,6084.8809,1
FPT.VN,2013-05-24,7184.09,7304.68,7166.86,7235.77,1891627,6668.9685,6599.3674,6778.9376,6634.6485,75.4406,169.3649,88.5274,80.8375,129.7799,-9370112,7264.9159,6668.9685,6073.0211,1
FPT.VN,2013-05-27,7459.73,7494.19,7356.37,7373.59,2114345,6717.2065,6619.6964,6835.5712,6663.6266,78.3916,194.7449,109.7709,84.974,138.9685,-7255767,7377.2319,6717.2065,6057.1811,1
FPT.VN,2013-05-28,7408.05,7459.73,7373.59,7425.28,1920649,6768.029,6640.7146,6891.7339,6693.4954,79.3918,216.5337,131.1235,85.4102,135.195,-5335118,7482.3742,6768.029,6053.6838,1
FPT.VN,2013-05-29,7494.19,7649.24,7442.51,7580.33,2874328,6826.604,6664.1446,6957.3145,6728.2732,82.0723,243.5057,153.5999,89.9058,141.5354,-2460790,7606.0858,6826.604,6047.1222,0
FPT.VN,2013-05-30,7545.88,7580.33,7494.19,7563.1,1709714,6886.0405,6683.7844,7015.0084,6761.0115,80.8144,260.4882,174.9776,85.5106,137.5786,-4170504,7700.8144,6886.0405,6071.2666,1
FPT.VN,2013-05-31,7580.33,7838.75,7580.33,7666.47,3370206,6949.784,6706.1808,7077.0523,6796.5197,82.5431,279.071,195.7963,83.2748,147.4408,-800298,7800.3754,6949.784,6099.1926,0
FPT.VN,2013-06-03,7666.47,7735.38,7597.56,7632.02,1816284,7001.4685,6726.1654,7129.9064,6829.2844,79.9573,287.7018,214.1774,73.5244,146.7536,-2616582,7887.0433,7001.4685,6115.8937,1
FPT.VN,2013-06-04,7632.02,7855.98,7632.02,7700.93,4190323,7063.4895,6748.2174,7184.2896,6863.4666,81.2244,296.6822,230.6784,66.0039,152.2684,1573741,7963.1773,7063.4895,6163.8017,1
FPT.VN,2013-06-05,7752.61,7838.75,7752.61,7787.07,664556,7127.2335,6773.715,7241.6973,6899.6863,82.6969,307.2088,245.9844,61.2243,151.2363,2238297,8042.9676,7127.2335,6211.4994,1
FPT.VN,2013-06-06,7700.93,7873.21,7700.93,7873.21,1097223,7195.2845,6800.9354,7301.8413,6937.8637,84.0445,318.8267,260.5529,58.2738,152.7395,3335520,8120.8041,7195.2845,6269.7649,0
FPT.VN,2013-06-07,7907.66,7924.89,7752.61,7838.75,842812,7260.751,6827.4666,7352.9755,6973.1926,81.3161,321.5467,272.7516,48.7951,154.1352,2492708,8173.0923,7260.751,6348.4097,1
FPT.VN,2013-06-10,7924.89,7924.89,7838.75,7855.98,1487227,7326.2175,6852.275,7400.8807,7007.8117,81.6371,321.3879,282.4789,38.909,149.2784,3979935,8210.2729,7326.2175,6442.1621,0
FPT.VN,2013-06-11,7855.98,7855.98,7752.61,7787.07,1364230,7384.793,6874.6714,7437.6606,7038.3709,76.0124,312.1039,288.4039,23.7,145.9992,2615705,8224.7316,7384.793,6544.8544,0
FPT.VN,2013-06-12,7752.61,7787.07,7700.93,7752.61,1126072,7438.2,6897.4124,7467.6558,7066.3802,73.2929,298.5244,290.428,8.0964,141.7236,1489633,8224.7851,7438.2,6651.6149,0
FPT.VN,2013-06-13,7700.93,7752.61,7666.47,7700.93,2400333,7489.023,6920.1534,7489.8724,7091.2645,69.2892,280.3605,288.4145,-8.054,137.7533,-910700,8198.0861,7489.023,6779.9599,0
FPT.VN,2013-06-14,7735.38,7735.38,7614.79,7614.79,1495180,7538.123,6940.138,7501.7693,7111.795,63.1018,256.0631,281.9442,-25.8811,136.5274,-2405880,8122.5933,7538.123,6953.6527,0
FPT.VN,2013-06-17,7666.47,7666.47,7442.51,7442.51,1424133,7571.718,6952.1976,7496.1256,7124.7642,52.9229,220.3654,269.6284,-49.2631,142.7726,-3830013,8035.1421,7571.718,7108.2939,0
FPT.VN,2013-06-18,7442.51,7442.51,7339.14,7390.82,1041965,7579.4705,6959.0888,7486.0965,7135.1977,50.3011,185.7624,252.8552,-67.0929,139.9581,-4871978,8024.0354,7579.4705,7134.9056,1
FPT.VN,2013-06-19,7408.05,7476.96,7373.59,7408.05,614463,7590.6685,6970.1148,7478.6635,7145.8978,51.1695,157.9093,233.866,-75.9568,137.3447,-4257515,8003.4464,7590.6685,7177.8906,0
FPT.VN,2013-06-20,7442.51,7442.51,7356.37,7373.59,838111,7600.1435,6982.5188,7468.6565,7154.8269,49.3137,131.5386,213.4005,-81.862,133.6872,-5095626,7981.0988,7600.1435,7219.1882,0
FPT.VN,2013-06-21,7339.14,7356.37,7235.77,7356.37,1450775,7606.1735,6995.2676,7457.9625,7162.7306,48.3696,108.0051,192.3214,-84.3164,133.9824,-6546401,7966.0809,7606.1735,7246.2661,0
FPT.VN,2013-06-24,7356.37,7356.37,7270.23,7321.91,912118,7603.5895,7011.462,7445.0051,7168.9729,46.4531,85.5874,170.9746,-85.3873,130.5651,-7458519,7971.1878,7603.5895,7235.9912,0
FPT.VN,2013-06-25,7270.23,7304.68,7063.49,7132.4,3881988,7588.9455,7024.8998,7415.2332,7167.5387,37.624,51.9307,147.1658,-95.2352,139.6976,-11340507,8006.4057,7588.9455,7171.4853,1
FPT.VN,2013-06-26,7080.72,7166.86,7080.72,7149.63,993033,7567.4105,7036.9594,7389.9377,7166.8364,38.7636,26.3442,123.0015,-96.6573,135.872,-10347474,8028.8603,7567.4105,7105.9607,1
FPT.VN,2013-06-27,7201.31,7218.54,7132.4,7166.86,994019,7547.5985,7052.8092,7368.6922,7166.8373,39.9452,7.372,99.8756,-92.5036,132.3197,-9353455,8042.6301,7547.5985,7052.5669,1
FPT.VN,2013-06-28,7321.91,7321.91,7201.31,7201.31,660667,7524.3405,7069.348,7352.751,7168.1892,42.3408,-4.8281,78.9349,-83.763,133.9433,-8692788,8039.1698,7524.3405,7009.5112,1
FPT.VN,2013-07-01,7253.0,7253.0,7166.86,7235.77,249361,7504.528,7086.9206,7341.61,7170.8394,44.7163,-11.5826,60.8314,-72.414,130.5288,-8443427,8032.2463,7504.528,6976.8097,1
FPT.VN,2013-07-02,7253.0,7373.59,7235.77,7304.68,478116,7484.7155,7104.4932,7338.0928,7176.088,49.2217,-11.2455,46.416,-57.6615,131.0496,-7965311,8011.1386,7484.7155,6958.2924,1
FPT.VN,2013-07-03,7339.14,7339.14,7270.23,7339.14,839039,7462.319,7123.444,7338.1926,7182.4822,51.3566,-8.1043,35.5119,-43.6163,126.6111,-7126272,7972.4414,7462.319,6952.1966,1
FPT.VN,2013-07-04,7356.37,7580.33,7339.14,7476.96,3057924,7442.5065,7144.8066,7351.4085,7194.0304,58.8146,5.4433,29.4982,-24.0549,134.7953,-4068348,7914.8133,7442.5065,6970.1997,1
FPT.VN,2013-07-05,7476.96,7528.65,7425.28,7511.42,1124504,7426.14,7166.8584,7366.6477,7206.477,60.4475,18.7444,27.3474,-8.603,132.5506,-2943844,7861.9051,7426.14,6990.3749,0
FPT.VN,2013-07-08,7528.65,7528.65,7408.05,7408.05,650916,7403.7435,7186.8428,7370.5908,7214.3819,53.5844,20.7059,26.0191,-5.3133,131.697,-3594760,7789.6848,7403.7435,7017.8022,0
FPT.VN,2013-07-09,7408.05,7408.05,7270.23,7339.14,516135,7381.347,7205.449,7367.5955,7219.2743,49.5459,16.5096,24.1172,-7.6076,132.1344,-4110895,7723.082,7381.347,7039.612,0
FPT.VN,2013-07-10,7339.14,7356.37,7287.45,7321.91,247039,7359.812,7223.7106,7363.2445,7223.2993,48.5604,11.6592,21.6256,-9.9664,127.619,-4357934,7654.0155,7359.812,7065.6085,0
FPT.VN,2013-07-11,7339.14,7339.14,7270.23,7304.68,630716,7339.9995,7242.3168,7357.6669,7226.4907,47.542,6.3518,18.5709,-12.219,123.4255,-4988650,7587.0737,7339.9995,7092.9253,1
FPT.VN,2013-07-12,7287.45,7408.05,7287.45,7408.05,592987,7329.6625,7262.6458,7362.4653,7233.6106,53.8016,10.3672,16.9301,-6.5629,123.2237,-4395663,7543.377,7329.6625,7115.948,1
FPT.VN,2013-07-15,7459.73,7459.73,7356.37,7425.28,440154,7328.801,7279.1848,7368.4476,7241.1271,54.7704,14.7695,16.498,-1.7285,121.8049,-3955509,7540.7316,7328.801,7116.8704,1
FPT.VN,2013-07-16,7459.73,7563.1,7425.28,7511.42,626189,7334.831,7300.203,7382.0641,7251.7268,59.3589,24.9218,18.1828,6.7391,122.9488,-3329320,7560.6024,7334.831,7109.0596,1
FPT.VN,2013-07-17,7580.33,7580.33,7528.65,7528.65,841709,7340.861,7320.5322,7396.0246,7262.5865,60.2281,33.9664,21.3395,12.6269,119.0889,-2487611,7580.8601,7340.861,7100.8619,0
FPT.VN,2013-07-18,7528.65,7580.33,7459.73,7459.73,378220,7345.168,7339.483,7402.0918,7270.3177,55.1477,35.1677,24.1051,11.0625,119.1968,-2865831,7590.6688,7345.168,7099.6672,1
FPT.VN,2013-07-19,7528.65,7563.1,7459.73,7563.1,660899,7355.5045,7360.1566,7417.4259,7281.7993,60.526,43.9541,28.0749,15.8792,118.0663,-2204932,7619.6885,7355.5045,7091.3205,0
FPT.VN,2013-07-22,7632.02,7632.02,7494.19,7563.1,387856,7367.564,7380.4856,7431.2996,7292.8307,60.526,50.3371,32.5274,17.8098,119.478,-2204932,7646.8776,7367.564,7088.2504,0
FPT.VN,2013-07-23,7563.1,7563.1,7494.19,7511.42,555606,7386.515,7398.4028,7438.9301,7301.4028,56.5913,50.6418,36.1502,14.4916,115.866,-2760538,7649.6083,7386.515,7123.4217,0
FPT.VN,2013-07-24,7442.51,7476.96,7408.05,7408.05,1390931,7399.436,7412.8744,7435.9892,7305.5851,49.6402,42.0574,37.3317,4.7257,114.9735,-4151469,7637.7618,7399.436,7161.1102,1
FPT.VN,2013-07-25,7476.96,7528.65,7408.05,7476.96,625898,7414.941,7428.7242,7439.8912,7312.3057,53.7211,40.3495,37.9352,2.4142,115.3754,-3525571,7628.6336,7414.941,7201.2484,0
FPT.VN,2013-07-26,7511.42,7511.42,7373.59,7390.82,338111,7424.4165,7443.8848,7435.2177,7315.3847,48.4371,31.68,36.6842,-5.0042,116.9793,-3863682,7613.6278,7424.4165,7235.2052,0
FPT.VN,2013-07-29,7390.82,7390.82,7235.77,7270.23,1041326,7426.1395,7453.8772,7419.5046,7313.6139,42.182,14.9069,32.3287,-17.4218,119.6986,-4905008,7608.6258,7426.1395,7243.6532,1
FPT.VN,2013-07-30,7253.0,7408.05,7235.77,7408.05,524784,7431.308,7457.3228,7418.4137,7317.3173,50.1115,12.5899,28.381,-15.791,123.4544,-4380224,7604.951,7431.308,7257.665,0
FPT.VN,2013-07-31,7459.73,7459.73,7356.37,7408.05,484907,7434.7535,7461.802,7417.4267,7320.8754,50.1115,10.6312,24.831,-14.1998,122.0191,-4380224,7603.3577,7434.7535,7266.1493,0
FPT.VN,2013-08-01,7408.05,7425.28,7390.82,7390.82,448919,7430.4465,7465.9366,7414.8927,7323.6183,49.1344,7.6009,21.385,-13.7841,115.7649,-4829143,7598.9119,7430.4465,7261.9811,1
FPT.VN,2013-08-02,7459.73,7476.96,7425.28,7442.51,452344,7427.001,7470.0714,7417.5229,7328.2808,52.1486,9.2635,18.9607,-9.6972,113.6488,-4376799,7591.2596,7427.001,7262.7424,1
FPT.VN,2013-08-05,7459.73,7821.52,7459.73,7666.47,3274200,7439.922,7475.929,7441.2322,7341.5431,62.5137,28.3264,20.8338,7.4925,132.6032,-1102599,7635.5621,7439.922,7244.2819,1
FPT.VN,2013-08-06,7666.47,7804.3,7666.47,7787.07,2759921,7462.3185,7483.1648,7474.1691,7359.0147,66.697,52.5593,27.1789,25.3804,132.9765,1657322,7706.0306,7462.3185,7218.6064,1
FPT.VN,2013-08-07,7838.75,8045.49,7804.3,7976.58,4796835,7495.052,7491.0898,7522.0178,7383.233,71.9872,86.0639,38.9559,47.108,141.9368,6454157,7821.2582,7495.052,7168.8458,0
FPT.VN,2013-08-08,7976.58,7976.58,7787.07,7787.07,2110979,7519.1715,7495.5692,7547.2608,7399.0697,61.4713,96.2156,50.4079,45.8077,145.3349,4343178,7857.2303,7519.1715,7181.1127,1
FPT.VN,2013-08-09,7787.07,7855.98,7769.84,7855.98,1189689,7541.568,7499.3594,7576.6627,7416.9878,63.556,108.5697,62.0402,46.5295,141.1067,5532867,7906.8819,7541.568,7176.2541,0
FPT.VN,2013-08-12,7890.44,7890.44,7787.07,7821.52,1159215,7561.38,7503.1494,7599.9824,7432.8518,61.7565,114.2627,72.4847,41.778,138.4112,4373652,7942.7646,7561.38,7179.9954,1
FPT.VN,2013-08-13,7821.52,7907.66,7787.07,7838.75,2475269,7577.7465,7505.9058,7622.7222,7448.7694,62.3308,118.7954,81.7469,37.0485,137.1382,6848921,7977.7435,7577.7465,7177.7495,1
FPT.VN,2013-08-14,7838.75,7873.21,7804.3,7873.21,1149348,7594.9745,7507.6286,7646.5782,7465.4141,63.511,123.7418,90.1459,33.5959,132.2648,7998269,8015.2352,7594.9745,7174.7138,1
FPT.VN,2013-08-15,7804.3,7959.35,7735.38,7890.44,4674708,7616.51,7507.9732,7669.8031,7482.0818,64.1164,127.5815,97.633,29.9485,138.8152,12672977,8051.4749,7616.51,7181.5451,1
FPT.VN,2013-08-16,7873.21,7924.89,7787.07,7924.89,1858715,7634.5995,7509.696,7694.0971,7499.4468,65.3541,131.884,104.4832,27.4008,138.7441,14531692,8089.8322,7634.5995,7179.3668,1
FPT.VN,2013-08-19,7924.89,8200.54,7907.66,8114.4,3123863,7662.1645,7514.8644,7734.1259,7523.5626,71.2324,148.8696,113.3605,35.5091,149.7538,17655555,8163.5887,7662.1645,7160.7403,0
FPT.VN,2013-08-20,8097.17,8114.4,7993.8,8062.72,2600472,7689.7295,7520.3774,7765.4206,7544.706,67.8515,156.3582,121.96,34.3982,147.6714,15055083,8216.2471,7689.7295,7163.2119,0
FPT.VN,2013-08-21,8062.72,8062.72,7752.61,7993.8,2744830,7719.017,7525.2012,7787.171,7562.3176,63.5215,154.9456,128.5571,26.3885,159.2741,12310253,8244.7264,7719.017,7193.3076,0
FPT.VN,2013-08-22,7993.8,7993.8,7769.84,7821.52,2170591,7736.245,7527.613,7790.4424,7572.4824,54.209,138.33,130.5117,7.8183,163.8946,10139662,8251.0241,7736.245,7221.4659,0
FPT.VN,2013-08-23,7838.75,7855.98,7666.47,7700.93,2556590,7751.7505,7529.3358,7781.9174,7577.5195,48.8144,114.116,127.2326,-13.1166,165.7242,7583072,8240.7578,7751.7505,7262.7432,0
FPT.VN,2013-08-26,7683.7,7718.16,7580.33,7683.7,1155326,7772.424,7534.1596,7772.5633,7581.6835,48.0782,92.4699,120.28,-27.8101,163.7318,6427746,8207.729,7772.424,7337.119,0
FPT.VN,2013-08-27,7735.38,7735.38,7614.79,7649.24,712095,7784.4835,7539.328,7760.8183,7584.3327,46.5656,71.708,110.5656,-38.8576,160.6502,5715651,8189.6026,7784.4835,7379.3644,0
FPT.VN,2013-08-28,7545.88,7580.33,7270.23,7373.59,2514391,7782.7605,7538.6388,7723.9394,7576.0683,36.6363,32.6352,94.9795,-62.3443,176.2474,3201260,8194.8537,7782.7605,7370.6673,0
FPT.VN,2013-08-29,7339.14,7494.19,7339.14,7339.14,808508,7780.1765,7537.9498,7687.2918,7566.777,35.6143,-1.0975,75.7641,-76.8616,174.7333,2392752,8203.1228,7780.1765,7357.2302,1
FPT.VN,2013-08-30,7408.05,7442.51,7321.91,7425.28,1331377,7779.315,7539.328,7662.3383,7561.2281,40.1132,-20.6421,56.4829,-77.125,170.8666,3724129,8205.2172,7779.315,7353.4128,0
FPT.VN,2013-09-02,7425.28,7425.28,7425.28,7425.28,0,7767.2555,7541.3954,7639.7613,7555.8968,40.1132,-35.7196,38.0424,-73.762,158.6618,3724129,8219.4579,7767.2555,7315.0531,0
FPT.VN,2013-09-03,7528.65,7528.65,7373.59,7373.59,340491,7746.5815,7546.2192,7614.4117,7548.7475,38.253,-51.2489,20.1841,-71.433,158.4046,3383638,8231.5872,7746.5815,7261.5758,1
FPT.VN,2013-09-04,7425.28,7459.73,7339.14,7390.82,1482642,7717.2935,7551.043,7593.1172,7542.5543,39.2641,-61.4571,3.8559,-65.313,155.7035,4866280,8214.4128,7717.2935,7220.1742,1
FPT.VN,2013-09-05,7442.51,7545.88,7373.59,7528.65,1401495,7704.3725,7558.2788,7586.9775,7542.009,46.7724,-57.7597,-8.4672,-49.2925,156.8883,6267775,8207.2557,7704.3725,7201.4893,1
FPT.VN,2013-09-06,7563.1,7735.38,7511.42,7632.02,1541674,7693.1745,7566.893,7591.2673,7545.5389,51.6045,-45.9586,-15.9655,-29.9931,161.6791,7809449,8191.7993,7693.1745,7194.5497,0
FPT.VN,2013-09-09,7632.02,7632.02,7390.82,7442.51,792836,7674.224,7571.0278,7577.0999,7541.4985,43.761,-51.3066,-23.0337,-28.2729,167.3592,7016613,8181.052,7674.224,7167.396,1
FPT.VN,2013-09-10,7442.51,7563.1,7442.51,7494.19,359124,7656.996,7574.818,7569.2037,7539.6433,46.1641,-50.7893,-28.5848,-22.2044,164.0185,7375737,8163.7009,7656.996,7150.2911,0
FPT.VN,2013-09-11,7563.1,7632.02,7459.73,7459.73,1351402,7636.322,7577.2298,7558.7777,7536.5094,44.7898,-52.5541,-33.3787,-19.1754,164.6093,6024335,8139.612,7636.322,7133.032,0
FPT.VN,2013-09-12,7425.28,7511.42,7408.05,7408.05,1117481,7612.2025,7575.8516,7544.4226,7531.4718,42.735,-57.4606,-38.1951,-19.2655,160.2351,4906854,8110.4259,7612.2025,7113.9791,0
FPT.VN,2013-09-13,7373.59,7459.73,7373.59,7373.59,633212,7584.6375,7573.095,7528.1529,7525.2804,41.3721,-63.3988,-43.2358,-20.163,154.9426,4273642,8070.8781,7584.6375,7098.3969,0
FPT.VN,2013-09-16,7390.82,7408.05,7339.14,7356.37,996748,7546.736,7572.0614,7511.7926,7518.6564,40.674,-68.7024,-48.3291,-20.3733,148.7974,3276894,7973.6636,7546.736,7119.8084,1
FPT.VN,2013-09-17,7390.82,7459.73,7339.14,7390.82,918851,7513.141,7573.095,7500.2714,7513.6432,42.755,-69.3266,-52.5286,-16.798,146.7826,4195745,7868.9254,7513.141,7157.3566,1
FPT.VN,2013-09-18,7459.73,7545.88,7408.05,7459.73,1197003,7486.4375,7575.8514,7496.4103,7511.529,46.7767,-63.5285,-54.7286,-8.7999,147.3738,5392748,7761.2868,7486.4375,7211.5882,1
FPT.VN,2013-09-19,7511.42,7563.1,7476.96,7476.96,796434,7469.2095,7579.297,7494.5579,7510.1733,47.7649,-56.8873,-55.1603,-1.727,144.2307,6189182,7694.317,7469.2095,7244.102,1
FPT.VN,2013-09-20,7476.96,7528.65,7476.96,7494.19,257719,7458.8725,7581.0198,7494.5229,7509.5465,48.7888,-49.6614,-54.0606,4.3991,137.6207,6446901,7656.4852,7458.8725,7261.2598,1
FPT.VN,2013-09-23,7494.19,7666.47,7494.19,7649.24,1871427,7457.1495,7585.499,7509.2578,7515.0247,56.9642,-31.0655,-49.4615,18.3961,140.0963,8318328,7646.9551,7457.1495,7267.3439,1
FPT.VN,2013-09-24,7666.47,7855.98,7666.47,7787.07,1946769,7464.041,7591.012,7535.7161,7525.6932,62.6693,-5.147,-40.5986,35.4516,144.8566,10265097,7689.8137,7464.041,7238.2683,0
FPT.VN,2013-09-25,7804.3,7821.52,7683.7,7718.16,1466447,7481.2695,7594.8022,7553.0917,7533.2409,58.4941,9.7211,-30.5347,40.2558,144.354,8798650,7729.4553,7481.2695,7233.0837,1
FPT.VN,2013-09-26,7718.16,7787.07,7666.47,7787.07,1044460,7503.666,7601.349,7575.3754,7543.195,61.2727,26.7561,-19.0765,45.8327,142.6573,9843110,7777.3785,7503.666,7229.9535,0
FPT.VN,2013-09-27,7804.3,7804.3,7683.7,7752.61,783374,7520.0325,7605.1392,7592.2549,7551.4073,59.1406,37.0489,-7.8514,44.9003,141.0817,9059736,7812.5117,7520.0325,7227.5533,1
FPT.VN,2013-09-30,7821.52,7821.52,7735.38,7769.84,1112779,7537.2605,7609.274,7609.1677,7559.9733,59.8921,46.0652,2.9319,43.1333,137.1573,10172515,7846.359,7537.2605,7228.162,0
FPT.VN,2013-10-01,7735.38,7804.3,7718.16,7718.16,1797362,7554.489,7613.4088,7619.548,7566.1767,56.5334,48.4817,12.0419,36.4399,133.5132,8375153,7863.5876,7554.489,7245.3904,1
FPT.VN,2013-10-02,7718.16,7787.07,7718.16,7769.84,727129,7573.44,7620.6446,7633.8615,7574.1635,59.009,53.9451,20.4225,33.5226,128.8987,9102282,7886.7349,7573.44,7260.1451,0
FPT.VN,2013-10-03,7769.84,7769.84,7700.93,7718.16,1045679,7582.9155,7625.4686,7641.8899,7579.8104,55.5989,53.4882,27.0356,26.4525,124.6138,8056603,7901.9179,7582.9155,7263.9131,1
FPT.VN,2013-10-04,7752.61,7890.44,7718.16,7855.98,2529483,7594.1135,7634.7718,7662.2794,7590.6406,61.919,63.5148,34.3315,29.1833,128.0185,10586086,7935.3241,7594.1135,7252.9029,1
FPT.VN,2013-10-07,7838.75,7976.58,7838.75,7942.12,1421172,7619.094,7648.2096,7688.9309,7604.4241,65.2486,77.5182,42.9688,34.5494,128.7194,12007258,7985.7751,7619.094,7252.4129,0
FPT.VN,2013-10-08,7942.12,7942.12,7855.98,7907.66,875782,7639.7675,7658.2018,7709.7623,7616.3157,62.88,84.8572,51.3465,33.5107,125.678,11131476,8023.045,7639.7675,7256.49,0
FPT.VN,2013-10-09,7907.66,7942.12,7855.98,7873.21,1179357,7660.4415,7667.505,7725.3287,7626.39,60.515,86.8919,58.4556,28.4363,122.8538,9952119,8047.418,7660.4415,7273.465,0
FPT.VN,2013-10-10,7855.98,7890.44,7769.84,7769.84,1506092,7678.531,7675.0854,7729.5679,7632.0155,53.9572,79.2498,62.6144,16.6354,122.6928,8446027,8049.3164,7678.531,7307.7456,0
FPT.VN,2013-10-11,7804.3,7838.75,7735.38,7752.61,1129554,7697.482,7681.2874,7731.7624,7636.7447,52.9276,70.9848,64.2885,6.6963,121.3126,7316473,8040.3352,7697.482,7354.6288,0
FPT.VN,2013-10-14,7769.84,7769.84,7700.93,7735.38,952227,7716.4325,7682.6656,7732.1069,7640.6127,51.8619,62.3259,63.896,-1.5701,117.5696,6364246,8019.4874,7716.4325,7413.3776,1
FPT.VN,2013-10-15,7769.84,7838.75,7752.61,7838.75,856395,7738.829,7683.6992,7742.2634,7648.3828,57.4034,63.0777,63.7323,-0.6546,116.5553,7220641,8004.4591,7738.829,7473.1989,1
FPT.VN,2013-10-16,7873.21,7873.21,7804.3,7873.21,2099776,7759.503,7681.6318,7754.7345,7657.1996,59.0939,65.6968,64.1252,1.5716,113.1521,9320417,7996.4887,7759.503,7522.5173,1
FPT.VN,2013-10-17,7942.12,7993.8,7873.21,7907.66,2397430,7781.038,7684.0436,7769.2988,7667.0216,60.7701,69.7483,65.2498,4.4984,113.6834,11717847,7986.0362,7781.038,7576.0398,1
FPT.VN,2013-10-18,7924.89,8062.72,7924.89,7959.35,2728287,7804.296,7686.111,7787.3989,7678.4854,63.2064,76.2511,67.4501,8.801,116.6389,14446134,7974.9357,7804.296,7633.6563,0
FPT.VN,2013-10-21,7959.35,8028.26,7942.12,7959.35,2077487,7819.8015,7688.8676,7803.7752,7689.4997,63.2064,80.4769,70.0554,10.4215,114.4604,14446134,7987.4484,7819.8015,7652.1546,0
FPT.VN,2013-10-22,7907.66,7959.35,7907.66,7924.89,1239317,7826.6925,7690.5904,7815.31,7698.7307,60.3106,80.1217,72.0687,8.053,109.9768,13206817,7999.9119,7826.6925,7653.4731,1
FPT.VN,2013-10-23,7890.44,7959.35,7890.44,7959.35,1328707,7838.752,7692.3132,7829.0281,7708.9511,62.1767,81.6792,73.9908,7.6884,107.0434,14535524,8013.7309,7838.752,7663.7731,0
FPT.VN,2013-10-24,7924.89,8011.03,7924.89,7924.89,1497037,7845.643,7693.0022,7838.1578,7717.4193,59.1801,79.2198,75.0366,4.1832,105.5503,13038487,8022.8925,7845.643,7668.3935,0
FPT.VN,2013-10-25,7907.66,7924.89,7838.75,7855.98,1494425,7850.8115,7691.624,7839.8551,7722.853,53.6152,70.893,74.2079,-3.3149,104.1639,11544062,8022.5825,7850.8115,7679.0405,0
FPT.VN,2013-10-28,7924.89,7924.89,7821.52,7821.52,525713,7853.3955,7685.7664,7838.1089,7726.7223,51.031,60.8123,71.5288,-10.7165,104.1072,11018349,8021.5547,7853.3955,7685.2363,1
FPT.VN,2013-10-29,7787.07,7873.21,7787.07,7855.98,690502,7860.2865,7681.6316,7839.8109,7731.7912,53.4474,54.9702,68.2171,-13.2468,102.8238,11708851,8015.9423,7860.2865,7704.6307,1
FPT.VN,2013-10-30,7855.98,7976.58,7855.98,7924.89,1457915,7868.039,7680.2534,7847.9137,7739.3637,57.9192,55.2638,65.6264,-10.3626,104.0935,13166766,8020.1314,7868.039,7715.9466,0
FPT.VN,2013-10-31,7942.12,7942.12,7890.44,7890.44,792081,7876.653,7681.6318,7851.9638,7745.2883,55.0711,52.1158,62.9243,-10.8084,100.3497,12374685,8011.546,7876.653,7741.76,1
FPT.VN,2013-11-01,7924.89,7924.89,7890.44,7924.89,724459,7880.0985,7686.111,7858.9092,7752.3315,57.3307,51.8037,60.7002,-8.8964,95.6426,13099144,8016.2822,7880.0985,7743.9148,0
FPT.VN,2013-11-04,7942.12,7942.12,7890.44,7924.89,322149,7879.237,7690.9348,7865.1931,7759.0985,57.3307,50.9689,58.7539,-7.7851,92.5024,13099144,8013.9791,7879.237,7744.4949,0
FPT.VN,2013-11-05,7924.89,7924.89,7907.66,7907.66,987170,7879.237,7696.1032,7869.2375,7764.9244,55.7057,48.3594,56.675,-8.3156,87.1258,12111974,8013.9791,7879.237,7744.4949,1
FPT.VN,2013-11-06,7924.89,7942.12,7907.66,7942.12,854015,7882.6825,7707.4738,7876.1787,7771.8733,58.2543,48.5129,55.0426,-6.5297,83.364,12965989,8020.2699,7882.6825,7745.0951,0
FPT.VN,2013-11-07,7924.89,7942.12,7890.44,7890.44,1195029,7888.7125,7718.4998,7877.5369,7776.523,53.3011,43.9576,52.8256,-8.868,81.1008,11770960,8015.6342,7888.7125,7761.7908,1
FPT.VN,2013-11-08,7890.44,7924.89,7890.44,7924.89,824992,7897.3265,7728.492,7882.0468,7782.3413,55.9876,42.6358,50.7876,-8.1518,77.7686,12595952,8007.6554,7897.3265,7786.9976,1
FPT.VN,2013-11-11,7942.12,7959.35,7907.66,7942.12,853899,7907.6635,7738.8288,7887.768,7788.6071,57.3103,42.4889,49.1279,-6.639,75.9059,13449851,7989.0488,7907.6635,7826.2782,1
FPT.VN,2013-11-12,7942.12,8028.26,7942.12,7976.58,1608890,7914.555,7750.8886,7896.2263,7795.9786,59.9058,44.6385,48.23,-3.5915,76.6369,15058741,7994.7029,7914.555,7834.4071,0
FPT.VN,2013-11-13,8011.03,8011.03,7942.12,7959.35,451763,7918.862,7762.2592,7902.2381,7802.3853,58.0068,44.4395,47.4719,-3.0324,76.0849,14606978,7998.9129,7918.862,7838.8111,1
FPT.VN,2013-11-14,7976.58,8011.03,7959.35,7976.58,630832,7922.308,7771.2178,7909.3183,7809.2165,59.393,45.1516,47.0078,-1.8562,74.3417,15237810,8006.1714,7922.308,7838.4446,1
FPT.VN,2013-11-15,8011.03,8217.77,8011.03,8200.54,4106971,7934.3675,7782.5882,7937.0537,7824.5625,72.2267,63.0607,50.2184,12.8423,86.2595,19344781,8084.1318,7934.3675,7784.6032,1
FPT.VN,2013-11-18,8269.45,8372.82,8252.22,8286.68,3008876,7950.734,7799.4716,7970.3514,7842.6848,75.4416,83.245,56.8237,26.4213,92.4038,22353657,8168.2231,7950.734,7733.2449,1
FPT.VN,2013-11-19,8303.91,8338.36,8269.45,8321.14,1823076,7970.5465,7816.0106,8003.7599,7861.4477,76.6082,100.8592,65.6308,35.2284,90.7257,24176733,8243.2963,7970.5465,7697.7967,0
FPT.VN,2013-11-20,8321.14,8321.14,8217.77,8286.68,1589677,7986.913,7832.5496,8030.7046,7878.1235,72.88,110.7612,74.6569,36.1043,91.6288,22587056,8293.9607,7986.913,7679.8653,0
FPT.VN,2013-11-21,8303.91,8614.01,8269.45,8269.45,2742392,8004.141,7849.7776,8053.4423,7893.4696,71.019,115.8824,82.902,32.9804,109.6953,19844664,8334.3295,8004.141,7673.9525,1
FPT.VN,2013-11-22,8303.91,8372.82,8252.22,8355.59,1021301,8029.1215,7869.4176,8082.2183,7911.592,74.5218,125.4458,91.4108,34.035,110.4742,20865965,8386.5834,8029.1215,7671.6596,1
FPT.VN,2013-11-25,8372.82,8407.28,8321.14,8372.82,2595015,8056.6865,7889.7466,8109.8946,7929.6794,75.1683,132.8833,99.7053,33.178,108.7361,23460980,8431.3538,8056.6865,7682.0192,0
FPT.VN,2013-11-26,8355.59,8390.05,8321.14,8372.82,1625026,8082.5285,7909.3866,8134.9351,7947.0574,75.1683,137.1961,107.2034,29.9926,105.8914,23460980,8469.9858,8082.5285,7695.0712,0
FPT.VN,2013-11-27,8390.05,8407.28,8321.14,8372.82,1188006,8104.925,7927.6484,8157.5908,7963.754,75.1683,139.0115,113.5651,25.4465,104.4806,23460980,8505.5751,8104.925,7704.2749,0
FPT.VN,2013-11-28,8338.36,8390.05,8338.36,8338.36,891106,8127.321,7944.8764,8174.8069,7978.4444,70.6877,136.1008,118.0722,18.0286,100.7098,22569874,8527.5653,8127.321,7727.0767,0
FPT.VN,2013-11-29,8321.14,8355.59,8286.68,8286.68,1104537,8145.4105,7960.7262,8185.4615,7990.5321,64.4803,128.1467,120.0871,8.0596,98.4384,21465337,8539.7924,8145.4105,7751.0286,1
FPT.VN,2013-12-02,8321.14,8338.36,8269.45,8321.14,1666993,8165.223,7974.1642,8198.3833,8003.4971,66.5872,123.2034,120.7104,2.493,96.3292,23132330,8552.7121,8165.223,7777.7339,1
FPT.VN,2013-12-03,8286.68,8527.87,8269.45,8407.28,7567205,8190.204,7986.5684,8218.2782,8019.3317,71.1881,124.798,121.5279,3.2701,107.9071,30699535,8572.1585,8190.204,7808.2495,0
FPT.VN,2013-12-04,8458.96,8458.96,8390.05,8407.28,2697233,8213.462,8000.3508,8236.2784,8034.5454,71.1881,124.6251,122.1473,2.4778,105.1216,30699535,8588.3954,8213.462,7838.5286,0
FPT.VN,2013-12-05,8407.28,8407.28,8286.68,8286.68,4138373,8233.274,8010.343,8241.0785,8044.433,58.1801,113.449,120.4077,-6.9587,106.2272,26561162,8576.9075,8233.274,7889.6405,0
FPT.VN,2013-12-06,8286.68,8303.91,8217.77,8269.45,2957855,8250.502,8020.6798,8243.7806,8053.2572,56.5891,102.0254,116.7312,-14.7058,104.7924,23603307,8562.0924,8250.502,7938.9116,0
FPT.VN,2013-12-09,8269.45,8269.45,8183.31,8183.31,2186901,8262.5615,8028.9492,8238.0215,8058.3573,49.3268,85.041,110.3932,-25.3522,103.4601,21416406,8540.7805,8262.5615,7984.3425,0
FPT.VN,2013-12-10,8183.31,8183.31,8114.4,8131.63,2117654,8270.314,8037.2186,8227.889,8061.2308,45.55,66.6424,101.643,-35.0006,100.9922,19298752,8522.393,8270.314,8018.235,0
FPT.VN,2013-12-11,8131.63,8131.63,8011.03,8062.72,1905790,8275.4825,8043.0762,8212.1586,8061.2892,41.0379,45.971,90.5086,-44.5376,102.3928,17392962,8503.8384,8275.4825,8047.1266,0
FPT.VN,2013-12-12,8062.72,8062.72,7993.8,8062.72,1928833,8279.7895,8049.9674,8197.9263,8061.3453,41.0379,29.2516,78.2572,-49.0056,100.0019,17392962,8486.6455,8279.7895,8072.9335,1
FPT.VN,2013-12-13,8114.4,8183.31,8097.17,8131.63,1112199,8276.344,8055.4804,8191.6124,8064.1015,47.1137,21.316,66.869,-45.5529,101.4725,18505161,8490.9099,8276.344,8061.7781,0
FPT.VN,2013-12-16,8131.63,8148.86,8097.17,8131.63,620326,8268.5915,8059.2706,8185.8998,8066.7497,47.1137,14.8558,56.4663,-41.6105,97.9166,18505161,8492.5822,8268.5915,8044.6008,0
FPT.VN,2013-12-17,8131.63,8166.08,8114.4,8131.63,686265,8259.116,8063.75,8180.7312,8069.294,47.1137,9.6251,47.0981,-37.473,94.614,18505161,8489.684,8259.116,8028.548,1
FPT.VN,2013-12-18,8166.08,8166.08,8097.17,8148.86,741524,8252.225,8069.263,8177.6959,8072.4143,48.7625,6.7918,39.0368,-32.2451,92.778,19246685,8487.5141,8252.225,8016.9359,0
FPT.VN,2013-12-19,8148.86,8183.31,8131.63,8148.86,1292603,8246.1955,8076.8434,8174.9496,8075.4121,48.7625,4.4945,32.1284,-27.6339,89.8424,19246685,8485.7675,8246.1955,8006.6235,0
FPT.VN,2013-12-20,8183.31,8183.31,8097.17,8097.17,984906,8233.2745,8083.7346,8167.542,8076.2654,43.9907,-1.48,25.4067,-26.8867,89.5779,18261779,8475.8604,8233.2745,7990.6886,1
FPT.VN,2013-12-23,8097.17,8183.31,8097.17,8131.63,771823,8221.215,8091.6596,8164.1218,8078.4366,47.6674,-3.395,19.6463,-23.0414,89.3324,19033602,8458.5145,8221.215,7983.9155,0
FPT.VN,2013-12-24,8114.4,8131.63,8079.94,8079.94,1275247,8206.571,8096.4834,8156.1045,8078.4955,43.0973,-8.9802,13.921,-22.9012,86.6436,17758355,8440.6035,8206.571,7972.5385,0
FPT.VN,2013-12-25,8097.17,8097.17,8062.72,8062.72,1833756,8191.066,8100.2736,8147.2107,8077.8769,41.6642,-14.6273,8.2114,-22.8387,82.9155,15924599,8419.7508,8191.066,7962.3812,1
FPT.VN,2013-12-26,8062.72,8166.08,8062.72,8114.4,2573597,8179.868,8104.4084,8144.0859,8079.3091,47.3254,-14.7624,3.6166,-18.379,84.3758,18498196,8399.9559,8179.868,7959.7801,0
FPT.VN,2013-12-27,8131.63,8166.08,8114.4,8114.4,1074470,8171.254,8107.5094,8141.2587,8080.6853,47.3254,-14.7,-0.0467,-14.6533,82.0404,18498196,8387.1862,8171.254,7955.3218,0
FPT.VN,2013-12-30,8166.08,8166.08,8045.49,8045.49,2122994,8157.4715,8109.2322,8132.1379,8079.3051,41.1499,-19.9807,-4.0335,-15.9472,84.794,16375202,8368.2488,8157.4715,7946.6942,1
FPT.VN,2013-12-31,8079.94,8269.45,8011.03,8114.4,3494306,8142.8275,8113.0224,8130.4485,8080.6813,48.401,-18.3932,-6.9054,-11.4878,97.1958,19869508,8318.2611,8142.8275,7967.3939,0
FPT.VN,2014-01-01,8114.4,8114.4,8114.4,8114.4,0,8128.1835,8116.1234,8128.9201,8082.0036,48.401,-16.9398,-8.9123,-8.0275,90.2533,19869508,8251.9614,8128.1835,8004.4056,1
FPT.VN,2014-01-02,8200.54,8235.0,8131.63,8166.08,1204258,8122.1535,8120.9472,8132.4591,8085.3007,53.3954,-11.4855,-9.427,-2.0585,92.4209,21073766,8223.0571,8122.1535,8021.2499,0
FPT.VN,2014-01-03,8148.86,8166.08,8097.17,8148.86,958380,8116.124,8126.8048,8134.0211,8087.7933,51.6031,-8.4549,-9.2325,0.7776,90.7415,20115386,8191.0306,8116.124,8041.2174,1
FPT.VN,2014-01-06,8148.86,8269.45,8097.17,8269.45,1751042,8120.431,8135.7634,8146.9191,8094.9171,61.3798,3.6355,-6.6589,10.2945,96.5657,21866428,8218.062,8120.431,8022.8,0
FPT.VN,2014-01-07,8269.45,8269.45,8183.31,8183.31,1689050,8123.015,8142.31,8150.3849,8098.3834,53.1243,6.1951,-4.0881,10.2832,95.821,20177378,8224.5515,8123.015,8021.4785,1
FPT.VN,2014-01-08,8166.08,8269.45,8166.08,8235.0,752262,8131.629,8148.5122,8158.4435,8103.741,56.8728,12.2533,-0.8198,13.0731,96.3602,20929640,8240.5878,8131.629,8022.6702,1
FPT.VN,2014-01-09,8217.77,8338.36,8217.77,8338.36,1841476,8145.411,8157.4706,8175.5784,8112.9417,63.2084,25.1053,4.3652,20.7401,98.0909,22771116,8283.5051,8145.411,8007.3169,1
FPT.VN,2014-01-10,8355.59,8527.87,8355.59,8390.05,4091240,8158.332,8166.7738,8196.0043,8123.8087,65.9059,39.0119,11.2945,27.7174,104.6209,26862356,8334.1918,8158.332,7982.4722,1
FPT.VN,2014-01-13,8441.73,8510.64,8390.05,8458.96,4488210,8174.6985,8177.4552,8221.0477,8136.9519,69.1529,54.9599,20.0276,34.9323,105.7615,31350566,8395.3238,8174.6985,7954.0732,1
FPT.VN,2014-01-14,8458.96,8596.78,8441.73,8476.19,4395860,8191.9265,8188.8258,8245.3469,8150.2553,69.9242,68.2029,29.6627,38.5402,109.2821,35746426,8449.1648,8191.9265,7934.6882,1
FPT.VN,2014-01-15,8545.1,8872.43,8527.87,8614.01,8358880,8215.184,8202.2636,8280.4577,8168.4418,75.254,88.7954,41.4892,47.3062,129.7791,44105306,8533.0043,8215.184,7897.3637,1
FPT.VN,2014-01-16,8786.29,8786.29,8614.01,8700.15,5311984,8242.7485,8218.4578,8320.4284,8189.2931,77.8912,110.7888,55.3491,55.4397,132.8149,49417290,8625.3692,8242.7485,7860.1278,1
FPT.VN,2014-01-17,8786.29,9044.71,8700.15,8872.43,6924299,8281.5115,8237.4086,8373.0,8216.0828,82.0185,140.5007,72.3795,68.1212,147.9395,56341589,8749.5753,8281.5115,7813.4477,1
FPT.VN,2014-01-20,8872.43,9216.99,8872.43,8958.57,5130942,8322.8585,8257.7376,8428.7686,8245.1999,83.6609,169.0497,91.7135,77.3362,161.9839,61472531,8873.9149,8322.8585,7771.8021,1
FPT.VN,2014-01-21,8958.57,9130.85,8872.43,9130.85,3760442,8375.404,8280.823,8495.6335,8279.9313,86.347,203.2337,114.0175,89.2162,168.8722,65232973,9021.2034,8375.404,7729.6046,0
FPT.VN,2014-01-22,9216.99,9303.13,8958.57,9130.85,3774547,8428.8105,8304.253,8556.1303,8313.3007,86.347,227.7,136.754,90.946,181.4213,65232973,9139.1703,8428.8105,7718.4507,1
FPT.VN,2014-01-23,9130.85,9389.27,9044.71,9389.27,2763926,8492.554,8332.5068,8635.4769,8355.4955,89.3832,264.8887,162.381,102.5077,193.0741,67996899,9305.5105,8492.554,7679.5975,1
FPT.VN,2014-01-24,9475.41,9733.83,9303.13,9647.69,4858305,8569.2185,8361.4498,8731.8782,8406.1698,91.4345,311.621,192.229,119.3921,210.0473,72855204,9511.0036,8569.2185,7627.4334,0
FPT.VN,2014-01-27,9647.69,9733.83,9475.41,9561.55,3563728,8645.0215,8386.9472,8810.8945,8451.4789,85.504,337.8119,221.3456,116.4664,213.5025,69291476,9651.1673,8645.0215,7638.8757,0
FPT.VN,2014-01-28,9561.55,9561.55,9561.55,9561.55,0,8717.379,8411.7554,8882.3855,8495.0111,85.504,354.4822,247.9729,106.5093,198.2523,69291476,9769.9266,8717.379,7664.8314,0
FPT.VN,2014-01-29,9561.55,9561.55,9561.55,9561.55,0,8789.7365,8437.2528,8947.0679,8536.8361,85.504,363.5032,271.079,92.4242,184.0915,69291476,9866.4417,8789.7365,7713.0313,0
FPT.VN,2014-01-30,9561.55,9561.55,9561.55,9561.55,0,8859.51,8463.0948,9005.59,8577.021,85.504,366.4285,290.1489,76.2796,170.9421,69291476,9946.8562,8859.51,7772.1638,0
FPT.VN,2014-01-31,9561.55,9561.55,9561.55,9561.55,0,8930.1445,8487.214,9058.5385,8615.63,85.504,364.5445,305.028,59.5165,158.7319,69291476,10006.5988,8930.1445,7853.6902,0
FPT.VN,2014-02-03,9561.55,9561.55,9561.55,9561.55,0,8994.7495,8510.9886,9106.4444,8652.7249,85.504,358.9142,315.8052,43.1089,147.3939,69291476,10059.2741,8994.7495,7930.2249,0
FPT.VN,2014-02-04,9561.55,9561.55,9561.55,9561.55,0,9063.6615,8534.7632,9149.7878,8688.3651,85.504,350.4127,322.7267,27.686,136.8658,69291476,10084.5601,9063.6615,8042.7629,0
FPT.VN,2014-02-05,9561.55,9561.55,9561.55,9561.55,0,9129.989,8558.5378,9189.0032,8722.6076,85.504,339.7587,326.1331,13.6256,127.0897,69291476,10095.0456,9129.989,8164.9324,0
FPT.VN,2014-02-06,9475.41,9561.55,9216.99,9389.27,3126011,9182.5345,8579.556,9208.0763,8748.7512,69.2514,313.7966,323.6658,-9.8693,142.6233,66165465,10078.0399,9182.5345,8287.0291,0
FPT.VN,2014-02-07,9389.27,9475.41,9216.99,9216.99,4376531,9223.8815,8598.1622,9208.9252,8767.1135,57.4843,276.1367,314.16,-38.0233,150.8945,61788934,10037.985,9223.8815,8409.778,1
FPT.VN,2014-02-10,9303.13,9647.69,9130.85,9561.55,3548462,9279.011,8622.9704,9242.5085,8798.2679,68.8753,270.9705,305.5221,-34.5516,177.0334,65337396,10021.1645,9279.011,8536.8575,0
FPT.VN,2014-02-11,9647.69,9733.83,9389.27,9475.41,7298282,9328.972,8644.333,9264.6896,8824.8225,64.2413,256.9633,295.8103,-38.847,188.9996,58039114,9971.4,9328.972,8686.544,1
FPT.VN,2014-02-12,9561.55,9819.97,9561.55,9819.97,5677435,9389.27,8672.5868,9317.5734,8863.8479,72.2763,270.547,290.7576,-20.2107,200.1111,63716549,9972.8311,9389.27,8805.7089,0
FPT.VN,2014-02-13,9819.97,9906.11,9647.69,9819.97,3604708,9445.261,8703.2526,9365.4207,8901.3429,72.2763,278.1063,288.2274,-10.1211,204.276,63716549,9961.4205,9445.261,8929.1015,0
FPT.VN,2014-02-14,9819.97,9906.11,9647.69,9733.83,3136111,9488.331,8732.5402,9400.5073,8933.9894,67.8555,273.9879,285.3795,-11.3916,208.1434,60580438,9943.3693,9488.331,9033.2927,0
FPT.VN,2014-02-17,9647.69,9819.97,9561.55,9647.69,2087412,9522.787,8761.8278,9424.0485,8961.9777,63.6621,260.7674,280.4571,-19.6897,211.7346,58493026,9907.9154,9522.787,9137.6586,1
FPT.VN,2014-02-18,9647.69,9819.97,9561.55,9819.97,2931386,9557.243,8795.5946,9461.7553,8995.6244,67.9307,261.1808,276.6018,-15.421,215.0693,61424412,9917.213,9557.243,9197.273,0
FPT.VN,2014-02-19,9819.97,9819.97,9819.97,9819.97,0,9591.699,8830.7396,9495.871,9027.9517,67.9307,258.5283,272.9871,-14.4588,199.7072,61424412,9909.2447,9591.699,9274.1533,0
FPT.VN,2014-02-20,10164.54,10336.82,9561.55,9819.97,6236814,9613.234,8865.8846,9526.7376,9059.0113,67.9307,253.504,269.0905,-15.5865,240.8188,61424412,9931.394,9613.234,9295.074,1
FPT.VN,2014-02-21,9819.97,10078.39,9561.55,9992.25,3999878,9630.462,8903.097,9571.0721,9095.6089,72.0338,260.4217,267.3567,-6.935,260.5346,65424290,9990.974,9630.462,9269.95,1
FPT.VN,2014-02-24,9992.25,10250.67,9819.97,10250.67,5684633,9664.918,8945.4778,9635.7957,9140.9054,76.8239,283.4885,270.5831,12.9054,272.6893,71108923,10117.6331,9664.918,9212.2029,1
FPT.VN,2014-02-25,10078.39,10595.24,10078.39,10595.24,9157637,9716.6025,8994.75,9727.1714,9197.9381,81.3988,325.8172,281.6299,44.1873,290.1293,80266560,10327.8834,9716.6025,9105.3216,1
FPT.VN,2014-02-26,10681.38,11112.08,10595.24,11112.08,12922839,9794.129,9054.0144,9859.0674,9273.0025,85.8961,396.4971,304.6034,91.8938,306.323,93189399,10662.0381,9794.129,8926.2199,0
FPT.VN,2014-02-27,11025.94,11198.22,10853.66,10853.66,6765081,9858.7345,9108.1104,9953.7905,9334.9891,76.0018,426.7399,329.0307,97.7093,309.0542,86424318,10838.858,9858.7345,8878.611,1
FPT.VN,2014-02-28,10853.66,11025.94,10681.38,11025.94,6450071,9931.954,9166.6858,10055.9,9401.3009,77.8348,459.3145,355.0874,104.227,311.5903,92874389,11030.2664,9931.954,8833.6416,0
FPT.VN,2014-03-03,10939.8,11025.94,10509.1,10595.24,6457733,9983.6385,9215.958,10107.2657,9448.122,64.5586,445.2436,373.1187,72.1249,326.251,86416656,11105.5918,9983.6385,8861.6852,0
FPT.VN,2014-03-04,10509.1,10595.24,10336.82,10509.1,5584505,10031.016,9264.5412,10145.5356,9489.729,62.2709,422.2739,382.9497,39.3242,321.4059,80832151,11157.9364,10031.016,8904.0956,1
FPT.VN,2014-03-05,10681.38,10767.52,10509.1,10681.38,3549797,10087.0075,9316.9144,10196.5684,9536.4604,64.9463,413.2085,389.0015,24.2071,316.9069,84381948,11226.9183,10087.0075,8947.0967,1
FPT.VN,2014-03-06,10681.38,10853.66,10595.24,10767.52,4098380,10155.92,9369.9768,10250.9448,9584.7372,66.2355,408.2687,392.8549,15.4138,312.7293,88480328,11284.8147,10155.92,9027.0253,1
FPT.VN,2014-03-07,10767.52,10939.8,10595.24,10853.66,5991342,10237.7535,9424.762,10308.3462,9634.4989,67.5219,406.6174,395.6074,11.01,315.0029,94471670,11316.2253,10237.7535,9159.2817,1
FPT.VN,2014-03-10,10853.66,10939.8,10767.52,10939.8,2933766,10306.666,9482.6482,10368.4847,9685.6872,68.802,407.5614,397.9982,9.5632,304.8084,97405436,11379.3284,10306.666,9234.0036,1
FPT.VN,2014-03-11,10939.8,11628.92,10767.52,11542.78,12503000,10410.0345,9551.2158,10480.3223,9758.5144,75.9481,451.7574,408.75,43.0073,344.565,109908436,11542.211,10410.0345,9277.858,1
FPT.VN,2014-03-12,11973.48,12059.62,11628.92,11628.92,11412103,10500.482,9621.5062,10589.7126,9831.8636,76.7668,488.1072,424.6215,63.4857,356.8703,121320539,11719.8479,10500.482,9281.1161,1
FPT.VN,2014-03-13,11715.06,11801.2,11628.92,11715.06,5263981,10595.2365,9692.4858,10696.8885,9905.7144,77.5884,517.8955,443.2763,74.6192,343.6853,126584520,11884.4703,10595.2365,9306.0027,0
FPT.VN,2014-03-14,11715.06,11801.2,11542.78,11628.92,8333688,10689.991,9762.087,10785.6534,9973.2911,74.742,528.4604,460.3131,68.1473,337.5949,118250832,11991.1645,10689.991,9388.8175,0
FPT.VN,2014-03-17,11801.2,11801.2,11628.92,11628.92,5576669,10789.0525,9829.2764,10865.9645,10038.2178,74.742,530.7154,474.3936,56.3218,325.7867,118250832,12057.3653,10789.0525,9520.7397,1
FPT.VN,2014-03-18,11628.92,12404.18,11542.78,12231.9,12831070,10909.649,9910.2482,10996.0536,10124.2445,80.5382,574.5351,494.4219,80.1132,364.0448,131081902,12246.7905,10909.649,9572.5075,1
FPT.VN,2014-03-19,12318.04,12576.46,12318.04,12404.18,3291729,11038.8595,9993.6318,11130.1609,10213.6537,81.8217,616.0624,518.75,97.3125,362.653,134373631,12430.9473,11038.8595,9646.7717,0
FPT.VN,2014-03-20,12404.18,12490.32,12145.76,12231.9,5767463,11159.456,10071.5026,11235.0884,10292.8007,76.3957,627.8343,540.5668,87.2675,361.3607,128606168,12524.574,11159.456,9794.338,1
FPT.VN,2014-03-21,12231.9,12490.32,12145.76,12318.04,5590251,11275.7455,10150.0624,11338.2267,10372.2218,77.2095,636.7741,559.8083,76.9658,360.1606,134196419,12618.275,11275.7455,9933.216,0
FPT.VN,2014-03-24,12231.9,12404.18,12231.9,12231.9,4178888,11374.807,10225.5212,11423.3384,10445.1504,74.4454,629.6499,573.7766,55.8733,346.7406,130017531,12690.9832,11374.807,10058.6308,0
FPT.VN,2014-03-25,12231.9,12318.04,11973.48,11973.48,6616835,11443.719,10295.467,11475.7329,10505.0849,66.7276,596.2781,578.2769,18.0012,346.5848,123400696,12732.0657,11443.719,10155.3723,0
FPT.VN,2014-03-26,12059.62,12145.76,11628.92,11715.06,9628091,11473.868,10357.488,11498.5259,10552.5349,60.026,542.7222,571.166,-28.4438,358.7459,113772605,12757.751,11473.868,10189.985,0
FPT.VN,2014-03-27,11715.06,11801.2,11542.78,11715.06,5485190,11516.938,10417.7862,11519.1482,10598.1241,60.026,494.5776,555.8483,-61.2707,351.5798,113772605,12770.657,11516.938,10263.219,1
FPT.VN,2014-03-28,11887.34,12231.9,11801.2,12145.76,5773557,11572.929,10483.2528,11578.8255,10658.8157,66.5246,485.5791,541.7945,-56.2154,363.3841,119546162,12834.3186,11572.929,10311.5394,0
FPT.VN,2014-03-31,12404.18,12404.18,11973.48,12059.62,4994072,11646.148,10545.2738,11624.6155,10713.7492,64.274,466.1237,526.6603,-60.5366,368.1924,114552090,12836.5937,11646.148,10455.7023,0
FPT.VN,2014-04-01,12059.62,12059.62,11715.06,11887.34,4281802,11715.06,10600.4036,11649.6369,10759.7724,59.9087,431.8259,507.6934,-75.8676,366.5043,110270288,12781.4689,11715.06,10648.6511,0
FPT.VN,2014-04-02,11887.34,12059.62,11456.64,11715.06,9498070,11766.744,10652.0878,11655.8676,10797.2346,55.8256,386.2901,483.4128,-97.1227,383.3954,100772218,12715.9723,11766.744,10817.5157,1
FPT.VN,2014-04-03,11801.2,11887.34,11628.92,11801.2,3427845,11818.428,10700.3264,11669.7088,10836.6058,57.3894,353.0833,457.3469,-104.2636,374.4686,104200063,12642.9505,11818.428,10993.9055,0
FPT.VN,2014-04-04,11801.2,11887.34,11628.92,11715.06,4819647,11861.498,10741.6738,11674.028,10871.055,55.2818,316.1713,429.1117,-112.9405,366.1794,99380416,12553.107,11861.498,11169.889,1
FPT.VN,2014-04-07,11801.2,12059.62,11715.06,11973.48,6495114,11913.182,10789.9124,11702.5472,10914.2874,60.0247,304.2632,404.142,-99.8788,364.6352,105875530,12452.5037,11913.182,11373.8603,1
FPT.VN,2014-04-08,12059.62,12318.04,12059.62,12145.76,10903165,11943.331,10841.5966,11744.758,10962.5804,62.8533,305.2093,384.3555,-79.1462,363.2013,116778695,12462.5081,11943.331,11424.1539,0
FPT.VN,2014-04-09,12145.76,12145.76,12145.76,12145.76,0,11969.173,10893.2808,11782.9486,11008.9796,62.8533,302.4723,367.9788,-65.5065,337.2583,116778695,12473.701,11969.173,11464.645,0
FPT.VN,2014-04-10,12231.9,12231.9,12059.62,12059.62,5296254,11986.401,10943.2422,11809.2983,11050.1812,60.376,290.0094,352.385,-62.3755,325.4741,111482441,12477.7528,11986.401,11495.0492,1
FPT.VN,2014-04-11,11973.48,12231.9,11973.48,12145.76,5367417,12012.243,10994.9264,11841.3423,11093.1451,61.9894,283.8117,338.6703,-54.8586,320.6846,116849858,12478.1372,12012.243,11546.3488,1
FPT.VN,2014-04-14,12231.9,12490.32,12145.76,12318.04,9988492,12046.699,11050.0562,11886.742,11141.1802,65.0541,289.4647,328.8292,-39.3645,322.3899,126838350,12494.8188,12046.699,11598.5792,0
FPT.VN,2014-04-15,12318.04,12404.18,12059.62,12145.76,7064419,12042.392,11101.7404,11911.4104,11180.5754,59.8567,276.8519,318.4337,-41.5819,323.9735,119773931,12484.6342,12042.392,11600.1498,0
FPT.VN,2014-04-16,12059.62,12145.76,11715.06,11887.34,8451752,12016.55,11148.2562,11909.118,11208.2917,53.0147,243.2003,303.387,-60.1868,331.5968,111322179,12429.19,12016.55,11603.91,1
FPT.VN,2014-04-17,11973.48,12059.62,11801.2,12059.62,4753649,12007.936,11201.6632,11923.4515,11241.6771,56.5782,227.8067,288.271,-60.4643,326.3699,116075828,12408.6685,12007.936,11607.2035,0
FPT.VN,2014-04-18,12059.62,12059.62,11628.92,11628.92,5999294,11973.48,11249.9018,11895.4009,11256.8631,46.9844,178.7923,266.3752,-87.583,333.8221,110076534,12380.4018,11973.48,11566.5582,0
FPT.VN,2014-04-21,11542.78,11628.92,11198.22,11198.22,7074287,11921.796,11282.6352,11829.0027,11254.5634,39.7294,103.9953,233.8992,-129.9039,340.7419,103002247,12438.3337,11921.796,11405.2583,0
FPT.VN,2014-04-22,11198.22,11198.22,11198.22,11198.22,0,11883.033,11317.0914,11768.9282,11252.3538,39.7294,44.2086,195.9611,-151.7525,316.4032,103002247,12491.4291,11883.033,11274.6369,1
FPT.VN,2014-04-23,11542.78,11628.92,11198.22,11284.36,4022341,11861.498,11346.3792,11722.7788,11253.609,41.8134,3.7349,157.5159,-153.781,324.5673,107024588,12523.0929,11861.498,11199.9031,0
FPT.VN,2014-04-24,11284.36,11542.78,11112.08,11284.36,6509800,11839.963,11375.667,11681.0247,11254.8149,41.8134,-28.0179,120.4091,-148.427,332.1482,107024588,12548.0339,11839.963,11131.8921,1
FPT.VN,2014-04-25,11284.36,11715.06,11284.36,11628.92,6543582,11814.121,11413.5688,11676.0623,11269.4857,49.8568,-25.0898,91.3093,-116.3991,339.1876,113568170,12512.8646,11814.121,11115.3774,1
FPT.VN,2014-04-28,11715.06,11887.34,11628.92,11801.2,5328236,11801.2,11456.639,11687.9802,11290.3372,53.3306,-8.7667,71.2941,-80.0608,333.4185,118896406,12490.32,11801.2,11112.08,0
FPT.VN,2014-04-29,11715.06,11801.2,11628.92,11801.2,2881235,11796.893,11496.2636,11698.763,11310.3711,53.3306,4.122,57.8597,-53.7377,321.9086,118896406,12484.8219,11796.893,11108.9641,0
FPT.VN,2014-04-30,11801.2,11801.2,11801.2,11801.2,0,11801.2,11535.8882,11708.5189,11329.6193,53.3306,14.173,49.1224,-34.9494,298.9151,118896406,12488.0494,11801.2,11114.3506,0
FPT.VN,2014-05-01,11801.2,11801.2,11801.2,11801.2,0,11801.2,11575.5128,11717.3457,11348.1126,53.3306,21.8862,43.6751,-21.7889,277.564,118896406,12488.0494,11801.2,11114.3506,0
FPT.VN,2014-05-02,11801.2,11801.2,11801.2,11801.2,0,11805.507,11611.6918,11725.3318,11365.8808,53.3306,27.6799,40.4761,-12.7962,257.738,118896406,12491.1614,11805.507,11119.8526,0
FPT.VN,2014-05-05,11887.34,11887.34,11370.5,11370.5,6505911,11775.358,11634.0884,11691.5383,11366.0619,42.6347,-2.4542,31.89,-34.3442,276.2453,112390495,12482.6011,11775.358,11068.1149,0
FPT.VN,2014-05-06,11284.36,11456.64,10853.66,11198.22,9100811,11727.981,11646.148,11644.5556,11359.4799,39.2442,-39.7786,17.5563,-57.3349,299.5835,103289684,12457.352,11727.981,10998.61,0
FPT.VN,2014-05-07,11198.22,11305.89,10875.19,10982.87,5181835,11669.8365,11643.5638,11581.5379,11344.7109,35.4493,-85.7471,-3.1044,-82.6427,308.949,98107849,12443.0663,11669.8365,10896.6067,0
FPT.VN,2014-05-08,10616.77,10616.77,10229.14,10229.14,8629288,11578.3125,11631.0734,11452.7381,11300.963,25.9799,-180.9116,-38.6658,-142.2458,340.719,89478561,12561.9783,11578.3125,10594.6467,0
FPT.VN,2014-05-09,9906.11,10229.14,9647.69,9970.72,5540368,11469.5605,11609.969,11311.5935,11248.7966,23.6476,-274.0238,-85.7374,-188.2864,357.9141,83938193,12650.2748,11469.5605,10288.8462,0
FPT.VN,2014-05-12,9669.23,9669.23,9281.6,9281.6,5722397,11317.7385,11583.6962,11118.2608,11171.6516,18.8005,-398.8247,-148.3549,-250.4698,381.5717,78215796,12785.1505,11317.7385,9850.3265,0
FPT.VN,2014-05-13,8678.62,9130.85,8635.55,8786.29,9984243,11149.765,11549.24,10896.1684,11078.108,16.2261,-531.5701,-224.9979,-306.5722,400.463,68231553,12949.5589,11149.765,9349.9711,1
FPT.VN,2014-05-14,8743.22,9346.2,8743.22,9303.13,4424001,11020.5545,11521.675,10744.4504,11008.501,27.3978,-588.2857,-297.6555,-290.6302,414.9285,72655554,12962.8056,11020.5545,9078.3034,0
FPT.VN,2014-05-15,9367.74,9604.62,8678.62,8937.04,5881904,10864.4255,11485.0654,10572.3161,10927.2673,24.8681,-655.2206,-369.1685,-286.0521,451.4336,66773650,12951.6025,10864.4255,8777.2485,1
FPT.VN,2014-05-16,8937.04,9475.41,8915.5,9475.41,5041877,10756.75,11457.5004,10467.8489,10870.3317,34.4529,-657.2488,-426.7846,-230.4642,459.1819,71815527,12899.3256,10756.75,8614.1744,0
FPT.VN,2014-05-19,9496.95,9647.69,9260.06,9475.41,4187966,10670.6095,11428.2126,10373.3309,10815.6289,34.4529,-651.3477,-471.6972,-179.6505,454.0711,71815527,12876.0586,10670.6095,8465.1604,1
FPT.VN,2014-05-20,9453.88,9561.55,9303.13,9561.55,4979282,10588.776,11388.588,10296.0184,10766.4493,35.9687,-632.4301,-503.8438,-128.5863,440.096,76794809,12832.9137,10588.776,8344.6383,1
FPT.VN,2014-05-21,9561.55,9992.25,9475.41,9949.18,6022280,10522.017,11354.9932,10262.9862,10734.3995,42.4215,-579.4793,-518.9709,-60.5084,445.5777,82817089,12758.4542,10522.017,8285.5798,0
FPT.VN,2014-05-22,9949.18,9992.25,9819.97,9863.04,5930708,10450.951,11317.9528,10224.8961,10700.2286,41.4225,-538.2615,-522.829,-15.4325,426.0564,76886381,12675.6885,10450.951,8226.2135,0
FPT.VN,2014-05-23,9798.44,9949.18,9712.3,9776.9,2478380,10358.35,11280.9124,10182.2298,10664.0196,40.398,-506.7059,-519.6044,12.8985,412.5438,74408001,12530.1867,10358.35,8186.5133,0
FPT.VN,2014-05-26,9690.76,9776.9,9604.62,9733.83,3189036,10254.9815,11243.0106,10139.525,10627.5416,39.8671,-479.6442,-511.6123,31.9682,395.3821,71218965,12332.4122,10254.9815,8177.5508,1
FPT.VN,2014-05-27,9755.37,9906.11,9712.3,9819.97,4138791,10155.92,11194.772,10109.0912,10595.8721,41.5224,-446.1044,-498.5107,52.4064,380.9841,75357756,12108.0763,10155.92,8203.7637,1
FPT.VN,2014-05-28,9906.11,10013.79,9884.58,9906.11,3207750,10061.1655,11144.8106,10089.7597,10568.8226,43.2062,-407.8714,-480.3829,72.5115,367.6153,78565506,11854.5881,10061.1655,8267.7429,1
FPT.VN,2014-05-29,9906.11,10164.54,9884.58,9927.65,4366884,9967.488,11098.7256,10074.3207,10543.6786,43.6432,-371.5504,-458.6164,87.066,361.3542,82932390,11563.0298,9967.488,8371.9462,1
FPT.VN,2014-05-30,9927.65,10078.39,9884.58,9949.18,3060269,9874.887,11051.3484,10062.4025,10520.3649,44.1061,-337.142,-434.3215,97.1795,349.3867,85992659,11217.2076,9874.887,8532.5664,0
FPT.VN,2014-06-02,9733.83,9733.83,9733.83,9733.83,17548,9793.0535,11001.387,10031.1099,10489.5204,40.5208,-323.5208,-412.1614,88.6406,339.8127,85975111,10936.2504,9793.0535,8649.8566,0
FPT.VN,2014-06-03,9733.83,9841.51,9712.3,9733.83,1754815,9719.834,10956.594,10002.7975,10459.8855,40.5208,-309.162,-391.5615,82.3995,324.7696,85975111,10652.2404,9719.834,8787.4276,0
FPT.VN,2014-06-04,9733.83,9755.37,9475.41,9561.55,3034822,9648.768,10913.5238,9960.7739,10424.6567,37.6791,-308.1322,-374.8756,66.7434,321.5689,82940289,10368.1756,9648.768,8929.3604,1
FPT.VN,2014-06-06,9496.95,9690.76,9496.95,9690.76,1651680,9621.849,10873.0378,9935.0583,10395.8764,41.0199,-293.5065,-358.6018,65.0953,312.4433,84591969,10288.1489,9621.849,8955.5491,0
FPT.VN,2014-06-09,9733.83,9776.9,9626.16,9669.23,2615134,9606.7745,10823.5072,9909.7413,10367.3805,40.6291,-280.4203,-342.9655,62.5452,300.8931,81976835,10253.1861,9606.7745,8960.3629,0
FPT.VN,2014-06-10,9604.62,9884.58,9583.09,9669.23,2725280,9626.156,10775.6994,9886.8355,10340.002,40.6291,-266.972,-327.7668,60.7948,300.9357,81976835,10254.5084,9626.156,8997.8036,1
FPT.VN,2014-06-11,9733.83,10013.79,9712.3,10013.79,6996135,9687.531,10738.2284,9898.9264,10327.2094,49.5507,-225.9068,-307.3948,81.488,304.0517,88972970,10199.4879,9687.531,9175.5741,1
FPT.VN,2014-06-12,10121.46,10229.14,10013.79,10143.0,4882602,9729.5245,10706.7872,9922.1715,10319.9855,52.437,-180.8515,-282.0861,101.2347,297.7159,93855572,10246.4778,9729.5245,9212.5712,0
FPT.VN,2014-06-13,10143.0,10164.54,10078.39,10121.46,2105081,9788.7455,10673.1924,9941.1514,10312.2002,51.9039,-145.209,-254.7107,109.5017,282.604,91750491,10179.3813,9788.7455,9398.1097,0
FPT.VN,2014-06-16,10121.46,10121.46,9949.18,10013.79,4157644,9815.6645,10639.167,9948.0693,10300.4978,49.2106,-124.2183,-228.6122,104.394,274.7237,87592847,10189.2124,9815.6645,9442.1166,1
FPT.VN,2014-06-17,10013.79,10121.46,9949.18,10099.93,3789964,9846.8905,10601.696,9962.5323,10292.6324,51.3841,-99.4854,-202.7869,103.3015,267.4063,91382811,10204.7609,9846.8905,9489.0201,0
FPT.VN,2014-06-18,10099.93,10121.46,10035.32,10035.32,1817550,9870.579,10559.4872,9969.4644,10282.5417,49.6672,-84.1281,-179.0551,94.927,254.4587,89565261,10211.2291,9870.579,9529.9289,0
FPT.VN,2014-06-19,10035.32,10078.39,9733.83,9949.18,4947705,9870.579,10515.5556,9967.5326,10269.4687,47.3936,-78.0088,-158.8458,80.837,260.8945,84617556,10211.2291,9870.579,9529.9289,0
FPT.VN,2014-06-20,9949.18,10078.39,9927.65,9949.18,1296538,9874.886,10473.3468,9965.7847,10256.9084,47.3936,-72.3256,-141.5418,69.2162,253.0264,84617556,10217.3084,9874.886,9532.4636,0
FPT.VN,2014-06-23,9949.18,9949.18,9863.04,9884.58,966657,9880.27,10428.1232,9958.0509,10242.3073,45.5789,-72.2019,-127.6738,55.4719,241.1059,83650899,10219.5774,9880.27,9540.9626,1
FPT.VN,2014-06-24,9863.04,9970.72,9841.51,9949.18,1459993,9891.0375,10380.746,9957.2061,10230.8121,47.7341,-66.129,-115.3649,49.2359,233.1133,85110892,10224.3937,9891.0375,9557.6813,1
FPT.VN,2014-06-25,9992.25,10099.93,9970.72,10035.32,2486181,9901.805,10338.5372,9964.6455,10223.1457,50.5465,-53.7458,-103.041,49.2952,227.2302,87597073,10239.381,9901.805,9564.229,0
FPT.VN,2014-06-26,10035.32,10078.39,9992.25,10013.79,1582491,9907.189,10301.0662,9969.3259,10214.9357,49.8249,-45.1489,-91.4626,46.3137,217.1524,86014582,10248.4685,9907.189,9565.9095,1
FPT.VN,2014-06-27,9992.25,10207.6,9992.25,10078.39,7024833,9914.726,10261.4416,9979.713,10209.581,52.0375,-32.7456,-79.7192,46.9736,217.0236,93039415,10264.4614,9914.726,9564.9906,0
FPT.VN,2014-06-30,10035.32,10121.46,10035.32,10035.32,1857995,9919.033,10229.5696,9985.0089,10202.7472,50.4404,-26.0905,-68.9935,42.9029,207.6748,91181420,10272.655,9919.033,9565.411,1
FPT.VN,2014-07-01,10035.32,10121.46,10035.32,10056.86,2765029,9935.1845,10206.7424,9991.8518,10197.0261,51.2463,-18.8609,-58.9669,40.1061,198.9937,93946449,10282.6442,9935.1845,9587.7248,1
FPT.VN,2014-07-02,10056.86,10121.46,10056.86,10121.46,2942322,9954.566,10185.2072,10004.1955,10194.0628,53.6791,-7.8284,-48.7392,40.9109,189.3942,96888771,10297.9551,9954.566,9611.1769,1
FPT.VN,2014-07-03,10164.54,10422.96,10164.54,10379.88,6022234,9995.4825,10167.1176,10039.975,10201.3497,61.8747,21.5193,-34.6875,56.2068,197.4017,102911005,10336.7028,9995.4825,9654.2622,1
FPT.VN,2014-07-04,10444.49,10681.38,10422.96,10659.84,8311991,10043.9365,10154.6272,10099.0097,10219.3297,68.3981,66.6002,-14.43,81.0302,204.8373,111222996,10468.1033,10043.9365,9619.7697,1
FPT.VN,2014-07-07,10745.98,11090.54,10745.98,10767.52,8210482,10098.851,10137.3992,10162.6774,10240.8274,70.4896,109.7508,10.4062,99.3447,220.9704,119433478,10596.7337,10098.851,9600.9683,0
FPT.VN,2014-07-08,10745.98,10875.19,10659.84,10745.98,3105265,10152.6885,10116.2948,10218.23,10260.6373,69.4987,140.5893,36.4428,104.1465,220.5689,116328213,10686.5318,10152.6885,9618.8452,0
FPT.VN,2014-07-09,10767.52,10767.52,10659.84,10702.91,3167258,10187.1445,10094.329,10264.39,10277.9813,67.4568,159.7126,61.0968,98.6158,212.5054,113160955,10769.9513,10187.1445,9604.3377,0
FPT.VN,2014-07-10,10702.91,10702.91,10422.96,10509.1,5862308,10205.4495,10068.487,10287.6957,10287.0448,59.0495,157.4145,80.3603,77.0542,217.3229,107298647,10805.1701,10205.4495,9605.7289,0
FPT.VN,2014-07-11,10509.1,10509.1,10379.88,10487.56,3116689,10223.7545,10042.2142,10306.7304,10294.9081,58.1816,152.1018,94.7086,57.3932,211.0298,104181958,10834.9205,10223.7545,9612.5885,1
FPT.VN,2014-07-14,10487.56,10681.38,10466.03,10638.31,4031524,10254.9805,10018.9564,10338.3094,10308.3749,62.3521,158.2318,107.4132,50.8185,211.3384,108213482,10884.5181,10254.9805,9625.4429,1
FPT.VN,2014-07-15,10875.19,10982.87,10724.45,10767.52,3647870,10288.36,10006.8968,10379.1866,10326.3806,65.5257,171.5385,120.2383,51.3002,220.8542,111861352,10953.0927,10288.36,9623.6273,0
FPT.VN,2014-07-16,10875.19,10982.87,10745.98,10745.98,5759360,10323.893,9997.852,10414.1193,10342.8354,64.5488,178.2909,131.8488,46.4421,221.9997,106101992,11007.3849,10323.893,9640.4011,0
FPT.VN,2014-07-17,10724.45,10745.98,10595.24,10638.31,3882139,10358.3495,9990.9608,10435.4708,10354.4227,59.7536,172.9604,140.0711,32.8893,216.9097,102219853,11031.7101,10358.3495,9684.9889,1
FPT.VN,2014-07-18,10595.24,11305.89,10595.24,11305.89,18506172,10426.185,10012.4958,10518.3679,10391.7351,73.098,220.0673,156.0704,63.9969,252.1768,120726025,11192.8729,10426.185,9659.4971,0
FPT.VN,2014-07-21,11198.22,10982.87,10982.87,10982.87,7979277,10481.0995,10032.7388,10562.6062,10414.9169,62.329,228.6985,170.596,58.1025,257.2371,112746748,11241.757,10481.0995,9720.442,1
FPT.VN,2014-07-22,10982.87,11198.22,11198.22,11198.22,5956434,10543.5515,10071.0712,10623.1408,10445.6347,65.9324,250.0335,186.4835,63.55,254.2451,118703182,11325.138,10543.5515,9761.965,0
FPT.VN,2014-07-23,11090.54,11090.54,11090.54,11090.54,4879677,10596.3125,10117.1562,10667.655,10470.9251,62.7027,255.3097,200.2487,55.061,243.7762,113823505,11375.9062,10596.3125,9816.7188,1
FPT.VN,2014-07-24,11090.54,11305.89,11305.89,11305.89,7040296,10660.9175,10157.2114,10728.4393,10503.6688,66.2621,273.7129,214.9416,58.7713,241.7458,120863801,11451.3314,10660.9175,9870.5036,0
FPT.VN,2014-07-25,11305.89,11090.54,11090.54,11090.54,5840344,10711.525,10200.2814,10762.9251,10526.6833,60.0867,267.8332,225.5199,42.3133,239.8603,115023457,11474.0136,10711.525,9949.0364,0
FPT.VN,2014-07-28,10982.87,10767.52,10767.52,10767.52,7778813,10748.135,10226.1236,10763.3627,10536.1279,52.2246,234.4064,227.2972,7.1092,245.8003,107244644,11441.0576,10748.135,10055.2124,0
FPT.VN,2014-07-29,10767.52,10702.91,10702.91,10702.91,4358386,10780.4375,10250.6736,10757.6053,10542.6684,50.7929,200.3919,221.9162,-21.5242,232.8582,102886258,11393.2805,10780.4375,10167.5945,1
FPT.VN,2014-07-30,10702.91,10745.98,10745.98,10745.98,3208493,10811.6635,10274.3622,10756.4981,10550.6414,51.7426,174.8946,212.5118,-37.6173,219.3019,106094751,11341.0968,10811.6635,10282.2302,1
FPT.VN,2014-07-31,10745.98,10875.19,10875.19,10875.19,3276011,10836.429,10292.8824,10767.8021,10563.3688,54.575,163.2322,202.6559,-39.4237,212.8667,109370762,11325.6292,10836.429,10347.2288,0
FPT.VN,2014-08-01,10767.52,10724.45,10724.45,10724.45,3371204,10839.6595,10310.1106,10763.6733,10569.6857,50.827,140.21,190.1667,-49.9567,208.4291,105999558,11324.7861,10839.6595,10354.5329,1
FPT.VN,2014-08-04,10745.98,10767.52,10767.52,10767.52,3517478,10839.6595,10329.923,10764.0397,10577.4439,51.8446,124.0106,176.9355,-52.9249,196.6177,109517036,11324.7861,10839.6595,10354.5329,1
FPT.VN,2014-08-05,10982.87,11090.54,11090.54,11090.54,6654599,10856.8875,10357.0572,10795.135,10597.5653,58.7408,135.6735,168.6831,-33.0096,205.6465,116171635,11352.3683,10856.8875,10361.4067,0
FPT.VN,2014-08-06,11090.54,10982.87,10982.87,10982.87,4521423,10870.8855,10380.3152,10813.0145,10612.6753,55.8688,134.676,161.8817,-27.2057,198.6482,111650212,11363.8624,10870.8855,10377.9086,0
FPT.VN,2014-08-07,10982.87,10875.19,10875.19,10875.19,3010397,10889.19,10399.6968,10818.936,10622.97,53.074,123.7698,154.2593,-30.4895,192.1504,108639815,11351.8604,10889.19,10426.5196,0
FPT.VN,2014-08-08,10982.87,10875.19,10875.19,10875.19,3430085,10908.5715,10418.6476,10824.2935,10632.861,53.074,113.8145,146.1703,-32.3558,178.4254,108639815,11331.14,10908.5715,10486.003,0
FPT.VN,2014-08-11,10982.87,10875.19,10875.19,10875.19,2975941,10920.4155,10437.1678,10829.1408,10642.3641,53.074,104.7178,137.8798,-33.162,165.6807,108639815,11323.9387,10920.4155,10516.8923,0
FPT.VN,2014-08-12,10875.19,10875.19,10875.19,10875.19,2946826,10925.799,10459.995,10833.5264,10651.4945,53.074,96.3974,129.5833,-33.186,153.8464,108639815,11323.5654,10925.799,10528.0326,1
FPT.VN,2014-08-13,10982.87,11090.54,11090.54,11090.54,3914273,10943.027,10487.1292,10858.0039,10668.712,58.6396,105.9589,124.8585,-18.8995,158.2395,112554088,11337.8366,10943.027,10548.2174,1
FPT.VN,2014-08-14,11090.54,11198.22,11198.22,11198.22,5958013,10971.0225,10519.8626,10890.4054,10689.477,61.1226,120.8325,124.0533,-3.2208,154.6281,118512101,11354.0851,10971.0225,10587.9599,0
FPT.VN,2014-08-15,11090.54,11090.54,11090.54,11090.54,3847637,10960.255,10547.8582,10909.4659,10705.205,57.411,122.5187,123.7464,-1.2276,151.2747,114664464,11314.7242,10960.255,10605.7858,1
FPT.VN,2014-08-18,11090.54,11305.89,11305.89,11305.89,8057986,10976.406,10580.5914,10947.2206,10728.7612,62.3368,139.6225,126.9216,12.7009,155.8515,122722450,11363.1781,10976.406,10589.6339,1
FPT.VN,2014-08-19,11305.89,11413.57,11413.57,11413.57,14521966,10987.1735,10615.4782,10991.6348,10755.6165,64.5449,160.0216,133.5416,26.48,152.4107,137244416,11410.2343,10987.1735,10564.1127,0
FPT.VN,2014-08-20,11305.89,11198.22,11198.22,11198.22,6137256,10992.5575,10639.1668,11011.3096,10772.9735,57.3084,157.0013,138.2335,18.7678,156.9063,131107160,11423.8184,10992.5575,10561.2966,0
FPT.VN,2014-08-21,11198.22,11090.54,11090.54,11090.54,7630683,10981.79,10658.1176,11018.8553,10785.4271,54.0456,144.256,139.438,4.8179,153.3902,123476477,11390.2629,10981.79,10573.3171,1
FPT.VN,2014-08-22,11198.22,11198.22,11198.22,11198.22,8379509,10987.174,10679.6528,11035.9377,10801.615,56.7005,141.2162,139.7937,1.4225,150.1252,131855986,11404.4266,10987.174,10569.9214,1
FPT.VN,2014-08-25,11305.89,11305.89,11305.89,11305.89,8352855,11014.0925,10705.4948,11061.6474,10821.3905,59.2364,145.8143,140.9978,4.8166,147.0926,140208841,11441.0311,11014.0925,10587.1539,1
FPT.VN,2014-08-26,11305.89,11844.27,11844.27,11844.27,17060249,11071.1605,10740.3816,11136.1829,10861.5034,69.0101,190.7029,150.9388,39.7641,175.0417,157269090,11612.7058,11071.1605,10529.6152,0
FPT.VN,2014-08-27,11844.27,11844.27,11844.27,11844.27,9085522,11126.075,10776.5606,11203.6198,10900.0433,69.0101,223.6987,165.4908,58.2079,162.5388,157269090,11745.8682,11126.075,10506.2818,1
FPT.VN,2014-08-28,11844.27,12274.97,12274.97,12274.97,11632441,11196.064,10823.0764,11305.6531,10953.962,74.6494,281.3587,188.6644,92.6943,181.6931,168901531,11988.6254,11196.064,10403.5026,1
FPT.VN,2014-08-29,12274.97,12382.64,12382.64,12382.64,6956386,11278.9735,10871.7456,11408.2233,11009.9886,75.8333,331.9166,217.3148,114.6018,176.4058,175857917,12200.2761,11278.9735,10357.6709,0
FPT.VN,2014-09-01,12382.64,12382.64,12382.64,12382.64,0,11359.7295,10921.7068,11501.0249,11063.8181,75.8333,367.745,247.4009,120.3441,163.8054,175857917,12371.0192,11359.7295,10348.4398,0
FPT.VN,2014-09-02,12382.64,12382.64,12382.64,12382.64,0,11424.3345,10970.376,11584.9882,11115.5366,75.8333,391.6248,276.2457,115.3792,152.105,175857917,12524.4076,11424.3345,10324.2614,0
FPT.VN,2014-09-03,12490.32,12490.32,12274.97,12274.97,8149372,11488.9395,11015.169,11650.7008,11161.0045,71.6537,397.2821,300.4529,96.8291,156.6225,167708545,12630.8196,11488.9395,10347.0594,0
FPT.VN,2014-09-04,12167.29,12274.97,12167.29,12274.97,6461657,11558.9285,11060.3926,11710.155,11204.6895,71.6537,397.187,319.7997,77.3872,153.1266,167708545,12713.9326,11558.9285,10403.9244,1
FPT.VN,2014-09-05,12274.97,12490.32,12274.97,12490.32,9407369,11639.685,11108.6312,11784.4564,11255.1063,74.8669,409.765,337.7928,71.9722,157.5711,177115914,12819.0,11639.685,10460.37,1
FPT.VN,2014-09-08,12597.99,12597.99,12597.99,12597.99,10997987,11725.825,11159.8846,11861.9358,11307.7684,76.3127,423.539,354.942,68.5969,154.0067,188113901,12921.5822,11725.825,10530.0678,0
FPT.VN,2014-09-09,12597.99,12597.99,11951.94,11951.94,18311884,11779.6625,11197.7862,11870.5076,11333.0301,55.6333,377.9672,359.5471,18.4201,189.1527,169802017,12909.2918,11779.6625,10650.0332,1
FPT.VN,2014-09-10,11951.94,12059.62,11951.94,12059.62,7724112,11828.1165,11236.5494,11888.5183,11361.5238,57.6912,346.5453,356.9467,-10.4014,183.3332,177526129,12915.6368,11828.1165,10740.5962,0
FPT.VN,2014-09-11,12059.62,11951.94,11951.94,11951.94,4543295,11865.8025,11267.9906,11894.5585,11384.6774,54.9465,309.3879,347.4349,-38.0471,177.9294,172982834,12912.9022,11865.8025,10818.7028,1
FPT.VN,2014-09-12,12059.62,12059.62,12059.62,12059.62,5918356,11914.2565,11295.9862,11910.2786,11411.1457,57.1423,285.34,335.016,-49.6759,172.9116,178901190,12898.0796,11914.2565,10930.4334,0
FPT.VN,2014-09-15,12274.97,12059.62,12059.62,12059.62,7448514,11951.943,11321.8282,11924.5016,11436.5761,57.1423,263.2474,320.6622,-57.4148,160.5608,178901190,12894.5237,11951.943,11009.3623,0
FPT.VN,2014-09-16,12059.62,12059.62,12059.62,12059.62,7590051,11984.2455,11348.101,11937.37,11461.0092,57.1423,242.9384,305.1175,-62.1791,149.0921,178901190,12892.8079,11984.2455,11075.6831,1
FPT.VN,2014-09-17,12274.97,12167.29,12167.29,12167.29,9702702,12032.699,11377.3886,11959.2672,11488.7065,59.6013,232.8473,290.6634,-57.8161,146.1334,188603892,12864.915,12032.699,11200.483,0
FPT.VN,2014-09-18,12167.29,11844.27,11844.27,11844.27,7809925,12070.3855,11404.092,11948.3151,11502.6501,50.2807,196.5197,271.8347,-75.315,158.7682,180793967,12782.5664,12070.3855,11358.2046,0
FPT.VN,2014-09-19,11844.27,11844.27,11628.92,11628.92,6962005,12091.9205,11426.9192,11917.8965,11507.6019,45.2053,148.6394,247.1956,-98.5562,162.8097,173831962,12713.3199,12091.9205,11470.5211,0
FPT.VN,2014-09-22,11628.92,11628.92,11413.57,11413.57,6612992,12097.3045,11442.4244,11869.8654,11503.9144,40.7729,92.2535,216.2072,-123.9537,166.5626,167218970,12691.2897,12097.3045,11503.3193,0
FPT.VN,2014-09-23,11413.57,11413.57,11305.89,11305.89,6132287,12070.3855,11453.1918,11816.1535,11496.1487,38.7282,38.4354,180.6528,-142.2174,162.3567,161086683,12754.5993,12070.3855,11386.1717,0
FPT.VN,2014-09-24,11305.89,11305.89,11305.89,11305.89,4751653,12043.4665,11464.39,11767.5569,11488.6876,38.7282,-4.1678,143.6887,-147.8565,150.7598,161086683,12803.3194,12043.4665,11283.6136,1
FPT.VN,2014-09-25,11413.57,11521.24,11413.57,11521.24,5162147,12005.78,11482.0486,11744.0982,11489.9641,45.1126,-20.32,110.887,-131.207,155.3734,166248830,12791.6097,12005.78,11219.9503,0
FPT.VN,2014-09-26,11521.24,11521.24,11305.89,11305.89,3554905,11951.9425,11482.0486,11702.3641,11482.7455,40.5611,-49.9222,78.7251,-128.6473,159.6574,162693925,12775.6839,11951.9425,11128.2011,0
FPT.VN,2014-09-29,11305.89,11305.89,11198.22,11198.22,3172969,11892.7215,11486.3556,11654.3503,11471.5877,38.4712,-81.1349,46.7531,-127.888,155.944,159520956,12755.4671,11892.7215,11029.9759,0
FPT.VN,2014-09-30,11198.22,11198.22,11198.22,11198.22,4218939,11833.5005,11486.3556,11610.9094,11460.8674,38.4712,-104.6647,16.4696,-121.1343,144.8052,159520956,12717.0027,11833.5005,10949.9983,1
FPT.VN,2014-10-01,11305.89,11521.24,11305.89,11521.24,3583742,11795.814,11494.9696,11602.3694,11463.2349,47.8249,-96.139,-6.0521,-90.0869,157.5348,163104698,12664.1994,11795.814,10927.4286,1
FPT.VN,2014-10-02,11521.24,11628.92,11521.24,11628.92,3334891,11763.5115,11501.4302,11604.898,11469.7324,50.5251,-79.7739,-20.7965,-58.9774,153.9738,166439589,12604.4804,11763.5115,10922.5426,0
FPT.VN,2014-10-03,11521.24,11521.24,11521.24,11521.24,3622748,11715.0575,11510.0442,11596.9306,11471.7523,47.8578,-74.6329,-31.5638,-43.0692,150.6671,162816841,12488.6786,11715.0575,10941.4364,0
FPT.VN,2014-10-06,11521.24,11521.24,11521.24,11521.24,2655255,11661.22,11525.1186,11589.722,11473.693,47.8578,-69.7546,-39.202,-30.5527,139.9051,162816841,12317.0203,11661.22,11005.4197,0
FPT.VN,2014-10-07,11521.24,11521.24,11521.24,11521.24,3922724,11639.685,11541.4852,11583.1999,11475.5576,47.8578,-65.1377,-44.3891,-20.7486,129.9119,162816841,12283.4654,11639.685,10995.9046,0
FPT.VN,2014-10-08,11521.24,11521.24,11413.57,11413.57,2810861,11607.3825,11554.837,11567.0447,11473.1267,44.8979,-69.3671,-49.3847,-19.9824,128.3232,160005980,12226.8162,11607.3825,10987.9488,0
FPT.VN,2014-10-09,11521.24,11521.24,11305.89,11305.89,3722214,11575.08,11563.451,11542.1728,11466.5684,42.0938,-80.4802,-55.6038,-24.8764,134.5394,156283766,12186.1834,11575.08,10963.9766,0
FPT.VN,2014-10-10,11305.89,11305.89,11198.22,11198.22,4629340,11532.01,11572.9264,11509.4154,11456.0449,39.4414,-96.8589,-63.8548,-33.0041,132.6202,151654426,12120.3205,11532.01,10943.6995,1
FPT.VN,2014-10-13,11198.22,11521.24,11198.22,11521.24,2099555,11505.091,11588.0008,11510.5415,11458.6016,49.6849,-82.8194,-67.6477,-15.1717,146.2201,153753981,12038.4557,11505.091,10971.7263,0
FPT.VN,2014-10-14,11521.24,11521.24,11198.22,11198.22,1679356,11462.021,11590.1544,11480.7966,11448.3906,42.0288,-96.644,-73.447,-23.197,158.8487,152074625,11943.4305,11462.021,10980.6115,0
FPT.VN,2014-10-15,11090.54,11198.22,11090.54,11198.22,3780491,11413.5675,11594.4614,11453.8846,11438.5799,42.0288,-106.3739,-80.0324,-26.3415,155.1938,152074625,11776.6156,11413.5675,11050.5194,0
FPT.VN,2014-10-16,11090.54,11090.54,10702.91,10702.91,7393906,11356.4995,11591.0158,11382.3632,11409.7301,32.9889,-152.2966,-94.4852,-57.8114,179.4878,144680719,11787.0348,11356.4995,10925.9642,1
FPT.VN,2014-10-17,10745.98,10875.19,10745.98,10875.19,4063518,11318.813,11591.0158,11334.061,11388.7678,37.9853,-172.7973,-110.1476,-62.6497,178.973,148744237,11779.8196,11318.813,10857.8064,0
FPT.VN,2014-10-20,10875.19,10875.19,10767.52,10767.52,1831898,11286.5105,11588.8624,11280.1047,11364.4051,36.1702,-195.479,-127.2139,-68.2651,173.8799,146912339,11806.3444,11286.5105,10766.6766,0
FPT.VN,2014-10-21,10767.52,10767.52,10767.52,10767.52,1602087,11259.592,11586.709,11231.2871,11340.9979,36.1702,-211.0218,-143.9755,-67.0463,161.4599,146912339,11828.6287,11259.592,10690.5553,1
FPT.VN,2014-10-22,10875.19,10875.19,10875.19,10875.19,1904571,11238.057,11582.402,11197.3731,11322.7309,39.5218,-212.2054,-157.6215,-54.5839,157.6178,148816910,11831.7802,11238.057,10644.3338,0
FPT.VN,2014-10-23,10767.52,10767.52,10745.98,10745.98,2768187,11199.294,11573.3572,11154.3833,11300.1132,37.0102,-221.0218,-170.3015,-50.7202,155.5886,146048723,11815.9582,11199.294,10582.6298,0
FPT.VN,2014-10-24,10767.52,10767.52,10724.45,10724.45,2230273,11170.222,11566.0354,11113.4372,11277.5382,36.593,-227.1279,-181.6668,-45.4611,147.5516,143818450,11819.6777,11170.222,10520.7663,0
FPT.VN,2014-10-27,10659.84,10659.84,10487.56,10487.56,2690128,11134.689,11549.6688,11053.8299,11246.5586,32.2804,-248.2207,-194.9776,-53.2432,153.9329,141128322,11851.9216,11134.689,10417.4564,1
FPT.VN,2014-10-28,10444.49,10552.17,10444.49,10552.17,1779844,11102.3865,11532.4408,11006.0528,11219.3277,34.5461,-256.7637,-207.3348,-49.4289,150.6291,142908166,11864.3687,11102.3865,10340.4043,1
FPT.VN,2014-10-29,10552.17,10767.52,10552.17,10767.52,1974132,11064.7005,11523.8268,10983.3354,11201.6098,41.5641,-243.3519,-214.5382,-28.8137,155.2521,144882298,11813.9068,11064.7005,10315.4942,0
FPT.VN,2014-10-30,10767.52,10767.52,10767.52,10767.52,2393356,11021.6305,11517.3664,10962.7815,11184.5866,41.5641,-230.0708,-217.6447,-12.4261,144.1626,144882298,11732.3151,11021.6305,10310.9459,1
FPT.VN,2014-10-31,10767.52,10982.87,10767.52,10982.87,1493566,10994.712,11513.0594,10964.6947,11176.6762,48.0269,-199.8646,-214.0887,14.2241,149.2474,146375864,11665.3748,10994.712,10324.0492,1
FPT.VN,2014-11-03,11090.54,11090.54,11090.54,11090.54,1706707,10973.177,11508.7524,10976.68,11173.2983,50.9479,-165.3321,-204.3374,39.0053,146.2776,148082571,11598.8004,10973.177,10347.5536,0
FPT.VN,2014-11-04,10982.87,10982.87,10982.87,10982.87,1778218,10946.2585,11491.5244,10977.2695,11165.8305,48.0402,-144.9816,-192.4662,47.4846,143.5199,146304353,11516.4663,10946.2585,10376.0507,0
FPT.VN,2014-11-05,10982.87,10982.87,10875.19,10875.19,1375340,10919.3395,11472.1428,10967.5476,11154.4328,45.2583,-135.9751,-181.168,45.1929,140.9599,144929013,11445.8131,10919.3395,10392.8659,0
FPT.VN,2014-11-06,10982.87,10982.87,10767.52,10767.52,1762848,10892.421,11441.9938,10948.4974,11139.2598,42.6018,-135.9583,-172.1261,36.1678,146.2735,143166165,11389.9336,10892.421,10394.9084,1
FPT.VN,2014-11-07,10767.52,10875.19,10767.52,10875.19,1172229,10876.2695,11411.8448,10941.5157,11128.9041,46.0143,-125.8066,-162.8622,37.0556,143.5161,144338394,11352.5005,10876.2695,10400.0385,0
FPT.VN,2014-11-10,10875.19,10875.19,10875.19,10875.19,2034173,10843.967,11381.6958,10935.199,11118.9545,46.0143,-116.4193,-153.5736,37.1543,133.265,144338394,11211.1543,10843.967,10476.7797,1
FPT.VN,2014-11-11,10982.87,10982.87,10982.87,10982.87,820477,10833.1995,11353.7004,10939.7391,11113.6179,49.4969,-99.1481,-142.6885,43.5404,131.4375,145158871,11167.834,10833.1995,10498.565,0
FPT.VN,2014-11-12,10982.87,10982.87,10875.19,10875.19,688506,10817.048,11325.7048,10933.5916,11104.2678,46.2817,-93.0764,-132.7661,39.6897,129.7405,144470365,11105.4965,10817.048,10528.5995,0
FPT.VN,2014-11-13,10875.19,10875.19,10875.19,10875.19,1495005,10825.662,11297.7092,10928.0295,11095.2843,46.2817,-87.2587,-123.6646,36.4059,120.4733,144470365,11110.0194,10825.662,10541.3046,0
FPT.VN,2014-11-14,10875.19,10875.19,10767.52,10767.52,2135822,10820.2785,11263.2532,10912.7429,11082.4308,43.0395,-90.2954,-116.9908,26.6954,119.5588,142334543,11104.7647,10820.2785,10535.7923,0
FPT.VN,2014-11-17,10875.19,10875.19,10745.98,10745.98,1406081,10819.2015,11226.213,10896.8607,11069.2367,42.3996,-93.3638,-112.2654,18.9016,120.2482,140928462,11104.69,10819.2015,10533.713,0
FPT.VN,2014-11-18,10767.52,10767.52,10573.7,10573.7,1612303,10809.5105,11198.6482,10866.0835,11049.8039,37.5861,-108.447,-111.5017,3.0547,125.5033,139316159,11114.8538,10809.5105,10504.1672,0
FPT.VN,2014-11-19,10616.77,10616.77,10552.17,10552.17,3110466,10793.3595,11168.4992,10836.187,11030.2888,37.0205,-120.7459,-113.3505,-7.3954,121.1531,136205693,11117.6587,10793.3595,10469.0603,0
FPT.VN,2014-11-20,10573.7,10573.7,10552.17,10552.17,1702853,10783.669,11140.5038,10809.1377,11011.5391,37.0205,-129.0058,-116.4816,-12.5242,114.0371,136205693,11125.0614,10783.669,10442.2766,1
FPT.VN,2014-11-21,10616.77,10616.77,10573.7,10573.7,1858785,10776.1315,11110.7854,10786.7151,10994.3689,38.1008,-132.2896,-119.6432,-12.6464,110.5059,138064478,11129.4766,10776.1315,10422.7864,0
FPT.VN,2014-11-24,10552.17,10552.17,10509.1,10509.1,1343485,10777.2085,11079.775,10760.2756,10975.3388,36.0998,-138.5081,-123.4162,-15.0919,107.2269,136720993,11126.9632,10777.2085,10427.4538,1
FPT.VN,2014-11-25,10509.1,10595.24,10509.1,10595.24,882329,10779.362,11050.4874,10744.5579,10960.4329,40.581,-134.9301,-125.7189,-9.2111,105.7207,137603322,11123.7722,10779.362,10434.9518,0
FPT.VN,2014-11-26,10659.84,10659.84,10509.1,10509.1,1043369,10766.441,11017.3236,10722.1333,10942.7336,37.7314,-137.4607,-128.0673,-9.3934,108.9364,136559953,11131.4931,10766.441,10401.3889,0
FPT.VN,2014-11-27,10573.7,10573.7,10487.56,10487.56,1444901,10752.443,10990.1894,10699.793,10924.8836,37.0312,-139.5952,-130.3729,-9.2223,107.3081,135115052,11138.2038,10752.443,10366.6822,0
FPT.VN,2014-11-28,10530.63,10530.63,10358.35,10358.35,2444203,10721.217,10964.778,10667.2746,10902.6666,33.0669,-149.984,-134.2951,-15.6889,111.9489,132670849,11128.9231,10721.217,10313.5109,0
FPT.VN,2014-12-01,10336.82,10336.82,10293.75,10293.75,1798790,10681.3775,10942.3816,10631.7009,10878.7876,31.2648,-161.5675,-139.7496,-21.8179,108.5668,130872059,11092.832,10681.3775,10269.923,0
FPT.VN,2014-12-02,10315.28,10315.28,10272.21,10272.21,1678613,10645.8445,10921.708,10597.4636,10855.0002,30.6647,-170.5199,-145.9036,-24.6163,103.8885,129193446,11070.2124,10645.8445,10221.4766,1
FPT.VN,2014-12-03,10358.35,10379.88,10358.35,10379.88,973437,10621.079,10903.1878,10576.7414,10836.368,37.1578,-167.0016,-150.1232,-16.8784,104.1586,130166883,11046.9008,10621.079,10195.2572,1
FPT.VN,2014-12-04,10379.88,10466.03,10379.88,10466.03,1351936,10606.0045,10882.0836,10566.1974,10821.845,41.8501,-155.4696,-151.1925,-4.2771,102.8723,131518819,11031.3441,10606.0045,10180.6649,1
FPT.VN,2014-12-05,10509.1,10509.1,10487.56,10487.56,1025956,10586.623,10865.717,10558.7082,10808.7358,42.9957,-142.9453,-149.5431,6.5978,98.6007,132544775,10995.3169,10586.623,10177.9291,0
FPT.VN,2014-12-08,10487.56,10487.56,10401.42,10401.42,1068027,10562.9345,10849.781,10543.7283,10792.7626,39.6317,-138.3754,-147.3095,8.9341,97.7106,131476748,10955.8191,10562.9345,10170.0499,0
FPT.VN,2014-12-09,10358.35,10358.35,10164.54,10164.54,4530525,10522.018,10829.1074,10507.6152,10768.1264,32.1762,-152.1145,-148.2705,-3.8439,107.6513,126946223,10900.9615,10522.018,10143.0745,1
FPT.VN,2014-12-10,10143.0,10272.21,10143.0,10272.21,2148360,10491.869,10804.1268,10485.1956,10748.6787,37.895,-152.5561,-149.1276,-3.4285,109.1912,129094583,10847.7476,10491.869,10135.9904,0
FPT.VN,2014-12-11,10229.14,10229.14,10207.6,10207.6,1482096,10458.4895,10775.7004,10458.7579,10727.4599,35.9368,-156.3177,-150.5657,-5.7521,106.0068,127612487,10787.1793,10458.4895,10129.7997,1
FPT.VN,2014-12-12,10250.67,10358.35,10250.67,10358.35,1033664,10438.031,10752.4426,10449.1953,10712.985,43.2991,-145.4578,-149.5441,4.0863,109.2028,128646151,10735.1514,10438.031,10140.9106,0
FPT.VN,2014-12-15,10358.35,10358.35,10293.75,10293.75,821080,10415.4195,10727.8928,10434.391,10696.5444,41.1184,-140.4449,-147.7242,7.2793,106.0169,127825071,10681.0237,10415.4195,10149.8153,0
FPT.VN,2014-12-16,10272.21,10272.21,10164.54,10164.54,2438909,10394.9615,10700.7588,10408.6909,10675.6815,37.0942,-145.2243,-147.2243,2.0,107.6735,125386162,10672.0169,10394.9615,10117.9061,0
FPT.VN,2014-12-17,10186.07,10186.07,9733.83,9733.83,4957643,10354.0445,10667.164,10344.4184,10638.7462,27.4502,-181.6725,-154.1139,-27.5586,132.2854,120428519,10749.6799,10354.0445,9958.4091,1
FPT.VN,2014-12-18,9798.44,9949.18,9798.44,9949.18,1300439,10323.895,10640.0298,10306.7767,10611.7044,36.3593,-190.9795,-161.487,-29.4925,138.2186,121728958,10746.9134,10323.895,9900.8766,0
FPT.VN,2014-12-19,10121.46,10121.46,9819.97,9819.97,1521753,10286.2085,10612.4648,10260.4141,10580.656,33.6864,-206.4023,-170.4701,-35.9322,149.8808,120207205,10748.0399,10286.2085,9824.3771,1
FPT.VN,2014-12-22,9949.18,9970.72,9949.18,9970.72,1213093,10259.2895,10581.4544,10232.8242,10556.7369,39.2936,-204.1078,-177.1976,-26.9102,149.9429,121420298,10729.1112,10259.2895,9789.4678,1
FPT.VN,2014-12-23,9970.72,10099.93,9970.72,10099.93,1354908,10234.524,10559.4886,10220.1676,10538.8229,43.6887,-189.6768,-179.6935,-9.9834,148.462,122775206,10681.4421,10234.524,9787.6059,0
FPT.VN,2014-12-24,10164.54,10164.54,10099.93,10099.93,798373,10214.0655,10537.5228,10208.7164,10521.6114,43.6887,-176.2089,-178.9966,2.7876,142.4726,122775206,10645.2444,10214.0655,9782.8866,0
FPT.VN,2014-12-25,10035.32,10035.32,10013.79,10013.79,468028,10190.377,10523.7404,10190.152,10501.6969,41.3727,-170.5206,-177.3014,6.7807,138.4488,122307178,10610.1979,10190.377,9770.5561,0
FPT.VN,2014-12-26,10013.79,10013.79,9949.18,9949.18,1565681,10169.9185,10505.2202,10167.2023,10480.0295,39.674,-169.2748,-175.6961,6.4212,133.1746,120741497,10595.1183,10169.9185,9744.7187,0
FPT.VN,2014-12-29,10078.39,10078.39,9884.58,9884.58,922125,10149.46,10487.5614,10140.2859,10456.6786,37.9941,-171.523,-174.8614,3.3385,137.5057,119819372,10588.715,10149.46,9710.205,1
FPT.VN,2014-12-30,9927.65,9970.72,9927.65,9970.72,1455860,10134.3855,10471.6254,10124.1367,10437.6214,41.5481,-164.4581,-172.7808,8.3227,133.8367,121275232,10576.5867,10134.3855,9692.1843,1
FPT.VN,2014-12-31,10056.86,10336.82,10056.86,10336.82,2188619,10132.2325,10460.858,10144.3923,10433.6684,53.6954,-127.8442,-163.7935,35.9492,150.427,123463851,10569.796,10132.2325,9694.669,0
FPT.VN,2015-01-01,10336.82,10336.82,10336.82,10336.82,0,10125.772,10452.6748,10162.7187,10429.8704,53.6954,-97.7012,-150.575,52.8738,139.6822,123463851,10546.0587,10125.772,9705.4853,0
FPT.VN,2015-01-02,10336.82,10336.82,10336.82,10336.82,0,10118.235,10444.9222,10179.2998,10426.2214,53.6954,-72.9715,-135.0543,62.0828,129.7049,123463851,10516.0074,10118.235,9720.4626,0
FPT.VN,2015-01-05,10336.82,10336.82,10293.75,10293.75,1270255,10112.8515,10441.046,10190.1998,10421.0264,52.1044,-56.2006,-119.2836,63.083,123.5167,122193596,10497.1734,10112.8515,9728.5296,1
FPT.VN,2015-01-06,10229.14,10358.35,10229.14,10358.35,1690501,10122.542,10437.1696,10206.2141,10418.5685,54.292,-37.2672,-102.8803,65.6131,123.9233,123884097,10521.8336,10122.542,9723.2504,1
FPT.VN,2015-01-07,10358.35,10422.96,10358.35,10422.96,1883257,10130.0795,10430.2784,10226.8566,10418.7407,56.4353,-16.8546,-85.6752,68.8206,119.6867,125767354,10546.5875,10130.0795,9713.5715,0
FPT.VN,2015-01-08,10401.42,10401.42,10315.28,10315.28,1055489,10135.4635,10421.2336,10235.2779,10414.6834,52.0544,-9.2596,-70.392,61.1324,118.8291,124711865,10558.9167,10135.4635,9712.0103,1
FPT.VN,2015-01-09,10315.28,10401.42,10315.28,10401.42,1486926,10137.617,10409.6046,10251.1009,10414.1633,55.0598,3.668,-55.58,59.248,116.4941,126198791,10566.2492,10137.617,9708.9848,1
FPT.VN,2015-01-12,10401.42,10466.03,10401.42,10466.03,3153234,10146.231,10397.1144,10271.5704,10416.1973,57.2256,18.9087,-40.6823,59.591,112.7881,129352025,10594.5472,10146.231,9697.9148,1
FPT.VN,2015-01-13,10422.96,10487.56,10422.96,10487.56,1124029,10162.382,10387.2082,10292.1408,10418.9958,57.9528,32.3514,-26.0755,58.427,109.3461,130476054,10636.0337,10162.382,9688.7303,0
FPT.VN,2015-01-14,10487.56,10487.56,10466.03,10466.03,1955511,10198.992,10379.025,10308.7017,10420.8403,56.9108,40.7973,-12.701,53.4983,103.0735,128520543,10645.5891,10198.992,9752.3949,1
FPT.VN,2015-01-15,10509.1,10509.1,10487.56,10487.56,1309076,10225.911,10373.4258,10325.7358,10423.4568,57.7293,48.6671,-0.4274,49.0944,98.7876,129829619,10674.0077,10225.911,9777.8143,0
FPT.VN,2015-01-16,10509.1,10509.1,10444.49,10444.49,809564,10257.137,10364.8118,10337.0457,10424.2816,55.4598,50.8424,9.8266,41.0158,96.3463,129020055,10671.9275,10257.137,9842.3465,0
FPT.VN,2015-01-19,10444.49,10444.49,10336.82,10336.82,1704292,10275.442,10354.0444,10337.0242,10420.8517,50.1521,43.3783,16.5369,26.8413,97.1551,127315763,10668.7695,10275.442,9882.1145,0
FPT.VN,2015-01-20,10336.82,10336.82,10336.82,10336.82,1597443,10287.2865,10341.1234,10337.0048,10417.5564,50.1521,37.036,20.6367,16.3992,90.2155,127315763,10672.5446,10287.2865,9902.0284,1
FPT.VN,2015-01-21,10379.88,10422.96,10379.88,10422.96,2819870,10303.438,10332.0788,10345.191,10417.7683,54.2175,38.5164,24.2127,14.3038,89.9244,130135633,10682.6617,10303.438,9924.2143,0
FPT.VN,2015-01-22,10466.03,10466.03,10379.88,10379.88,1389364,10321.7425,10322.1726,10348.4947,10416.2825,51.9362,35.8008,26.5303,9.2705,89.6548,128746269,10676.6619,10321.7425,9966.8231,1
FPT.VN,2015-01-23,10422.96,10422.96,10422.96,10422.96,1793728,10345.4315,10315.2814,10355.5866,10416.5443,54.0198,36.7018,28.5646,8.1372,86.328,130539997,10656.1406,10345.4315,10034.7224,0
FPT.VN,2015-01-26,10422.96,10422.96,10422.96,10422.96,1783930,10372.3505,10308.821,10362.0032,10416.7959,54.0198,36.9894,30.2496,6.7399,80.1617,130539997,10596.0512,10372.3505,10148.6498,0
FPT.VN,2015-01-27,10401.42,10401.42,10336.82,10336.82,1969627,10390.6555,10304.0834,10359.6048,10413.6596,49.0853,29.9217,30.184,-0.2623,80.5887,128570370,10512.8748,10390.6555,10268.4362,0
FPT.VN,2015-01-28,10315.28,10315.28,10315.28,10315.28,1210446,10389.5785,10299.3456,10355.3834,10409.8016,47.9069,22.325,28.6122,-6.2872,76.371,127359924,10514.1522,10389.5785,10265.0048,0
FPT.VN,2015-01-29,10315.28,10315.28,10315.28,10315.28,1042301,10388.5015,10294.6078,10351.564,10406.0949,47.9069,16.1188,26.1135,-9.9947,70.9159,127359924,10515.3475,10388.5015,10261.6555,0
FPT.VN,2015-01-30,10336.82,10336.82,10229.14,10229.14,2727973,10383.1175,10287.7166,10339.9046,10399.1555,43.1069,4.2011,21.731,-17.5299,73.5419,124631951,10527.1733,10383.1175,10239.0617,0
FPT.VN,2015-02-02,10250.67,10293.75,10186.07,10207.6,101885,10378.81,10281.6866,10327.3041,10391.6435,41.9744,-6.9023,16.0044,-22.9067,75.9804,124530066,10538.4287,10378.81,10219.1913,0
FPT.VN,2015-02-03,10207.6,10229.14,10121.46,10121.46,96201,10366.9655,10272.211,10307.6999,10381.048,37.7079,-22.3944,8.3246,-30.719,78.2446,124433865,10563.796,10366.9655,10170.135,0
FPT.VN,2015-02-04,10207.6,10207.6,10056.86,10099.93,142576,10350.814,10264.0276,10287.9123,10370.0238,36.7037,-35.9944,-0.5392,-35.4552,83.4229,124291289,10578.8403,10350.814,10122.7877,1
FPT.VN,2015-02-05,10121.46,10229.14,10099.93,10164.54,84973,10343.277,10257.5672,10276.1626,10361.9656,41.7196,-41.0854,-8.6484,-32.437,86.6934,124376262,10585.7555,10343.277,10100.7985,1
FPT.VN,2015-02-06,10229.14,10229.14,10164.54,10186.07,53113,10332.5095,10254.1216,10267.5823,10355.0677,43.3312,-42.8884,-15.4964,-27.392,85.1153,124429375,10583.1066,10332.5095,10081.9124,0
FPT.VN,2015-02-09,10272.21,10272.21,10164.54,10164.54,67582,10317.435,10251.5374,10257.7688,10347.5961,42.0782,-45.5297,-21.5031,-24.0266,86.7263,124361793,10570.4738,10317.435,10064.3962,0
FPT.VN,2015-02-10,10164.54,10186.07,10121.46,10143.0,66547,10300.207,10248.9532,10246.8384,10339.5727,40.8067,-48.7986,-26.9622,-21.8364,85.1466,124295246,10551.3873,10300.207,10049.0267,1
FPT.VN,2015-02-11,10186.07,10229.14,10164.54,10229.14,64731,10288.3625,10245.9384,10245.1528,10335.242,47.6226,-43.932,-30.3562,-13.5758,85.2175,124359977,10528.7273,10288.3625,10047.9977,1
FPT.VN,2015-02-12,10315.28,10379.88,10293.75,10293.75,202052,10278.672,10242.4928,10249.7811,10333.6149,52.0796,-34.4644,-31.1778,-3.2866,89.8977,124562029,10500.1045,10278.672,10057.2395,1
FPT.VN,2015-02-13,10336.82,10379.88,10293.75,10336.82,92328,10273.2885,10239.478,10258.0706,10333.7406,54.8384,-23.2182,-29.5859,6.3677,89.6286,124654357,10482.6532,10273.2885,10063.9238,0
FPT.VN,2015-02-16,10336.82,10336.82,10336.82,10336.82,0,10273.2885,10238.186,10265.5705,10333.8613,54.8384,-14.1425,-26.4972,12.3547,83.2266,124654357,10482.6532,10273.2885,10063.9238,0
FPT.VN,2015-02-17,10336.82,10336.82,10336.82,10336.82,0,10273.2885,10241.6316,10272.3562,10333.9773,54.8384,-6.8708,-22.5719,15.7012,77.2818,124654357,10482.6532,10273.2885,10063.9238,0
FPT.VN,2015-02-18,10336.82,10336.82,10336.82,10336.82,0,10268.9815,10242.9238,10278.4956,10334.0888,54.8384,-1.0952,-18.2766,17.1814,71.7617,124654357,10468.7041,10268.9815,10069.2589,0
FPT.VN,2015-02-19,10336.82,10336.82,10336.82,10336.82,0,10266.8285,10245.5082,10284.0503,10334.1959,54.8384,3.4423,-13.9328,17.3751,66.6358,124654357,10462.4027,10266.8285,10071.2543,0
FPT.VN,2015-02-20,10336.82,10336.82,10336.82,10336.82,0,10262.5215,10245.0776,10289.076,10334.2988,54.8384,6.9581,-9.7546,16.7127,61.8761,124654357,10447.1034,10262.5215,10077.9396,0
FPT.VN,2015-02-23,10336.82,10336.82,10336.82,10336.82,0,10258.2145,10245.939,10293.623,10334.3977,54.8384,9.6333,-5.877,15.5103,57.4564,124654357,10430.6543,10258.2145,10085.7747,0
FPT.VN,2015-02-24,10336.82,10336.82,10336.82,10336.82,0,10258.2145,10249.3846,10297.737,10334.4927,54.8384,11.6195,-2.3777,13.9972,53.3524,124654357,10430.6543,10258.2145,10085.7747,1
FPT.VN,2015-02-25,10509.1,10552.17,10422.96,10444.49,241884,10264.675,10263.5978,10311.7135,10338.8063,64.1683,21.6323,2.4243,19.208,64.9236,124896241,10454.8832,10264.675,10074.4668,1
FPT.VN,2015-02-26,10422.96,10552.17,10422.96,10552.17,128488,10276.5195,10275.6576,10334.6141,10347.1735,70.6898,37.8204,9.5035,28.3169,69.5155,125024729,10505.5392,10276.5195,10047.4998,0
FPT.VN,2015-02-27,10573.7,10616.77,10487.56,10509.1,146245,10290.5175,10289.4402,10351.2318,10353.5236,65.5507,46.6366,16.9301,29.7065,73.7794,124878484,10540.5986,10290.5175,10040.4364,0
FPT.VN,2015-03-02,10552.17,10552.17,10422.96,10444.49,218838,10302.362,10298.9156,10360.1136,10357.0909,58.6612,47.8583,23.1157,24.7426,77.7387,124659646,10558.2789,10302.362,10046.4451,1
FPT.VN,2015-03-03,10509.1,10530.63,10466.03,10530.63,99623,10322.8205,10307.5296,10376.3532,10363.8963,64.0815,55.1417,29.5209,25.6208,78.3388,124759269,10583.2265,10322.8205,10062.4145,1
FPT.VN,2015-03-04,10595.24,10875.19,10595.24,10767.52,461341,10356.2,10320.8814,10413.6072,10379.7247,74.128,79.1169,39.4401,39.6767,97.3546,125220610,10663.2736,10356.2,10049.1264,0
FPT.VN,2015-03-05,10875.19,10982.87,10767.52,10767.52,182744,10386.349,10335.956,10447.3132,10394.9324,74.128,96.9992,50.9519,46.0473,105.7829,125220610,10730.3712,10386.349,10042.3268,0
FPT.VN,2015-03-06,10767.52,10875.19,10745.98,10767.52,155625,10415.4215,10352.3228,10477.8091,10409.5437,74.128,109.9042,62.7424,47.1618,107.4562,125220610,10785.4696,10415.4215,10045.3734,0
FPT.VN,2015-03-09,10745.98,10767.52,10595.24,10595.24,192569,10436.9565,10366.536,10488.993,10416.8259,59.1103,105.0193,71.1978,33.8215,112.0865,125028041,10795.4804,10436.9565,10078.4326,1
FPT.VN,2015-03-10,10659.84,10702.91,10616.77,10702.91,152491,10464.952,10381.1798,10509.366,10428.0449,64.0168,108.5844,78.6751,29.9093,111.771,125180532,10814.149,10464.952,10115.755,0
FPT.VN,2015-03-11,10702.91,10702.91,10638.31,10659.84,136127,10486.487,10387.6402,10523.6969,10437.1349,60.8703,106.7043,84.2809,22.4234,108.4017,125044405,10827.4784,10486.487,10145.4956,0
FPT.VN,2015-03-12,10659.84,10659.84,10573.7,10595.24,170949,10501.5615,10392.8086,10530.5105,10443.3351,56.3932,98.8621,87.1972,11.6649,106.8116,124873456,10833.2055,10501.5615,10169.9175,0
FPT.VN,2015-03-13,10659.84,10702.91,10573.7,10595.24,132087,10514.4825,10397.977,10536.6752,10449.2921,56.3932,91.5912,88.076,3.5152,108.4114,124873456,10839.1649,10514.4825,10189.8001,1
FPT.VN,2015-03-16,10595.24,10638.31,10595.24,10638.31,99600,10529.557,10404.8682,10546.3547,10456.7046,58.7398,88.2867,88.1181,0.1686,103.7442,124973056,10847.4326,10529.557,10211.6814,1
FPT.VN,2015-03-17,10659.84,10875.19,10659.84,10767.52,333210,10551.092,10413.0516,10567.4181,10468.8934,64.8507,94.9989,89.4943,5.5046,113.2539,125306266,10872.3287,10551.092,10229.8553,0
FPT.VN,2015-03-18,10767.52,10767.52,10681.38,10681.38,106073,10568.32,10418.22,10578.2716,10477.2262,58.6177,92.3036,90.0562,2.2475,111.3172,125200193,10877.9185,10568.32,10258.7215,0
FPT.VN,2015-03-19,10745.98,10767.52,10659.84,10659.84,117218,10584.471,10425.1112,10586.04,10484.3876,57.1388,87.4217,89.5293,-2.1076,111.0574,125082975,10876.419,10584.471,10292.523,1
FPT.VN,2015-03-20,10659.84,10745.98,10638.31,10724.45,132036,10603.8525,10431.5718,10599.2219,10493.8018,60.3687,87.7547,89.1743,-1.4197,110.8154,125215011,10877.4677,10603.8525,10330.2373,0
FPT.VN,2015-03-23,10724.45,10745.98,10638.31,10638.31,127647,10618.927,10435.0174,10602.9446,10499.4688,54.4747,80.1439,87.3683,-7.2243,110.5908,125087364,10862.1277,10618.927,10375.7263,0
FPT.VN,2015-03-24,10659.84,10659.84,10509.1,10573.7,162080,10630.771,10436.7402,10600.1594,10502.3798,50.4927,68.1137,83.5173,-15.4037,113.4586,124925284,10836.2751,10630.771,10425.2669,1
FPT.VN,2015-03-25,10659.84,10659.84,10552.17,10595.24,102674,10638.3085,10439.3244,10599.6909,10506.0214,51.7588,59.6304,78.7399,-19.1096,113.0451,125027958,10825.266,10638.3085,10451.351,1
FPT.VN,2015-03-26,10638.31,10638.31,10595.24,10616.77,128195,10641.5385,10441.9086,10601.3175,10510.3644,53.0512,54.0218,73.7963,-19.7745,108.0469,125156153,10824.4176,10641.5385,10458.6594,0
FPT.VN,2015-03-27,10681.38,10681.38,10595.24,10595.24,105353,10645.8455,10444.9236,10600.7387,10513.6929,51.5635,47.2945,68.496,-21.2014,106.4821,125050800,10819.412,10645.8455,10472.279,0
FPT.VN,2015-03-30,10638.31,10638.31,10422.96,10422.96,191813,10644.769,10446.6464,10583.8074,10510.1347,41.5282,27.7418,60.3451,-32.6034,114.2584,124858987,10823.7756,10644.769,10465.7624,0
FPT.VN,2015-03-31,10422.96,10487.56,10422.96,10422.96,108316,10639.3855,10448.3692,10568.4886,10506.7161,41.5282,12.1065,50.6974,-38.5909,110.7114,124858987,10838.2231,10639.3855,10440.5479,0
FPT.VN,2015-04-01,10487.56,10487.56,10272.21,10272.21,125799,10614.62,10445.3542,10540.2716,10497.5198,34.679,-12.3069,38.0965,-50.4035,118.1855,124733188,10863.3772,10614.62,10365.8628,1
FPT.VN,2015-04-02,10293.75,10444.49,10272.21,10358.35,78026,10594.1615,10444.9236,10522.9457,10492.0622,40.6977,-24.4225,25.5927,-50.0152,122.0494,124811214,10856.8823,10594.1615,10331.4407,1
FPT.VN,2015-04-03,10444.49,10509.1,10358.35,10509.1,54162,10581.2405,10446.6464,10521.6271,10492.7303,49.4721,-21.6107,16.152,-37.7628,124.0995,124865376,10833.2634,10581.2405,10329.2176,0
FPT.VN,2015-04-06,10509.1,10573.7,10444.49,10444.49,78091,10573.703,10447.077,10514.2807,10490.8385,46.3095,-24.3156,8.0585,-32.3741,124.4645,124787285,10832.8787,10573.703,10314.5273,1
FPT.VN,2015-04-07,10422.96,10552.17,10422.96,10530.63,69756,10565.089,10450.9532,10515.8377,10492.399,50.8232,-19.2862,2.5896,-21.8757,124.8035,124857041,10817.5481,10565.089,10312.6299,0
FPT.VN,2015-04-08,10552.17,10573.7,10509.1,10530.63,75486,10558.6285,10455.2602,10517.2465,10493.8982,50.8232,-15.1259,-0.9535,-14.1724,120.5032,124857041,10807.4654,10558.6285,10309.7916,0
FPT.VN,2015-04-09,10530.63,10552.17,10444.49,10530.63,120245,10555.398,10459.5672,10518.5211,10495.3387,50.8232,-11.6941,-3.1016,-8.5924,119.5873,124857041,10803.911,10555.398,10306.885,1
FPT.VN,2015-04-10,10530.63,10638.31,10509.1,10595.24,160283,10555.398,10466.8892,10525.8277,10499.2564,54.4135,-3.718,-3.2249,-0.4931,120.2746,125017324,10803.911,10555.398,10306.885,0
FPT.VN,2015-04-13,10595.24,10638.31,10573.7,10595.24,76182,10553.2445,10474.642,10532.4384,10503.0205,54.4135,2.5735,-2.0652,4.6387,116.2986,125017324,10799.4682,10553.2445,10307.0208,0
FPT.VN,2015-04-14,10595.24,10595.24,10487.56,10487.56,104151,10539.2465,10481.964,10528.1643,10502.4142,47.6846,-1.1165,-1.8755,0.759,115.683,124913173,10765.1741,10539.2465,10313.3189,1
FPT.VN,2015-04-15,10530.63,10552.17,10444.49,10530.63,103556,10531.709,10490.578,10528.3991,10503.5207,50.3303,-0.559,-1.6122,1.0532,115.1113,125016729,10747.5021,10531.709,10315.9159,0
FPT.VN,2015-04-16,10530.63,10595.24,10487.56,10509.1,70968,10524.172,10497.4692,10526.5611,10503.7395,48.9964,-1.8334,-1.6564,-0.1769,114.5805,124945761,10731.4852,10524.172,10316.8588,1
FPT.VN,2015-04-17,10530.63,11090.54,10530.63,10982.87,695457,10537.093,10513.4052,10570.0191,10522.5289,68.6727,34.9827,5.6714,29.3113,147.9276,125641218,10816.6049,10537.093,10257.5811,0
FPT.VN,2015-04-20,10982.87,10982.87,10745.98,10875.19,166556,10548.937,10527.6182,10599.083,10536.3588,62.7476,54.8387,15.5049,39.3339,154.2821,125474662,10864.2854,10548.937,10233.5886,0
FPT.VN,2015-04-21,10875.19,10982.87,10767.52,10767.52,122577,10558.628,10540.1086,10615.1246,10545.4239,57.4135,61.1814,24.6402,36.5412,158.6441,125352085,10888.7472,10558.628,10228.5088,0
FPT.VN,2015-04-22,10767.52,10982.87,10767.52,10767.52,250336,10567.242,10550.8762,10629.6384,10554.1336,57.4135,65.4535,32.8028,32.6507,162.6945,125352085,10910.1276,10567.242,10224.3564,1
FPT.VN,2015-04-23,10875.19,10982.87,10724.45,10875.19,297844,10580.163,10562.505,10653.0243,10566.724,61.2353,76.6438,41.571,35.0728,169.532,125649929,10949.3727,10580.163,10210.9533,0
FPT.VN,2015-04-24,10875.19,10982.87,10767.52,10875.19,124638,10594.1605,10573.2724,10674.1829,10578.8207,61.2353,84.5376,50.1644,34.3733,172.8047,125649929,10986.2924,10594.1605,10202.0286,1
FPT.VN,2015-04-27,11090.54,11305.89,10982.87,11090.54,295685,10627.5395,10588.3468,10713.836,10598.8881,67.9146,106.9378,61.519,45.4188,191.2258,125945614,11068.876,10627.5395,10186.203,0
FPT.VN,2015-04-28,11090.54,11090.54,11090.54,11090.54,0,10660.9185,10603.4212,10749.7126,10618.1686,67.9146,123.2691,73.8691,49.4001,177.5668,125945614,11136.7399,10660.9185,10185.0971,0
FPT.VN,2015-04-29,11090.54,11090.54,11090.54,11090.54,0,10701.835,10618.4956,10782.1723,10636.693,67.9146,134.6596,86.0272,48.6324,164.8835,125945614,11177.6558,10701.835,10226.0142,0
FPT.VN,2015-04-30,11090.54,11090.54,11090.54,11090.54,0,10738.4445,10633.57,10811.5407,10654.4909,67.9146,142.0491,97.2316,44.8176,153.1061,125945614,11215.6579,10738.4445,10261.2311,0
FPT.VN,2015-05-01,11090.54,11090.54,11090.54,11090.54,0,10767.5165,10648.6444,10838.112,10671.5909,67.9146,146.2198,107.0292,39.1906,142.17,125945614,11256.597,10767.5165,10278.436,0
FPT.VN,2015-05-04,11090.54,11198.22,10552.17,10638.31,379976,10777.2075,10654.6742,10819.0833,10670.2857,44.5599,111.7459,107.9725,3.7733,178.1614,125565638,11246.6234,10777.2075,10307.7916,1
FPT.VN,2015-05-05,10638.31,10875.19,10595.24,10767.52,206375,10789.052,10663.2882,10814.1725,10674.0988,49.8648,93.7702,105.1321,-11.3619,185.432,125772013,11244.0028,10789.052,10334.1012,0
FPT.VN,2015-05-06,10767.52,10875.19,10681.38,10681.38,188803,10796.5895,10668.026,10801.5256,10674.3844,46.6593,71.7466,98.455,-26.7084,186.0304,125583210,11238.3161,10796.5895,10354.8629,1
FPT.VN,2015-05-07,10724.45,10875.19,10681.38,10745.98,122391,10807.357,10671.9022,10796.2355,10677.192,49.2919,58.8272,90.5294,-31.7022,186.5861,125705601,11231.9533,10807.357,10382.7607,0
FPT.VN,2015-05-08,10745.98,10875.19,10745.98,10745.98,111947,10814.894,10676.6398,10791.4493,10679.8896,49.2919,48.0348,82.0305,-33.9957,182.4878,125705601,11228.8548,10814.894,10400.9332,0
FPT.VN,2015-05-11,10767.52,10767.52,10681.38,10702.91,106482,10820.2775,10681.8082,10783.017,10680.7924,47.48,35.5961,72.7436,-37.1475,175.6058,125599119,11224.9059,10820.2775,10415.6491,0
FPT.VN,2015-05-12,10702.91,10702.91,10595.24,10595.24,117594,10825.6615,10683.1004,10765.1335,10677.4374,43.2043,16.8559,61.5661,-44.7102,170.7533,125481525,11214.1948,10825.6615,10437.1282,0
FPT.VN,2015-05-13,10595.24,10616.77,10487.56,10595.24,218875,10828.892,10679.6548,10748.9531,10674.2139,43.2043,1.9813,49.6491,-47.6678,167.7859,125481525,11208.058,10828.892,10449.726,1
FPT.VN,2015-05-14,10552.17,10681.38,10552.17,10616.77,132333,10834.2755,10676.6398,10736.3643,10671.9612,44.3662,-7.9776,38.1238,-46.1014,165.0305,125613858,11197.0258,10834.2755,10471.5252,0
FPT.VN,2015-05-15,10638.31,10681.38,10573.7,10573.7,103445,10813.817,10672.7634,10720.8724,10668.1079,42.4935,-19.1251,26.674,-45.7991,160.934,125510413,11187.276,10813.817,10440.358,0
FPT.VN,2015-05-18,10552.17,10595.24,10509.1,10509.1,229040,10795.5125,10671.0406,10700.7036,10661.8723,39.7812,-32.7942,14.7804,-47.5746,155.5916,125281373,11191.5122,10795.5125,10399.5128,1
FPT.VN,2015-05-19,10487.56,10595.24,10487.56,10595.24,121332,10786.8985,10668.8872,10690.6595,10659.2592,44.8373,-36.2583,4.5726,-40.8309,152.1693,125402705,11192.8325,10786.8985,10380.9645,1
FPT.VN,2015-05-20,10681.38,10982.87,10659.84,10982.87,495875,10797.666,10675.3478,10718.489,10671.9498,60.7912,-7.6371,2.1307,-9.7678,168.9879,125898580,11212.7568,10797.666,10382.5752,1
FPT.VN,2015-05-21,10982.87,11413.57,10875.19,11305.89,913321,10819.201,10689.5608,10774.432,10696.8102,68.8707,40.6419,9.8329,30.809,195.3731,126811901,11291.9162,10819.201,10346.4858,0
FPT.VN,2015-05-22,11305.89,11413.57,11198.22,11198.22,297176,10835.3525,10701.6204,10814.7928,10716.4734,64.1273,69.4151,21.7494,47.6658,196.8,126514725,11337.2933,10835.3525,10333.4117,1
FPT.VN,2015-05-25,11198.22,11628.92,11198.22,11628.92,554510,10862.2715,10721.4326,10892.3287,10752.2556,72.3355,125.5251,42.5045,83.0205,213.5072,127069235,11468.7059,10862.2715,10255.8371,0
FPT.VN,2015-05-26,11521.24,11628.92,11413.57,11413.57,442831,10878.423,10734.3536,10941.9707,10778.1895,64.4008,150.8764,64.1789,86.6975,213.6388,126626404,11526.2499,10878.423,10230.5961,0
FPT.VN,2015-05-27,11413.57,11521.24,11198.22,11305.89,564991,10889.1905,10746.8438,10976.6297,10798.8836,60.8089,160.4293,83.429,77.0004,221.4517,126061413,11558.6592,10889.1905,10219.7218,0
FPT.VN,2015-05-28,11268.21,11367.27,11169.14,11243.44,467751,10896.8355,10758.5158,11002.0402,10816.3172,58.762,161.1038,98.9639,62.1399,219.7859,125593662,11579.3504,10896.8355,10214.3206,0
FPT.VN,2015-05-29,11268.21,11268.21,11119.61,11144.38,144488,10899.5275,10766.9144,11015.5964,10829.1824,55.5667,151.8941,109.55,42.3441,214.7012,125449174,11585.6744,10899.5275,10213.3806,0
FPT.VN,2015-06-01,11119.61,11119.61,10971.02,10971.02,301922,10916.163,10773.5686,11011.351,10834.7447,50.4015,129.1182,113.4636,15.6546,211.7482,125147252,11591.6948,10916.163,10240.6312,0
FPT.VN,2015-06-02,10971.02,10971.02,10822.43,10822.43,319002,10918.9085,10778.5432,10993.3585,10834.2617,46.4187,97.9491,110.3607,-12.4116,207.2369,124828250,11592.3397,10918.9085,10245.4773,1
FPT.VN,2015-06-03,10822.43,11094.85,10797.67,10946.26,257796,10932.1525,10785.5636,10988.8729,10838.6538,49.967,82.2908,104.7467,-22.4559,213.6614,125086046,11596.269,10932.1525,10268.036,1
FPT.VN,2015-06-04,10946.26,11020.55,10946.26,10995.79,90655,10944.643,10793.144,10989.5317,10844.816,51.3547,73.0362,98.4046,-25.3684,203.7063,125176701,11603.3914,10944.643,10285.8946,1
FPT.VN,2015-06-05,11020.55,11119.61,10946.26,11094.85,233544,10962.0865,10803.1362,10999.562,10854.6213,54.0967,72.8554,93.2948,-20.4394,201.538,125410245,11617.1509,10962.0865,10307.0221,0
FPT.VN,2015-06-08,11144.38,11169.14,10971.02,10971.02,282233,10975.492,10814.0974,10996.8437,10859.1859,50.2812,62.0052,87.0369,-25.0316,201.2939,125128012,11619.0975,10975.492,10331.8865,0
FPT.VN,2015-06-09,10946.26,11193.91,10946.26,10971.02,249849,10994.281,10825.0586,10994.3843,10863.5716,50.2812,52.7978,80.189,-27.3912,204.605,125128012,11612.5895,10994.281,10375.9725,1
FPT.VN,2015-06-10,10971.02,11070.08,10921.49,11045.32,100862,11016.785,10840.5208,10999.2354,10870.699,52.6073,50.9094,74.3331,-23.4237,200.604,125228874,11606.0206,11016.785,10427.5494,1
FPT.VN,2015-06-11,11045.32,11119.61,11045.32,11094.85,169592,11040.689,10855.2508,11008.3415,10879.4892,54.1474,52.8008,70.0267,-17.2258,191.5815,125398466,11599.6067,11040.689,10481.7713,1
FPT.VN,2015-06-12,11119.61,11218.67,11119.61,11169.14,304195,11070.461,10868.4516,11023.6557,10890.8481,56.4341,59.6073,67.9428,-8.3355,186.7414,125702661,11586.4253,11070.461,10554.4967,0
FPT.VN,2015-06-15,11243.44,11243.44,11094.85,11144.38,137955,11102.225,10882.4494,11035.1532,10900.7905,55.4417,62.2855,66.8113,-4.5258,184.0163,125564706,11545.8227,11102.225,10658.6273,0
FPT.VN,2015-06-16,11144.38,11193.91,11020.55,11020.55,193565,11123.4905,10892.2478,11033.7624,10905.487,50.6449,53.7959,64.2082,-10.4124,183.2552,125371141,11500.5407,11123.4905,10746.4403,0
FPT.VN,2015-06-17,10995.79,11045.32,10971.02,10995.79,195176,11124.1365,10901.551,11030.146,10909.0283,49.7186,44.5562,60.2778,-15.7216,175.4726,125175965,11500.2153,11124.1365,10748.0577,1
FPT.VN,2015-06-18,10995.79,11144.38,10995.79,11020.55,130949,11109.8695,10911.3494,11029.2321,10913.4017,50.6899,38.7846,55.9792,-17.1946,173.5525,125306914,11478.4921,11109.8695,10741.2469,1
FPT.VN,2015-06-19,11020.55,11169.14,11020.55,11094.85,211897,11104.701,10921.3416,11035.4814,10920.5173,53.5871,39.7477,52.7329,-12.9852,171.7694,125518811,11470.9991,11104.701,10738.4029,1
FPT.VN,2015-06-22,11144.38,11342.5,11119.61,11292.97,514328,11087.9035,10935.2962,11060.0041,10935.1233,60.2875,55.8538,53.3571,2.4967,177.1895,126033139,11375.2963,11087.9035,10800.5107,0
FPT.VN,2015-06-23,11292.97,11317.74,11243.44,11268.21,251864,11080.6355,10950.9092,11079.8333,10948.1855,59.1384,65.8608,55.8578,10.003,169.8402,125781275,11339.2633,11080.6355,10822.0077,0
FPT.VN,2015-06-24,11292.97,11292.97,11193.91,11193.91,144092,11075.0365,10964.1748,11090.6977,10957.8217,55.7072,67.0235,58.0909,8.9325,164.7845,125637183,11317.4734,11075.0365,10832.5996,0
FPT.VN,2015-06-25,11169.14,11193.91,11144.38,11144.38,236225,11070.0835,10976.8804,11095.8103,10965.1378,53.4797,63.2195,59.1167,4.1028,156.552,125400958,11301.8467,11070.0835,10838.3203,1
FPT.VN,2015-06-26,11169.14,11862.57,11169.14,11466.33,1700065,11086.181,10986.5496,11131.0979,10984.7924,63.6535,85.2013,64.3336,20.8677,196.669,127101023,11376.8974,11086.181,10795.4646,1
FPT.VN,2015-06-29,11590.15,11813.04,11515.86,11590.15,377762,11117.1375,11000.8488,11174.8172,11008.5319,66.6723,111.33,73.7329,37.5971,207.3862,127478785,11479.297,11117.1375,10754.978,0
FPT.VN,2015-06-30,11466.33,11565.39,11466.33,11491.09,423261,11150.5705,11015.3202,11204.9384,11027.4557,62.2199,122.6302,83.5123,39.1179,201.4172,127055524,11521.5267,11150.5705,10779.6143,1
FPT.VN,2015-07-01,11491.09,11664.45,11416.8,11590.15,297840,11182.765,11031.7728,11241.6252,11049.5222,64.7546,137.9884,94.4075,43.5808,204.7196,127353364,11589.1348,11182.765,10776.3952,1
FPT.VN,2015-07-02,11565.39,11738.75,11540.62,11689.21,440221,11217.436,11048.0532,11284.2523,11074.608,67.1296,156.3509,106.7962,49.5547,204.2489,127793585,11672.0922,11217.436,10762.7798,0
FPT.VN,2015-07-03,11738.75,11738.75,11614.92,11639.68,306275,11244.6775,11063.343,11318.1026,11096.7676,64.7792,165.0045,118.4379,46.5667,198.5047,127487310,11732.4877,11244.6775,10756.8673,1
FPT.VN,2015-07-06,11664.45,11763.51,11639.68,11763.51,395509,11284.302,11076.8024,11360.5223,11122.9144,67.8134,179.7822,130.7067,49.0755,193.1708,127882819,11806.0805,11284.302,10762.5235,1
FPT.VN,2015-07-07,11738.75,11986.4,11689.21,11788.28,457434,11325.165,11090.7572,11401.2612,11149.0072,68.3999,191.2874,142.8229,48.4645,200.6007,128340253,11871.0883,11325.165,10779.2417,0
FPT.VN,2015-07-08,11788.28,11837.81,11540.62,11565.39,573447,11351.1685,11100.2542,11416.8925,11165.3359,58.1353,180.3411,150.3265,30.0146,207.4999,127766806,11890.4711,11351.1685,10811.8659,0
FPT.VN,2015-07-09,11515.86,11614.92,11441.56,11565.39,403718,11374.6955,11109.7512,11431.0351,11181.0243,58.1353,169.7097,154.2032,15.5066,205.0614,127766806,11907.937,11374.6955,10841.454,0
FPT.VN,2015-07-10,11565.39,11639.68,11491.09,11540.62,337436,11393.2695,11118.7528,11441.4718,11195.1261,57.0322,157.4704,154.8566,2.6138,201.0277,127429370,11922.2255,11393.2695,10864.3135,1
FPT.VN,2015-07-13,11540.62,11763.51,11515.86,11614.92,197631,11416.7965,11138.285,11457.9906,11211.5886,59.5138,152.0136,154.288,-2.2744,204.3579,127627001,11940.9773,11416.7965,10892.6157,0
FPT.VN,2015-07-14,11614.92,11689.21,11540.62,11614.92,159767,11446.515,11155.233,11472.9363,11227.4055,59.5138,146.0061,152.6316,-6.6255,200.3745,127627001,11942.7565,11446.515,10950.2735,0
FPT.VN,2015-07-15,11639.68,11639.68,11491.09,11491.09,264446,11471.28,11171.4272,11474.6652,11237.7461,53.5373,129.7573,148.0567,-18.2995,196.6756,127362555,11919.9698,11471.28,11022.5902,0
FPT.VN,2015-07-16,11441.56,11491.09,11342.5,11491.09,246740,11494.807,11186.3294,11476.2295,11247.6811,53.5373,115.548,141.555,-26.007,193.2409,127362555,11890.1607,11494.807,11099.4533,0
FPT.VN,2015-07-17,11466.33,11614.92,11441.56,11491.09,127412,11514.619,11201.2316,11477.6448,11257.2266,53.5373,103.0986,133.8637,-30.7652,191.8208,127362555,11862.4376,11514.619,11166.8004,0
FPT.VN,2015-07-20,11491.09,11491.09,11367.27,11441.56,169523,11522.0485,11216.0046,11474.2081,11264.4554,50.9798,88.2187,124.7347,-36.516,186.9636,127193032,11856.004,11522.0485,11188.093,0
FPT.VN,2015-07-21,11392.03,11416.8,11243.44,11292.97,353902,11523.2865,11229.9592,11456.9473,11265.5736,44.1637,63.702,112.5282,-48.8261,187.7605,126839130,11853.4418,11523.2865,11193.1312,1
FPT.VN,2015-07-22,11292.97,11515.86,11268.21,11515.86,183737,11539.384,11248.3716,11462.5581,11275.3887,54.0814,61.5483,102.3322,-40.7839,192.0383,127022867,11831.0744,11539.384,11247.6936,1
FPT.VN,2015-07-23,11491.09,11862.57,11491.09,11639.68,864294,11564.149,11268.8298,11479.4268,11289.6747,58.4922,69.0368,95.6731,-26.6363,204.8556,127887161,11791.6807,11564.149,11336.6173,1
FPT.VN,2015-07-24,11689.21,11837.81,11689.21,11788.28,491748,11580.2465,11293.1214,11508.8414,11309.2278,63.0761,85.9713,93.7328,-7.7614,204.3752,128378909,11823.6411,11580.2465,11336.8519,1
FPT.VN,2015-07-27,11862.57,12258.82,11837.81,12134.99,753360,11607.4885,11325.6392,11568.4746,11341.6106,71.0965,125.9171,100.1696,25.7475,223.387,129132269,11955.1708,11607.4885,11259.8062,0
FPT.VN,2015-07-28,12134.99,12134.99,11936.87,11936.87,256185,11629.7775,11352.4718,11603.5599,11364.9541,62.7136,139.9743,108.1306,31.8437,221.5822,128876084,12002.3084,11629.7775,11257.2466,0
FPT.VN,2015-07-29,11936.87,12060.69,11813.04,11862.57,451874,11643.3985,11370.0658,11628.2275,11384.4685,59.8629,143.4655,115.1976,28.268,223.4442,128424210,12029.5027,11643.3985,11257.2943,0
FPT.VN,2015-07-30,11862.57,11887.34,11713.98,11713.98,378885,11644.637,11378.2276,11636.3944,11397.3905,54.525,132.7126,118.7006,14.012,219.8667,128045325,12031.518,11644.637,11257.756,0
FPT.VN,2015-07-31,11813.04,11837.81,11713.98,11713.98,218584,11648.352,11388.5428,11643.7835,11409.8058,54.525,122.7755,119.5155,3.2599,213.007,128045325,12036.4576,11648.352,11260.2464,0
FPT.VN,2015-08-03,11639.68,11639.68,11491.09,11515.86,458977,11635.9695,11386.2816,11631.6003,11413.9648,47.9178,97.7864,115.1697,-17.3833,213.7129,127586348,12024.4075,11635.9695,11247.5315,1
FPT.VN,2015-08-04,11614.92,11738.75,11540.62,11639.68,212466,11628.5395,11390.8038,11632.3698,11422.8164,51.8452,86.9711,109.53,-22.5589,214.3684,127798814,12010.3388,11628.5395,11246.7402,1
FPT.VN,2015-08-05,11689.21,11738.75,11614.92,11738.75,126354,11637.2075,11399.461,11642.5013,11435.2059,54.7832,85.4095,104.7059,-19.2964,207.9014,127925168,12020.8374,11637.2075,11253.5776,0
FPT.VN,2015-08-06,11738.75,11788.28,11590.15,11590.15,226575,11638.4455,11406.3952,11637.5154,11441.2821,49.8685,71.3585,98.0364,-26.6779,207.2034,127698593,12021.2585,11638.4455,11255.6325,1
FPT.VN,2015-08-07,11639.68,11763.51,11565.39,11713.98,220712,11647.1135,11417.7872,11644.7978,11451.9762,53.6038,69.4149,92.3121,-22.8972,206.5546,127919305,12028.4478,11647.1135,11265.7792,1
FPT.VN,2015-08-10,11763.51,12011.16,11763.51,12011.16,476768,11666.9255,11438.59,11679.6894,11473.905,61.0957,90.8077,92.0112,-1.2035,213.0278,128396073,12080.9859,11666.9255,11252.8651,0
FPT.VN,2015-08-11,12011.16,12134.99,11887.34,11961.63,347813,11684.261,11461.374,11706.5409,11493.0314,59.3749,102.5825,94.1255,8.457,215.5009,128048260,12117.7303,11684.261,11250.7917,0
FPT.VN,2015-08-12,11887.34,11887.34,11713.98,11788.28,507585,11699.1205,11478.2144,11714.3256,11504.6098,53.6764,96.8103,94.6624,2.1478,217.7972,127540675,12125.0172,11699.1205,11273.2238,0
FPT.VN,2015-08-13,11788.28,11788.28,11590.15,11639.68,6352157,11706.55,11491.0922,11707.2165,11509.9067,49.3077,79.3305,91.5961,-12.2656,216.3924,121188518,12122.2284,11706.55,11290.8716,0
FPT.VN,2015-08-14,11614.92,11713.98,11515.86,11590.15,283638,11711.503,11500.9982,11696.0673,11513.0535,47.9081,60.7803,85.4329,-24.6526,215.0872,120904880,12118.6448,11711.503,11304.3612,0
FPT.VN,2015-08-17,11590.15,11664.45,11392.03,11441.56,3295500,11711.503,11510.409,11671.8285,11510.2498,43.8836,33.7007,75.0865,-41.3857,219.1824,117609380,12118.6448,11711.503,11304.3612,1
FPT.VN,2015-08-18,11441.56,11565.39,11392.03,11540.62,3035337,11723.8855,11521.801,11659.3324,11511.4408,47.0755,20.0027,64.0697,-44.067,215.9094,120644717,12090.4759,11723.8855,11357.2951,0
FPT.VN,2015-08-19,11367.27,11515.86,11268.21,11416.8,3475631,11718.9325,11529.2306,11636.2341,11507.7294,43.7275,-0.8347,51.0888,-51.9235,219.9452,117169086,12099.7576,11718.9325,11338.1074,0
FPT.VN,2015-08-20,11441.56,11441.56,11243.44,11268.21,1551405,11700.359,11532.6978,11601.1842,11498.3365,40.0467,-29.0041,35.0703,-64.0744,218.3862,115617681,12130.5003,11700.359,11270.2177,0
FPT.VN,2015-08-21,11169.14,11193.91,10896.73,11193.91,4784721,11670.6405,11533.1932,11562.3962,11486.3982,38.3101,-56.6707,16.7221,-73.3928,229.3215,110832960,12154.0383,11670.6405,11187.2427,0
FPT.VN,2015-08-24,10995.79,11045.32,10475.72,10500.48,8511591,11588.915,11520.3152,11461.2613,11447.7347,26.6815,-133.0174,-13.2258,-119.7915,264.2407,102321369,12258.5611,11588.915,10919.2689,1
FPT.VN,2015-08-25,10401.42,10772.9,10401.42,10624.31,5259620,11523.287,11512.3904,11381.5517,11415.4436,30.7254,-181.4391,-46.8685,-134.5706,271.9006,107580989,12298.3282,11523.287,10748.2458,1
FPT.VN,2015-08-26,10649.07,11020.55,10649.07,10921.49,3879058,11476.233,11510.9044,11337.7363,11396.0728,39.3683,-193.6019,-76.2152,-117.3868,280.782,111460047,12278.3404,11476.233,10674.1256,1
FPT.VN,2015-08-27,10921.49,11045.32,10896.73,10971.02,2834532,11439.085,11509.9138,11302.8109,11379.4041,40.6963,-196.9739,-100.3669,-96.607,271.3397,114294579,12263.3428,11439.085,10614.8272,1
FPT.VN,2015-08-28,11045.32,11094.85,10971.02,11070.08,3567735,11406.89,11509.4184,11280.6461,11367.2737,43.368,-189.4687,-118.1873,-71.2815,260.8033,117862314,12236.2235,11406.89,10577.5565,0
FPT.VN,2015-08-31,11020.55,11094.85,10921.49,10946.26,1549103,11378.41,11502.4842,11248.7998,11350.7634,40.8884,-191.3069,-132.8112,-58.4957,254.5574,116313211,12230.7881,11378.41,10526.0319,0
FPT.VN,2015-09-01,10995.79,10995.79,10871.96,10921.49,1290475,11342.5005,11495.5498,11217.6274,11333.9291,40.3909,-192.5428,-144.7575,-47.7853,245.2197,115022736,12208.9304,11342.5005,10476.0706,0
FPT.VN,2015-09-02,10921.49,10921.49,10921.49,10921.49,0,11301.6375,11490.1014,11189.4238,11317.7551,40.3909,-191.3169,-154.0694,-37.2475,227.704,115022736,12166.4672,11301.6375,10436.8078,0
FPT.VN,2015-09-03,10871.96,10921.49,10822.43,10822.43,1458896,11263.2515,11483.6624,11154.4721,11298.3305,38.2332,-196.0784,-162.4712,-33.6072,218.5151,113563840,12142.1982,11263.2515,10384.3048,1
FPT.VN,2015-09-04,10822.43,10921.49,10797.67,10847.2,808228,11219.9125,11471.2798,11125.208,11280.6392,39.1091,-195.5985,-169.0966,-26.5018,211.7512,114372068,12090.7231,11219.9125,10349.1019,0
FPT.VN,2015-09-07,10896.73,10896.73,10748.13,10797.67,579561,11159.238,11455.4302,11094.0139,11261.6992,37.9502,-196.9445,-174.6662,-22.2783,207.2404,113792507,11964.5579,11159.238,10353.9181,1
FPT.VN,2015-09-08,10772.9,10921.49,10772.9,10871.96,787796,11104.7545,11443.0476,11072.866,11246.4153,40.7846,-189.8285,-177.6987,-12.1298,203.0511,114580303,11824.3878,11104.7545,10385.1212,1
FPT.VN,2015-09-09,10971.02,10995.79,10921.49,10921.49,1420133,11061.415,11429.6744,11058.4492,11233.6731,42.6651,-178.1388,-177.7867,-0.3521,197.3924,116000436,11708.4658,11061.415,10414.3642,1
FPT.VN,2015-09-10,10921.49,10946.26,10871.96,10946.26,923994,11026.744,11414.8154,11047.7645,11222.402,43.6292,-164.9742,-175.2242,10.25,188.6001,116924430,11614.9676,11026.744,10438.5204,0
FPT.VN,2015-09-11,10995.79,10995.79,10896.73,10896.73,720242,10992.073,11399.9564,11033.3803,11209.6306,42.1045,-156.7312,-171.5256,14.7944,182.2044,116204188,11519.0244,10992.073,10465.1216,0
FPT.VN,2015-09-14,10896.73,10896.73,10822.43,10822.43,861124,10961.1165,11381.1348,11013.2898,11194.4462,39.8546,-154.4139,-168.1033,13.6894,174.4969,115343064,11448.1145,10961.1165,10474.1185,0
FPT.VN,2015-09-15,10797.67,10871.96,10772.9,10822.43,368015,10925.207,11361.8178,10995.1126,11179.8574,39.8546,-150.8386,-164.6503,13.8117,169.1086,115343064,11331.516,10925.207,10518.898,0
FPT.VN,2015-09-16,10822.43,10871.96,10797.67,10822.43,499570,10895.4885,11346.9586,10978.6667,11165.8406,39.8546,-146.3186,-160.984,14.6654,162.3358,115343064,11231.2198,10895.4885,10559.7572,1
FPT.VN,2015-09-17,10822.43,10896.73,10822.43,10847.2,492544,10874.438,11332.5948,10966.146,11153.3449,41.1637,-139.1338,-156.6139,17.4802,156.0476,115835608,11160.9586,10874.438,10587.9174,1
FPT.VN,2015-09-18,11045.32,11119.61,10921.49,11045.32,3002630,10867.0085,11322.6888,10973.6864,11149.1086,50.4529,-116.1147,-148.5141,32.3994,164.3592,118838238,11124.9277,10867.0085,10609.0893,1
FPT.VN,2015-09-21,11020.55,11268.21,11020.55,11268.21,2215601,10905.395,11315.7546,11001.7363,11153.7793,58.4087,-78.9761,-134.6065,55.6304,170.3092,121053839,11162.1481,10905.395,10648.6419,0
FPT.VN,2015-09-22,11268.21,11292.97,11169.14,11193.91,1168611,10933.875,11307.3344,11020.0385,11155.353,55.2254,-54.906,-118.6664,63.7604,166.9893,119885228,11185.6644,10933.875,10682.0856,0
FPT.VN,2015-09-23,11169.14,11243.44,11119.61,11119.61,1808418,10943.781,11299.9048,11029.5215,11153.9513,52.1637,-41.349,-103.2029,61.8539,163.9065,118076810,11208.7623,10943.781,10678.7997,1
FPT.VN,2015-09-24,11094.85,11218.67,11094.85,11169.14,1160778,10953.687,11293.4658,11042.8185,11154.547,53.9947,-26.3051,-87.8234,61.5182,161.0432,119237588,11237.1259,10953.687,10670.2481,0
FPT.VN,2015-09-25,11193.91,11193.91,11094.85,11119.61,1046949,10956.1635,11286.0362,11050.132,11153.1769,51.8571,-18.1699,-73.8927,55.7227,156.6158,118190639,11244.704,10956.1635,10667.623,0
FPT.VN,2015-09-28,11119.61,11144.38,11020.55,11020.55,1080464,10959.878,11277.616,11047.3147,11147.9758,47.7827,-19.4914,-63.0124,43.5211,154.2739,117110175,11249.7911,10959.878,10669.9649,0
FPT.VN,2015-09-29,11020.55,11020.55,10971.02,11020.55,1050260,10964.831,11272.1676,11044.7657,11142.9787,47.7827,-20.3045,-54.4708,34.1663,146.7922,117110175,11255.3668,10964.831,10674.2952,0
FPT.VN,2015-09-30,11094.85,11094.85,10971.02,11020.55,644733,10969.784,11262.2614,11042.4594,11138.1776,47.7827,-20.7103,-47.7187,27.0085,145.1521,117110175,11260.5862,10969.784,10678.9818,1
FPT.VN,2015-10-01,11020.55,11070.08,10995.79,11045.32,724683,10980.9285,11250.3742,11042.7318,11134.5361,49.0333,-18.8162,-41.9382,23.122,140.0905,117834858,11264.9584,10980.9285,10696.8986,0
FPT.VN,2015-10-02,11045.32,11045.32,11045.32,11045.32,0,10990.8345,11235.515,11042.9783,11131.0375,49.0333,-17.1178,-36.9741,19.8564,130.084,117834858,11268.9851,10990.8345,10712.6839,1
FPT.VN,2015-10-05,11070.08,11169.14,11045.32,11144.38,1544258,11008.17,11215.7028,11052.6356,11131.5607,54.1288,-7.6898,-31.1173,23.4275,129.6366,119379116,11278.7445,11008.17,10737.5955,1
FPT.VN,2015-10-06,11292.97,11441.56,11243.44,11392.03,3730705,11034.1735,11204.806,11084.9589,11141.7752,63.8574,19.54,-20.9858,40.5258,141.604,123109821,11346.3887,11034.1735,10721.9583,0
FPT.VN,2015-10-07,11441.56,11441.56,11144.38,11193.91,1363400,11047.7945,11191.4328,11095.3352,11143.8197,53.992,24.8467,-11.8193,36.666,152.7166,121746421,11363.0653,11047.7945,10732.5237,1
FPT.VN,2015-10-08,11193.91,11342.5,11193.91,11342.5,1336669,11067.6065,11184.0032,11118.8747,11151.6111,59.0961,40.5746,-1.3405,41.9151,152.4218,123083090,11405.0337,11067.6065,10730.1793,0
FPT.VN,2015-10-09,11392.03,11491.09,11342.5,11342.5,3145330,11089.895,11176.5736,11140.1724,11159.0969,59.0961,52.4346,9.4145,43.0201,152.1481,123083090,11438.5023,11089.895,10741.2877,0
FPT.VN,2015-10-12,11317.74,11367.27,11317.74,11342.5,1674157,11115.8985,11173.1064,11159.4417,11166.2892,59.0961,61.1291,19.7574,41.3717,144.8182,123083090,11458.0285,11115.8985,10773.7685,0
FPT.VN,2015-10-13,11342.5,11342.5,11243.44,11268.21,1203781,11138.1875,11165.677,11169.8005,11170.2861,55.2674,61.3181,28.0696,33.2486,141.5498,121879309,11457.1135,11138.1875,10819.2615,1
FPT.VN,2015-10-14,11639.68,11862.57,11540.62,11565.39,12423801,11175.3355,11162.2098,11207.4757,11185.7804,65.0281,84.4741,39.3505,45.1237,173.8934,134303110,11511.9878,11175.3355,10838.6832,0
FPT.VN,2015-10-15,11614.92,11614.92,11515.86,11540.62,1723137,11210.0065,11161.2192,11239.2038,11199.6956,63.7789,99.6777,51.4159,48.2617,168.5481,132579973,11547.1957,11210.0065,10872.8173,1
FPT.VN,2015-10-16,11565.39,11614.92,11565.39,11565.39,2215278,11236.01,11158.2474,11270.2691,11214.0366,64.513,112.4293,63.6186,48.8107,161.8161,134795251,11598.9543,11236.01,10873.0657,1
FPT.VN,2015-10-19,11565.39,11837.81,11565.39,11664.45,5638860,11255.822,11151.3132,11307.8101,11231.6999,67.362,129.0409,76.703,52.3378,169.7164,140434111,11666.3119,11255.822,10845.3321,1
FPT.VN,2015-10-20,11664.45,11862.57,11639.68,11713.98,7947939,11281.8255,11146.3602,11346.493,11250.6128,68.7145,144.5362,90.2697,54.2665,173.5145,148382050,11739.0336,11281.8255,10824.6174,0
FPT.VN,2015-10-21,11788.28,11788.28,11639.68,11639.68,2840790,11307.829,11143.3882,11374.4156,11265.8703,64.4032,149.1022,102.0362,47.066,171.7349,145541260,11784.9164,11307.829,10830.7416,0
FPT.VN,2015-10-22,11590.15,11664.45,11590.15,11614.92,1912435,11330.118,11142.893,11397.3207,11279.5586,62.9849,149.0052,111.43,37.5752,164.7753,143628825,11821.3662,11330.118,10838.8698,1
FPT.VN,2015-10-23,11689.21,11738.75,11639.68,11664.45,2906003,11357.36,11144.379,11422.7616,11294.6524,64.6614,151.1823,119.3804,31.8018,161.8506,146534828,11859.7573,11357.36,10854.9627,1
FPT.VN,2015-10-26,11763.51,12011.16,11763.51,11788.28,10624145,11395.7465,11151.3134,11457.5729,11314.0103,68.5023,161.0433,127.713,33.3303,175.0549,157158973,11907.0288,11395.7465,10884.4642,1
FPT.VN,2015-10-27,11738.75,11961.63,11738.75,11887.34,5431917,11439.086,11158.2478,11498.5031,11336.4938,71.1991,174.8361,137.1376,37.6985,178.4709,162590890,11963.2436,11439.086,10914.9284,1
FPT.VN,2015-10-28,11912.1,12110.22,11912.1,12085.46,10793737,11492.3315,11171.621,11554.4038,11365.865,75.6833,199.4544,149.601,49.8534,181.643,173384627,12052.5845,11492.3315,10932.0785,1
FPT.VN,2015-10-29,12209.29,12308.35,12159.76,12209.29,7456404,11550.53,11190.4426,11616.7739,11398.9405,77.99,226.3475,164.9503,61.3972,184.5892,180841031,12155.3205,11550.53,10945.7395,0
FPT.VN,2015-10-30,12234.05,12258.82,12110.22,12209.29,3967650,11608.7285,11210.7502,11673.204,11430.7189,77.99,244.8381,180.9279,63.9103,182.0186,180841031,12232.5371,11608.7285,10984.9199,1
FPT.VN,2015-11-02,12234.05,12630.3,12209.29,12258.82,11266536,11664.4505,11245.917,11728.9769,11463.1935,78.9177,260.486,196.8395,63.6465,199.0894,192107567,12312.2487,11664.4505,11016.6523,1
FPT.VN,2015-11-03,12382.64,13001.78,12357.88,13001.78,15339415,11744.938,11293.4664,11850.1963,11523.5302,87.4576,329.0447,223.2805,105.7642,237.9373,207446982,12612.8422,11744.938,10877.0338,0
FPT.VN,2015-11-04,13125.6,13249.43,12877.95,12877.95,7155863,11829.14,11332.5956,11948.0776,11576.6447,81.5298,369.1308,252.4506,116.6802,247.476,200291119,12793.3696,11829.14,10864.9104,1
FPT.VN,2015-11-05,12754.12,13249.43,12754.12,13249.43,11014167,11924.4865,11378.1638,12072.0159,11642.2441,84.8477,425.9644,287.1533,138.8111,265.1785,211305286,13049.779,11924.4865,10799.194,0
FPT.VN,2015-11-06,13249.43,13497.08,12877.95,13001.78,12779137,12007.4505,11416.7978,12160.5649,11695.5593,75.155,445.8823,318.8991,126.9832,290.4607,198526149,13195.021,12007.4505,10819.88,0
FPT.VN,2015-11-09,12877.95,13001.78,12754.12,12754.12,8218560,12078.0315,11452.955,12217.0939,11737.0715,66.9218,436.6499,342.4493,94.2006,287.4035,190307589,13266.9948,12078.0315,10889.0682,0
FPT.VN,2015-11-10,12754.12,12877.95,12506.47,12630.3,8277352,12146.136,11487.1312,12256.4469,11772.1,63.1943,414.563,356.872,57.691,293.409,182030237,13295.1571,12146.136,10997.1149,0
FPT.VN,2015-11-11,12506.47,12877.95,12506.47,12506.47,7229918,12193.19,11518.8308,12280.2586,11800.8988,59.6179,382.656,362.0288,20.6272,298.9855,174800319,13318.9158,12193.19,11067.4642,1
FPT.VN,2015-11-12,12630.3,13249.43,12506.47,13125.6,14190831,12272.439,11564.8942,12360.7673,11852.8479,69.0493,402.6861,370.1603,32.5258,330.698,188991150,13427.5112,12272.439,11117.3668,1
FPT.VN,2015-11-13,13125.6,13497.08,13001.78,13497.08,11142936,12369.0235,11617.8918,12468.9876,11917.3276,73.1077,443.424,384.813,58.611,342.4552,200134086,13595.9724,12369.0235,11142.0746,0
FPT.VN,2015-11-16,13373.25,13620.91,13125.6,13373.25,9747111,12454.4635,11669.4034,12555.1078,11974.4226,69.8211,460.4096,399.9323,60.4773,353.3734,190386975,13712.4246,12454.4635,11196.5024,0
FPT.VN,2015-11-17,13249.43,13373.25,12877.95,12877.95,8628973,12512.662,11709.5232,12585.8547,12009.855,58.494,428.9596,405.7378,23.2218,363.5111,181758002,13733.533,12512.662,11291.791,0
FPT.VN,2015-11-18,12754.12,13125.6,12754.12,12877.95,5519298,12574.5755,11748.6524,12613.6733,12043.898,58.494,399.4308,404.4764,-5.0456,364.0803,181758002,13733.0382,12574.5755,11416.1128,0
FPT.VN,2015-11-19,12877.95,13125.6,12754.12,12754.12,4426034,12631.5355,11784.8096,12627.0492,12071.7498,55.8661,361.8656,395.9542,-34.0887,364.6088,177331968,13699.8425,12631.5355,11563.2285,0
FPT.VN,2015-11-20,12630.3,12877.95,12630.3,12630.3,4832974,12679.828,11819.481,12627.3588,12093.6538,53.2881,318.4329,380.45,-62.017,356.2546,172498994,13646.5569,12679.828,11713.0991,0
FPT.VN,2015-11-23,12630.3,12754.12,12258.82,12258.82,8297218,12703.355,11848.2088,12592.2598,12100.1309,46.3741,251.1419,354.5884,-103.4464,366.1864,164201776,13599.0174,12703.355,11807.6926,0
FPT.VN,2015-11-24,12308.35,12308.35,11986.4,12159.76,11377417,12716.976,11874.9554,12551.0694,12102.4693,44.7082,187.6568,321.202,-133.5452,363.0267,152824359,13567.537,12716.976,11866.415,1
FPT.VN,2015-11-25,12209.29,12506.47,12011.16,12382.64,5287279,12731.835,11906.1596,12535.0285,12113.4564,49.1355,153.5588,287.6734,-134.1146,372.4755,158111638,13545.5282,12731.835,11918.1418,0
FPT.VN,2015-11-26,12333.11,12382.64,12134.99,12134.99,3013855,12728.12,11931.9154,12496.9296,12114.3008,44.8393,105.3384,251.2064,-145.868,363.5594,155097783,13552.4671,12728.12,11903.7729,0
FPT.VN,2015-11-27,12184.52,12357.88,12110.22,12110.22,6140288,12723.1665,11953.2134,12460.1001,12114.1408,44.4209,64.3824,213.8416,-149.4592,355.2809,148957495,13561.709,12723.1665,11884.624,0
FPT.VN,2015-11-30,12134.99,12134.99,11961.63,11961.63,4509739,12708.307,11967.0818,12412.6268,12108.16,41.8956,19.7074,175.0148,-155.3074,342.2865,144447756,13590.873,12708.307,11825.741,0
FPT.VN,2015-12-01,12035.93,12085.46,11912.1,11936.87,2519171,12655.0615,11981.941,12367.3166,12101.4427,41.4726,-17.4942,136.513,-154.0071,330.2203,141928585,13590.0166,12655.0615,11720.1064,1
FPT.VN,2015-12-02,11936.87,12060.69,11936.87,11986.4,2729344,12610.484,11999.2768,12331.0388,12096.9312,42.7187,-42.4902,100.7123,-143.2025,315.4775,144657929,13584.8778,12610.484,11636.0902,1
FPT.VN,2015-12-03,12011.16,12060.69,11961.63,12011.16,1387183,12548.5705,12016.1172,12300.5742,12093.5677,43.3679,-59.6146,68.6469,-128.2616,300.0191,146045112,13509.286,12548.5705,11587.855,0
FPT.VN,2015-12-04,12011.16,12011.16,11813.04,11862.57,3477932,12491.61,12030.9764,12258.8595,12084.5089,40.4083,-84.2052,38.0765,-122.2817,292.7406,142567180,13474.0276,12491.61,11509.1924,0
FPT.VN,2015-12-07,11837.81,11887.34,11763.51,11763.51,3602865,12442.0795,12045.8356,12211.6833,12071.9207,38.521,-110.4139,8.3784,-118.7923,280.6755,138964315,13467.7077,12442.0795,11416.4513,1
FPT.VN,2015-12-08,11713.98,12159.76,11664.45,12134.99,4513051,12417.314,12068.1244,12204.3792,12074.394,48.2772,-100.0557,-13.3084,-86.7473,296.0066,143477366,13447.7149,12417.314,11386.9131,0
FPT.VN,2015-12-09,12134.99,12234.05,11936.87,11936.87,2969721,12388.834,12086.4508,12178.9021,12069.0009,44.2445,-106.6046,-31.9676,-74.637,296.0904,140507645,13440.1343,12388.834,11337.5337,0
FPT.VN,2015-12-10,11936.87,12035.93,11837.81,11837.81,2463569,12324.4445,12102.3006,12146.4172,12059.9346,42.3401,-118.4228,-49.2587,-69.1642,289.0925,138044076,13342.9818,12324.4445,11305.9072,1
FPT.VN,2015-12-11,11813.04,12011.16,11813.04,11887.34,2254728,12243.9575,12119.141,12121.7432,12053.1662,43.6462,-122.3815,-63.8832,-58.4982,282.5945,140298804,13116.2395,12243.9575,11371.6755,0
FPT.VN,2015-12-14,11862.57,11936.87,11837.81,11837.81,1755319,12167.1855,12133.0096,12094.7019,12044.7209,42.6069,-128.0394,-76.7145,-51.325,269.4848,138543485,12875.9183,12167.1855,11458.4527,1
FPT.VN,2015-12-15,11837.81,12011.16,11837.81,12011.16,2131128,12123.846,12145.3922,12086.7455,12043.4048,47.3339,-117.1847,-84.8085,-32.3762,262.6181,140674613,12750.8736,12123.846,11496.8184,1
FPT.VN,2015-12-16,12060.69,12209.29,12060.69,12085.46,5058088,12084.2215,12163.2232,12086.6231,12045.054,49.2628,-101.4177,-88.1304,-13.2874,258.0118,145732701,12601.0796,12084.2215,11567.3634,1
FPT.VN,2015-12-17,12184.52,12258.82,12134.99,12184.52,3700421,12055.7415,12180.0636,12095.9466,12050.5232,51.7976,-80.0067,-86.5056,6.4989,251.9652,149433122,12469.708,12055.7415,11641.775,0
FPT.VN,2015-12-18,12184.52,12209.29,12110.22,12110.22,3333981,12029.7375,12195.418,12097.306,12052.8643,49.7884,-68.247,-82.8539,14.6069,241.0441,146099141,12345.4074,12029.7375,11714.0676,0
FPT.VN,2015-12-21,12110.22,12110.22,11961.63,12011.16,2181925,12017.3545,12208.7912,12089.1016,12051.2288,47.1618,-66.1581,-79.5147,13.3567,234.4403,143917216,12314.0469,12017.3545,11720.6621,0
FPT.VN,2015-12-22,12011.16,12060.69,11912.1,11912.1,2169448,12004.9715,12221.669,12072.2443,12045.7728,44.6265,-71.6697,-77.9457,6.276,228.3081,141747768,12297.2791,12004.9715,11712.6639,0
FPT.VN,2015-12-23,11961.63,11986.4,11837.81,11862.57,2447135,11978.968,12227.6126,12052.2753,12038.5884,43.371,-79.1223,-78.181,-0.9413,222.614,139300633,12217.3744,11978.968,11740.5616,0
FPT.VN,2015-12-24,11912.1,11936.87,11837.81,11837.81,1914050,11964.109,12233.5564,12031.8501,12030.7147,42.7239,-86.0347,-79.7518,-6.2829,213.7887,137386583,12198.5829,11964.109,11729.6351,0
FPT.VN,2015-12-25,11887.34,11887.34,11813.04,11837.81,1370466,11950.4885,12239.0048,12013.3701,12023.1498,42.7239,-90.47,-81.8954,-8.5745,203.8252,137386583,12180.8376,11950.4885,11720.1394,1
FPT.VN,2015-12-28,11887.34,12060.69,11813.04,11912.1,3097521,11948.012,12243.9578,12003.7253,12018.7949,45.5507,-86.9876,-82.9139,-4.0738,206.9555,140484104,12178.921,11948.012,11717.103,1
FPT.VN,2015-12-29,11936.87,12011.16,11912.1,11961.63,1750918,11949.25,12248.9108,11999.7162,12016.5532,47.4141,-79.3168,-82.1945,2.8776,199.2487,142235022,12180.173,11949.25,11718.327,0
FPT.VN,2015-12-30,12035.93,12110.22,11961.63,11961.63,3690205,11948.0115,12255.3498,11996.089,12014.3993,47.4141,-72.4031,-80.2362,7.8331,195.6302,142235022,12178.3606,11948.0115,11717.6624,0
FPT.VN,2015-12-31,11961.63,12085.46,11936.87,11961.63,2302981,11945.535,12262.284,11992.8071,12012.3299,47.4141,-66.1612,-77.4212,11.26,192.2702,142235022,12174.0834,11945.535,11716.9866,0
FPT.VN,2016-01-04,11986.4,12011.16,11837.81,11837.81,2431669,11944.297,12265.7512,11978.0455,12005.486,42.8368,-70.3943,-76.0158,5.6215,190.9188,139803353,12174.9958,11944.297,11713.5982,0
FPT.VN,2016-01-05,11837.81,11887.34,11813.04,11837.81,2964027,11948.012,12266.7418,11964.6898,11998.9105,42.8368,-72.9086,-75.3944,2.4858,182.5889,139803353,12168.6253,11948.012,11727.3987,1
FPT.VN,2016-01-06,11837.81,11912.1,11837.81,11862.57,1804178,11934.391,12266.2464,11954.9641,11993.5638,44.0886,-72.0724,-74.73,2.6575,174.8532,141607531,12139.4905,11934.391,11729.2915,0
FPT.VN,2016-01-07,11862.57,11862.57,11639.68,11639.68,7436296,11919.5315,12257.3308,11924.937,11979.686,36.3679,-88.3764,-77.4593,-10.9171,178.2844,134171235,12163.2937,11919.5315,11675.7693,0
FPT.VN,2016-01-08,11590.15,11614.92,11392.03,11466.33,7162283,11900.9575,12242.4716,11881.2602,11959.5544,31.716,-113.9715,-84.7617,-29.2098,183.2391,127008952,12216.8716,11900.9575,11585.0434,0
FPT.VN,2016-01-11,11466.33,11466.33,11367.27,11367.27,3252294,11874.954,12225.6312,11832.3087,11936.3275,29.4016,-140.6281,-95.935,-44.6931,177.2263,123756658,12271.0326,11874.954,11478.8754,1
FPT.VN,2016-01-12,11392.03,11614.92,11317.74,11614.92,2350709,11863.8095,12212.7532,11811.605,11923.7233,40.9942,-140.1547,-104.7789,-35.3757,185.7944,126107367,12276.4838,11863.8095,11451.1352,0
FPT.VN,2016-01-13,11639.68,11713.98,11466.33,11491.09,2192221,11837.806,12182.5394,11781.0798,11906.7573,37.6639,-148.0647,-113.4361,-34.6287,190.2127,123915146,12276.1305,11837.806,11399.4815,0
FPT.VN,2016-01-14,11416.8,11491.09,11392.03,11441.56,2058203,11805.611,12153.8116,11748.7446,11888.5143,36.3905,-156.5259,-122.054,-34.4718,183.7018,121856943,12261.579,11805.611,11349.643,0
FPT.VN,2016-01-15,11441.56,11515.86,11392.03,11416.8,2395611,11767.225,12117.159,11717.1308,11870.0157,35.7399,-163.3463,-130.3125,-33.0338,179.4252,119461332,12218.1165,11767.225,11316.3335,0
FPT.VN,2016-01-18,11317.74,11317.74,10971.02,11119.61,9106012,11717.6945,12079.5156,11660.2241,11840.588,29.0315,-190.536,-142.3572,-48.1788,198.4506,110355320,12224.1547,11717.6945,11211.2343,1
FPT.VN,2016-01-19,11119.61,11218.67,11070.08,11169.14,3527033,11675.5935,12047.816,11613.4541,11814.2567,31.3444,-205.7159,-155.0289,-50.687,194.8891,113882353,12218.0488,11675.5935,11133.1382,0
FPT.VN,2016-01-20,11169.14,11268.21,11119.61,11119.61,2632636,11635.969,12017.6022,11566.4214,11787.0157,30.2816,-219.2158,-167.8663,-51.3495,191.5827,111249717,12219.8768,11635.969,11052.0612,0
FPT.VN,2016-01-21,11094.85,11169.14,11045.32,11119.61,2615798,11598.821,11989.865,11523.8679,11760.8429,30.2816,-227.2945,-179.752,-47.5425,186.7425,111249717,12215.6352,11598.821,10982.0068,0
FPT.VN,2016-01-22,11144.38,11169.14,10971.02,11094.85,2797262,11561.673,11949.25,11483.0091,11734.7255,29.6978,-233.0088,-190.4033,-42.6055,187.5552,108452455,12206.7279,11561.673,10916.6181,1
FPT.VN,2016-01-25,11268.21,11664.45,11144.38,11664.45,3601977,11553.005,11912.5974,11500.2891,11731.9696,52.4226,-189.3923,-190.2011,0.8088,214.8441,112054432,12187.0005,11553.005,10919.0095,0
FPT.VN,2016-01-26,11515.86,11540.62,11367.27,11367.27,2669583,11525.7635,11872.4778,11487.6207,11717.6677,44.365,-176.7682,-187.5146,10.7463,220.7253,109384849,12141.3454,11525.7635,10910.1816,1
FPT.VN,2016-01-27,11515.86,11515.86,11441.56,11466.33,1359241,11500.9985,11844.2454,11485.593,11707.8113,47.2742,-156.9609,-181.4038,24.443,215.5727,110744090,12081.6074,11500.9985,10920.3896,0
FPT.VN,2016-01-28,11466.33,11491.09,11342.5,11392.03,1982735,11472.5185,11814.527,11476.6822,11695.4277,45.3584,-145.5806,-174.2392,28.6586,210.7883,108761355,12012.4459,11472.5185,10932.5911,1
FPT.VN,2016-01-29,11466.33,11515.86,11367.27,11491.09,2006720,11448.9915,11789.2664,11478.0544,11687.4145,48.363,-127.1032,-164.812,37.7088,206.3455,110768075,11937.7648,11448.9915,10960.2182,1
FPT.VN,2016-02-01,11515.86,11614.92,11392.03,11540.62,2358583,11434.132,11767.4728,11484.013,11681.6578,49.848,-107.227,-153.295,46.068,207.5273,113126658,11890.1033,11434.132,10978.1607,0
FPT.VN,2016-02-02,11466.33,11565.39,11441.56,11441.56,743823,11414.3195,11751.1276,11479.9699,11672.2422,46.9405,-98.3347,-142.3029,43.9682,201.5489,112382835,11829.0027,11414.3195,10999.6363,1
FPT.VN,2016-02-03,11491.09,11614.92,11441.56,11540.62,2590319,11398.222,11738.7448,11485.7461,11667.0806,50.0764,-82.345,-130.3114,47.9663,199.5354,114973154,11761.4418,11398.222,11035.0022,0
FPT.VN,2016-02-04,11614.92,11614.92,11515.86,11515.86,1138811,11392.031,11721.4092,11488.6141,11661.1504,49.2922,-70.8542,-118.4199,47.5657,192.3586,113834343,11741.8975,11392.031,11042.1645,1
FPT.VN,2016-02-05,11565.39,11639.68,11515.86,11614.92,1468910,11399.4605,11711.0078,11500.6432,11659.3374,52.4972,-53.1418,-105.3643,52.2225,187.463,115303253,11762.0496,11399.4605,11036.8714,0
FPT.VN,2016-02-15,11565.39,11590.15,11466.33,11565.39,1381247,11409.3665,11700.1112,11506.8096,11655.6532,50.7693,-42.61,-92.8134,50.2034,184.6863,113922006,11779.0093,11409.3665,11039.7237,1
FPT.VN,2016-02-16,11639.68,11763.51,11565.39,11713.98,1399055,11414.3195,11695.1582,11526.5401,11657.9405,55.5011,-22.0197,-78.6547,56.635,185.6459,115321061,11797.9494,11414.3195,11030.6896,1
FPT.VN,2016-02-17,11763.51,11936.87,11763.51,11763.51,2905034,11427.9405,11691.691,11549.1086,11662.0805,56.9853,-1.6857,-63.2609,61.5752,188.3062,118226095,11841.2446,11427.9405,11014.6364,1
FPT.VN,2016-02-18,11813.04,11961.63,11788.28,11912.1,2976707,11451.4675,11690.205,11583.6793,11671.8852,61.1694,26.1181,-45.3851,71.5032,189.0072,121202802,11918.1582,11451.4675,10984.7768,0
FPT.VN,2016-02-19,11887.34,11887.34,11788.28,11813.04,2141707,11471.2795,11686.2426,11605.5231,11677.4207,57.1764,39.7018,-28.3677,68.0695,184.3509,119061095,11964.6532,11471.2795,10977.9058,1
FPT.VN,2016-02-22,11813.04,11936.87,11813.04,11936.87,2094948,11512.1425,11687.7286,11637.08,11687.5951,60.6356,59.7701,-10.7402,70.5102,180.028,121156043,12018.0946,11512.1425,11006.1904,0
FPT.VN,2016-02-23,12011.16,12011.16,11837.81,11837.81,2936287,11545.576,11689.2146,11656.1971,11693.4859,56.6905,66.9097,4.7898,62.1199,179.551,118219756,12044.4154,11545.576,11046.7366,0
FPT.VN,2016-02-24,11813.04,11887.34,11788.28,11837.81,2648788,11581.486,11683.271,11673.4936,11699.1457,56.6905,71.7409,18.18,53.5609,173.8017,118219756,12053.9168,11581.486,11109.0552,0
FPT.VN,2016-02-25,11887.34,11961.63,11788.28,11788.28,2717796,11614.9195,11680.2992,11684.4256,11702.6412,54.6294,70.7574,28.6955,42.0619,173.7694,115501960,12042.2084,11614.9195,11187.6306,1
FPT.VN,2016-02-26,11837.81,11837.81,11738.75,11813.04,1547448,11650.829,11679.8038,11696.6746,11706.9705,55.5004,71.1556,37.1875,33.9681,168.433,117049408,12009.2538,11650.829,11292.4042,1
FPT.VN,2016-02-29,11862.57,11862.57,11788.28,11837.81,2084571,11659.497,11678.8132,11710.1161,11712.1015,56.4021,72.6327,44.2766,28.3561,161.7085,119133979,12027.564,11659.497,11291.43,1
FPT.VN,2016-03-01,11837.81,12110.22,11788.28,11936.87,4909331,11687.977,11680.7944,11731.7117,11720.9159,59.9015,80.8644,51.5941,29.2703,173.1536,124043310,12048.9159,11687.977,11327.0381,1
FPT.VN,2016-03-02,11986.4,12085.46,11961.63,12060.69,3278419,11717.695,11681.785,11763.043,11734.2404,63.8115,96.2697,60.5292,35.7404,171.3991,127321729,12099.0884,11717.695,11336.3016,1
FPT.VN,2016-03-03,12110.22,12209.29,12085.46,12085.46,3357280,11752.3665,11681.785,11793.7493,11748.0137,64.556,109.2181,70.267,38.9511,169.7706,130679009,12135.179,11752.3665,11369.554,1
FPT.VN,2016-03-04,12035.93,12209.29,12035.93,12134.99,3456168,11784.5615,11680.7944,11826.2485,11763.1893,66.0598,122.0694,80.6275,41.4419,170.027,134135177,12182.8461,11784.5615,11386.2769,0
FPT.VN,2016-03-07,12134.99,12234.05,12035.93,12035.93,2955023,11809.327,11679.3086,11846.2181,11773.885,60.5287,122.8448,89.071,33.7738,172.0336,131180154,12205.3354,11809.327,11413.3186,0
FPT.VN,2016-03-08,12035.93,12060.69,11887.34,11887.34,4597201,11831.616,11676.8322,11850.1345,11778.3342,53.3173,110.199,93.2966,16.9024,172.1276,126582953,12188.7405,11831.616,11474.4915,0
FPT.VN,2016-03-09,11837.81,11936.87,11837.81,11887.34,1639391,11848.952,11676.337,11853.6779,11782.6089,53.3173,99.0354,94.4443,4.5911,166.9085,126582953,12179.2536,11848.952,11518.6504,1
FPT.VN,2016-03-10,11887.34,11961.63,11862.57,11936.87,1124113,11870.0025,11677.823,11861.6009,11788.6584,55.3727,93.1116,94.1778,-1.0662,162.0622,127707066,12162.4109,11870.0025,11577.5941,1
FPT.VN,2016-03-11,11986.4,12110.22,11986.4,12011.16,3038971,11889.8145,11681.29,11875.8447,11797.3839,58.3359,93.3356,94.0093,-0.6738,162.8685,130746037,12162.48,11889.8145,11617.149,1
FPT.VN,2016-03-14,12134.99,12234.05,12060.69,12060.69,4085315,11914.5795,11685.7476,11893.449,11807.7097,60.2318,96.3985,94.4872,1.9113,167.1557,134831352,12150.7003,11914.5795,11678.4587,0
FPT.VN,2016-03-15,12110.22,12159.76,12011.16,12011.16,2202074,11929.4385,11687.7288,11904.6595,11815.6881,57.418,93.7486,94.3395,-0.5909,165.8303,132629278,12149.2464,11929.4385,11709.6306,0
FPT.VN,2016-03-16,12011.16,12060.69,11986.4,12011.16,1990568,11941.821,11688.7194,11914.8024,11823.3537,57.418,90.6041,93.5924,-2.9883,159.2917,132629278,12149.8586,11941.821,11733.7834,0
FPT.VN,2016-03-17,12035.93,12110.22,12011.16,12011.16,2544690,11946.774,11689.71,11923.9794,11830.7186,57.418,87.1079,92.2955,-5.1876,154.9894,132629278,12156.5419,11946.774,11737.0061,1
FPT.VN,2016-03-18,12134.99,12357.88,12134.99,12209.29,10245954,11966.5865,11694.6632,11951.1518,11845.5646,65.4759,99.1813,93.6726,5.5086,168.6845,142875232,12197.0055,11966.5865,11736.1675,0
FPT.VN,2016-03-21,12209.29,12258.82,12134.99,12184.52,2860334,11978.969,11701.5974,11973.3773,11858.8569,63.8492,105.5343,96.045,9.4893,165.4806,140014898,12228.4893,11978.969,11729.4487,0
FPT.VN,2016-03-22,12134.99,12159.76,12060.69,12060.69,2546669,11990.113,11706.055,11981.6928,11866.772,56.3165,99.4308,96.7221,2.7087,162.5056,137468229,12232.9062,11990.113,11747.3198,0
FPT.VN,2016-03-23,12060.69,12134.99,12011.16,12060.69,2315701,12001.257,11710.0174,11989.2164,11874.3766,56.3165,93.5158,96.0809,-2.5651,159.743,137468229,12234.9039,12001.257,11767.6101,0
FPT.VN,2016-03-24,12085.46,12110.22,11986.4,11986.4,3359298,12011.163,11716.9518,11988.9481,11878.7697,52.0444,81.8896,93.2426,-11.353,157.1771,134108931,12222.5273,12011.163,11799.7987,0
FPT.VN,2016-03-25,11936.87,11986.4,11788.28,11862.57,4582180,12013.6395,11724.8766,11976.9121,11878.1344,45.8068,61.9693,86.988,-25.0186,160.1016,129526751,12216.2073,12013.6395,11811.0717,1
FPT.VN,2016-03-28,11961.63,11961.63,11862.57,11887.34,1623603,12016.116,11735.278,11968.3815,11878.4954,47.1708,47.632,79.1168,-31.4848,155.7415,131150354,12210.686,12016.116,11821.546,0
FPT.VN,2016-03-29,11887.34,11887.34,11738.75,11763.51,2952116,12007.448,11738.2498,11948.8699,11873.9862,41.5418,25.9781,68.489,-42.5109,155.2306,128198238,12230.2768,12007.448,11784.6192,0
FPT.VN,2016-03-30,11763.51,11862.57,11689.21,11763.51,2406271,11992.589,11743.6982,11931.2166,11869.6538,41.5418,8.7167,56.5346,-47.8178,156.5256,128198238,12238.8689,11992.589,11746.3091,0
FPT.VN,2016-03-31,11763.51,11887.34,11664.45,11664.45,2516142,11971.5385,11748.156,11905.8102,11861.6066,37.4011,-12.8087,42.6659,-55.4746,161.2659,125682096,12253.7453,11971.5385,11689.3317,0
FPT.VN,2016-04-01,11664.45,11689.21,11565.39,11590.15,2140819,11944.2965,11751.623,11875.7473,11850.9612,34.6142,-35.4544,27.0418,-62.4963,158.5912,123541277,12262.9091,11944.2965,11625.6839,0
FPT.VN,2016-04-04,11565.39,11639.68,11565.39,11590.15,1495682,11922.0075,11761.0338,11848.5476,11840.7333,34.6142,-52.7928,11.0749,-63.8677,152.5697,123541277,12274.2271,11922.0075,11569.7879,1
FPT.VN,2016-04-05,11590.15,11689.21,11565.39,11639.68,1156618,11909.6245,11770.4446,11828.6554,11832.8489,38.1758,-61.8242,-3.5049,-58.3193,150.5161,124697895,12283.7111,11909.6245,11535.5379,1
FPT.VN,2016-04-06,11639.68,11738.75,11614.92,11738.75,1163241,11902.195,11782.8274,11820.093,11829.1587,44.6681,-60.2926,-14.8624,-45.4301,148.61,125861136,12283.9682,11902.195,11520.4218,1
FPT.VN,2016-04-07,11763.51,11862.57,11738.75,11837.81,1961616,11897.242,11797.1914,11821.7804,11829.498,50.2893,-50.5032,-21.9906,-28.5126,146.8393,127822752,12279.6908,11897.242,11514.7932,0
FPT.VN,2016-04-08,11788.28,11887.34,11788.28,11788.28,1260716,11886.098,11811.06,11818.5898,11827.8816,47.681,-46.2091,-26.8343,-19.3748,143.4265,126562036,12267.5579,11886.098,11504.6381,1
FPT.VN,2016-04-11,11837.81,11936.87,11763.51,11862.57,3290089,11876.192,11815.0224,11822.7784,11829.2419,51.7253,-36.3919,-28.7458,-7.6461,145.5646,129852125,12248.7476,11876.192,11503.6364,0
FPT.VN,2016-04-12,11887.34,11887.34,11763.51,11813.04,1589442,11866.286,11823.9378,11821.851,11828.6065,49.0054,-32.2367,-29.444,-2.7927,144.0121,128262683,12234.2385,11866.286,11498.3335,0
FPT.VN,2016-04-13,11788.28,11837.81,11763.51,11788.28,2293896,11855.142,11830.3768,11818.6537,11827.0251,47.6563,-30.5891,-29.673,-0.916,139.0327,125968787,12218.0863,11855.142,11492.1977,0
FPT.VN,2016-04-14,11763.51,11837.81,11763.51,11763.51,2311138,11842.7595,11837.8064,11813.4019,11824.5343,46.2836,-30.9255,-29.9235,-1.002,134.4089,123657649,12200.1474,11842.7595,11485.3716,0
FPT.VN,2016-04-15,11788.28,11813.04,11689.21,11689.21,2875436,11816.7555,11841.7688,11801.5741,11819.2275,42.3436,-36.7637,-31.2916,-5.4722,133.6533,120782213,12135.4396,11816.7555,11498.0714,0
FPT.VN,2016-04-19,11689.21,11763.51,11639.68,11639.68,2204577,11789.5135,11843.75,11786.1556,11812.1864,39.9049,-44.87,-34.0073,-10.8628,132.9516,118577636,12066.2122,11789.5135,11512.8148,1
FPT.VN,2016-04-20,11639.68,11689.21,11614.92,11664.45,3546456,11769.7015,11848.2078,11774.5646,11806.3928,41.7129,-48.7338,-36.9526,-11.7812,128.7615,122124092,12020.1428,11769.7015,11519.2602,1
FPT.VN,2016-04-21,11713.98,11763.51,11664.45,11713.98,2004176,11752.366,11851.675,11768.7947,11802.7688,45.2593,-47.2545,-39.0129,-8.2415,126.64,124128268,11962.8013,11752.366,11541.9307,1
FPT.VN,2016-04-22,11713.98,11837.81,11664.45,11837.81,3350254,11744.9365,11858.114,11775.3676,11804.143,52.9644,-35.6788,-38.3461,2.6673,129.9771,127478522,11929.4809,11744.9365,11560.3921,1
FPT.VN,2016-04-25,11887.34,11961.63,11837.81,11862.57,2270234,11744.9365,11863.067,11783.6726,11806.4342,54.3481,-24.2277,-35.5224,11.2947,129.5373,129748756,11929.4809,11744.9365,11560.3921,0
FPT.VN,2016-04-26,11862.57,11887.34,11763.51,11862.57,1346723,11743.698,11869.0106,11791.1866,11808.6356,54.3481,-14.98,-31.414,16.4339,129.1296,129748756,11924.5133,11743.698,11562.8827,0
FPT.VN,2016-04-27,11887.34,11912.1,11763.51,11813.04,2394723,11746.1745,11870.9918,11793.2679,11808.8083,50.8758,-11.5151,-27.4342,15.9191,130.5197,127354033,11929.472,11746.1745,11562.877,1
FPT.VN,2016-04-28,11887.34,12209.29,11813.04,11986.4,12142318,11757.319,11875.4496,11811.6614,11815.7727,60.4099,5.1601,-20.9153,26.0755,149.5004,139496351,11969.8299,11757.319,11544.8081,1
FPT.VN,2016-04-29,11986.4,12060.69,11961.63,12035.93,2480568,11775.893,11877.9262,11833.0203,11824.4063,62.6408,22.1171,-12.3088,34.4259,145.8975,141976919,12017.2112,11775.893,11534.5748,0
FPT.VN,2016-05-04,11936.87,11961.63,11813.04,11912.1,3113995,11791.9905,11879.9074,11840.5517,11827.8453,54.389,25.2722,-4.7926,30.0648,151.397,138862924,12023.9084,11791.9905,11560.0726,0
FPT.VN,2016-05-05,11862.57,11986.4,11837.81,11837.81,3669572,11804.3735,11877.9262,11840.2906,11828.2361,50.123,21.5299,0.4719,21.058,151.1965,135193352,12016.5185,11804.3735,11592.2285,0
FPT.VN,2016-05-06,11837.81,11887.34,11763.51,11763.51,2799725,11810.565,11876.4402,11832.9782,11825.6978,46.2185,12.4255,2.8626,9.5629,149.2417,132393627,12009.2742,11810.565,11611.8558,0
FPT.VN,2016-05-09,11788.28,11837.81,11689.21,11689.21,2446206,11808.088,11873.4682,11819.286,11820.3453,42.6413,-0.7763,2.1348,-2.9111,149.1959,129947421,12011.7401,11808.088,11604.4359,1
FPT.VN,2016-05-10,11664.45,11763.51,11639.68,11713.98,1880252,11801.8965,11871.9822,11809.2568,11816.1741,44.192,-9.1348,-0.1191,-9.0157,147.3841,131827673,12009.2398,11801.8965,11594.5532,1
FPT.VN,2016-05-11,11813.04,11837.81,11713.98,11813.04,1171801,11803.1345,11871.9822,11809.6171,11816.0512,50.0126,-7.6771,-1.6307,-6.0464,145.7016,132999474,12010.4312,11803.1345,11595.8378,0
FPT.VN,2016-05-12,11862.57,11862.57,11738.75,11738.75,1665355,11796.9435,11870.001,11802.8679,11813.0198,46.1271,-12.3738,-3.7793,-8.5945,144.1386,131334119,12004.1621,11796.9435,11589.7249,0
FPT.VN,2016-05-13,11763.51,11788.28,11689.21,11738.75,1587867,11793.229,11866.0386,11796.7614,11810.1073,46.1271,-15.9126,-6.206,-9.7066,140.9195,131334119,12001.891,11793.229,11584.567,0
FPT.VN,2016-05-16,11738.75,11763.51,11689.21,11713.98,1253326,11789.514,11859.1044,11788.8775,11806.3376,44.7818,-20.4797,-9.0607,-11.419,136.1609,130080793,12001.1712,11789.514,11577.8568,1
FPT.VN,2016-05-17,11738.75,11837.81,11713.98,11788.28,1430954,11790.7525,11853.1608,11788.8206,11805.6294,49.5363,-17.8975,-10.8281,-7.0694,135.2801,131511747,12002.0586,11790.7525,11579.4464,1
FPT.VN,2016-05-18,11887.34,11986.4,11813.04,11813.04,2797787,11796.944,11846.7218,11791.1272,11805.92,51.0489,-13.6953,-11.4015,-2.2938,139.7687,134309534,12002.9118,11796.944,11590.9762,0
FPT.VN,2016-05-19,11887.34,11887.34,11788.28,11813.04,751132,11805.612,11842.264,11793.2141,11806.1993,51.0489,-10.2469,-11.1706,0.9237,136.8609,134309534,11997.8467,11805.612,11613.3773,1
FPT.VN,2016-05-20,11813.04,11862.57,11813.04,11862.57,1958628,11815.518,11841.7686,11799.8194,11808.4099,54.2316,-3.4773,-9.6319,6.1547,130.623,136268162,11997.2566,11815.518,11633.7794,0
FPT.VN,2016-05-23,11961.63,11961.63,11837.81,11837.81,1393684,11821.7095,11840.778,11803.4376,11809.5628,52.3975,-0.109,-7.7273,7.6184,130.1371,134874478,11997.2133,11821.7095,11646.2057,0
FPT.VN,2016-05-24,11862.57,11887.34,11813.04,11813.04,1490715,11820.471,11838.3014,11804.3521,11809.6992,50.5555,0.5553,-6.0708,6.6261,126.1487,133383763,11995.846,11820.471,11645.096,0
FPT.VN,2016-05-25,11837.81,11862.57,11788.28,11813.04,2416164,11817.9945,11834.339,11805.1795,11809.8302,50.5555,1.0694,-4.6428,5.7122,122.4445,133383763,11992.2617,11817.9945,11643.7273,0
FPT.VN,2016-05-26,11837.81,11862.57,11763.51,11763.51,5365857,11813.0415,11828.3954,11801.211,11808.0137,46.7447,-2.4911,-4.2124,1.7213,120.7742,128017906,11987.605,11813.0415,11638.478,0
FPT.VN,2016-05-27,11619.87,11705.31,11505.95,11676.83,1908632,11806.231,11821.7088,11789.3652,11802.8693,40.9299,-12.1669,-5.8033,-6.3636,130.5446,126109274,11991.1178,11806.231,11621.3442,1
FPT.VN,2016-05-30,11676.83,11790.75,11676.83,11705.31,1570079,11792.1765,11815.5918,11781.3599,11799.0434,43.4203,-17.3371,-8.1101,-9.227,129.3571,127679353,11961.4744,11792.1765,11622.8786,0
FPT.VN,2016-05-31,11733.79,11733.79,11619.87,11619.87,2069341,11771.3735,11807.766,11765.9799,11792.017,38.2151,-28.006,-12.0893,-15.9167,128.2545,125610012,11914.8359,11771.3735,11627.9111,0
FPT.VN,2016-06-01,11676.83,11676.83,11619.87,11619.87,1824503,11756.762,11795.9776,11752.0647,11785.2661,38.2151,-36.0457,-16.8806,-19.1651,123.162,125610012,11899.3999,11756.762,11614.1241,0
FPT.VN,2016-06-02,11676.83,11676.83,11591.39,11619.87,1116921,11745.865,11784.6846,11739.4747,11778.78,38.2151,-41.9338,-21.8912,-20.0426,120.4676,125610012,11895.5574,11745.865,11596.1726,0
FPT.VN,2016-06-03,11648.35,11648.35,11562.91,11591.39,1405508,11737.259,11775.2986,11725.3714,11771.4314,36.3984,-48.341,-27.1812,-21.1598,117.9656,124204504,11901.7404,11737.259,11572.7776,0
FPT.VN,2016-06-06,11591.39,11591.39,11448.99,11505.95,2647850,11728.096,11764.2038,11704.4741,11761.0204,31.5526,-59.6257,-33.6701,-25.9556,119.7109,121556654,11921.6897,11728.096,11534.5023,1
FPT.VN,2016-06-07,11562.91,11562.91,11448.99,11534.43,1964917,11719.1185,11755.1644,11688.2795,11752.1345,34.6746,-65.5156,-40.0392,-25.4764,119.2973,123521571,11931.2348,11719.1185,11507.0022,1
FPT.VN,2016-06-08,11534.43,11591.39,11505.95,11591.39,1814004,11708.036,11749.7408,11679.0519,11745.8307,40.5181,-64.8398,-44.9993,-19.8405,116.8789,125335575,11922.6373,11708.036,11493.4347,0
FPT.VN,2016-06-09,11591.39,11591.39,11534.43,11534.43,1142517,11697.82,11742.6826,11665.2784,11737.5405,36.9578,-68.1152,-49.6225,-18.4927,112.599,124193058,11925.3299,11697.82,11470.3101,0
FPT.VN,2016-06-10,11505.95,11562.91,11505.95,11534.43,1668499,11687.604,11738.101,11652.8166,11729.5754,36.9578,-69.9051,-53.679,-16.2261,108.6248,124193058,11925.4882,11687.604,11449.7198,0
FPT.VN,2016-06-13,11534.43,11534.43,11505.95,11505.95,832968,11677.2025,11732.9498,11638.8293,11720.8058,35.166,-72.7828,-57.4998,-15.283,102.9002,123360090,11928.0688,11677.2025,11426.3362,1
FPT.VN,2016-06-14,11477.47,11534.43,11477.47,11534.43,851683,11664.51,11730.3494,11628.8865,11713.4969,38.3832,-71.936,-60.387,-11.549,99.6187,124211773,11917.3922,11664.51,11411.6278,0
FPT.VN,2016-06-15,11534.43,11534.43,11448.99,11477.47,1455613,11647.7315,11728.0958,11614.4659,11704.241,34.677,-74.9966,-63.3089,-11.6877,98.606,122756160,11903.6312,11647.7315,11391.8318,1
FPT.VN,2016-06-16,11534.43,11562.91,11477.47,11505.95,1261653,11632.377,11726.4118,11604.1311,11696.4649,37.9054,-74.268,-65.5008,-8.7672,97.6655,124017813,11883.3172,11632.377,11381.4368,0
FPT.VN,2016-06-17,11505.95,11534.43,11477.47,11505.95,723733,11614.546,11723.7372,11594.7805,11688.9937,37.9054,-72.8507,-66.9708,-5.88,94.758,124017813,11846.5842,11614.546,11382.5078,1
FPT.VN,2016-06-20,11534.43,12217.95,11505.95,12160.99,6590993,11630.705,11732.182,11648.7052,11707.5033,73.2159,-18.6563,-57.3079,38.6516,138.8467,130608806,11954.9142,11630.705,11306.4958,0
FPT.VN,2016-06-21,12217.95,12474.27,12132.51,12160.99,5065681,11648.1025,11738.6456,11697.4942,11725.2871,73.2159,24.0164,-41.043,65.0594,153.3405,130608806,12043.1196,11648.1025,11253.0854,0
FPT.VN,2016-06-22,12104.03,12217.95,12075.55,12075.55,1055053,11661.228,11744.391,11733.4995,11739.0229,67.4165,50.36,-22.7624,73.1224,152.559,129553753,12094.8769,11661.228,11227.5791,0
FPT.VN,2016-06-23,12047.07,12075.55,11933.15,11933.15,2900869,11669.71,11745.8026,11752.5139,11746.6358,59.025,59.0661,-6.3967,65.4628,151.8334,126652884,12118.1659,11669.71,11221.2541,0
FPT.VN,2016-06-24,11876.19,11876.19,11135.71,11648.35,8998605,11668.286,11742.5088,11742.5935,11742.7814,46.5461,42.4949,3.3816,39.1133,197.9482,117654279,12116.8276,11668.286,11219.7444,1
FPT.VN,2016-06-27,11648.35,11790.75,11448.99,11733.79,2063056,11669.71,11741.419,11741.7551,11742.4288,49.9638,35.8433,9.874,25.9693,208.2204,119717335,12118.9268,11669.71,11220.4932,0
FPT.VN,2016-06-28,11733.79,11790.75,11676.83,11733.79,1153086,11675.406,11740.8246,11740.9965,11742.09,49.9638,30.2234,13.9439,16.2796,201.4847,119717335,12124.8508,11675.406,11225.9612,1
FPT.VN,2016-06-29,11705.31,12104.03,11705.31,11961.63,4391034,11692.494,11746.273,11762.0092,11750.6994,58.2244,43.6512,19.8853,23.7659,215.5729,124108369,12158.7225,11692.494,11226.2655,0
FPT.VN,2016-06-30,12104.03,12132.51,11904.67,11904.67,2351433,11706.734,11751.5728,11775.596,11756.7375,55.7466,49.1303,25.7343,23.396,216.4491,121756936,12180.9518,11706.734,11232.5162,1
FPT.VN,2016-07-01,11961.63,12047.07,11904.67,11933.15,2033386,11723.822,11756.9468,11790.6011,11763.6556,56.7379,55.135,31.6145,23.5206,211.1599,123790322,12205.1167,11723.822,11242.5273,1
FPT.VN,2016-07-04,11961.63,12160.99,11961.63,12104.03,3033418,11753.726,11764.7478,11820.4515,11777.0037,62.2082,72.8428,39.8601,32.9826,212.3514,126823740,12252.0425,11753.726,11255.4095,0
FPT.VN,2016-07-05,12104.03,12160.99,12018.59,12018.59,2777555,11777.934,11768.3634,11839.3218,11786.4776,58.2427,79.0705,47.7022,31.3683,207.3548,124046185,12278.4303,11777.934,11277.4377,1
FPT.VN,2016-07-06,11990.11,12104.03,11933.15,12047.07,2113898,11800.718,11772.0534,11859.1074,11796.6969,59.1769,85.3206,55.2259,30.0947,204.7495,126160083,12306.9137,11800.718,11294.5223,1
FPT.VN,2016-07-07,12160.99,12502.75,12075.55,12331.87,5592926,11840.59,11781.4394,11904.1324,11817.6841,67.1026,111.9641,66.5735,45.3906,222.6731,131753009,12382.8134,11840.59,11298.3666,1
FPT.VN,2016-07-08,12360.35,12645.16,12360.35,12417.31,5600160,11884.734,11793.5248,11953.0064,11841.1989,69.0442,138.3785,80.9345,57.444,229.1457,137353169,12464.4667,11884.734,11305.0013,0
FPT.VN,2016-07-11,12445.79,12531.23,12132.51,12132.51,3636015,11916.062,11796.447,11970.102,11852.6228,56.9731,134.7775,91.7031,43.0744,241.2582,133717154,12477.0225,11916.062,11355.1015,0
FPT.VN,2016-07-12,12132.51,12246.43,11961.63,12132.51,2614388,11945.966,11798.3786,11985.5694,11863.5988,56.9731,130.4202,99.4465,30.9737,244.3683,133717154,12484.5872,11945.966,11407.3448,1
FPT.VN,2016-07-13,12132.51,12331.87,12132.51,12217.95,2637246,11982.99,11804.4956,12007.7009,11877.4949,59.4403,132.3359,106.0244,26.3115,241.1534,136354400,12486.6832,11982.99,11479.2968,1
FPT.VN,2016-07-14,12246.43,12502.75,12217.95,12246.43,6602088,12020.014,11812.668,12030.437,11891.963,60.2583,134.6006,111.7396,22.8609,244.271,142956488,12483.3032,12020.014,11556.7248,0
FPT.VN,2016-07-15,12217.95,12303.39,12132.51,12132.51,2563897,12051.342,11820.048,12040.1583,11901.3962,55.4415,125.7533,114.5424,11.211,239.0288,140392591,12448.2484,12051.342,11654.4356,0
FPT.VN,2016-07-18,12104.03,12160.99,12018.59,12132.51,2030893,12049.918,11828.914,12048.9537,11910.4595,55.4415,117.3887,115.1116,2.277,232.1268,140392591,12445.3697,12049.918,11654.4663,0
FPT.VN,2016-07-19,12160.99,12160.99,11876.19,11933.15,4033029,12038.526,11833.2974,12037.9247,11911.3493,47.7024,93.594,110.8081,-17.2141,235.8891,136359562,12433.6321,12038.526,11643.4199,0
FPT.VN,2016-07-20,11933.15,11990.11,11847.71,11847.71,2019165,12027.134,11833.9908,12019.809,11908.8536,44.8151,67.0692,102.0603,-34.9911,229.2113,134340397,12430.7914,12027.134,11623.4766,0
FPT.VN,2016-07-21,11876.19,11961.63,11819.23,11847.71,1573450,12022.862,11836.17,12003.4187,11906.4558,44.8151,45.5233,90.7529,-45.2296,223.0105,134340397,12432.472,12022.862,11613.252,0
FPT.VN,2016-07-22,11819.23,11819.23,11648.35,11762.27,3365615,12028.558,11836.6404,11980.4521,11900.8015,41.8756,21.3081,76.864,-55.5559,221.3212,130974782,12418.9577,12028.558,11638.1583,0
FPT.VN,2016-07-25,11762.27,11790.75,11705.31,11705.31,1319799,12027.134,11836.467,11954.2481,11893.1352,39.9922,-2.4506,61.001,-63.4516,211.6154,129654983,12422.2401,12027.134,11632.0279,0
FPT.VN,2016-07-26,11705.31,11733.79,11619.87,11648.35,1648590,12022.862,11833.6684,11925.115,11883.5357,38.1447,-25.5808,43.6847,-69.2655,204.6372,128006393,12432.8886,12022.862,11612.8354,0
FPT.VN,2016-07-27,11648.35,11648.35,11648.35,11648.35,0,12007.198,11830.3746,11898.7564,11874.3128,38.1447,-43.4113,26.2655,-69.6768,190.0202,128006393,12449.7222,12007.198,11564.6738,1
FPT.VN,2016-07-28,11762.27,11876.19,11733.79,11762.27,1800135,12000.078,11829.3592,11885.7577,11869.9189,44.1313,-47.7987,11.4527,-59.2513,192.7216,129806528,12453.9839,12000.078,11546.1721,0
FPT.VN,2016-07-29,11762.27,11790.75,11676.83,11676.83,848066,11987.262,11825.6444,11865.8598,11862.3468,40.9316,-57.5071,-2.3393,-55.1678,187.0929,128958462,12463.0705,11987.262,11511.4535,1
FPT.VN,2016-08-01,11676.83,11762.27,11619.87,11705.31,1473766,11967.326,11822.9944,11850.5694,11856.1885,42.43,-62.1861,-14.3087,-47.8775,183.9006,130432228,12455.7786,11967.326,11478.8734,0
FPT.VN,2016-08-02,11705.31,11705.31,11534.43,11562.91,2832260,11944.542,11817.9918,11823.1732,11844.6874,37.331,-76.5029,-26.7475,-49.7554,182.9706,127599968,12464.4257,11944.542,11424.6583,0
FPT.VN,2016-08-03,11562.91,11619.87,11505.95,11534.43,1641217,11918.91,11812.4196,11795.6739,11832.5204,36.3891,-89.1199,-39.222,-49.8979,178.0384,125958751,12467.279,11918.91,11370.541,0
FPT.VN,2016-08-04,11534.43,11619.87,11505.95,11505.95,1194764,11877.614,11807.2684,11768.0811,11819.7138,35.4265,-100.2612,-51.4298,-48.8314,173.4585,124763987,12419.3963,11877.614,11335.8317,1
FPT.VN,2016-08-05,11505.95,11591.39,11448.99,11534.43,1621238,11833.47,11804.4204,11745.8286,11808.5262,37.2151,-105.5757,-62.259,-43.3167,171.24,126385225,12332.266,11833.47,11334.674,1
FPT.VN,2016-08-08,11591.39,11676.83,11562.91,11562.91,964498,11804.99,11801.5724,11728.4078,11798.8942,39.0337,-106.2645,-71.0601,-35.2044,169.18,127349723,12296.8915,11804.99,11313.0885,1
FPT.VN,2016-08-09,11619.87,11648.35,11562.91,11648.35,951647,11780.782,11802.142,11720.7833,11792.9905,44.2507,-98.7774,-76.6036,-22.1738,163.1986,128301370,12252.0378,11780.782,11309.5262,1
FPT.VN,2016-08-10,11591.39,11705.31,11591.39,11705.31,831317,11755.15,11803.8508,11719.3096,11789.552,47.4775,-87.2419,-78.7312,-8.5107,159.6787,129132687,12179.7439,11755.15,11330.5561,1
FPT.VN,2016-08-11,11762.27,11904.67,11733.79,11904.67,2055155,11738.062,11809.5468,11736.963,11794.0664,56.8839,-61.3066,-75.2463,13.9397,162.5131,131187842,12102.6786,11738.062,11373.4454,0
FPT.VN,2016-08-12,11961.63,12075.55,11819.23,11847.71,1852733,11723.822,11814.6732,11747.5103,11796.1701,53.913,-44.832,-69.1634,24.3314,169.2136,129335109,12042.988,11723.822,11404.656,0
FPT.VN,2016-08-15,11847.71,11876.19,11819.23,11847.71,987427,11709.582,11821.5084,11757.0531,11798.1913,53.913,-31.4137,-61.6135,30.1998,161.1955,129335109,11972.4146,11709.582,11446.7494,1
FPT.VN,2016-08-16,11961.63,12246.43,11847.71,12160.99,6789552,11720.974,11834.0396,11795.5233,11812.4187,65.4298,4.4482,-48.4012,52.8493,178.1615,136124661,12038.6384,11720.974,11403.3096,1
FPT.VN,2016-08-17,12160.99,12388.83,12104.03,12303.39,4756201,11743.758,11848.2796,11843.8916,11831.6725,69.1977,43.8539,-29.9501,73.8041,185.7785,140880862,12152.1154,11743.758,11335.4006,0
FPT.VN,2016-08-18,12303.39,12531.23,12246.43,12274.91,3666036,11765.118,11863.0892,11884.941,11849.0543,67.6105,71.9558,-9.569,81.5247,192.8515,137214826,12236.2379,11765.118,11293.9981,0
FPT.VN,2016-08-19,12331.87,12331.87,12075.55,12075.55,2326082,11780.782,11873.9116,11903.0942,11857.9365,57.6434,77.2495,7.7947,69.4548,197.385,134888744,12271.9105,11780.782,11289.6535,0
FPT.VN,2016-08-22,11961.63,11990.11,11819.23,11819.23,3316247,11786.478,11880.1772,11895.1071,11856.4186,47.8719,60.0695,18.2497,41.8198,201.5946,131572497,12276.5623,11786.478,11296.3937,1
FPT.VN,2016-08-23,11904.67,11933.15,11790.75,11876.19,1557474,11797.87,11887.0124,11893.3055,11857.194,49.9042,50.4686,24.6934,25.7751,197.3664,133129971,12285.0187,11797.87,11310.7213,1
FPT.VN,2016-08-24,11904.67,12075.55,11904.67,11961.63,2630716,11813.534,11896.6956,11899.8126,11861.2895,52.8722,49.1871,29.5922,19.5949,197.5088,135760687,12300.5863,11813.534,11326.4817,1
FPT.VN,2016-08-25,11990.11,12104.03,11933.15,12075.55,2111230,11829.198,11908.0876,11916.5495,11869.6919,56.5672,56.7102,35.0158,21.6944,195.6068,137871917,12329.2847,11829.198,11329.1113,1
FPT.VN,2016-08-26,12075.55,12360.35,12075.55,12246.43,7785863,11857.678,11922.8972,11947.9667,11884.4659,61.4496,75.5896,43.1306,32.459,201.9777,145657780,12385.3454,11857.678,11330.0106,0
FPT.VN,2016-08-29,12303.39,12388.83,12132.51,12132.51,3498269,11879.038,11922.3276,11965.5422,11894.1931,56.8606,80.4321,50.5909,29.8412,205.8593,142159511,12415.2524,11879.038,11342.8236,0
FPT.VN,2016-08-30,12104.03,12217.95,12104.03,12132.51,1860458,11907.518,11921.758,11981.4439,11903.5389,56.8606,83.3094,57.1346,26.1748,199.2922,142159511,12433.4431,11907.518,11381.5929,1
FPT.VN,2016-08-31,12217.95,12645.16,12160.99,12502.75,11202707,11955.934,11930.302,12031.0921,11927.0374,66.3364,114.1492,68.5375,45.6117,221.6749,153362218,12514.5151,11955.934,11397.3529,1
FPT.VN,2016-09-01,12616.67,12816.04,12531.23,12673.63,7534599,12014.318,11945.1116,12092.2862,11956.3155,69.6499,150.642,84.9584,65.6836,228.2188,160896817,12617.2039,12014.318,11411.4321,0
FPT.VN,2016-09-05,12673.63,12759.08,12559.71,12673.63,3387876,12071.278,11965.6172,12147.6523,11984.4455,69.6499,177.5165,103.47,74.0465,226.1582,160896817,12698.0492,12071.278,11444.5068,0
FPT.VN,2016-09-06,12645.16,12759.08,12588.19,12588.19,4864382,12122.542,11982.7052,12189.6083,12008.1217,65.8891,189.7333,120.7227,69.0106,222.2105,156032435,12741.9135,12122.542,11503.1705,0
FPT.VN,2016-09-07,12559.71,12559.71,12388.83,12559.71,4678533,12168.11,11999.2236,12224.856,12029.7526,64.6362,194.8708,135.5523,59.3185,220.5783,151353902,12774.5542,12168.11,11561.6658,1
FPT.VN,2016-09-08,12645.16,13157.8,12588.19,12986.92,11388592,12232.1905,12019.7294,12297.4336,12067.2886,72.9463,230.7545,154.5927,76.1618,247.5434,162742494,12900.4276,12232.1905,11563.9534,1
FPT.VN,2016-09-09,13100.84,13243.24,12958.44,13015.4,6439272,12287.727,12041.944,12365.8113,12104.4695,73.3951,258.5108,175.3764,83.1345,250.2046,169181766,13022.6499,12287.727,11552.8041,0
FPT.VN,2016-09-12,12958.44,12986.92,12787.56,12816.04,4284468,12336.1435,12059.6018,12408.6902,12132.3742,65.2362,261.4079,192.5827,68.8252,248.6071,164897298,13076.5768,12336.1435,11595.7102,1
FPT.VN,2016-09-13,12816.04,12915.72,12673.63,12873.0,4043493,12387.408,12074.9812,12452.9102,12161.4183,66.3859,265.2424,207.1146,58.1278,248.1416,168940791,13127.427,12387.408,11647.389,1
FPT.VN,2016-09-14,12858.76,13086.6,12816.04,12958.44,4505219,12427.2805,12093.7782,12501.0559,12192.6741,68.0907,272.0397,220.0996,51.9401,249.7429,173446010,13201.0953,12427.2805,11653.4657,0
FPT.VN,2016-09-15,12958.44,12958.44,12673.63,12759.08,3902376,12450.065,12108.0184,12525.6296,12214.8861,60.394,258.3617,227.7521,30.6097,252.2477,169543634,13235.2715,12450.065,11664.8585,1
FPT.VN,2016-09-16,12673.63,12816.04,12645.16,12816.04,3003643,12477.1215,12117.7018,12553.2878,12238.4608,61.7252,249.2449,232.0506,17.1942,246.4357,172547277,13274.1193,12477.1215,11680.1237,1
FPT.VN,2016-09-19,12929.96,12958.44,12759.08,12901.48,3316353,12518.418,12127.3852,12586.4489,12264.4615,63.6963,246.0774,234.856,11.2214,243.0732,175863630,13313.3941,12518.418,11723.4419,1
FPT.VN,2016-09-20,12958.44,13072.36,12873.0,13001.16,4826426,12577.5145,12144.7582,12625.9452,12293.3516,65.9026,248.7431,237.6334,11.1097,239.9508,180690056,13328.1306,12577.5145,11826.8984,0
FPT.VN,2016-09-21,13015.4,13072.36,12929.96,12958.44,3062491,12631.627,12161.2768,12657.6114,12319.4335,64.1045,244.589,239.0245,5.5645,232.9829,177627565,13323.0712,12631.627,11940.1828,1
FPT.VN,2016-09-22,12958.44,13499.56,12958.44,13271.72,9907767,12697.1315,12182.3522,12716.0979,12356.7781,70.4678,263.5381,243.9272,19.6109,254.9927,187535332,13369.2778,12697.1315,12024.9852,1
FPT.VN,2016-09-23,13328.68,13556.52,13328.68,13499.56,8185300,12768.332,12207.4148,12790.7134,12401.5931,74.0682,293.5563,253.853,39.7032,257.1218,195720632,13464.5013,12768.332,12072.1627,1
FPT.VN,2016-09-26,13556.52,13727.4,13556.52,13613.48,6807284,12836.6845,12237.0342,12869.0721,12449.1181,75.6657,322.817,267.6458,55.1712,255.0302,202527916,13583.6852,12836.6845,12089.6838,0
FPT.VN,2016-09-27,13599.24,13613.48,13471.08,13613.48,7062515,12910.733,12266.6536,12939.9681,12494.7793,75.6657,342.0633,282.5293,59.5339,246.9852,202527916,13657.4357,12910.733,12164.0303,1
FPT.VN,2016-09-28,13570.76,13812.84,13556.52,13641.96,5883691,12986.2055,12300.8298,13006.8245,12539.7668,76.0927,355.516,297.1267,58.3893,247.652,208411607,13706.3771,12986.2055,12266.0339,0
FPT.VN,2016-09-29,13556.52,13670.44,13414.12,13485.32,6618977,13035.334,12333.582,13052.3955,12576.8473,68.9285,349.5089,307.6031,41.9058,248.2711,201792630,13750.6826,13035.334,12319.9854,0
FPT.VN,2016-09-30,13499.56,13499.56,13285.96,13285.96,6059568,13065.9505,12362.347,13074.6397,12604.6556,61.0502,324.9162,311.0657,13.8504,245.7946,195733062,13768.4159,13065.9505,12363.4851,0
FPT.VN,2016-10-03,13300.2,13442.6,13186.28,13285.96,3734786,13096.567,12392.8208,13094.7654,12631.3735,61.0502,301.9456,309.2417,-7.2961,246.5464,195733062,13780.1589,13096.567,12412.9751,1
FPT.VN,2016-10-04,13357.16,13485.32,13100.84,13328.68,6830318,13133.5915,12425.2882,13117.043,12658.7188,62.126,283.9156,304.1765,-20.2609,256.3988,202563380,13780.4752,13133.5915,12486.7078,0
FPT.VN,2016-10-05,13385.64,13385.64,13285.96,13328.68,1694377,13172.04,12458.8948,13137.1989,12684.9918,62.126,266.554,296.652,-30.098,245.2046,202563380,13764.4182,13172.04,12579.6618,0
FPT.VN,2016-10-06,13328.68,13371.4,13129.32,13129.32,2839704,13179.16,12488.5142,13136.4485,12702.4164,54.0467,234.0106,284.1237,-50.1131,244.9814,199723676,13765.5627,13179.16,12592.7573,0
FPT.VN,2016-10-07,13143.56,13186.28,12730.6,12830.28,9327607,13169.904,12509.8744,13107.2896,12707.4307,44.6639,181.9918,263.6973,-81.7055,260.0313,190396069,13772.8023,13169.904,12567.0057,0
FPT.VN,2016-10-10,12830.28,12830.28,12417.31,12417.31,7393905,13149.9675,12524.684,13041.5773,12696.0534,35.4985,106.2189,232.2016,-125.9827,270.9555,183002164,13824.2763,13149.9675,12475.6587,1
FPT.VN,2016-10-11,12417.31,12673.63,12289.15,12673.63,5534149,13139.999,12544.0504,13006.5347,12695.1741,43.2787,66.0893,198.9792,-132.8898,279.0644,188536313,13837.0586,13139.999,12442.9394,0
FPT.VN,2016-10-12,12645.16,12702.12,12445.79,12474.27,2587949,13115.7905,12562.2776,12955.8428,12686.5112,39.3074,17.9923,162.7818,-144.7895,277.4405,185948364,13870.6342,13115.7905,12360.9468,1
FPT.VN,2016-10-13,12445.79,12588.19,12360.35,12531.23,1599749,13104.398,12582.2136,12915.4035,12680.4217,40.9739,-15.3518,127.1551,-142.5069,273.8976,187548113,13888.2308,13104.398,12320.5652,0
FPT.VN,2016-10-14,12502.75,12559.71,12474.27,12488.51,1952663,13088.0215,12601.8648,12874.747,12672.8958,40.0849,-44.709,92.7823,-137.4913,260.4364,185595450,13909.98,13088.0215,12266.063,0
FPT.VN,2016-10-17,12502.75,12502.75,12360.35,12360.35,2807471,13060.965,12618.3832,12825.7568,12660.6391,37.4591,-77.4237,58.7411,-136.1648,252.0052,182787979,13942.2609,13060.965,12179.6691,1
FPT.VN,2016-10-18,12360.35,12488.51,12246.43,12417.31,1618921,13031.7725,12635.4712,12786.8571,12651.0967,39.3604,-97.6288,27.4671,-125.0959,251.2963,184406900,13958.8974,13031.7725,12104.6476,1
FPT.VN,2016-10-19,12388.83,12573.96,12388.83,12488.51,1701856,13008.276,12652.2744,12758.4431,12644.7208,41.7444,-106.6666,0.6404,-107.307,246.5701,186108756,13966.5231,13008.276,12050.0289,0
FPT.VN,2016-10-20,12559.71,12588.19,12374.59,12388.83,1587636,12964.1315,12665.9448,12723.2418,12634.6859,39.4085,-120.4836,-23.5844,-96.8992,244.2151,184521120,13952.1613,12964.1315,11976.1017,0
FPT.VN,2016-10-21,12388.83,12460.03,12360.35,12360.35,1292236,12907.171,12675.0584,12688.6807,12623.9276,38.7414,-132.2078,-45.3091,-86.8987,233.8912,183228884,13896.5825,12907.171,11917.7595,0
FPT.VN,2016-10-24,12360.35,12417.31,12274.91,12303.39,2400976,12841.6665,12684.172,12651.9864,12611.3575,37.3787,-144.4306,-65.1334,-79.2972,227.3561,180827908,13807.3737,12841.6665,11875.9593,0
FPT.VN,2016-10-25,12303.39,12502.75,12189.47,12303.39,2804732,12776.162,12693.2856,12618.7867,12599.2803,37.3787,-152.3609,-82.5789,-69.782,233.4935,180827908,13698.1773,12776.162,11854.1467,0
FPT.VN,2016-10-26,12303.39,12417.31,12217.95,12246.43,1749819,12706.3855,12694.9944,12583.3242,12585.4431,35.9137,-161.3817,-98.3395,-63.0422,231.0554,179078089,13561.2992,12706.3855,11851.4718,1
FPT.VN,2016-10-27,12331.87,12331.87,12246.43,12303.39,1126296,12647.289,12694.9944,12556.6638,12574.3822,38.5092,-162.0663,-111.0848,-50.9814,220.6543,180204385,13436.3572,12647.289,11858.2208,1
FPT.VN,2016-10-28,12303.39,12417.31,12289.15,12417.31,2188336,12603.8565,12697.8424,12543.392,12568.2225,43.4428,-151.6681,-119.2015,-32.4666,214.0476,182392721,13338.6674,12603.8565,11869.0456,0
FPT.VN,2016-10-31,12445.79,12502.75,12388.83,12388.83,1285459,12559.0,12704.108,12528.6718,12561.1875,42.5242,-144.0649,-124.1742,-19.8907,206.8956,181107262,13224.7765,12559.0,11893.2235,0
FPT.VN,2016-11-01,12417.31,12417.31,12331.87,12331.87,1011162,12509.1595,12714.3608,12509.9288,12552.1946,40.6719,-141.01,-127.5413,-13.4687,198.2202,180096100,13073.9094,12509.1595,11944.4096,0
FPT.VN,2016-11-02,12331.87,12360.35,12132.51,12132.51,2132964,12449.351,12719.4872,12473.9841,12535.7364,34.9361,-152.913,-132.6157,-20.2973,200.3359,177963136,12887.934,12449.351,12010.768,0
FPT.VN,2016-11-03,12104.03,12104.03,11876.19,11961.63,2876958,12390.9665,12719.4872,12425.1885,12513.2224,30.912,-174.1275,-140.918,-33.2095,204.3348,175086178,12752.5494,12390.9665,12029.3836,1
FPT.VN,2016-11-04,11961.63,12075.55,11961.63,12004.35,758705,12349.67,12718.0632,12385.1086,12493.2666,32.9901,-185.3564,-149.8057,-35.5507,197.8766,175844883,12687.8986,12349.67,12011.4414,1
FPT.VN,2016-11-07,11990.11,12217.95,11990.11,12189.47,949505,12338.278,12716.924,12366.4764,12481.3531,41.2382,-177.2742,-155.2994,-21.9748,200.0168,176794388,12682.2139,12338.278,11994.3421,1
FPT.VN,2016-11-08,12189.47,12317.63,12189.47,12203.71,1256562,12314.782,12718.348,12350.9748,12470.4651,41.8313,-167.7858,-157.7967,-9.9891,194.8842,178050950,12624.7881,12314.782,12004.7759,0
FPT.VN,2016-11-09,12203.71,12203.71,11705.31,12018.59,4423442,12291.998,12716.0696,12319.3191,12452.7445,36.652,-173.2072,-160.8788,-12.3284,216.5639,173627508,12619.1561,12291.998,11964.8399,1
FPT.VN,2016-11-10,12132.51,12217.95,12104.03,12160.99,980369,12273.486,12709.2344,12304.2402,12441.3031,42.5451,-164.1214,-161.5273,-2.5941,215.335,174607877,12585.1813,12273.486,11961.7907,1
FPT.VN,2016-11-11,12217.95,12374.59,12189.47,12246.43,1928505,12261.382,12700.6904,12298.7344,12433.6611,45.8028,-148.3167,-158.8852,10.5685,215.2111,176536382,12556.2675,12261.382,11966.4965,0
FPT.VN,2016-11-14,12160.99,12246.43,12132.51,12175.23,1255263,12252.126,12690.7224,12286.9721,12423.5265,43.585,-139.9238,-155.0929,15.1691,207.976,175281119,12545.5493,12252.126,11958.7027,1
FPT.VN,2016-11-15,12189.47,12303.39,12160.99,12303.39,1439637,12246.43,12685.0264,12288.5357,12418.8153,48.4259,-121.5299,-148.3803,26.8504,203.292,176720756,12530.6298,12246.43,11962.2302,0
FPT.VN,2016-11-16,12331.87,12360.35,12189.47,12260.67,1698380,12235.038,12679.0456,12285.8818,12412.6135,46.9788,-109.1417,-140.5326,31.3909,200.9769,175022376,12495.6687,12235.038,11974.4073,0
FPT.VN,2016-11-17,12260.67,12260.67,12132.51,12132.51,1202208,12222.222,12661.9574,12271.275,12401.629,42.8426,-108.4156,-134.1092,25.6936,195.7757,173820168,12476.1324,12222.222,11968.3116,1
FPT.VN,2016-11-18,12104.03,12289.15,12104.03,12274.91,956879,12217.95,12647.1476,12271.6212,12396.6597,48.2903,-95.2517,-126.3377,31.086,195.0146,174777047,12464.8535,12217.95,11971.0465,0
FPT.VN,2016-11-21,12303.39,12360.35,12189.47,12274.91,1400768,12216.526,12636.325,12271.9344,12391.8852,48.2903,-83.8526,-117.8407,33.9881,193.2907,174777047,12461.677,12216.526,11971.375,0
FPT.VN,2016-11-22,12246.43,12346.11,12246.43,12274.91,1670149,12215.102,12624.3632,12272.2178,12387.2979,48.2903,-73.9661,-109.0657,35.0997,186.6042,174777047,12458.4528,12215.102,11971.7512,1
FPT.VN,2016-11-23,12331.87,12559.71,12274.91,12516.99,3277378,12228.63,12615.5342,12295.5294,12392.3839,56.9936,-46.0661,-96.4658,50.3997,193.6182,178054425,12506.8907,12228.63,11950.3693,1
FPT.VN,2016-11-24,12474.27,12744.83,12474.27,12630.92,3897110,12245.0065,12612.971,12327.4714,12401.7382,60.3739,-14.5937,-80.0914,65.4977,199.114,181951535,12575.4519,12245.0065,11914.5611,0
FPT.VN,2016-11-25,12645.16,12645.16,12502.75,12516.99,1839636,12249.9905,12606.99,12345.5208,12406.2579,55.6623,1.142,-63.8447,64.9867,195.0637,180111899,12594.1025,12249.9905,11905.8785,0
FPT.VN,2016-11-28,12516.99,12516.99,12303.39,12388.83,1409019,12249.9905,12596.737,12349.6455,12405.5745,50.8545,3.2339,-50.429,53.6629,196.3877,178702880,12594.1025,12249.9905,11905.8785,0
FPT.VN,2016-11-29,12388.83,12388.83,12160.99,12289.15,1716884,12247.8545,12582.4968,12343.884,12401.0088,47.4235,-3.1156,-40.9663,37.8507,198.6343,176985996,12590.353,12247.8545,11905.356,1
FPT.VN,2016-11-30,12246.43,12346.11,12217.95,12346.11,998066,12258.5345,12570.2502,12344.096,12398.8559,49.5194,-3.511,-33.4753,29.9642,193.6005,177984062,12599.2052,12258.5345,11917.8638,0
FPT.VN,2016-12-01,12303.39,12474.27,12303.39,12303.39,868852,12275.6225,12550.8836,12340.2192,12395.1121,47.9747,-7.1887,-28.218,21.0293,191.9776,177115210,12586.5763,12275.6225,11964.6687,0
FPT.VN,2016-12-02,12303.39,12346.11,12217.95,12232.19,933459,12287.0145,12525.5362,12329.9307,12388.723,45.4312,-15.6679,-25.7079,10.0401,187.4192,176181751,12571.7083,12287.0145,12002.3207,0
FPT.VN,2016-12-05,12246.43,12303.39,12132.51,12132.51,1125207,12284.1665,12495.9168,12311.1288,12378.6755,42.0684,-30.0842,-26.5832,-3.501,186.2378,175056544,12574.0611,12284.1665,11994.2719,0
FPT.VN,2016-12-06,12189.47,12203.71,12047.07,12047.07,1430403,12276.3345,12464.5886,12285.9803,12365.6713,39.3779,-47.852,-30.8369,-17.015,184.1237,173626141,12583.3402,12276.3345,11969.3288,0
FPT.VN,2016-12-07,12047.07,12104.03,11990.11,11990.11,996029,12274.9105,12431.5516,12257.8022,12350.9434,37.6492,-65.7711,-37.8238,-27.9473,179.1091,172630112,12587.1692,12274.9105,11962.6518,1
FPT.VN,2016-12-08,12104.03,12104.03,12018.59,12032.83,511831,12268.5025,12402.5018,12236.3763,12338.4684,39.7843,-75.6529,-45.3896,-30.2633,174.4528,173141943,12595.5161,12268.5025,11941.4889,1
FPT.VN,2016-12-09,12118.27,12388.83,12104.03,12217.95,1248030,12267.0785,12381.1416,12234.6214,12333.7422,48.0813,-67.7655,-49.8648,-17.9007,187.4204,174389973,12594.7442,12267.0785,11939.4128,0
FPT.VN,2016-12-12,12246.43,12246.43,12018.59,12018.59,1306562,12259.2465,12355.7942,12214.047,12321.3833,41.4565,-76.717,-55.2352,-21.4818,190.3075,173083411,12603.2374,12259.2465,11915.2556,0
FPT.VN,2016-12-13,12018.59,12061.31,11904.67,11904.67,1263865,12239.3105,12327.314,12184.5825,12305.0416,38.2162,-91.9437,-62.5769,-29.3668,187.9027,171819546,12617.0861,12239.3105,11861.5349,1
FPT.VN,2016-12-14,11904.67,12018.59,11890.43,11961.63,1386793,12224.3585,12299.973,12163.3489,12291.5745,40.7115,-98.2818,-69.7179,-28.5639,183.6354,173206339,12621.7374,12224.3585,11826.9796,0
FPT.VN,2016-12-15,11961.63,11990.11,11904.67,11918.91,993501,12213.6785,12275.7648,12140.069,12276.9602,39.4254,-105.5354,-76.8814,-28.654,176.6214,172212838,12632.3616,12213.6785,11794.9954,1
FPT.VN,2016-12-16,11947.39,11990.11,11904.67,11990.11,1048768,12199.4385,12258.9614,12125.7872,12265.7111,42.6757,-104.3359,-82.3723,-21.9637,170.1085,173261606,12628.5948,12199.4385,11770.2822,1
FPT.VN,2016-12-19,11990.11,12160.99,11990.11,12160.99,768607,12193.7425,12253.835,12129.1399,12261.6044,49.6574,-88.5758,-83.613,-4.9628,170.1636,174030213,12621.7034,12193.7425,11765.7816,0
FPT.VN,2016-12-20,12118.27,12217.95,12104.03,12118.27,1031528,12185.9105,12242.7278,12128.1046,12255.9835,48.0808,-78.6265,-82.6157,3.9892,166.1462,172998685,12613.35,12185.9105,11758.471,0
FPT.VN,2016-12-21,12118.27,12175.23,12089.79,12104.03,1326435,12165.2625,12235.323,12125.8118,12250.0245,47.539,-71.0714,-80.3068,9.2354,160.3814,171672250,12564.3167,12165.2625,11766.2083,1
FPT.VN,2016-12-22,12189.47,12303.39,12104.03,12118.27,2314986,12139.63,12227.0638,12125.0935,12244.8577,48.168,-63.2063,-76.8867,13.6804,163.1656,173987236,12473.2359,12139.63,11806.0241,1
FPT.VN,2016-12-23,12203.71,12203.71,12104.03,12146.75,1141640,12121.118,12220.2286,12127.1561,12241.0103,49.4729,-54.0519,-72.3198,18.2678,158.6309,175128876,12403.7513,12121.118,11838.4847,1
FPT.VN,2016-12-26,12146.75,12217.95,12104.03,12160.99,856528,12109.726,12216.2414,12130.3783,12237.8723,50.1487,-45.1278,-66.8814,21.7536,155.4373,175985404,12363.8548,12109.726,11855.5972,1
FPT.VN,2016-12-27,12160.99,12388.83,12160.99,12289.15,2773763,12109.726,12213.6782,12145.4995,12239.8832,55.8693,-27.3981,-58.9847,31.5866,160.6089,178759167,12363.8548,12109.726,11855.5972,1
FPT.VN,2016-12-28,12317.63,12474.27,12317.63,12417.31,3034823,12113.286,12212.2542,12171.3862,12246.8411,60.7231,-2.9715,-47.7821,44.8106,162.3597,181793990,12382.8818,12113.286,11843.6902,0
FPT.VN,2016-12-29,12474.27,12474.27,12331.87,12374.59,1320993,12116.846,12211.9694,12190.7389,12251.8508,58.4167,12.7922,-35.6672,48.4594,160.934,180472997,12398.617,12116.846,11835.075,1
FPT.VN,2016-12-30,12417.31,12602.43,12346.11,12531.23,5770138,12131.798,12215.387,12223.1666,12262.8069,63.8401,37.4923,-21.0353,58.5277,167.7473,186243135,12466.1676,12131.798,11797.4284,1
FPT.VN,2017-01-03,12616.67,12801.8,12616.67,12773.32,3557117,12163.8385,12224.7856,12275.5622,12282.827,70.2896,75.7291,-1.6824,77.4115,175.0918,189800252,12604.432,12163.8385,11723.245,1
FPT.VN,2017-01-04,12759.08,13015.4,12730.6,12887.24,3590439,12205.847,12236.4626,12333.8172,12306.5295,72.7524,113.9113,21.4363,92.475,182.9281,193390691,12748.0575,12205.847,11663.6365,0
FPT.VN,2017-01-05,12873.0,12929.96,12844.52,12844.52,2155436,12248.5675,12248.4244,12382.4556,12327.6271,70.3958,139.1201,44.9731,94.147,175.9646,191235255,12850.5507,12248.5675,11646.5843,0
FPT.VN,2017-01-06,12873.0,12958.44,12801.8,12801.8,2808103,12287.016,12258.3926,12422.3931,12346.2222,68.0229,153.8773,66.7539,87.1234,174.5843,188427152,12927.9497,12287.016,11646.0823,1
FPT.VN,2017-01-09,12830.28,12929.96,12787.56,12873.0,1761266,12319.7685,12267.5064,12465.3081,12366.8801,69.8472,169.3654,87.2762,82.0892,172.2854,190188418,13010.8292,12319.7685,11628.7078,1
FPT.VN,2017-01-10,12887.24,13100.84,12858.76,13100.84,3671619,12373.881,12281.7466,12525.8349,12395.6628,74.8013,197.7452,109.37,88.3752,177.2708,193860037,13131.8887,12373.881,11615.8733,1
FPT.VN,2017-01-11,13186.28,13271.72,13129.32,13129.32,2601783,12435.1135,12297.6956,12583.3097,12424.4337,75.3466,219.9984,131.4957,88.5027,176.8143,196461820,13230.4651,12435.1135,11639.7619,0
FPT.VN,2017-01-12,13129.32,13157.8,13058.12,13086.6,1897291,12491.362,12316.7774,12631.2421,12450.401,72.8018,231.5183,151.5002,80.0181,171.3047,194564529,13304.6393,12491.362,11678.0847,0
FPT.VN,2017-01-13,13129.32,13214.76,12730.6,12787.56,5758937,12534.7945,12333.296,12646.1295,12463.6229,58.0276,214.0505,164.0103,50.0402,193.6515,188805592,13311.2981,12534.7945,11758.2909,0
FPT.VN,2017-01-16,12787.56,12787.56,12531.23,12531.23,3146444,12561.8505,12343.8336,12635.1867,12466.2742,48.8721,177.4775,166.7037,10.7738,198.1285,185659148,13294.9392,12561.8505,11828.7618,1
FPT.VN,2017-01-17,12531.23,12759.08,12531.23,12645.16,1830226,12586.059,12352.9474,12636.1366,12473.2893,52.4622,155.8894,164.5409,-8.6515,200.2515,187489374,13294.9901,12586.059,11877.1279,0
FPT.VN,2017-01-18,12730.6,12730.6,12474.27,12474.27,1741989,12603.859,12358.3586,12620.7207,12473.3278,47.1179,123.5669,156.3461,-32.7792,204.2571,185747385,13280.4766,12603.859,11927.2414,0
FPT.VN,2017-01-19,12474.27,12531.23,12374.59,12474.27,2068849,12622.371,12367.4722,12606.773,12473.3647,47.1179,96.8348,144.4438,-47.609,200.8559,185747385,13260.5781,12622.371,11984.1639,1
FPT.VN,2017-01-20,12474.27,12673.63,12460.03,12588.19,2327416,12645.867,12376.0162,12605.0032,12477.8677,50.9787,83.8749,132.33,-48.4551,201.7662,188074801,13238.9364,12645.867,12052.7976,1
FPT.VN,2017-01-23,12645.16,12702.12,12588.19,12659.39,1607088,12671.499,12384.2754,12610.1829,12484.9862,53.2749,78.4451,121.553,-43.1079,195.4922,189681889,13216.0701,12671.499,12126.9279,1
FPT.VN,2017-01-24,12730.6,12787.56,12616.67,12730.6,984898,12699.9795,12395.3828,12621.6512,12494.6181,55.5189,78.9776,113.038,-34.0603,193.7349,190666787,13188.8665,12699.9795,12211.0925,1
FPT.VN,2017-01-25,12787.56,12901.48,12716.36,12844.52,1480929,12727.748,12406.2054,12642.8768,12508.3398,58.9181,87.5824,107.9469,-20.3644,193.1195,192147716,13180.1077,12727.748,12275.3883,0
FPT.VN,2017-01-26,12844.52,12844.52,12844.52,12844.52,0,12749.1085,12417.8824,12662.0809,12521.5233,58.9181,93.326,105.0227,-11.6967,179.3253,192147716,13179.5618,12749.1085,12318.6552,0
FPT.VN,2017-02-03,12730.6,12787.56,12645.16,12730.6,1746413,12766.909,12429.8442,12668.6065,12529.7224,54.1214,87.6748,101.5531,-13.8783,180.7563,190401303,13159.9722,12766.909,12373.8458,0
FPT.VN,2017-02-06,12673.63,12673.63,12588.19,12616.67,1944446,12771.181,12436.6794,12663.6602,12533.1321,49.7585,73.1596,95.8744,-22.7148,178.0173,188456857,13155.2125,12771.181,12387.1495,1
FPT.VN,2017-02-07,12602.43,12730.6,12602.43,12673.63,3228186,12766.1965,12444.6538,12664.6097,12538.6418,51.8485,65.4974,89.799,-24.3016,174.4568,191685043,13152.6911,12766.1965,12379.7019,1
FPT.VN,2017-02-08,12702.12,12801.8,12659.39,12702.12,2039811,12756.9405,12453.198,12668.1821,12545.0527,52.9037,61.0205,84.0433,-23.0228,172.1677,193724854,13140.0817,12756.9405,12373.7993,0
FPT.VN,2017-02-09,12702.12,12730.6,12673.63,12687.88,2797288,12749.1085,12456.6158,12670.0581,12550.6538,52.2869,55.6817,78.371,-22.6893,163.9393,190927566,13131.114,12749.1085,12367.103,0
FPT.VN,2017-02-10,12673.63,12702.12,12602.43,12659.39,2160913,12741.988,12457.1852,12669.0421,12554.918,51.0056,48.5916,72.4151,-23.8235,159.3501,188766653,13125.1653,12741.988,12358.8107,1
FPT.VN,2017-02-13,12702.12,12773.32,12645.16,12759.08,2961684,12736.292,12462.027,12677.6171,12562.9243,55.1474,50.4354,68.0192,-17.5838,157.1222,191728337,13114.6255,12736.292,12357.9585,1
FPT.VN,2017-02-14,12816.04,13214.76,12787.56,13214.76,6820416,12741.988,12478.5456,12728.7736,12588.4865,68.3275,87.6557,71.9465,15.7092,178.4478,198548753,13145.9902,12741.988,12337.9858,0
FPT.VN,2017-02-15,13243.24,13243.24,13043.88,13100.84,4056379,12740.564,12494.7794,12764.2085,12608.5788,63.3181,106.7304,78.9033,27.8271,179.9415,194492374,13138.98,12740.564,12342.148,0
FPT.VN,2017-02-16,13100.84,13172.04,12901.48,12901.48,3914771,12731.308,12505.8868,12777.282,12620.0651,55.6316,104.5553,84.0337,20.5216,186.4142,190577603,13103.6214,12731.308,12358.9946,0
FPT.VN,2017-02-17,12873.0,12958.44,12787.56,12901.48,2865617,12737.004,12517.8486,12789.1104,12631.101,55.6316,101.6596,87.5588,14.1008,185.3047,190577603,13116.3601,12737.004,12357.6479,0
FPT.VN,2017-02-20,12901.48,12929.96,12816.04,12830.28,2598202,12751.9565,12529.8104,12793.0313,12638.9119,52.9682,92.5527,88.5576,3.995,180.2058,187979401,13120.5851,12751.9565,12383.3279,1
FPT.VN,2017-02-21,12901.48,13072.36,12830.28,12929.96,3710102,12766.1965,12545.7594,12806.0721,12650.3256,56.1345,92.3145,89.309,3.0055,184.6253,191689503,13139.4292,12766.1965,12392.9638,1
FPT.VN,2017-02-22,13015.4,13186.28,12929.96,13043.88,4321652,12794.677,12565.6956,12828.7205,12665.7591,59.4909,100.1636,91.4799,8.6837,189.7464,196011155,13160.982,12794.677,12428.372,1
FPT.VN,2017-02-23,13072.36,13200.52,13001.16,13100.84,3660734,12826.0055,12587.9102,12854.6366,12682.8211,61.0939,109.7154,95.127,14.5884,190.4331,199671889,13184.011,12826.0055,12468.0,0
FPT.VN,2017-02-24,13100.84,13129.32,12958.44,13100.84,3263193,12851.638,12609.2704,12878.0846,12699.214,61.0939,115.9488,99.2914,16.6574,189.0364,199671889,13211.3557,12851.638,12491.9203,1
FPT.VN,2017-02-27,13100.84,13357.16,13100.84,13257.48,6289870,12881.5425,12630.061,12914.2175,12721.1068,65.4539,132.0066,105.8344,26.1722,193.8424,205961759,13272.0881,12881.5425,12490.9969,0
FPT.VN,2017-02-28,13271.72,13328.68,13043.88,13058.12,2766705,12897.9185,12650.8516,12927.9225,12734.323,56.7389,127.1798,110.1035,17.0763,200.3394,203195054,13289.2806,12897.9185,12506.5564,0
FPT.VN,2017-03-01,13058.12,13072.36,12915.72,13015.4,2861192,12906.4625,12673.0662,12936.2537,12745.3456,55.0475,118.541,111.791,6.75,197.218,200333862,13300.3689,12906.4625,12512.5561,0
FPT.VN,2017-03-02,13015.4,13072.36,12929.96,12944.2,2195007,12911.4465,12692.7176,12937.0105,12753.1438,52.2518,104.7419,110.3812,-5.6392,193.3024,198138855,13304.5746,12911.4465,12518.3184,1
FPT.VN,2017-03-03,12944.2,13072.36,12858.76,13001.16,1406000,12924.9745,12714.3626,12943.1199,12762.8699,54.2535,97.2809,107.7611,-10.4802,194.7522,199544855,13310.4459,12924.9745,12539.5031,1
FPT.VN,2017-03-06,13001.16,13129.32,13001.16,13086.6,1822642,12948.471,12736.2924,12956.7847,12775.5652,57.1549,97.1425,105.6374,-8.4949,189.9957,201367497,13311.448,12948.471,12585.494,0
FPT.VN,2017-03-07,13100.84,13100.84,12972.68,13043.88,1664426,12966.9835,12753.9502,12965.0795,12786.0874,55.2674,92.5191,103.0137,-10.4946,185.5788,199703071,13308.0452,12966.9835,12625.9218,0
FPT.VN,2017-03-08,13015.4,13100.84,12972.68,13043.88,1707333,12984.0715,12772.4624,12972.5843,12796.1969,55.2674,87.8425,99.9795,-12.137,181.4775,199703071,13302.7711,12984.0715,12665.3719,0
FPT.VN,2017-03-09,13043.88,13072.36,12958.44,12958.44,1815690,12997.5995,12789.5506,12971.2372,12802.5594,51.3352,76.3617,95.2559,-18.8942,176.6519,197887381,13284.7717,12997.5995,12710.4273,1
FPT.VN,2017-03-10,13043.88,13214.76,13015.4,13100.84,4230852,13019.672,12809.202,12983.5803,12814.2567,56.8461,77.8561,91.776,-13.9199,182.3425,202118233,13261.7035,13019.672,12777.6405,0
FPT.VN,2017-03-13,13129.32,13186.28,13015.4,13029.64,1626610,13033.2,12826.8598,12987.967,12822.7031,53.579,72.4599,87.9128,-15.4529,181.5238,200491623,13241.846,13033.2,12824.554,0
FPT.VN,2017-03-14,13043.88,13157.8,13015.4,13015.4,2108140,13023.232,12843.948,12990.5796,12830.2598,52.9239,66.2704,83.5843,-17.3139,178.7292,198383483,13213.6045,13023.232,12832.8595,0
FPT.VN,2017-03-15,13015.4,13072.36,12944.2,12972.68,2221096,13016.824,12857.6186,12988.8749,12835.8449,50.9127,57.258,78.319,-21.061,175.1171,196162387,13204.8102,13016.824,12828.8378,1
FPT.VN,2017-03-16,12986.92,13072.36,12958.44,13015.4,2143603,13022.52,12869.5804,12991.4011,12842.8863,52.8426,52.9523,73.2457,-20.2934,170.7459,198305990,13202.5248,13022.52,12842.5152,1
FPT.VN,2017-03-17,13072.36,13186.28,13029.64,13072.36,3467687,13031.064,12883.5358,12999.1115,12851.8853,55.3626,53.5193,69.3004,-15.7811,170.7555,201773677,13202.9156,13031.064,12859.2124,1
FPT.VN,2017-03-20,13072.36,13300.2,13072.36,13271.72,5525406,13053.136,12898.3456,13025.0742,12868.3494,62.8461,69.257,69.2917,-0.0347,174.8329,207299083,13229.735,13053.136,12876.537,0
FPT.VN,2017-03-21,13328.68,13456.84,13271.72,13271.72,6605564,13070.224,12908.3136,13048.5643,12884.1678,62.8461,80.7979,71.593,9.2049,175.5677,207299083,13262.1153,13070.224,12878.3327,0
FPT.VN,2017-03-22,13300.2,13314.44,13129.32,13129.32,4242017,13074.496,12913.1552,13056.2553,12893.7816,55.1823,77.5595,72.7863,4.7732,176.25,203057066,13267.7175,13074.496,12881.2745,1
FPT.VN,2017-03-23,13100.84,13670.44,13072.36,13670.44,7113814,13102.976,12929.6736,13114.7491,12924.2388,70.1024,117.3047,81.69,35.6148,206.3808,210170880,13432.4324,13102.976,12773.5196,0
FPT.VN,2017-03-24,13784.36,13955.24,13513.8,13585.0,6802860,13127.184,12945.3376,13159.5349,12950.151,66.3467,140.2916,93.4103,46.8813,223.1707,203368020,13520.8695,13127.184,12733.4985,0
FPT.VN,2017-03-27,13556.52,13670.44,13456.84,13556.52,3588262,13142.136,12959.008,13197.343,12973.9302,65.0948,154.4306,105.6144,48.8163,222.4871,199779758,13577.1981,13142.136,12707.0739,0
FPT.VN,2017-03-28,13556.52,13741.64,13471.08,13499.56,4079237,13164.208,12966.9824,13226.1256,12994.5431,62.5526,159.2045,116.3324,42.8721,225.9209,195700521,13625.3336,13164.208,12703.0824,1
FPT.VN,2017-03-29,13499.56,13613.48,13442.6,13528.04,2124888,13189.84,12974.9568,13254.8793,13015.4646,63.3238,163.4023,125.7464,37.6559,221.9894,197825409,13672.6203,13189.84,12707.0597,0
FPT.VN,2017-03-30,13528.04,13627.72,13414.12,13414.12,2642092,13213.336,12981.5072,13270.0451,13031.0981,58.1635,155.7414,131.7454,23.996,221.3901,195183317,13691.4983,13213.336,12735.1737,1
FPT.VN,2017-03-31,13414.12,13585.0,13385.64,13471.08,4260381,13236.832,12995.1776,13289.1913,13048.3523,59.9221,152.5083,135.898,16.6103,219.8165,199443698,13717.2722,13236.832,12756.3918,0
FPT.VN,2017-04-03,13471.08,13528.04,13214.76,13214.76,7003913,13243.24,13008.8482,13282.1026,13054.8781,49.7812,127.79,134.2764,-6.4863,226.4925,192439785,13718.6356,13243.24,12767.8444,1
FPT.VN,2017-04-04,13200.52,13385.64,13200.52,13385.64,3444548,13260.328,13023.6578,13291.9633,13067.8492,55.2218,120.599,131.5409,-10.9419,223.5373,195884333,13730.0867,13260.328,12790.5693,0
FPT.VN,2017-04-05,13385.64,13385.64,13257.48,13257.48,2103119,13271.008,13039.322,13288.6792,13075.2857,50.7785,103.3671,125.9062,-22.539,216.7247,193781214,13729.6272,13271.008,12812.3888,1
FPT.VN,2017-04-07,13200.52,13399.88,13200.52,13385.64,3161086,13292.368,13057.5494,13297.9135,13087.4564,54.7036,98.912,120.5073,-21.5953,215.4843,196942300,13728.9557,13292.368,12855.7803,0
FPT.VN,2017-04-10,13385.64,13456.84,13357.16,13385.64,1481597,13306.608,13073.4984,13306.2684,13099.1499,54.7036,94.2943,115.2647,-20.9704,207.2126,196942300,13735.4014,13306.608,12877.8146,0
FPT.VN,2017-04-11,13385.64,13471.08,13328.68,13371.4,1422503,13323.696,13087.7386,13312.4714,13109.8264,54.1472,88.4659,109.9049,-21.4391,202.5831,195519797,13732.8028,13323.696,12914.5892,1
FPT.VN,2017-04-12,13385.64,13599.24,13371.4,13542.28,4552339,13350.04,13103.9722,13334.358,13126.7853,59.4741,96.5227,107.2285,-10.7058,204.3872,200072136,13743.0988,13350.04,12956.9812,0
FPT.VN,2017-04-13,13485.32,13556.52,13442.6,13456.84,1822185,13374.248,13116.2186,13346.0229,13139.7287,55.9727,94.9194,104.7667,-9.8473,197.9252,198249951,13727.0226,13374.248,13021.4734,0
FPT.VN,2017-04-14,13414.12,13428.36,13072.36,13115.08,5070210,13379.232,13121.6298,13324.0284,13138.762,44.6494,65.3186,96.8771,-31.5584,211.2506,193179741,13712.9626,13379.232,13045.5014,0
FPT.VN,2017-04-17,13115.08,13243.24,13015.4,13015.4,3745846,13376.384,13127.3258,13294.6352,13133.9243,41.9817,33.4311,84.1879,-50.7568,212.4355,189433895,13721.905,13376.384,13030.863,1
FPT.VN,2017-04-18,13015.4,13100.84,12915.72,13100.84,2094551,13367.84,13137.0092,13276.1785,13132.6269,45.0142,14.8827,70.3269,-55.4441,210.4844,191528446,13732.196,13367.84,13003.484,0
FPT.VN,2017-04-19,13100.84,13214.76,13072.36,13100.84,3975656,13359.296,13145.5534,13259.4796,13131.3803,45.0142,0.1809,56.2977,-56.1167,205.6213,191528446,13740.7551,13359.296,12977.8369,0
FPT.VN,2017-04-20,13100.84,13200.52,13043.88,13058.12,1847115,13355.736,13152.6734,13240.3025,13128.5074,43.69,-14.7475,42.0886,-56.8361,202.1226,189681331,13747.4239,13355.736,12964.0481,0
FPT.VN,2017-04-21,13157.8,13214.76,13058.12,13058.12,1431526,13325.12,13160.0782,13222.9518,13125.7471,43.69,-26.2755,28.4158,-54.6913,198.8738,189681331,13708.8776,13325.12,12941.3624,0
FPT.VN,2017-04-24,13058.12,13115.08,13001.16,13029.64,1635107,13297.352,13167.4832,13204.5411,13121.9782,42.7184,-37.2799,15.2767,-52.5566,192.8057,188046224,13682.3008,13297.352,12912.4032,0
FPT.VN,2017-04-25,12986.92,13100.84,12958.44,13001.16,2114109,13269.584,13172.3248,13185.1715,13117.2402,41.7192,-47.7486,2.6716,-50.4202,189.2053,185932115,13655.9359,13269.584,12883.2321,1
FPT.VN,2017-04-26,13072.36,13115.08,13015.4,13100.84,1697993,13249.648,13170.0464,13177.1399,13116.5971,46.441,-47.4548,-7.3537,-40.1011,183.8278,187630108,13627.0794,13249.648,12872.2166,1
FPT.VN,2017-04-27,13129.32,13300.2,13129.32,13243.24,3514877,13235.408,13172.8944,13183.4352,13121.5635,52.377,-35.3243,-12.9478,-22.3765,184.9372,191144985,13589.3756,13235.408,12881.4404,0
FPT.VN,2017-04-28,13243.24,13243.24,13243.24,13243.24,0,13226.864,13179.7296,13189.1309,13126.3351,52.377,-25.4177,-15.4418,-9.9759,171.7274,191144985,13570.7751,13226.864,12882.9529,1
FPT.VN,2017-05-03,13300.2,13471.08,13229.0,13385.64,2832330,13222.592,13189.4128,13207.846,13136.5039,57.8011,-6.007,-13.5548,7.5478,176.7526,193977315,13555.6824,13222.592,12889.5016,0
FPT.VN,2017-05-04,13385.64,13499.56,13357.16,13385.64,2431489,13231.136,13200.52,13224.7788,13146.274,57.8011,9.2693,-8.99,18.2593,174.2988,193977315,13572.0549,13231.136,12890.2171,1
FPT.VN,2017-05-05,13385.64,13456.84,13357.16,13414.12,1086268,13232.56,13210.2032,13242.8113,13156.7777,58.8872,23.4042,-2.5112,25.9154,168.9689,195063583,13576.4214,13232.56,12888.6986,0
FPT.VN,2017-05-08,13357.16,13428.36,13328.68,13385.64,1291604,13238.968,13217.0384,13256.414,13165.7527,57.299,31.9399,4.3791,27.5609,164.0197,193771979,13589.4968,13238.968,12888.4392,1
FPT.VN,2017-05-09,13442.6,13755.88,13442.6,13755.88,4102411,13257.48,13230.1392,13303.9822,13188.895,69.0032,67.7983,17.0629,50.7354,178.7497,197874390,13673.5938,13257.48,12841.3662,0
FPT.VN,2017-05-10,13812.84,13941.0,13698.92,13698.92,5509043,13273.144,13242.1008,13341.5953,13208.8959,66.0057,90.576,31.7655,58.8105,183.2733,192365347,13731.0576,13273.144,12815.2304,0
FPT.VN,2017-05-11,13698.92,13784.36,13570.76,13698.92,2489529,13289.52,13250.9296,13375.6263,13228.1126,66.0057,107.3896,46.8903,60.4992,185.4395,192365347,13784.18,13289.52,12794.86,0
FPT.VN,2017-05-12,13698.92,13784.36,13670.44,13670.44,1856666,13295.928,13263.176,13403.7038,13245.4587,64.3839,117.0669,60.9256,56.1412,180.331,190508681,13807.4092,13295.928,12784.4468,0
FPT.VN,2017-05-15,13670.44,13670.44,13599.24,13613.48,1778506,13303.76,13275.1376,13423.6824,13259.891,61.1478,118.7709,72.4947,46.2762,172.5359,188730175,13830.1942,13303.76,12777.3258,0
FPT.VN,2017-05-16,13613.48,13755.88,13513.8,13528.04,2241461,13324.408,13286.8144,13433.6213,13270.4066,56.5559,111.9367,80.3831,31.5536,177.5033,186488714,13852.0754,13324.408,12796.7406,1
FPT.VN,2017-05-17,13528.04,13670.44,13456.84,13613.48,1944517,13354.312,13299.0608,13450.7507,13283.8605,59.8064,112.1224,86.731,25.3914,180.0817,188433231,13875.9991,13354.312,12832.6249,1
FPT.VN,2017-05-18,13656.2,13869.8,13570.76,13641.96,3192477,13381.368,13310.168,13468.9611,13297.9036,60.8577,113.262,92.0372,21.2249,188.5787,191625708,13903.8319,13381.368,12858.9041,1
FPT.VN,2017-05-19,13641.96,13784.36,13613.48,13784.36,2521973,13415.544,13324.9776,13498.9991,13316.9803,65.69,124.2237,98.4745,25.7492,187.3145,194147681,13950.0279,13415.544,12881.0601,1
FPT.VN,2017-05-22,13812.84,13969.48,13812.84,13812.84,6037939,13453.28,13340.3568,13528.8887,13336.4258,66.5787,133.6682,105.5132,28.155,187.1578,200185620,13988.0813,13453.28,12918.4787,1
FPT.VN,2017-05-23,13855.56,14069.16,13812.84,13912.52,7255036,13496.0,13359.4384,13565.425,13359.0177,69.5513,147.4961,113.9098,33.5863,192.0979,207440656,14034.3814,13496.0,12957.6186,1
FPT.VN,2017-05-24,14012.2,14026.44,13912.52,13983.72,4581658,13543.704,13377.096,13605.2626,13383.5158,71.5012,162.3288,123.5936,38.7352,186.5138,212022314,14077.1486,13543.704,13010.2594,0
FPT.VN,2017-05-25,14083.4,14083.4,13903.26,13952.39,5231421,13591.2655,13395.551,13638.3224,13405.8246,69.3953,169.6008,132.795,36.8057,186.0585,206790893,14089.4946,13591.2655,13093.0364,0
FPT.VN,2017-05-26,13952.39,13952.39,13755.88,13788.63,2651861,13625.655,13411.0156,13652.6374,13420.8366,59.5266,160.3019,138.2964,22.0055,186.805,204139032,14073.7823,13625.655,13177.5277,1
FPT.VN,2017-05-29,13788.63,13985.14,13788.63,13952.39,1936456,13661.1125,13430.6098,13681.1852,13441.6818,64.9019,164.2531,143.4878,20.7654,187.4983,206075488,14093.7923,13661.1125,13228.4327,1
FPT.VN,2017-05-30,13854.13,14296.29,13854.13,14083.4,5706109,13703.1205,13451.9698,13719.4914,13466.8473,68.5055,175.9279,149.9758,25.9522,205.6884,211781597,14128.0469,13703.1205,13278.1941,0
FPT.VN,2017-05-31,14083.4,14263.54,14083.4,14083.4,3245594,13738.0085,13472.1906,13754.1494,13491.0258,68.5055,183.07,156.5946,26.4754,203.8635,211781597,14167.7323,13738.0085,13308.2847,1
FPT.VN,2017-06-01,14116.15,14247.16,14116.15,14230.78,2403388,13780.2655,13491.3718,13799.5428,13520.0358,72.226,198.3362,164.9429,33.3932,200.999,214184985,14229.8487,13780.2655,13330.6823,0
FPT.VN,2017-06-02,14279.91,14312.66,14116.15,14165.28,2470651,13817.8235,13509.243,13834.3749,13545.3395,68.3609,202.8115,172.5167,30.2949,200.6783,211714334,14264.1077,13817.8235,13371.5393,0
FPT.VN,2017-06-05,14279.91,14296.29,14132.53,14165.28,2035320,13856.8055,13529.9622,13865.8897,13569.6509,68.3609,204.0066,178.8146,25.192,198.0413,211714334,14279.7294,13856.8055,13433.8816,1
FPT.VN,2017-06-06,14181.66,14672.94,14181.66,14509.18,4524199,13894.4705,13546.737,13927.1554,13606.4951,76.1369,230.0517,189.0621,40.9896,220.1569,216238533,14404.711,13894.4705,13384.23,0
FPT.VN,2017-06-07,14672.94,14672.94,14427.3,14427.3,2572996,13930.8895,13563.583,13974.7882,13638.6836,71.6234,241.304,199.5104,41.7935,221.9771,213665537,14484.4961,13930.8895,13377.2829,1
FPT.VN,2017-06-08,14410.92,14525.55,14312.66,14476.42,1924854,13969.7645,13581.981,14022.5627,13671.536,72.6701,251.2884,209.866,41.4223,221.3281,215590391,14562.5899,13969.7645,13376.9391,1
FPT.VN,2017-06-09,14476.42,14902.2,14476.42,14787.57,4792487,14025.621,13607.7412,14095.4205,13715.302,78.1645,281.0683,224.1065,56.9618,235.9318,220382878,14704.0342,14025.621,13347.2078,0
FPT.VN,2017-06-12,14738.44,14803.95,14607.43,14640.18,1688441,14076.956,13629.984,14147.3024,13751.5717,70.8938,289.4395,237.1731,52.2664,233.1166,218694437,14779.0248,14076.956,13374.8872,1
FPT.VN,2017-06-13,14738.44,15033.21,14738.44,14853.07,4805342,14143.2075,13658.763,14214.5183,13794.7677,74.5729,309.6823,251.6749,58.0074,244.539,223499779,14876.5541,14143.2075,13409.8609,0
FPT.VN,2017-06-14,15000.46,15000.46,14771.19,14803.95,2383328,14202.731,13685.4204,14270.6547,13834.3435,72.302,318.0946,264.9589,53.1357,243.4484,221116451,14948.1938,14202.731,13457.2682,1
FPT.VN,2017-06-15,14820.32,14869.45,14754.82,14869.45,1877834,14264.1055,13718.5142,14327.6828,13874.9359,73.4625,326.2854,277.2242,49.0612,234.2471,222994285,15017.2545,14264.1055,13510.9565,1
FPT.VN,2017-06-16,14902.2,14984.08,14836.7,14967.71,1844126,14323.273,13750.1556,14388.6378,13917.7898,75.1449,336.8228,289.1439,47.6789,228.0423,224838411,15103.1848,14323.273,13543.3612,1
FPT.VN,2017-06-19,15065.96,15196.97,15049.59,15164.22,3639584,14390.842,13788.2904,14462.5028,13966.6694,78.1309,356.9161,302.6983,54.2178,228.1293,228477995,15217.3228,14390.842,13564.3612,0
FPT.VN,2017-06-20,15229.72,15229.72,15065.96,15115.09,2326660,14450.9705,13822.8794,14524.6539,14011.7055,75.6828,364.6722,315.0931,49.5791,223.5315,226151335,15305.4349,14450.9705,13596.5061,1
FPT.VN,2017-06-21,15164.22,15557.24,15082.34,15557.24,5930644,14529.6465,13866.3114,14622.9955,14072.3147,81.3471,401.8643,332.4473,69.4169,241.4863,232081979,15486.5858,14529.6465,13572.7072,1
FPT.VN,2017-06-22,15491.74,15819.26,15491.74,15590.0,3800154,14611.527,13910.6834,14715.0911,14131.8318,81.6875,429.037,351.7653,77.2718,247.6316,235882133,15638.1994,14611.527,13584.8546,0
FPT.VN,2017-06-23,15590.0,15655.5,15458.99,15540.87,2319790,14699.139,13950.6552,14793.7367,14187.0882,79.3491,441.5177,369.7158,71.802,243.9801,233562343,15729.1894,14699.139,13669.0886,0
FPT.VN,2017-06-26,15671.88,15671.88,15229.72,15295.23,4201227,14766.281,13987.423,14841.498,14230.5447,68.7519,426.6693,381.1065,45.5628,258.1358,229361116,15765.9965,14766.281,13766.5655,0
FPT.VN,2017-06-27,15229.72,15262.47,14885.83,14967.71,8604916,14810.4965,14024.4756,14853.5182,14259.4532,57.6891,384.0466,381.6945,2.3521,268.9404,220756200,15760.0055,14810.4965,13860.9875,1
FPT.VN,2017-06-28,15033.21,15196.97,14951.33,15180.59,2870961,14865.356,14067.7794,14884.6679,14295.5762,61.9722,363.2581,378.0072,-14.7491,267.2761,223627161,15763.3718,14865.356,13967.3402,1
FPT.VN,2017-06-29,15164.22,15278.85,15164.22,15229.72,2229659,14915.303,14110.357,14917.53,14332.2093,62.9055,346.7503,371.7558,-25.0056,256.3728,225856820,15775.0133,14915.303,14055.5927,1
FPT.VN,2017-06-30,15229.72,15344.35,15000.46,15344.35,3411690,14974.2565,14155.2272,14958.1795,14371.9011,65.0602,339.0095,365.2066,-26.1971,262.624,229268510,15777.247,14974.2565,14171.266,0
FPT.VN,2017-07-03,15344.35,15344.35,15164.22,15196.97,2023382,15025.841,14198.0042,14980.9215,14404.2567,60.2172,317.3247,355.6302,-38.3055,256.7316,227245128,15737.3567,15025.841,14314.3253,1
FPT.VN,2017-07-04,15229.72,15295.23,15164.22,15262.47,2816797,15063.5055,14242.0912,15007.7356,14437.9121,61.5858,301.9439,344.8929,-42.949,247.7515,230061925,15738.6884,15063.5055,14388.3226,1
FPT.VN,2017-07-05,15229.72,15295.23,15213.35,15295.23,1552542,15106.902,14287.403,15035.116,14471.5325,62.2847,289.0659,333.7275,-44.6617,235.9035,231614467,15718.4859,15106.902,14495.3181,1
FPT.VN,2017-07-06,15311.6,15688.25,15262.47,15688.25,5876357,15167.4935,14341.1448,15097.3193,14519.2469,69.4623,307.034,328.3888,-21.3548,249.4661,237490824,15755.7464,15167.4935,14579.2406,1
FPT.VN,2017-07-07,15753.76,16179.53,15721.0,15917.52,7472500,15223.991,14397.4784,15175.4336,14574.0811,72.7235,335.9021,329.8915,6.0106,266.7385,244963324,15872.5612,15223.991,14575.4208,0
FPT.VN,2017-07-10,15786.51,15950.27,15590.0,15786.51,5546424,15281.3075,14448.3438,15233.6314,14621.6273,68.239,344.2406,332.7613,11.4793,273.4193,239416900,15915.0839,15281.3075,14647.5311,0
FPT.VN,2017-07-11,15688.25,15753.76,15393.48,15590.0,3137387,15318.154,14495.279,15267.5712,14659.6027,62.0575,331.1746,332.444,-1.2694,281.963,236279513,15932.4906,15318.154,14703.8174,1
FPT.VN,2017-07-12,15688.25,15753.76,15409.86,15704.63,2316279,15363.188,14541.6588,15309.1959,14700.5842,64.1004,326.3079,331.2168,-4.9088,286.387,238595792,15950.2577,15363.188,14776.1183,0
FPT.VN,2017-07-13,15704.63,15704.63,15704.63,15704.63,0,15404.947,14588.0386,15346.8563,14739.9585,64.1004,318.7764,328.7287,-9.9523,265.9308,238595792,15962.1998,15404.947,14847.6942,1
FPT.VN,2017-07-14,15999.4,16032.15,15852.01,15950.27,1652047,15454.075,14638.7616,15404.3242,14787.4217,68.3373,328.8381,328.7506,0.0875,270.33,240247839,16022.1651,15454.075,14885.9849,0
FPT.VN,2017-07-17,15950.27,15950.27,15622.75,15721.0,2764189,15481.914,14685.4688,15434.4838,14824.0326,61.0903,314.6844,325.9373,-11.2529,274.415,237483650,16044.742,15481.914,14919.086,0
FPT.VN,2017-07-18,15590.0,15721.0,15508.12,15655.5,2646701,15508.9345,14723.4612,15455.533,14856.6392,59.16,294.7841,319.7067,-24.9226,270.0197,234836949,16049.0423,15508.9345,14968.8267,0
FPT.VN,2017-07-19,15655.5,15819.26,15262.47,15360.73,3004907,15499.109,14756.6974,15446.5041,14876.4075,51.3038,252.3189,306.2291,-53.9102,290.5033,231832042,16042.6556,15499.109,14955.5624,0
FPT.VN,2017-07-20,15262.47,15360.73,15131.47,15327.98,2737168,15486.008,14789.2786,15435.2161,14894.1162,50.5014,213.5605,287.6954,-74.1349,286.1288,229094874,16032.9507,15486.008,14939.0653,0
FPT.VN,2017-07-21,15393.48,15491.74,15131.47,15131.47,2025305,15465.538,14818.4992,15406.2879,14903.4242,45.8659,165.0844,263.1732,-98.0888,291.4246,227069569,16034.0544,15465.538,14897.0216,1
FPT.VN,2017-07-24,15131.47,15262.47,15065.96,15229.72,1822753,15462.2625,14850.824,15389.4719,14916.2201,48.4154,133.061,237.1507,-104.0898,284.6449,228892322,16035.6444,15462.2625,14888.8806,1
FPT.VN,2017-07-25,15229.72,15360.73,15131.47,15295.23,1809014,15478.6385,14886.1678,15380.4965,14931.0832,50.1027,111.6808,212.0568,-100.3759,280.6889,230701336,16009.6944,15478.6385,14947.5826,1
FPT.VN,2017-07-26,15295.23,15655.5,15295.23,15655.5,2143527,15502.384,14927.0082,15406.6873,14959.4917,58.2006,122.3968,194.1248,-71.728,286.3732,232844863,16019.6169,15502.384,14985.1511,1
FPT.VN,2017-07-27,15721.0,15933.89,15622.75,15786.51,3798261,15530.2235,14969.8992,15442.8609,14991.9238,60.6984,139.8486,183.2695,-43.4209,288.1423,236643124,16045.5972,15530.2235,15014.8498,1
FPT.VN,2017-07-28,15786.51,15933.89,15688.25,15901.14,4921029,15558.063,15012.2348,15486.5065,15027.5794,62.7934,161.0722,178.8301,-17.7579,285.1064,241564153,16091.0145,15558.063,15025.1115,0
FPT.VN,2017-07-31,15884.76,15917.52,15753.76,15835.64,2025458,15589.9965,15052.6908,15519.7573,15059.268,60.7991,170.6398,177.192,-6.5523,276.4388,239538695,16108.1802,15589.9965,15071.8128,1
FPT.VN,2017-08-01,15868.39,16195.91,15786.51,16048.52,4445120,15629.299,15095.4108,15570.1157,15098.0622,64.7209,193.173,180.3882,12.7848,285.936,243983815,16161.923,15629.299,15096.675,1
FPT.VN,2017-08-02,16097.65,16343.29,15950.27,16179.53,6565657,15673.514,15139.327,15628.1551,15140.4727,66.9146,219.0767,188.1259,30.9508,293.5849,250549472,16235.3854,15673.514,15111.6426,1
FPT.VN,2017-08-03,16277.79,16736.32,16212.29,16408.8,6102724,15709.5415,15188.4552,15702.5023,15190.211,70.3852,255.1644,201.5336,53.6308,312.3853,256652196,16360.701,15709.5415,15058.382,0
FPT.VN,2017-08-04,16474.3,16507.05,16228.66,16408.8,2525273,15734.1055,15240.8586,15769.7687,15237.9988,70.3852,280.5304,217.333,63.1975,309.957,256652196,16451.9503,15734.1055,15016.2607,0
FPT.VN,2017-08-07,16408.8,16408.8,16277.79,16326.92,2341774,15761.126,15288.3492,15822.8308,15280.7016,67.4544,290.6754,232.0015,58.6739,297.1751,254310422,16526.3933,15761.126,14995.8587,0
FPT.VN,2017-08-08,16326.92,16376.04,16032.15,16032.15,4459135,15783.2335,15327.3242,15842.7659,15310.1702,58.0788,271.7968,239.9605,31.8363,300.5119,249851287,16553.2173,15783.2335,15013.2497,0
FPT.VN,2017-08-09,16015.77,16015.77,15770.13,15852.01,5625228,15790.6025,15362.6964,15843.6463,15331.4188,53.2113,239.5383,239.8761,-0.3378,297.7625,244226059,16560.2397,15790.6025,15020.9653,1
FPT.VN,2017-08-10,15721.0,16032.15,15721.0,16015.77,2664929,15806.1595,15398.3962,15860.039,15358.2561,56.7592,224.5983,236.8205,-12.2223,298.7187,246890988,16581.0402,15806.1595,15031.2788,1
FPT.VN,2017-08-11,16048.52,16212.29,15917.52,16195.91,1674580,15818.4415,15439.0088,15892.0268,15391.1053,60.3232,224.7037,234.3972,-9.6934,298.4367,248565568,16610.5355,15818.4415,15026.3475,0
FPT.VN,2017-08-14,16376.04,16376.04,16114.03,16114.03,2360887,15838.093,15477.9838,15913.1699,15419.4553,57.9838,215.6939,230.6565,-14.9626,295.8348,246204681,16639.4557,15838.093,15036.7303,0
FPT.VN,2017-08-15,16114.03,16114.03,15884.76,16015.77,2505763,15856.1065,15508.1156,15922.9414,15442.8402,55.2163,198.3384,224.1929,-25.8545,291.0801,243698918,16656.3834,15856.1065,15055.8296,0
FPT.VN,2017-08-16,16015.77,16015.77,15868.39,15917.52,2486650,15883.946,15537.92,15922.425,15461.4551,52.5173,174.643,214.2829,-39.6399,280.8158,241212268,16649.6555,15883.946,15118.2365,0
FPT.VN,2017-08-17,15721.0,15786.51,15524.49,15524.49,1954165,15893.7715,15558.8814,15884.5265,15463.927,43.3818,122.7351,195.9733,-73.2382,288.8311,239258103,16634.0641,15893.7715,15153.4789,1
FPT.VN,2017-08-18,15524.49,15655.5,15360.73,15557.24,1111135,15915.06,15574.2748,15853.3563,15467.5864,44.252,83.2804,173.4348,-90.1543,289.2553,240369238,16584.1117,15915.06,15246.0083,1
FPT.VN,2017-08-21,15721.0,15721.0,15557.24,15639.12,1086190,15935.53,15594.2536,15832.9529,15474.3132,46.4674,57.9513,150.3381,-92.3868,280.2914,241455428,16538.0361,15935.53,15333.0239,0
FPT.VN,2017-08-22,15622.75,15639.12,15426.23,15426.23,1272346,15942.08,15605.7168,15794.2174,15472.4276,41.8147,20.4634,124.3631,-103.8997,275.477,240183082,16517.5174,15942.08,15366.6426,1
FPT.VN,2017-08-23,15393.48,15557.24,15393.48,15458.99,1579441,15932.2545,15618.8176,15762.2909,15471.9006,42.7644,-6.5273,98.1851,-104.7123,267.4972,241762523,16534.3869,15932.2545,15330.1221,1
FPT.VN,2017-08-24,15524.49,15655.5,15458.99,15622.75,1324556,15924.0665,15633.8836,15749.0013,15477.8163,47.3874,-14.536,75.6409,-90.1768,262.4267,243087079,16538.8642,15924.0665,15309.2688,0
FPT.VN,2017-08-25,15655.5,15671.88,15557.24,15557.24,1143652,15906.8715,15645.6742,15730.7383,15480.9309,45.7939,-25.8708,55.3385,-81.2093,251.8705,241943427,16543.2278,15906.8715,15270.5152,1
FPT.VN,2017-08-28,15491.74,15590.0,15475.36,15590.0,1737721,15894.5895,15654.1898,15717.3347,15485.2081,46.7581,-31.8432,37.9022,-69.7454,242.0683,243681148,16546.0375,15894.5895,15243.1415,1
FPT.VN,2017-08-29,15557.24,15753.76,15540.87,15639.12,2528357,15874.1195,15664.6704,15709.8857,15491.2439,48.2446,-32.2412,23.8735,-56.1147,239.9842,246209505,16530.9085,15874.1195,15217.3305,1
FPT.VN,2017-08-30,15606.37,15688.25,15573.62,15655.5,983570,15847.918,15666.6356,15704.7061,15497.6853,48.7583,-30.8789,12.923,-43.8019,231.0303,247193075,16495.1476,15847.918,15200.6884,1
FPT.VN,2017-08-31,15655.5,15983.02,15655.5,15884.76,3404454,15821.716,15672.5308,15721.8541,15512.8647,55.4277,-11.1711,8.1042,-19.2753,237.9224,250597529,16413.3849,15821.716,15230.0471,1
FPT.VN,2017-09-01,15917.52,15933.89,15819.26,15917.52,820344,15797.152,15680.0638,15740.4889,15528.7335,56.3029,7.0101,7.8854,-0.8753,229.1158,251417873,16323.3669,15797.152,15270.9371,0
FPT.VN,2017-09-04,15917.52,15917.52,15917.52,15917.52,0,15776.682,15692.5096,15757.349,15543.9801,56.3029,21.1748,10.5433,10.6315,212.7504,251417873,16244.7664,15776.682,15308.5976,0
FPT.VN,2017-09-05,15917.52,15917.52,15802.88,15884.76,1365805,15769.3125,15710.8506,15769.4834,15557.344,55.0493,29.4178,14.3182,15.0996,205.7425,250052068,16224.937,15769.3125,15313.688,0
FPT.VN,2017-09-06,15868.39,15868.39,15655.5,15786.51,1558953,15766.0375,15722.969,15771.105,15566.3309,51.3561,27.7031,16.9952,10.708,207.4223,248493115,16220.0981,15766.0375,15311.9769,0
FPT.VN,2017-09-07,15721.0,15819.26,15688.25,15688.25,1465402,15749.6615,15732.1396,15763.214,15571.112,47.8953,18.2056,17.2373,0.9684,201.9643,247027713,16189.1908,15749.6615,15310.1322,0
FPT.VN,2017-09-08,15721.0,15721.0,15622.75,15622.75,1459876,15721.0035,15737.7076,15749.8365,15573.137,45.6852,5.332,14.8562,-9.5242,194.5561,245567837,16109.8416,15721.0035,15332.1654,0
FPT.VN,2017-09-11,15622.75,15786.51,15491.74,15508.12,2574858,15690.708,15743.9306,15726.8159,15570.5874,42.03,-13.9592,9.0931,-23.0523,201.7143,242992979,16043.3431,15690.708,15338.0729,1
FPT.VN,2017-09-12,15557.24,15753.76,15524.49,15753.76,2606490,15677.6075,15753.7564,15729.382,15577.7706,51.0653,-9.3191,5.4107,-14.7297,204.8518,245599469,15997.327,15677.6075,15357.888,1
FPT.VN,2017-09-13,15819.26,16179.53,15819.26,15966.64,5937361,15680.0635,15767.1846,15751.978,15593.0204,57.2796,11.4044,6.6094,4.795,220.6317,251536830,16008.1869,15680.0635,15351.9401,0
FPT.VN,2017-09-14,16048.52,16048.52,15835.64,15835.64,2616901,15695.621,15770.1324,15759.9458,15602.5349,52.8332,17.0607,8.6997,8.361,220.078,248919929,16022.1881,15695.621,15369.0539,0
FPT.VN,2017-09-15,15819.26,15884.76,15721.0,15786.51,2425555,15707.0845,15767.5122,15762.4757,15609.7496,51.2272,17.3786,10.4355,6.9431,216.0553,246494374,16029.2653,15707.0845,15384.9037,1
FPT.VN,2017-09-18,15835.64,15852.01,15721.0,15835.64,2453064,15716.9105,15768.4948,15769.4438,15618.608,52.7732,21.3488,12.6181,8.7307,209.9806,248947438,16042.3344,15716.9105,15391.4866,1
FPT.VN,2017-09-19,15884.76,15999.4,15852.01,15852.01,2654273,15738.1995,15773.735,15777.3072,15627.7611,53.3044,25.522,15.1989,10.3231,206.6792,251601711,16038.277,15738.1995,15438.122,1
FPT.VN,2017-09-20,15933.89,15966.64,15835.64,15933.89,1927846,15761.9445,15778.3202,15792.2199,15639.7661,55.9717,35.0324,19.1656,15.8668,201.2735,253529557,16043.5867,15761.9445,15480.3023,1
FPT.VN,2017-09-21,16015.77,16245.04,15966.64,16179.53,8145037,15789.7835,15787.8182,15829.1065,15660.9333,62.8311,61.6796,27.6684,34.0112,209.1218,261674594,16119.4671,15789.7835,15460.0999,1
FPT.VN,2017-09-22,16245.04,16359.67,16179.53,16195.91,4257071,15821.717,15792.731,15864.0402,15681.9128,63.2423,83.1608,38.7669,44.3939,207.0517,265931665,16179.1201,15821.717,15464.3139,0
FPT.VN,2017-09-25,16294.17,16294.17,15999.4,15999.4,2274816,15842.187,15798.299,15876.9316,15694.3633,55.3327,83.3671,47.6869,35.6802,213.3173,263656849,16190.4908,15842.187,15493.8832,1
FPT.VN,2017-09-26,15999.4,16048.52,15884.76,16048.52,2683340,15862.657,15806.1594,15893.2734,15708.2518,56.7875,86.4971,55.449,31.0481,209.7775,266340189,16208.8257,15862.657,15516.4883,0
FPT.VN,2017-09-27,16048.52,16179.53,15950.27,16048.52,2652746,15882.308,15819.9152,15908.0588,15721.5956,56.7875,87.9636,61.9519,26.0117,211.1691,266340189,16223.5482,15882.308,15541.0678,0
FPT.VN,2017-09-28,16048.52,16130.4,15852.01,16032.15,2364337,15889.6775,15833.9986,15919.877,15733.7742,56.0815,86.8043,66.9224,19.8819,215.9706,263975852,16237.4444,15889.6775,15541.9106,0
FPT.VN,2017-09-29,16015.77,16048.52,15917.52,15966.64,1207739,15892.1335,15850.702,15924.3306,15742.9062,53.2295,79.6809,69.4741,10.2068,209.9013,262768113,16241.4188,15892.1335,15542.8482,0
FPT.VN,2017-10-02,15966.64,16032.15,15737.38,15786.51,2782081,15885.583,15861.8378,15911.2048,15744.6162,46.2628,58.8225,67.3438,-8.5212,215.9633,259986032,16237.7656,15885.583,15533.4004,0
FPT.VN,2017-10-03,15786.51,15786.51,15606.37,15671.88,3321833,15874.939,15869.3708,15888.412,15741.7638,42.4549,32.6659,60.4082,-27.7423,213.4045,256664199,16239.8636,15874.939,15510.0144,1
FPT.VN,2017-10-04,15688.25,15786.51,15655.5,15737.38,1582799,15872.4825,15871.0084,15874.028,15741.5919,45.2291,17.0256,51.7317,-34.7061,207.5192,258246998,16240.5612,15872.4825,15504.4038,1
FPT.VN,2017-10-05,15852.01,16032.15,15721.0,15819.26,2009856,15879.033,15871.6634,15868.812,15744.6377,48.5671,11.1095,43.6072,-32.4977,214.9214,260256854,16237.8533,15879.033,15520.2127,1
FPT.VN,2017-10-06,15819.26,15983.02,15819.26,15966.64,1740224,15896.2275,15872.9734,15878.1289,15753.3436,54.0013,18.1046,38.5067,-20.4021,211.267,261997078,16235.7793,15896.2275,15556.6757,1
FPT.VN,2017-10-09,16048.52,16048.52,15917.52,15983.02,1788679,15919.9725,15875.921,15888.1186,15762.3506,54.5758,24.6854,35.7425,-11.057,205.5336,263785757,16207.7159,15919.9725,15632.2291,1
FPT.VN,2017-10-10,15966.64,16146.78,15966.64,16146.78,3769652,15939.6235,15877.8862,15912.753,15777.4262,59.9594,42.6235,37.1187,5.5049,203.7198,267555409,16233.1946,15939.6235,15646.0524,1
FPT.VN,2017-10-11,16179.53,16539.81,16146.78,16343.29,7758222,15958.456,15881.1614,15953.7565,15799.617,65.2776,71.8679,44.0685,27.7993,217.242,275313631,16303.19,15958.456,15613.722,1
FPT.VN,2017-10-12,16376.04,16834.57,16376.04,16703.57,6120220,16001.8525,15887.0568,16025.1673,15835.0661,72.4914,122.7014,59.7951,62.9063,236.8161,281433851,16475.7931,16001.8525,15527.9119,1
FPT.VN,2017-10-13,16769.07,16801.82,16572.56,16769.07,3293713,16050.9805,15894.2622,16096.0152,15871.6937,73.5667,166.3549,81.1071,85.2479,236.2764,284727564,16624.2302,16050.9805,15477.7308,1
FPT.VN,2017-10-16,16703.57,17031.09,16670.81,16834.57,3815451,16100.927,15904.4152,16166.3537,15909.4536,74.6344,203.8858,105.6628,98.223,245.1338,288543015,16762.4516,16100.927,15439.4024,1
FPT.VN,2017-10-17,16867.33,16867.33,16670.81,16867.33,2629633,16151.693,15921.1188,16233.1134,15947.0173,75.1745,233.5801,131.2463,102.3338,241.6614,291172648,16884.753,16151.693,15418.633,0
FPT.VN,2017-10-18,16834.57,16998.34,16539.81,16539.81,3777346,16181.989,15934.8748,16262.3226,15970.2641,61.1544,228.0561,150.6082,77.4478,257.152,287395302,16927.1319,16181.989,15436.8461,1
FPT.VN,2017-10-19,16539.81,16769.07,16408.8,16572.56,2984053,16201.6405,15946.0106,16291.869,15993.8836,61.9192,223.7417,165.2349,58.5068,264.5176,290379355,16966.9676,16201.6405,15436.3134,0
FPT.VN,2017-10-20,16474.3,16605.31,16376.04,16474.3,2342079,16215.56,15951.5784,16309.2434,16012.7234,58.2158,209.9733,174.1826,35.7907,261.9999,288037276,16990.5142,16215.56,15440.6058,0
FPT.VN,2017-10-23,16474.3,16474.3,16146.78,16146.78,3407874,16222.929,15952.2334,16293.7707,16017.9805,47.9264,170.6664,173.4794,-2.813,266.6799,284629402,16992.0093,16222.929,15453.8487,0
FPT.VN,2017-10-24,16146.78,16310.54,16097.65,16146.78,2684988,16227.842,15954.8536,16279.7716,16023.0315,47.9264,137.9254,166.3686,-28.4432,262.8378,284629402,16993.4788,16227.842,15462.2052,1
FPT.VN,2017-10-25,16212.29,16310.54,16146.78,16277.79,2346415,16239.3055,15962.059,16279.5829,16033.022,51.8726,121.1528,157.3254,-36.1726,255.7608,286975817,17000.49,16239.3055,15478.121,0
FPT.VN,2017-10-26,16310.54,16343.29,16048.52,16245.04,3327604,16249.95,15976.47,16276.2931,16041.3365,50.8355,104.0186,146.664,-42.6454,258.5471,283648213,17004.8654,16249.95,15495.0346,1
FPT.VN,2017-10-27,16179.53,16441.55,16097.65,16441.55,2244070,16273.6955,15994.1562,16292.0318,16057.0311,56.4605,105.085,138.3482,-33.2632,264.6438,285892283,17020.9263,16273.6955,15526.4647,0
FPT.VN,2017-10-30,16441.55,16638.06,16343.29,16376.04,5212461,16303.172,16008.8946,16300.0326,16069.5413,54.2329,99.4971,130.578,-31.0809,266.7957,280679822,17015.1638,16303.172,15591.1802,1
FPT.VN,2017-10-31,16376.04,16834.57,16245.04,16507.05,4940631,16344.9305,16030.511,16319.7485,16086.6985,57.8172,104.4362,125.3497,-20.9134,289.8481,285620453,16996.4211,16344.9305,15693.4399,1
FPT.VN,2017-11-01,16539.81,16703.57,16507.05,16638.06,2772281,16389.9645,16054.0924,16350.0639,16108.3205,61.0983,117.5667,123.7931,-6.2264,283.1818,288392734,16986.8575,16389.9645,15793.0715,0
FPT.VN,2017-11-02,16670.81,16834.57,16310.54,16539.81,3800978,16425.992,16072.4336,16368.135,16125.2416,57.487,118.6767,122.7698,-4.0931,300.3853,284591756,16961.6915,16425.992,15890.2925,1
FPT.VN,2017-11-03,16376.04,16703.57,16179.53,16703.57,3665079,16462.8385,16095.3602,16400.0812,16147.9212,61.5648,131.2573,124.4673,6.79,316.3606,288256835,16965.8857,16462.8385,15959.7913,1
FPT.VN,2017-11-06,16834.57,16965.58,16670.81,16834.57,4911106,16505.416,16120.2516,16441.4611,16174.8486,64.4983,150.0683,129.5875,20.4808,314.8184,293167941,16980.8593,16505.416,16029.9727,0
FPT.VN,2017-11-07,16867.33,16867.33,16670.81,16769.07,3486159,16536.5305,16142.8506,16472.6619,16198.1514,61.9522,157.871,135.2442,22.6268,306.3685,289681782,16994.2712,16536.5305,16078.7898,1
FPT.VN,2017-11-08,16769.07,17358.61,16703.57,17358.61,10338057,16587.2965,16176.9128,16557.0379,16243.6596,72.4817,209.214,150.0382,59.1758,331.2736,300019839,17164.4365,16587.2965,16010.1565,0
FPT.VN,2017-11-09,17489.62,17522.37,17162.1,17227.6,5253405,16613.498,16203.7696,16620.901,16282.2455,67.9794,236.6048,167.3515,69.2533,333.3448,294766434,17256.6676,16613.498,15970.3284,0
FPT.VN,2017-11-10,17194.85,17456.87,17096.59,17096.59,4182023,16629.874,16227.351,16666.2047,16314.1806,63.7171,244.9176,182.8647,62.0529,335.2687,290584411,17305.5773,16629.874,15954.1707,1
FPT.VN,2017-11-13,17096.59,17948.15,16998.34,17686.13,14561757,16672.452,16262.7232,16763.3404,16367.9825,72.1725,295.6682,205.4254,90.2428,379.1645,305146168,17494.0358,16672.452,15850.8682,0
FPT.VN,2017-11-14,17849.89,18177.41,17522.37,17653.38,13226941,16711.7545,16298.0956,16848.1061,16418.3902,71.1802,329.448,230.2299,99.2181,398.8699,291919227,17640.7719,16711.7545,15782.7371,1
FPT.VN,2017-11-15,17718.88,18668.69,17686.13,18635.94,14246082,16816.561,16355.0842,17018.376,16505.353,80.0452,430.5402,270.292,160.2482,442.9014,306165309,18077.541,16816.561,15555.581,1
FPT.VN,2017-11-16,18799.7,19225.48,18537.68,18668.69,11400066,16921.3675,16414.693,17175.5488,16590.1897,80.2631,507.4496,317.7235,189.7261,460.3941,317565375,18422.5244,16921.3675,15420.2106,0
FPT.VN,2017-11-17,18766.95,18766.95,18308.42,18570.44,12000943,17026.1745,16473.6468,17308.3955,16667.8466,77.5277,554.0857,364.9959,189.0898,460.261,305564432,18680.7613,17026.1745,15371.5877,1
FPT.VN,2017-11-20,18373.92,18996.21,18308.42,18963.46,11610006,17167.0085,16542.7536,17466.0207,16757.8706,80.4046,615.6616,415.1291,200.5326,476.513,317174438,18978.4882,17167.0085,15355.5288,0
FPT.VN,2017-11-21,19061.72,19258.23,18734.2,18734.2,10337416,17296.3795,16602.3624,17586.7997,16835.3738,74.4196,638.6003,459.8233,178.7769,479.9071,306837022,19169.5932,17296.3795,15423.1658,1
FPT.VN,2017-11-22,18668.69,18996.21,18668.69,18996.21,7927280,17432.3005,16662.9538,17721.0293,16920.1124,76.5665,670.1957,501.8978,168.2979,469.0223,314764302,19387.0423,17432.3005,15477.5587,0
FPT.VN,2017-11-23,18996.21,19258.23,18734.2,18865.21,10796654,17563.309,16723.5452,17829.9989,16996.3908,73.2561,676.8623,536.8907,139.9716,472.9514,303967648,19534.1598,17563.309,15592.4582,1
FPT.VN,2017-11-24,18832.45,18996.21,18668.69,18963.46,7238682,17689.4045,16787.0842,17937.9475,17073.5307,74.1585,682.2094,565.9544,116.255,462.5635,311206330,19680.6632,17689.4045,15698.1458,1
FPT.VN,2017-11-27,18996.21,19553.0,18996.21,19061.72,8103238,17823.6885,16851.6058,18044.9735,17151.4989,75.0647,686.4627,590.0561,96.4066,471.6332,319309568,19804.2232,17823.6885,15843.1538,0
FPT.VN,2017-11-28,18996.21,19061.72,18734.2,18832.45,6999553,17939.9585,16911.2146,18119.9712,17217.4186,68.986,663.6828,604.7814,58.9014,461.3394,312310015,19867.3591,17939.9585,16012.5579,1
FPT.VN,2017-11-29,18996.21,19553.0,18799.7,19421.99,11740624,18079.155,16980.9766,18243.973,17303.8724,74.6669,685.3008,620.8853,64.4155,482.1938,324050639,20012.7697,18079.155,16145.5403,0
FPT.VN,2017-11-30,19618.5,19651.25,19127.22,19127.22,9168025,18208.5255,17039.9304,18328.0918,17375.3762,67.9636,670.9139,630.891,40.0228,485.1821,314882614,20052.6476,18208.5255,16364.4034,0
FPT.VN,2017-12-01,19061.72,19192.72,18897.96,19127.22,5585231,18329.708,17098.5566,18404.1992,17444.076,67.9636,651.9963,635.1121,16.8842,471.5805,314882614,20073.2156,18329.708,16586.2004,1
FPT.VN,2017-12-04,19159.97,19356.49,19094.47,19258.23,6730471,18450.891,17163.7332,18485.5355,17515.2193,69.3805,640.1956,636.1288,4.0668,456.6119,321613085,20090.6694,18450.891,16811.1126,0
FPT.VN,2017-12-05,19258.23,19421.99,18766.95,18766.95,10865688,18550.785,17218.1018,18512.3369,17564.3067,58.8662,584.464,625.7958,-41.3318,470.7853,310747397,19990.3714,18550.785,17111.1986,0
FPT.VN,2017-12-06,18668.69,18766.95,18341.17,18603.19,10753603,18613.014,17269.1952,18520.9896,17605.0473,55.829,521.0755,604.8518,-83.7762,467.5706,299993794,19938.7082,18613.014,17287.3198,0
FPT.VN,2017-12-07,18603.19,18832.45,18275.67,18373.92,5054883,18670.33,17316.0306,18506.9829,17635.1991,51.7995,447.1847,573.3184,-126.1336,473.9427,294938911,19832.9089,18670.33,17507.7511,0
FPT.VN,2017-12-08,18341.17,18504.93,18046.4,18177.41,5875014,18724.371,17360.246,18475.595,17656.4623,48.5641,368.5209,532.3589,-163.838,472.8418,289063897,19656.5958,18724.371,17792.1462,0
FPT.VN,2017-12-11,17849.89,18079.15,17522.37,17522.37,8354825,18716.183,17394.9632,18384.8117,17651.2038,39.6695,250.4362,475.9743,-225.5382,485.856,280709072,19688.8057,18716.183,17743.5603,1
FPT.VN,2017-12-12,17718.88,17915.39,16638.06,17587.87,9507728,18712.9075,17433.283,18308.9125,17648.7201,40.8364,160.2907,412.8376,-252.5469,542.3898,290216800,19700.92,18712.9075,17724.895,1
FPT.VN,2017-12-13,17784.38,17948.15,17587.87,17915.39,4964141,18676.88,17476.8432,18271.4342,17659.1777,46.4172,113.9642,353.0629,-239.0987,529.382,295180941,19727.2886,18676.88,17626.4714,1
FPT.VN,2017-12-14,17849.89,18308.42,17849.89,18308.42,3897247,18658.8665,17526.6264,18274.9566,17684.6382,52.2393,107.7226,303.9949,-196.2723,524.3211,299078188,19722.1442,18658.8665,17595.5888,1
FPT.VN,2017-12-15,18341.17,18603.19,18177.41,18504.93,4920724,18655.591,17577.3922,18296.8588,17716.8065,54.8791,117.2808,266.6521,-149.3712,517.2825,303998912,19720.4182,18655.591,17590.7638,0
FPT.VN,2017-12-18,18668.69,18734.2,18373.92,18439.43,5476780,18629.3895,17626.5204,18310.4371,17745.1447,53.8115,118.2079,236.9632,-118.7553,506.068,298522132,19688.091,18629.3895,17570.688,0
FPT.VN,2017-12-19,18439.43,18570.44,17980.9,18079.15,7582935,18596.637,17665.1678,18288.4097,17758.243,48.2511,88.8468,207.3399,-118.4931,512.0303,290939197,19681.8831,18596.637,17511.3909,1
FPT.VN,2017-12-20,18079.15,18668.69,18079.15,18439.43,5986335,18568.798,17707.0906,18302.7926,17784.9562,53.4331,93.571,184.5862,-91.0152,517.5667,296925532,19639.3524,18568.798,17498.2436,1
FPT.VN,2017-12-21,18603.19,18799.7,18373.92,18472.18,5634815,18549.1465,17742.4628,18318.9247,17811.9061,53.8851,98.8184,167.4326,-68.6142,511.0105,302560347,19611.1865,18549.1465,17487.1065,1
FPT.VN,2017-12-22,18472.18,18799.7,18406.68,18701.44,5306745,18536.0455,17781.1102,18355.3548,17846.7898,57.0298,120.092,157.9645,-37.8725,502.5826,307867092,19582.9223,18536.0455,17489.1687,1
FPT.VN,2017-12-25,18766.95,19028.96,18766.95,18865.21,7309182,18526.22,17821.723,18403.9124,17886.7279,59.1717,148.4551,156.0626,-7.6075,490.0782,315176274,19555.8702,18526.22,17496.5698,0
FPT.VN,2017-12-26,18996.21,18996.21,18701.44,18701.44,3804489,18519.6695,17858.4052,18432.2484,17918.6773,56.1572,155.9208,156.0342,-0.1134,476.1276,311371785,19542.7628,18519.6695,17496.5762,0
FPT.VN,2017-12-27,18832.45,18832.45,18537.68,18570.44,5199881,18477.092,17899.0178,18445.4095,17944.2367,53.7963,149.543,154.736,-5.193,463.1735,306171904,19408.8767,18477.092,17545.3073,1
FPT.VN,2017-12-28,18570.44,18865.21,18504.93,18734.2,5850771,18457.441,17942.2506,18472.9133,17975.2156,56.2712,155.9054,154.9699,0.9356,455.8239,312022675,19347.1214,18457.441,17567.7606,0
FPT.VN,2017-12-29,18734.2,18865.21,18668.69,18701.44,4762627,18436.152,17986.7934,18494.6778,18003.695,55.6293,156.5002,155.276,1.2243,437.3022,307260048,19277.4092,18436.152,17594.8948,0
FPT.VN,2018-01-01,18701.44,18701.44,18701.44,18701.44,0,18408.3125,18037.8866,18514.3694,18031.0576,55.6293,155.1827,155.2573,-0.0746,406.0663,307260048,19167.9114,18408.3125,17648.7136,1
FPT.VN,2018-01-02,18766.95,19585.75,18734.2,19585.75,15333860,18449.2525,18106.666,18616.4057,18092.0259,67.3059,222.9253,168.7909,54.1344,440.2266,322593908,19362.8828,18449.2525,17535.6222,0
FPT.VN,2018-01-03,19815.02,19880.52,19487.49,19585.75,8640456,18498.3805,18172.8252,18708.7242,18150.6033,67.3059,273.4595,189.7246,83.7349,436.8554,322593908,19543.1247,18498.3805,17453.6363,1
FPT.VN,2018-01-04,19651.25,19978.78,19618.5,19978.78,8502663,18578.6235,18247.5,18829.6819,18222.2965,71.2111,341.2883,220.0374,121.2509,433.725,331096571,19812.5213,18578.6235,17344.7257,0
FPT.VN,2018-01-05,19978.78,20011.53,19618.5,19651.25,8706161,18652.3155,18311.694,18907.9265,18278.3339,64.3166,364.4134,248.9126,115.5009,430.8182,322390410,19959.2072,18652.3155,17345.4238,1
FPT.VN,2018-01-08,19520.25,19946.02,19421.99,19946.02,7721736,18773.498,18383.0936,19006.7925,18343.7334,67.3777,401.893,279.5087,122.3843,437.4762,330112146,20088.6749,18773.498,17458.3211,1
FPT.VN,2018-01-09,19978.78,20404.55,19749.51,20339.05,12243523,18911.057,18459.7336,19133.6742,18421.9811,70.9555,458.0301,315.2129,142.8172,453.0165,342355669,20278.561,18911.057,17543.553,0
FPT.VN,2018-01-10,20306.3,20633.82,20011.53,20142.54,7971002,19022.4145,18529.8232,19229.7566,18489.454,66.999,481.1165,348.3937,132.7229,465.1075,334384667,20411.091,19022.4145,17633.738,0
FPT.VN,2018-01-11,20011.53,20273.54,19880.52,20142.54,7389299,19114.1205,18601.8778,19316.6884,18554.2809,66.999,493.7213,377.4592,116.2621,459.9584,334384667,20545.8438,19114.1205,17682.3972,0
FPT.VN,2018-01-12,20240.79,20306.3,19716.76,19716.76,8625250,19174.712,18662.1416,19354.7904,18599.8683,58.765,464.0051,394.7684,69.2367,469.2142,325759417,20600.4406,19174.712,17748.9834,1
FPT.VN,2018-01-15,19684.01,20044.28,19553.0,19978.78,7010331,19251.6795,18725.0258,19414.218,18653.9433,61.8706,456.3372,407.0821,49.2551,470.7903,332769748,20676.4779,19251.6795,17826.8811,0
FPT.VN,2018-01-16,19946.02,20142.54,19749.51,19978.78,4617659,19346.661,18789.22,19467.9858,18705.8976,61.8706,445.1292,414.6915,30.4376,465.236,332769748,20693.4826,19346.661,17999.8394,0
FPT.VN,2018-01-17,19978.78,20011.53,19323.73,19323.73,6897971,19390.876,18828.5224,19454.2472,18730.1264,50.7817,379.0205,407.5573,-28.5368,481.1334,325871777,20668.5811,19390.876,18113.1709,0
FPT.VN,2018-01-18,19094.47,19323.73,18865.21,19323.73,10119323,19433.4535,18870.445,19441.817,18753.4049,50.7817,322.9067,390.6272,-67.7205,479.5182,325871777,20636.8494,19433.4535,18230.0576,0
FPT.VN,2018-01-19,19323.73,19585.75,19290.98,19290.98,6114693,19462.9305,18914.3328,19427.4515,18774.4863,50.2594,272.6505,367.0319,-94.3814,466.3219,319757084,20618.7711,19462.9305,18307.0899,0
FPT.VN,2018-01-22,19290.98,19290.98,19290.98,19290.98,0,19484.219,18946.4298,19414.4543,18794.741,50.2594,230.1689,339.6593,-109.4904,433.0132,319757084,20608.9719,19484.219,18359.4661,0
FPT.VN,2018-01-23,19290.98,19290.98,19290.98,19290.98,0,19513.696,18979.1818,19402.6948,18814.2013,50.2594,194.2625,310.5799,-116.3174,402.0837,319757084,20581.5319,19513.696,18445.8601,0
FPT.VN,2018-01-24,19290.98,19290.98,19290.98,19290.98,0,19549.723,18992.2826,19392.0553,18832.8985,50.2594,163.9169,281.2473,-117.3304,373.3634,319757084,20528.4666,19549.723,18570.9794,1
FPT.VN,2018-01-25,20142.54,20502.81,19946.02,20011.53,16390556,19613.5895,19019.1394,19451.0529,18879.1194,61.8664,195.7537,264.1486,-68.3949,433.2539,336147640,20533.1798,19613.5895,18693.9992,0
FPT.VN,2018-01-26,20306.3,20306.3,19815.02,19913.27,4982216,19674.181,19045.996,19495.0736,18919.6743,59.8165,210.6278,253.4444,-42.8166,437.3986,331165424,20495.1156,19674.181,18853.2464,0
FPT.VN,2018-01-29,19946.02,20273.54,19618.5,19749.51,4077419,19726.5845,19061.717,19519.3056,18952.2169,56.459,206.8175,244.1191,-37.3015,452.9444,327088005,20408.0244,19726.5845,19045.1446,1
FPT.VN,2018-01-30,19585.75,20961.34,19487.49,20961.34,14409309,19795.364,19106.2598,19656.6422,19031.006,69.9161,298.1455,254.9244,43.2212,525.8662,341497314,20667.8542,19795.364,18922.8738,0
FPT.VN,2018-01-31,21223.36,21452.62,20601.06,20601.06,12178703,19846.1295,19138.3568,19746.5868,19092.5768,63.6205,337.5609,271.4517,66.1092,549.1301,329318611,20783.0395,19846.1295,18909.2195,0
FPT.VN,2018-02-01,20601.06,20797.58,20175.29,20175.29,6370585,19855.955,19164.5584,19787.4156,19135.0361,57.0794,330.6305,283.2874,47.343,554.3558,322948026,20802.7914,19855.955,18909.1186,0
FPT.VN,2018-02-02,20175.29,20240.79,19815.02,19978.78,5102849,19872.3315,19184.8648,19805.6408,19168.1241,54.3042,305.7568,287.7813,17.9755,545.1711,317845177,20815.5833,19872.3315,18929.0797,0
FPT.VN,2018-02-05,19684.01,19913.27,18701.44,18701.44,11464581,19810.1025,19177.6592,19700.4788,19149.8228,40.5152,180.8883,266.4027,-85.5144,597.4689,306380596,20887.5554,19810.1025,18732.6496,0
FPT.VN,2018-02-06,17424.11,18504.93,17424.11,17751.63,16221529,19680.7315,19156.0428,19514.8742,19094.9917,33.6691,5.2272,214.1676,-208.9404,646.0304,290159067,21067.6693,19680.7315,18293.7937,1
FPT.VN,2018-02-07,18668.69,18766.95,18341.17,18537.68,5718596,19600.4885,19138.3566,19421.8081,19073.1363,42.351,-69.7537,157.3833,-227.1371,672.4082,295877663,21058.7935,19600.4885,18142.1835,0
FPT.VN,2018-02-08,18341.17,18668.69,18013.65,18079.15,5217987,19497.319,19117.3952,19293.9359,19034.1565,39.1333,-164.2825,93.0502,-257.3326,671.1676,290659676,21080.7448,19497.319,17913.8932,0
FPT.VN,2018-02-09,17194.85,18013.65,17194.85,18013.65,6533842,19412.1635,19095.1238,19172.0039,18994.1366,38.6812,-241.6964,26.1009,-267.7972,686.3914,284125834,21123.8857,19412.1635,17700.4413,1
FPT.VN,2018-02-12,18439.43,18701.44,17849.89,18701.44,3560108,19348.2965,19083.988,19127.1883,18982.6583,45.7666,-244.7274,-28.0648,-216.6626,698.1884,287685942,21066.3101,19348.2965,17630.2829,1
FPT.VN,2018-02-13,19061.72,19421.99,18930.71,19323.73,4422160,19315.544,19095.1236,19145.9065,18996.0337,51.2547,-194.6719,-61.3862,-133.2857,699.7857,292108102,21007.7304,19315.544,17623.3576,0
FPT.VN,2018-02-14,19323.73,19323.73,19323.73,19323.73,0,19315.544,19109.5344,19162.8421,19008.8845,51.2547,-153.2362,-79.7562,-73.48,649.801,292108102,21007.7304,19315.544,17623.3576,0
FPT.VN,2018-02-15,19323.73,19323.73,19323.73,19323.73,0,19315.544,19128.5306,19178.1648,19021.2314,51.2547,-119.026,-87.6102,-31.4158,603.3866,292108102,21007.7304,19315.544,17623.3576,0
FPT.VN,2018-02-16,19323.73,19323.73,19323.73,19323.73,0,19317.1815,19151.457,19192.0281,19033.0941,51.2547,-90.8667,-88.2615,-2.6052,560.2876,292108102,21009.3312,19317.1815,17625.0318,0
FPT.VN,2018-02-19,19323.73,19323.73,19323.73,19323.73,0,19318.819,19187.4842,19204.5712,19044.4916,51.2547,-67.7691,-84.163,16.3939,520.267,292108102,21010.9253,19318.819,17626.7127,0
FPT.VN,2018-02-20,19323.73,19323.73,19323.73,19323.73,0,19320.4565,19222.2014,19215.9196,19055.4421,51.2547,-48.9004,-77.1105,28.2101,483.1051,292108102,21012.5127,19320.4565,17628.4003,1
FPT.VN,2018-02-21,19684.01,19749.51,19323.73,19454.74,4807174,19328.6445,19252.9884,19238.6644,19071.1008,52.8226,-23.109,-66.3102,43.2012,479.0105,296915276,21021.6848,19328.6445,17635.6042,0
FPT.VN,2018-02-22,19421.99,19487.49,19061.72,19127.22,4375476,19284.429,19269.3644,19228.0507,19073.3016,48.6129,-28.7656,-58.8013,30.0356,475.2076,292539800,20948.316,19284.429,17620.542,1
FPT.VN,2018-02-23,19159.97,19847.77,19159.97,19815.02,4907167,19279.5165,19295.5662,19283.9525,19102.3886,56.4603,21.9976,-42.6415,64.6391,492.732,297446967,20936.1505,19279.5165,17622.8825,0
FPT.VN,2018-02-26,19978.78,20240.79,19782.26,19782.26,7534633,19281.154,19322.4228,19331.4104,19129.0502,56.0214,58.9053,-22.3321,81.2374,490.289,289912334,20939.8076,19281.154,17622.5004,0
FPT.VN,2018-02-27,19880.52,19913.27,19487.49,19585.75,4322197,19212.3745,19352.5548,19355.6332,19146.96,53.3432,71.4743,-3.5708,75.0451,485.6812,285590137,20680.8515,19212.3745,17743.8975,0
FPT.VN,2018-02-28,19585.75,19585.75,19585.75,19585.75,0,19161.609,19375.4812,19377.5491,19164.1674,53.3432,80.5073,13.2448,67.2625,450.9897,285590137,20491.6218,19161.609,17831.5962,1
FPT.VN,2018-03-01,19454.74,20044.28,19356.49,19913.27,6455313,19148.508,19404.303,19428.5701,19193.544,57.29,112.7939,33.1546,79.6393,467.904,292045450,20441.1144,19148.508,17855.9016,1
FPT.VN,2018-03-02,19815.02,20077.03,19651.25,20011.53,5620801,19150.1455,19430.5048,19484.0901,19225.6219,58.4263,144.6427,55.4522,89.1905,464.8952,297666251,20447.2557,19150.1455,17853.0353,1
FPT.VN,2018-03-05,20077.03,21125.1,20077.03,20142.54,18396810,19222.2005,19456.0514,19546.7996,19261.5795,59.9559,178.398,80.0414,98.3566,511.2291,316063061,20573.3421,19222.2005,17871.0589,1
FPT.VN,2018-03-06,20470.06,20732.07,20208.04,20732.07,7869848,19371.2225,19496.664,19659.6825,19319.2458,66.0156,249.8395,114.001,135.8385,516.822,323932909,20696.642,19371.2225,18045.803,0
FPT.VN,2018-03-07,20797.58,20863.08,20142.54,20371.8,6107732,19462.9285,19532.6912,19727.5032,19360.5224,60.0365,274.2256,146.0459,128.1796,531.3733,317825177,20799.2756,19462.9285,18126.5814,0
FPT.VN,2018-03-08,20306.3,20470.06,20077.03,20371.8,4019896,19577.561,19565.4432,19788.8648,19400.1803,60.0365,290.2063,174.878,115.3283,521.4916,317825177,20802.8261,19577.561,18352.2959,0
FPT.VN,2018-03-09,20535.56,20666.57,20142.54,20175.29,6315352,19685.643,19594.9202,19825.6672,19430.5768,56.7832,283.7437,196.6511,87.0925,521.6729,311509825,20691.8221,19685.643,18679.4639,0
FPT.VN,2018-03-12,20306.3,20502.81,20109.78,20109.78,4919533,19756.06,19623.087,19852.7256,19457.2122,55.6996,270.2209,211.3651,58.8558,512.4842,306590292,20664.6098,19756.06,18847.5102,0
FPT.VN,2018-03-13,20044.28,20044.28,19454.74,19684.01,12700471,19774.074,19625.0522,19836.6574,19466.1063,49.1365,222.5822,213.6085,8.9737,522.6667,293889821,20660.5501,19774.074,18887.5979,1
FPT.VN,2018-03-14,19684.01,19913.27,19454.74,19913.27,6320909,19803.551,19631.6026,19843.9539,19483.6421,52.3896,201.0104,211.0889,-10.0785,518.0855,300210730,20665.8524,19803.551,18941.2496,0
FPT.VN,2018-03-15,19978.78,20011.53,19749.51,19847.77,3631310,19829.753,19628.9824,19844.3173,19497.9216,51.3785,176.5936,204.1898,-27.5962,499.7951,296579420,20661.9883,19829.753,18997.5177,0
FPT.VN,2018-03-16,19847.77,19913.27,19553.0,19684.01,4356637,19847.767,19629.6376,19829.0499,19505.2192,48.8407,142.3877,191.8294,-49.4417,489.829,292222783,20648.8998,19847.767,19046.6342,1
FPT.VN,2018-03-19,19716.76,19847.77,19618.5,19815.02,4082518,19872.3315,19627.0176,19827.7138,19517.3682,50.929,124.4165,178.3468,-53.9303,471.2177,296305301,20635.0144,19872.3315,19109.6486,1
FPT.VN,2018-03-20,19716.76,20404.55,19651.25,20077.03,8919858,19909.9965,19621.7772,19851.4582,19539.3158,54.8944,129.8198,168.6414,-38.8217,491.3664,305225159,20631.9193,19909.9965,19188.0737,0
FPT.VN,2018-03-21,20077.03,20240.79,19978.78,19978.78,3051621,19936.1985,19618.502,19863.5841,19556.5497,53.1596,124.736,159.8604,-35.1243,474.9838,302173538,20625.8684,19936.1985,19246.5286,0
FPT.VN,2018-03-22,19978.78,20109.78,19684.01,19684.01,3861616,19964.038,19609.3314,19846.4818,19561.5481,48.2346,95.8171,147.0517,-51.2346,471.4685,298311922,20553.9468,19964.038,19374.1292,0
FPT.VN,2018-03-23,19323.73,19520.25,18996.21,19192.72,8651875,19932.923,19598.8506,19784.2187,19547.0843,41.3573,32.8767,124.2167,-91.34,486.9208,289660047,20614.4578,19932.923,19251.3882,1
FPT.VN,2018-03-26,19192.72,19454.74,19192.72,19389.24,2872610,19913.272,19587.0598,19746.6017,19540.8943,44.7507,-1.1334,99.1467,-100.2801,470.8565,292532657,20634.6004,19913.272,19191.9436,1
FPT.VN,2018-03-27,19618.5,19684.01,19323.73,19487.49,3032661,19908.359,19577.234,19721.9244,19538.8,46.42,-19.929,75.3316,-95.2606,462.9581,295565318,20640.3399,19908.359,19176.3781,0
FPT.VN,2018-03-28,19356.49,19454.74,19258.23,19290.98,2016481,19893.6205,19576.579,19680.8821,19529.0816,43.5836,-50.1038,50.2445,-100.3483,446.2654,293548837,20663.8245,19893.6205,19123.4165,1
FPT.VN,2018-03-29,19454.74,19553.0,19323.73,19487.49,2525884,19872.3315,19579.8542,19662.4638,19527.4505,47.0668,-57.498,28.696,-86.194,433.105,296074721,20663.501,19872.3315,19081.162,1
FPT.VN,2018-03-30,19520.25,20077.03,19454.74,19880.52,7434120,19865.781,19591.645,19683.231,19541.2964,53.2799,-31.2832,16.7002,-47.9833,446.6182,303508841,20654.2627,19865.781,19077.2993,1
FPT.VN,2018-04-02,20142.54,20208.04,19978.78,20142.54,6701312,19865.781,19608.6762,19726.9748,19564.8746,56.9109,10.5139,15.4629,-4.949,438.1112,310210153,20654.2627,19865.781,19077.2993,0
FPT.VN,2018-04-03,20044.28,20109.78,19946.02,20044.28,3483044,19831.3915,19623.7422,19757.1943,19583.6748,55.179,35.3027,19.4309,15.8719,420.8547,306727109,20513.6237,19831.3915,19149.1593,1
FPT.VN,2018-04-04,20306.3,20568.31,20175.29,20208.04,7016193,19823.2035,19642.0834,19800.132,19608.1597,57.5003,67.3853,29.0218,38.3636,428.2244,313743302,20481.6427,19823.2035,19164.7643,1
FPT.VN,2018-04-05,20306.3,20863.08,20142.54,20633.82,8775317,19836.3045,19654.5292,19879.5308,19648.3817,62.8829,125.7187,48.3611,77.3575,449.1041,322518619,20548.903,19836.3045,19123.706,0
FPT.VN,2018-04-06,21026.84,21059.59,20535.56,20535.56,11035173,19854.318,19666.975,19942.0098,19683.173,60.964,162.1504,71.119,91.0314,454.4559,311483446,20619.2867,19854.318,19089.3493,1
FPT.VN,2018-04-09,20502.81,20830.33,20502.81,20764.83,4586607,19887.0705,19687.2814,20020.3736,19725.5909,63.7441,207.1352,98.3222,108.8129,445.3891,316070053,20748.1479,19887.0705,19025.9931,1
FPT.VN,2018-04-10,20830.33,21354.36,20797.58,21092.35,13709079,19957.4875,19689.9016,20122.4666,19779.1893,67.3242,266.1461,131.887,134.2591,455.6848,329779132,20966.3119,19957.4875,18948.6631,0
FPT.VN,2018-04-11,21223.36,21419.87,20633.82,20633.82,10064670,19993.515,19690.5568,20171.1669,19812.7042,58.6,272.7689,160.0634,112.7055,479.2824,319714462,21046.2021,19993.515,18940.8279,1
FPT.VN,2018-04-12,20633.82,20830.33,20339.05,20830.33,4033666,20042.643,19703.6576,20233.9444,19852.6111,60.9363,290.5252,186.1557,104.3694,480.1393,323748128,21156.6173,20042.643,18928.6687,0
FPT.VN,2018-04-13,20928.59,20928.59,20306.3,20306.3,6554421,20073.7575,19710.208,20240.8354,19870.4028,52.438,259.323,200.7892,58.5338,490.2929,317193707,21180.2926,20073.7575,18967.2224,0
FPT.VN,2018-04-16,20306.3,20437.3,19946.02,20011.53,3606029,20083.583,19736.4098,20218.9968,19875.9372,48.353,208.4072,202.3128,6.0944,490.3635,313587678,21183.917,20083.583,18983.249,1
FPT.VN,2018-04-17,20142.54,20306.3,19946.02,20306.3,3374013,20095.0465,19787.5032,20227.3114,19892.8142,52.3505,189.6553,199.7813,-10.126,481.0718,316961691,21199.8611,20095.0465,18990.2319,0
FPT.VN,2018-04-18,20404.55,20601.06,20273.54,20306.3,3808123,20111.4225,19822.8756,20234.8341,19909.0293,52.3505,172.8024,194.3855,-21.5832,470.1038,316961691,21218.6874,20111.4225,19004.1576,0
FPT.VN,2018-04-19,20306.3,20339.05,19880.52,19880.52,7258742,20121.248,19858.903,20201.0899,19907.9113,46.3417,123.6639,180.2412,-56.5773,469.2771,309702949,21215.96,20121.248,19026.536,1
FPT.VN,2018-04-20,19978.78,20142.54,19749.51,20077.03,2969428,20165.4635,19900.1706,20189.2747,19914.5434,49.2376,99.4318,164.0793,-64.6475,463.8309,312672377,21169.9863,20165.4635,19160.9407,0
FPT.VN,2018-04-23,20077.03,20208.04,18734.2,18996.21,4462127,20145.812,19906.066,20075.6495,19878.5304,37.3104,-6.9059,129.8823,-136.7881,535.9744,308210250,21226.7444,20145.812,19064.8796,0
FPT.VN,2018-04-24,18799.7,19159.97,18373.92,18472.18,5651120,20095.0465,19889.035,19922.9381,19823.3794,33.1212,-131.9431,77.5172,-209.4603,553.8369,302559130,21381.91,20095.0465,18808.183,0
FPT.VN,2018-04-25,18472.18,18472.18,18472.18,18472.18,0,20054.1065,19872.004,19784.7707,19770.3911,33.1212,-228.4031,16.3331,-244.7363,514.2771,302559130,21491.9218,20054.1065,18616.2912,0
FPT.VN,2018-04-26,18635.94,18897.96,18013.65,18013.65,6203603,19980.4145,19845.8024,19616.0925,19701.4993,29.7333,-337.9522,-54.5239,-283.4283,540.7081,296355527,21669.6083,19980.4145,18291.2207,1
FPT.VN,2018-04-27,18013.65,18799.7,17980.9,18668.69,4878192,19919.823,19832.7016,19525.8637,19660.997,39.2873,-367.6761,-117.1544,-250.5217,560.5718,301233719,21708.133,19919.823,18131.513,0
FPT.VN,2018-04-30,18668.69,18668.69,18668.69,18668.69,0,19846.1305,19819.6008,19444.2281,19622.083,39.2873,-386.7739,-171.0783,-215.6957,520.5309,301233719,21715.432,19846.1305,17976.829,0
FPT.VN,2018-05-01,18668.69,18668.69,18668.69,18668.69,0,19777.351,19806.5,19370.3673,19584.695,39.2873,-397.329,-216.3284,-181.0006,483.3502,301233719,21715.8995,19777.351,17838.8025,0
FPT.VN,2018-05-02,18930.71,18996.21,18603.19,18668.69,4183488,19700.3835,19790.779,19303.5409,19548.7733,39.2873,-401.0706,-253.2769,-147.7938,476.898,301233719,21688.5334,19700.3835,17712.2336,1
FPT.VN,2018-05-03,18603.19,18996.21,18242.91,18996.21,6603700,19618.503,19788.1588,19274.2713,19527.1041,44.3739,-373.3046,-277.2824,-96.0222,496.641,307837419,21579.4901,19618.503,17657.5159,1
FPT.VN,2018-05-04,19159.97,19323.73,19061.72,19258.23,3575893,19554.6365,19777.023,19272.7436,19516.56,48.1188,-326.3945,-287.1048,-39.2897,484.5609,311413312,21472.5964,19554.6365,17636.6766,1
FPT.VN,2018-05-07,19258.23,19520.25,19192.72,19520.25,2680867,19492.4075,19771.7828,19296.3156,19516.7048,51.6259,-265.0201,-282.6879,17.6678,473.3444,314094179,21323.8506,19492.4075,17660.9644,0
FPT.VN,2018-05-08,19389.24,19520.25,19258.23,19323.73,3401950,19403.9765,19766.5424,19298.9265,19509.1371,48.953,-229.5914,-272.0686,42.4772,458.2498,310692229,21073.8084,19403.9765,17734.1446,0
FPT.VN,2018-05-09,19192.72,19356.49,19028.96,19127.22,3067712,19328.6465,19757.3718,19282.5735,19494.16,46.3678,-214.8934,-260.6335,45.7401,448.9127,307624517,20897.7693,19328.6465,17759.5237,0
FPT.VN,2018-05-10,19127.22,19454.74,18996.21,19094.47,4720706,19241.8535,19740.9958,19264.6589,19478.4859,45.9325,-203.5415,-249.2151,45.6736,449.5996,302903811,20644.4316,19241.8535,17839.2754,1
FPT.VN,2018-05-11,18996.21,19487.49,18996.21,19487.49,3571100,19200.913,19730.515,19285.8809,19478.839,51.7833,-160.976,-231.5673,70.5913,452.5768,306474911,20517.8543,19200.913,17883.9717,1
FPT.VN,2018-05-14,19684.01,20208.04,19520.25,20175.29,6144798,19209.101,19731.17,19370.5865,19506.1508,59.951,-70.9252,-199.4389,128.5137,471.7178,312619709,20549.0978,19209.101,17869.1042,0
FPT.VN,2018-05-15,20306.3,20306.3,19978.78,20109.78,2780921,19199.275,19718.7242,19440.9859,19529.8225,58.9271,-4.7902,-160.5092,155.7189,461.4179,309838788,20507.9107,19199.275,17890.6393,0
FPT.VN,2018-05-16,19978.78,20109.78,19815.02,19815.02,2054616,19174.711,19707.5886,19476.6082,19541.0067,54.4233,23.5659,-123.6942,147.26,449.5138,307784172,20412.3722,19174.711,17937.0498,1
FPT.VN,2018-05-17,19782.26,20109.78,19782.26,19847.77,2197416,19173.0735,19697.108,19511.9569,19553.0366,54.8363,48.1262,-89.3301,137.4563,440.7999,309981588,20406.8834,19173.0735,17939.2636,1
FPT.VN,2018-05-18,19847.77,19978.78,19258.23,19913.27,2991961,19164.8855,19691.8676,19550.1772,19567.1634,55.701,72.0453,-57.055,129.1003,460.7821,312973549,20375.39,19164.8855,17954.381,1
FPT.VN,2018-05-21,20044.28,20437.3,19978.78,19978.78,4530489,19214.014,19689.2476,19590.9965,19583.3053,56.596,95.1901,-26.606,121.7961,465.2998,317504038,20474.4213,19214.014,17953.6067,0
FPT.VN,2018-05-22,19978.78,20142.54,19487.49,19553.0,3363113,19268.055,19686.6274,19587.3778,19582.1168,49.5839,78.2734,-5.6301,83.9035,478.8534,314140925,20486.5235,19268.055,18049.5865,1
FPT.VN,2018-05-23,19651.25,19978.78,19487.49,19847.77,3288583,19336.8345,19685.3174,19612.1771,19592.5346,53.8472,87.6419,13.0243,74.6176,479.7417,317429508,20520.9577,19336.8345,18152.7113,0
FPT.VN,2018-05-24,19946.02,20044.28,19487.49,19487.49,3162118,19410.5265,19678.1118,19600.3021,19588.4152,48.454,65.2429,23.468,41.7749,485.2452,314267390,20418.2306,19410.5265,18402.8224,0
FPT.VN,2018-05-25,19209.1,19209.1,18418.14,18418.14,2093089,19397.999,19652.7944,19487.7152,19542.5221,36.7035,-38.3539,11.1036,-49.4576,526.9669,312174301,20449.7986,19397.999,18346.1994,0
FPT.VN,2018-05-28,17777.83,18154.48,17137.53,17137.53,5402828,19321.441,19599.2446,19263.8881,19448.2086,27.9591,-221.2394,-35.365,-185.8744,580.7986,306771473,20751.6009,19321.441,17891.2811,1
FPT.VN,2018-05-29,17137.53,18154.48,16892.71,17853.16,6240557,19280.6645,19554.7672,19129.533,19385.6577,36.9929,-304.9172,-89.2754,-215.6418,629.4394,313012030,20830.6702,19280.6645,17730.6588,0
FPT.VN,2018-05-30,17815.5,17815.5,17099.87,17118.7,4224038,19203.165,19497.5656,18938.0251,19296.7574,32.4899,-425.5913,-156.5386,-269.0527,638.2859,308787992,21014.9052,19203.165,17391.4248,1
FPT.VN,2018-05-31,16968.04,17589.51,16949.21,17325.86,2933871,19119.6475,19450.4026,18784.4856,19219.4673,34.897,-498.7609,-224.9831,-273.7778,638.4297,311721863,21116.1367,19119.6475,17123.1583,1
FPT.VN,2018-06-01,17325.86,17589.51,17212.86,17495.35,3428894,19031.5035,19416.4552,18661.7108,19151.8549,36.8801,-536.8831,-287.3631,-249.52,619.7312,315150757,21153.9203,19031.5035,16909.0867,1
FPT.VN,2018-06-04,17514.18,17872.0,17457.68,17796.67,3055019,18945.3245,19384.6038,18579.3259,19098.7104,40.3582,-536.5956,-337.2096,-199.386,605.059,318205776,21123.4216,18945.3245,16767.2274,1
FPT.VN,2018-06-05,17890.83,18116.82,17777.83,18003.82,3578264,18879.329,19354.9304,18524.5158,19055.7735,42.696,-513.7305,-372.5138,-141.2168,586.054,321784040,21088.9081,18879.329,16669.7499,1
FPT.VN,2018-06-06,18079.15,18267.48,17815.5,18267.48,2701560,18836.342,19334.4604,18500.0362,19024.86,45.6178,-468.9291,-391.7968,-77.1323,576.4773,324485600,21059.0284,18836.342,16613.6556,0
FPT.VN,2018-06-07,18418.14,18418.14,17966.16,18003.82,3022123,18781.8095,19304.787,18452.7775,18984.8192,43.2433,-449.5171,-403.3409,-46.1762,567.5846,321463477,21031.1873,18781.8095,16532.4317,1
FPT.VN,2018-06-08,18041.49,18154.48,17890.83,18060.32,2790104,18710.451,19268.383,18415.4006,18948.5644,43.917,-424.6784,-407.6084,-17.07,545.875,324253581,20956.1158,18710.451,16464.7862,0
FPT.VN,2018-06-11,17984.99,18060.32,17890.83,17890.83,1916611,18596.228,19223.3488,18365.4415,18907.0846,42.2951,-413.8989,-408.8665,-5.0324,518.9904,322336970,20759.0423,18596.228,16433.4137,0
FPT.VN,2018-06-12,17890.83,17890.83,17212.86,17438.85,3337855,18462.6815,19171.2402,18277.1947,18849.5068,38.2395,-436.7919,-414.4516,-22.3403,530.3461,318999115,20560.8701,18462.6815,16364.4929,1
FPT.VN,2018-06-13,17325.86,17664.84,17325.86,17627.18,1200374,18353.2895,19119.623,18215.2886,18801.5724,40.7873,-434.7269,-418.5066,-16.2203,516.6771,320199489,20381.5783,18353.2895,16325.0007,0
FPT.VN,2018-06-14,17702.51,17796.67,17551.85,17551.85,1222251,18238.4935,19057.9836,18152.1039,18752.5637,40.0752,-434.1641,-421.6381,-12.526,497.2587,318977238,20168.1272,18238.4935,16308.8598,0
FPT.VN,2018-06-15,17438.85,17589.51,17420.02,17514.18,1173771,18118.539,18997.556,18091.3493,18703.9996,39.7019,-431.7804,-423.6666,-8.1138,473.8467,317803467,19902.593,18118.539,16334.485,0
FPT.VN,2018-06-18,17664.84,17664.84,17099.87,17099.87,1841661,17974.5935,18924.2568,17996.9227,18641.0926,35.7568,-458.0427,-430.5418,-27.5009,480.3555,315961806,19582.555,17974.5935,16366.632,0
FPT.VN,2018-06-19,16986.87,16986.87,16082.91,16760.88,5351188,17834.9875,18837.6274,17879.2043,18567.3587,32.8781,-500.4406,-444.5216,-55.919,518.6844,310610618,19347.9666,17834.9875,16322.0084,1
FPT.VN,2018-06-20,16911.54,17099.87,16572.56,17099.87,1727231,17697.5925,18766.9484,17804.982,18509.8101,38.2333,-500.9134,-455.7999,-45.1134,519.3005,312337849,18910.2285,17697.5925,16484.9565,0
FPT.VN,2018-06-21,17099.87,17099.87,16610.22,16723.22,928636,17559.379,18684.8062,17701.9571,18439.7478,34.9014,-525.6215,-469.7642,-55.8573,517.1826,311409213,18516.1739,17559.379,16602.5841,1
FPT.VN,2018-06-22,16685.55,16949.21,16534.89,16949.21,996338,17485.9325,18617.6644,17630.2669,18381.2953,38.3717,-520.9621,-480.0038,-40.9583,509.8353,312405551,18389.1858,17485.9325,16582.6792,1
FPT.VN,2018-06-25,17099.87,17099.87,16911.54,16986.87,1358134,17478.3995,18557.1712,17568.991,18326.612,38.9557,-508.3704,-485.6771,-22.6933,486.8706,313763685,18396.2815,17478.3995,16560.5175,0
FPT.VN,2018-06-26,16760.88,16873.88,16685.55,16760.88,639454,17423.7855,18486.2628,17492.028,18265.2107,36.7078,-510.7394,-490.6896,-20.0498,473.617,313124231,18377.0784,17423.7855,16470.4926,0
FPT.VN,2018-06-27,16911.54,16911.54,16666.72,16685.55,682306,17402.128,18413.8478,17415.2206,18203.2632,35.9628,-512.7843,-495.1085,-17.6758,457.2743,312441925,18403.0937,17402.128,16401.1623,0
FPT.VN,2018-06-28,16685.55,16685.55,16007.58,16007.58,3120278,17336.214,18336.389,17281.1596,18117.158,30.0517,-562.6259,-508.612,-54.0139,473.0383,309321647,18515.976,17336.214,16156.452,0
FPT.VN,2018-06-29,16007.58,16195.91,15630.94,15630.94,2017209,17242.9935,18247.4672,17123.9958,18019.6593,27.361,-625.3092,-531.9514,-93.3577,479.6049,307304438,18643.7502,17242.9935,15842.2368,0
FPT.VN,2018-07-02,15630.94,15781.59,15065.96,15141.29,2599316,17110.2245,18170.3688,16935.1667,17906.782,24.3134,-706.3544,-566.832,-139.5223,496.4638,304705122,18769.5277,17110.2245,15450.9213,0
FPT.VN,2018-07-03,15141.29,15310.78,14689.31,14689.31,3586973,16944.499,18094.7114,16721.2756,17780.6067,21.8896,-797.8571,-613.037,-184.8201,505.3928,301118149,18868.9199,16944.499,15020.0781,1
FPT.VN,2018-07-04,14708.15,15065.96,14500.99,15065.96,2602422,16784.423,18026.587,16563.6265,17674.1499,28.3039,-830.4087,-656.5114,-173.8973,509.6483,303720571,18776.8969,16784.423,14791.9491,0
FPT.VN,2018-07-05,15065.96,15103.63,14500.99,14877.64,1888336,16628.114,17963.8668,16403.0563,17564.4829,27.1054,-861.4714,-697.5034,-163.9681,516.2906,301832235,18706.4491,16628.114,14549.7789,1
FPT.VN,2018-07-06,14689.31,15706.26,14651.65,15367.28,2424697,16493.462,17897.8386,16304.411,17478.3181,34.832,-836.9314,-725.389,-111.5424,554.742,304256932,18529.6287,16493.462,14457.2953,0
FPT.VN,2018-07-09,15442.61,15574.44,14990.63,15122.46,1550302,16355.0435,17826.914,16191.8442,17385.9315,32.9513,-827.697,-745.8506,-81.8464,556.8183,302706630,18367.4888,16355.0435,14342.5982,1
FPT.VN,2018-07-10,15178.96,15329.62,15065.96,15216.62,661358,16243.932,17757.8726,16098.9657,17300.8604,34.418,-803.5183,-757.3841,-46.1342,535.8784,303367988,18249.7998,16243.932,14238.0642,0
FPT.VN,2018-07-11,14877.64,15065.96,14538.65,14764.64,2128692,16100.805,17679.7916,15971.8871,17201.4008,30.9214,-811.4733,-768.202,-43.2714,546.0278,301239296,18099.5875,16100.805,14102.0225,0
FPT.VN,2018-07-12,14538.65,14934.13,14500.99,14613.98,1817288,15953.9115,17592.147,15842.5626,17099.9333,29.8334,-820.4768,-778.6569,-41.8199,537.9644,299422008,17935.4281,15953.9115,13972.3949,1
FPT.VN,2018-07-13,14877.64,15367.28,14802.31,15291.95,2815937,15842.8,17512.8214,15790.1233,17029.032,40.0549,-764.0976,-775.7451,11.6475,553.3455,302237945,17701.3381,15842.8,13984.2619,1
FPT.VN,2018-07-16,15480.28,15630.94,15310.78,15404.95,1713080,15758.054,17430.5154,15753.4401,16965.3425,41.5824,-702.2039,-761.0368,58.8329,538.0344,303951025,17527.6884,15758.054,13988.4196,1
FPT.VN,2018-07-17,15329.62,15781.59,15273.12,15781.59,3444745,15709.0895,17359.6726,15756.1211,16918.9209,46.4778,-615.6641,-731.9623,116.2982,535.9226,307395770,17414.9353,15709.0895,14003.2437,1
FPT.VN,2018-07-18,15819.26,16158.24,15781.59,16158.24,2910083,15662.008,17300.293,15794.4181,16889.0902,50.9083,-510.7999,-687.7298,176.9299,524.546,310305853,17254.4377,15662.008,14069.5783,0
FPT.VN,2018-07-19,15894.59,16158.24,15894.59,16007.58,1999606,15626.226,17238.5552,15814.7192,16854.5212,49.1555,-434.8387,-637.1516,202.3129,505.9106,308306247,17148.8862,15626.226,14103.5658,0
FPT.VN,2018-07-20,15932.25,15932.25,15536.77,15668.6,2260327,15562.1955,17162.1774,15800.8031,16808.0145,45.3704,-397.4107,-589.2034,191.7927,503.4034,306045920,16952.5652,15562.1955,14171.8258,1
FPT.VN,2018-07-23,15894.59,16082.91,15762.76,15819.26,2951554,15503.815,17075.0568,15802.5609,16769.2398,47.3123,-351.5394,-541.6706,190.1312,497.0396,308997474,16730.7561,15503.815,14276.8739,0
FPT.VN,2018-07-24,15819.26,15819.26,15819.26,15819.26,0,15456.734,16989.2464,15804.1513,16731.9857,47.3123,-311.5942,-495.6554,184.0611,461.5368,308997474,16545.0003,15456.734,14368.4677,1
FPT.VN,2018-07-25,15932.25,16497.23,15894.59,15969.92,3520598,15420.9525,16912.3444,15819.9388,16702.1008,49.3984,-264.7288,-449.47,184.7413,476.9963,312518072,16378.2845,15420.9525,14463.6205,1
FPT.VN,2018-07-26,16082.91,16195.91,15856.92,16026.42,1905328,15421.8945,16835.9174,15839.6037,16675.6035,50.1948,-220.4868,-403.6734,183.1866,467.1387,314423400,16381.6909,15421.8945,14462.0981,1
FPT.VN,2018-07-27,16158.24,16534.89,16026.42,16308.9,3429824,15455.7925,16763.83,15884.2986,16661.223,54.0856,-160.7776,-355.0942,194.3166,470.0909,317853224,16491.5572,15455.7925,14420.0278,0
FPT.VN,2018-07-30,16346.57,16384.23,16271.24,16308.9,3178608,15514.173,16690.4324,15924.7368,16647.4064,54.0856,-112.1647,-306.5083,194.3436,444.5837,317853224,16605.4354,15514.173,14422.9106,0
FPT.VN,2018-07-31,16308.9,16384.23,16120.58,16120.58,4224649,15585.7365,16621.784,15943.3885,16626.7465,51.0048,-87.8221,-262.7711,174.949,431.6599,313628575,16636.1959,15585.7365,14535.2771,0
FPT.VN,2018-08-01,16082.91,16214.74,15781.59,15819.26,6455479,15623.4015,16541.2138,15931.5668,16595.0804,46.4462,-91.7864,-228.5741,136.7878,431.7663,307173096,16649.1184,15623.4015,14597.6846,1
FPT.VN,2018-08-02,15819.26,16082.91,15668.6,16082.91,1929408,15683.665,16473.1222,15945.9804,16574.9953,50.6061,-72.8144,-197.4222,124.6078,430.5194,309102504,16665.5864,15683.665,14701.7436,0
FPT.VN,2018-08-03,16195.91,16233.57,15969.92,16045.25,1911169,15717.5635,16425.6644,15955.4347,16554.2209,50.0085,-60.1247,-169.9627,109.838,418.6002,307191335,16700.3059,15717.5635,14734.8211,0
FPT.VN,2018-08-06,15969.92,16082.91,15913.42,15913.42,929326,15757.1115,16401.1822,15951.4333,16529.0915,47.8773,-60.0138,-147.9729,87.9591,400.8066,306262009,16701.9477,15757.1115,14812.2753,0
FPT.VN,2018-08-07,15932.25,15932.25,15725.1,15800.43,1714620,15786.302,16360.1276,15937.052,16500.5165,46.0653,-68.2564,-132.0296,63.7732,386.974,304547389,16696.2589,15786.302,14876.3451,1
FPT.VN,2018-08-08,15800.43,16045.25,15781.59,16007.58,2028466,15848.449,16337.9052,15943.7689,16481.1857,49.8153,-57.4117,-117.106,59.6943,378.1659,306575855,16624.5428,15848.449,15072.3552,1
FPT.VN,2018-08-09,16195.91,16271.24,16026.42,16120.58,3272861,15923.779,16313.7996,15960.6081,16467.0443,51.7847,-39.2466,-101.5342,62.2875,369.9869,309848716,16446.4598,15923.779,15401.0982,1
FPT.VN,2018-08-10,16120.58,16365.4,16082.91,16233.57,2116745,15970.86,16288.564,15986.6045,16457.8884,53.7396,-15.554,-84.3381,68.7841,363.7371,311965461,16418.0989,15970.86,15523.6211,1
FPT.VN,2018-08-13,16233.57,16459.56,16233.57,16365.4,2757898,16018.8825,16259.9386,16022.6802,16454.2614,55.982,13.7022,-64.7301,78.4322,353.898,314723359,16413.422,16018.8825,15624.343,1
FPT.VN,2018-08-14,16478.4,16704.38,16421.9,16685.55,4251464,16064.0805,16233.5732,16085.8107,16463.3316,60.9345,62.0066,-39.3827,101.3893,352.8324,318974823,16542.3829,16064.0805,15585.7781,0
FPT.VN,2018-08-15,16685.55,16836.21,16459.56,16497.23,4402188,16081.03,16198.1682,16124.9935,16464.6609,56.8805,84.1226,-14.6817,98.8043,354.5337,314572635,16596.0015,16081.03,15566.0585,0
FPT.VN,2018-08-16,16158.24,16195.91,15988.75,16195.91,3660118,16090.4465,16162.01,16131.7474,16454.1217,51.0303,76.4544,3.5455,72.9088,365.5299,310912517,16606.6489,16090.4465,15574.2441,1
FPT.VN,2018-08-17,16271.24,16384.23,16195.91,16384.23,2463964,16126.228,16128.4882,16155.7934,16451.3808,54.2007,84.5979,19.756,64.8419,352.872,313376481,16617.9396,16126.228,15634.5164,1
FPT.VN,2018-08-20,16384.23,16685.55,16252.41,16459.56,2536233,16158.243,16099.8628,16184.7235,16451.7016,55.4434,96.0233,35.0095,61.0139,358.6054,315912714,16649.1794,16158.243,15667.3066,0
FPT.VN,2018-08-21,16421.9,16497.23,16346.57,16459.56,1912841,16190.258,16080.277,16210.8984,16452.0097,55.4434,103.8806,48.7837,55.0969,343.7522,315912714,16671.5329,16190.258,15708.9831,1
FPT.VN,2018-08-22,16478.4,16685.55,16459.56,16591.39,3060408,16221.3315,16059.5612,16247.1357,16457.4756,57.7691,119.3691,62.9008,56.4683,335.3406,318973122,16722.5444,16221.3315,15720.1186,1
FPT.VN,2018-08-23,16610.22,16760.88,16610.22,16723.22,2667947,16256.1715,16042.9886,16292.4771,16467.897,60.0166,140.66,78.4526,62.2074,323.4941,321641069,16795.7411,16256.1715,15716.6019,1
FPT.VN,2018-08-24,16723.22,16760.88,16534.89,16742.05,1671954,16277.829,16027.546,16335.2936,16478.6481,60.3412,157.24,94.2101,63.0299,316.5296,323313023,16859.4438,16277.829,15696.2142,0
FPT.VN,2018-08-27,16685.55,16760.88,16647.89,16723.22,2145604,16298.545,16020.013,16372.2389,16488.2391,59.8181,166.936,108.7553,58.1808,301.991,321167419,16913.3851,16298.545,15683.7049,0
FPT.VN,2018-08-28,16685.55,16742.05,16591.39,16647.89,2415298,16324.9105,16017.7532,16398.4914,16494.5,57.6646,166.621,120.3284,46.2926,291.1817,318752121,16952.7057,16324.9105,15697.1153,0
FPT.VN,2018-08-29,16629.05,16723.22,16553.72,16647.89,2058600,16366.342,16008.7136,16422.2437,16500.5153,57.6646,164.4754,129.1578,35.3176,282.4901,318752121,16962.188,16366.342,15770.496,0
FPT.VN,2018-08-30,16647.89,16647.89,16553.72,16629.05,1678405,16393.649,16006.8302,16441.9395,16505.5558,57.0686,159.4171,135.2097,24.2074,269.0387,317073716,16984.8427,16393.649,15802.4553,1
FPT.VN,2018-08-31,16629.05,16911.54,16610.22,16647.89,2727419,16423.781,16000.8038,16461.5538,16511.1376,57.5412,155.1402,139.1958,15.9444,271.3445,319801135,17001.4843,16423.781,15846.0777,0
FPT.VN,2018-09-03,16647.89,16647.89,16647.89,16647.89,0,16460.5045,15994.0242,16479.3001,16516.5004,57.5412,150.0214,141.3609,8.6605,251.9627,319801135,16993.2342,16460.5045,15927.7748,0
FPT.VN,2018-09-04,16610.22,16836.21,16572.56,16610.22,1684326,16500.994,15991.011,16491.7687,16520.1757,56.109,141.2963,141.348,-0.0517,252.7975,318116809,16936.759,16500.994,16065.229,0
FPT.VN,2018-09-05,16591.39,16647.89,16195.91,16308.9,2239379,16516.06,15983.478,16474.3526,16511.8904,46.2029,108.8132,134.841,-26.0278,267.0249,315877430,16897.4386,16516.06,16134.6814,0
FPT.VN,2018-09-06,16233.57,16308.9,15951.09,15951.09,3202424,16507.5855,15982.3482,16424.5181,16489.8982,37.6928,53.5802,118.5889,-65.0086,273.5095,312675006,16931.1633,16507.5855,16084.0077,1
FPT.VN,2018-09-07,16007.58,16195.91,15951.09,16195.91,1350780,16505.7025,15993.6476,16402.7459,16478.3692,45.1386,29.2257,100.7162,-71.4905,271.4603,314025786,16934.7093,16505.7025,16076.6957,0
FPT.VN,2018-09-10,16271.24,16271.24,16026.42,16026.42,975125,16488.7535,16011.3502,16366.9053,16460.6457,41.446,-3.7091,79.8312,-83.5402,269.5574,313050661,16965.2548,16488.7535,16012.2522,1
FPT.VN,2018-09-11,16026.42,16271.24,16026.42,16252.41,1492848,16467.0965,16042.6122,16356.001,16452.4796,47.6012,-11.4427,61.5764,-73.0191,267.7904,314543509,16945.3065,16467.0965,15988.8865,0
FPT.VN,2018-09-12,16384.23,16459.56,16214.74,16214.74,1267758,16452.972,16065.5878,16342.5476,16443.1565,46.7195,-20.3765,45.1858,-65.5623,266.1497,313275751,16943.9514,16452.972,15961.9926,1
FPT.VN,2018-09-13,16459.56,16534.89,16271.24,16346.57,1715575,16460.505,16094.9664,16342.9307,16439.3688,50.1959,-16.6273,32.8232,-49.4505,270.0068,314991326,16939.351,16460.505,15981.659,1
FPT.VN,2018-09-14,16421.9,16836.21,16421.9,16779.71,7361388,16480.279,16123.215,16384.5287,16452.7155,59.5373,21.0521,30.469,-9.4169,285.6949,322352714,16978.1477,16480.279,15982.4103,0
FPT.VN,2018-09-17,16760.88,16760.88,16610.22,16610.22,1499565,16487.812,16152.9702,16406.0231,16458.8922,55.1762,36.8125,31.7377,5.0748,277.3946,320853149,16988.9094,16487.812,15986.7146,1
FPT.VN,2018-09-18,16459.56,16873.88,16459.56,16873.88,2123090,16508.528,16186.1154,16450.5809,16475.1662,60.0755,69.7736,39.3449,30.4287,287.175,322976239,17038.1526,16508.528,15978.9034,1
FPT.VN,2018-09-19,16949.21,17194.03,16873.88,17118.7,3589707,16534.8935,16233.1966,16514.2113,16500.4028,64.0092,114.3324,54.3424,59.9901,289.5303,326565946,17130.3017,16534.8935,15939.4853,1
FPT.VN,2018-09-20,16968.04,17401.19,16968.04,17288.19,2990210,16563.142,16286.6808,16587.9236,16531.2964,66.4721,161.4609,75.7661,85.6948,299.7889,329556156,17243.6922,16563.142,15882.5918,0
FPT.VN,2018-09-21,17344.69,17344.69,17024.54,17288.19,3523890,16590.449,16326.6056,16654.6156,16560.9785,66.4721,196.5448,99.9218,96.623,301.2432,329556156,17341.4103,16590.449,15839.4877,1
FPT.VN,2018-09-24,17288.19,17514.18,17250.53,17363.52,2631601,16622.464,16365.777,16722.1303,16592.4507,67.6145,227.8017,125.4978,102.3039,298.558,332187757,17448.1363,16622.464,15796.7917,0
FPT.VN,2018-09-25,17325.86,17363.52,17250.53,17288.19,1982030,16654.479,16395.909,16776.0408,16619.7346,65.2213,243.6854,149.1353,94.5501,285.3032,330205727,17532.3096,16654.479,15776.6484,1
FPT.VN,2018-09-26,17325.86,17627.18,17269.36,17344.69,2731826,16689.319,16419.638,16830.1978,16648.1643,66.188,257.86,170.8803,86.9797,290.4829,332937553,17619.7809,16689.319,15758.8571,1
FPT.VN,2018-09-27,17344.69,17514.18,17344.69,17401.19,1993341,16727.926,16447.5102,16884.578,16677.6947,67.1706,270.534,190.811,79.723,281.8406,334930894,17710.4764,16727.926,15745.3756,1
FPT.VN,2018-09-28,17514.18,17514.18,17420.02,17438.85,1486237,16767.474,16482.9152,16937.3658,16707.5439,67.8415,280.385,208.7258,71.6592,269.7798,336417131,17798.9167,16767.474,15736.0313,0
FPT.VN,2018-10-01,17438.85,17495.35,17307.02,17325.86,1379958,16801.3725,16513.0472,16974.3653,16731.7916,63.6395,275.8943,222.1595,53.7348,263.962,335037173,17860.4599,16801.3725,15742.2851,0
FPT.VN,2018-10-02,17269.36,17325.86,17043.37,17062.2,2269115,16823.9715,16537.906,16982.7305,16744.7488,55.0682,248.1991,227.3674,20.8317,265.2854,332768058,17885.1715,16823.9715,15762.7715,1
FPT.VN,2018-10-03,17062.2,17212.86,17043.37,17137.53,990471,16865.403,16561.2582,16997.4733,16760.152,56.8561,229.6813,227.8302,1.8511,258.4429,333758529,17906.443,16865.403,15824.363,1
FPT.VN,2018-10-04,17137.53,17325.86,17099.87,17269.36,1251244,16931.3165,16586.117,17023.3673,16780.1209,59.8659,223.072,226.8786,-3.8065,256.1248,335009773,17892.4782,16931.3165,15970.1548,0
FPT.VN,2018-10-05,17307.02,17325.86,17156.36,17175.2,1349930,16980.281,16603.443,17037.8275,16795.6142,56.8171,207.8404,223.0709,-15.2306,249.9373,333659843,17881.6142,16980.281,16078.9478,0
FPT.VN,2018-10-08,17137.53,17137.53,16949.21,16949.21,1358851,17026.4205,16616.2492,17029.3878,16801.6376,50.2081,175.5104,213.5588,-38.0484,248.2268,332300992,17808.7846,17026.4205,16244.0564,0
FPT.VN,2018-10-09,16949.21,17005.71,16836.21,16836.21,1060509,17055.6105,16630.5618,17010.9899,16802.9934,47.2486,139.1664,198.6803,-59.514,242.6035,331240483,17755.6092,17055.6105,16355.6118,1
FPT.VN,2018-10-10,16836.21,17099.87,16836.21,17062.2,1847051,17097.9835,16655.4206,17015.867,16813.1583,53.1911,127.1334,184.371,-57.2375,244.1075,333087534,17675.5578,17097.9835,16520.4092,0
FPT.VN,2018-10-11,16572.56,16723.22,15932.25,16082.91,5782385,17084.8005,16655.4206,16927.014,16784.5211,34.8633,38.1371,155.1242,-116.9871,307.382,327305149,17741.2404,17084.8005,16428.3606,1
FPT.VN,2018-10-12,16007.58,16572.56,15706.26,16497.23,3658418,17070.6765,16664.4602,16886.0822,16773.2548,43.7017,1.0272,124.3048,-123.2776,347.3047,330963567,17765.7732,17070.6765,16375.5798,0
FPT.VN,2018-10-15,16497.23,16572.56,16195.91,16195.91,1315946,17049.961,16670.11,16820.3515,16750.6138,39.5035,-52.0962,89.0246,-141.1208,349.4008,329647621,17823.146,17049.961,16276.776,1
FPT.VN,2018-10-16,16384.23,16384.23,16082.91,16290.07,1602844,17020.7705,16679.9028,16769.8485,16732.5533,41.398,-85.612,54.0973,-139.7093,345.9664,331250465,17862.9493,17020.7705,16178.5917,1
FPT.VN,2018-10-17,16497.23,16572.56,16384.23,16421.9,1259315,16985.9305,16688.1892,16736.7105,16720.3708,44.0403,-100.3789,23.2021,-123.5809,341.4324,332509780,17867.7693,16985.9305,16104.0917,0
FPT.VN,2018-10-18,16459.56,16572.56,16346.57,16421.9,1886716,16942.616,16694.2156,16706.7286,16708.6661,44.0403,-110.8044,-3.5992,-107.2052,333.1865,332509780,17846.7626,16942.616,16038.4694,0
FPT.VN,2018-10-19,16195.91,16384.23,16158.24,16195.91,2456982,16888.002,16693.4624,16658.0792,16688.558,40.4172,-135.7375,-30.0269,-105.7106,328.2203,330052798,17835.1895,16888.002,15940.8145,1
FPT.VN,2018-10-22,16346.57,16459.56,16233.57,16252.41,1139947,16832.4465,16691.2026,16619.444,16671.4542,41.7084,-149.2181,-53.8651,-95.3529,323.6082,331192745,17792.4532,16832.4465,15872.4398,0
FPT.VN,2018-10-23,16252.41,16252.41,15668.6,15894.59,3055496,16762.7665,16675.3834,16550.4103,16640.9889,36.3379,-186.6233,-80.4168,-106.2065,342.194,328137249,17783.8524,16762.7665,15741.6806,0
FPT.VN,2018-10-24,15838.09,16026.42,15743.93,15743.93,1493114,16682.7285,16660.3174,16473.6027,16605.8101,34.3333,-225.821,-109.4976,-116.3234,337.9294,326644135,17761.0995,16682.7285,15604.3575,0
FPT.VN,2018-10-25,15065.96,15555.61,15065.96,15461.44,2011766,16585.741,16645.628,16377.2062,16560.9329,30.8921,-276.4929,-142.8967,-133.5962,362.2181,324632369,17738.3971,16585.741,15433.0849,0
FPT.VN,2018-10-26,15630.94,15725.1,15367.28,15367.28,2441981,16482.1625,16625.289,16281.0228,16514.1229,29.8193,-320.5535,-178.428,-142.1255,361.9039,322190388,17683.3206,16482.1625,15281.0044,1
FPT.VN,2018-10-29,15254.29,15612.1,15254.29,15442.61,1227614,16388.0,16604.95,16201.1739,16472.1028,31.8582,-345.4117,-211.8248,-133.5869,361.6115,323418002,17605.8256,16388.0,15170.1744,0
FPT.VN,2018-10-30,15480.28,15743.93,15386.11,15442.61,1201728,16307.0205,16584.611,16128.9298,16431.7306,31.8582,-360.9511,-241.65,-119.3011,361.3407,323418002,17551.1887,16307.0205,15062.8523,1
FPT.VN,2018-10-31,15725.1,15819.26,15555.61,15800.43,863243,16240.1655,16568.7918,16097.6441,16406.9737,41.2592,-340.4684,-261.4137,-79.0547,362.4342,324281245,17439.3126,16240.1655,15041.0184,0
FPT.VN,2018-11-01,15838.09,15969.92,15781.59,15781.59,1247208,16165.777,16549.9592,16067.5437,16382.4488,40.9389,-322.0437,-273.5397,-48.504,349.9982,323034037,17277.4999,16165.777,15054.0541,1
FPT.VN,2018-11-02,15951.09,16195.91,15838.09,16158.24,1576560,16114.929,16538.283,16076.1814,16373.6563,49.3957,-273.8922,-273.6102,-0.282,354.5926,324610597,17120.1856,16114.929,15109.6724,0
FPT.VN,2018-11-05,16045.25,16195.91,15894.59,16026.42,705218,16068.7895,16524.347,16071.4422,16360.0392,46.8664,-243.5609,-267.6003,24.0394,350.7874,323905379,16994.3676,16068.7895,15143.2114,0
FPT.VN,2018-11-06,16082.91,16101.75,15856.92,15875.76,1250315,16020.767,16508.9044,16052.8058,16341.0479,44.0878,-229.0399,-259.8883,30.8483,343.219,322655064,16875.6605,16020.767,15165.8735,0
FPT.VN,2018-11-07,15875.76,16007.58,15687.43,15762.76,1315707,15955.795,16491.2018,16025.1824,16318.3699,42.073,-224.0672,-252.7241,28.6568,341.5712,321339357,16662.0172,15955.795,15249.5728,1
FPT.VN,2018-11-08,15913.42,15969.92,15800.43,15875.76,934902,15945.4375,16476.136,16010.9517,16301.0127,44.7902,-208.6035,-243.8999,35.2965,331.9704,322274259,16649.884,15945.4375,15240.991,0
FPT.VN,2018-11-09,15743.93,15856.92,15517.94,15536.77,1686238,15897.4145,16453.9136,15965.7916,16271.0424,38.8959,-221.1527,-239.3505,18.1978,333.8168,320588021,16573.8717,15897.4145,15220.9573,1
FPT.VN,2018-11-12,15517.94,15800.43,15499.11,15800.43,725104,15877.6405,16436.9644,15950.0428,16252.587,44.9626,-207.4318,-232.9667,25.535,331.4956,321313125,16540.3398,15877.6405,15214.9412,0
FPT.VN,2018-11-13,15517.94,15725.1,15517.94,15687.43,1162965,15847.5085,16418.5086,15925.0321,16230.424,42.9925,-203.3321,-227.0398,23.7077,327.9952,320150160,16485.5949,15847.5085,15209.4221,1
FPT.VN,2018-11-14,15781.59,15913.42,15668.6,15913.42,1997721,15822.0845,16410.599,15923.9262,16217.9924,47.9083,-179.7752,-217.5869,37.8117,322.0541,322147881,16401.644,15822.0845,15242.525,0
FPT.VN,2018-11-15,15819.26,15969.92,15706.26,15894.59,1324283,15795.719,16409.469,15921.1323,16205.31,47.5405,-160.7724,-206.224,45.4516,317.8831,320823598,16303.977,15795.719,15287.461,1
FPT.VN,2018-11-16,16007.58,16158.24,15913.42,16101.75,1698955,15791.011,16407.5858,15938.3339,16201.2488,51.9149,-127.5264,-190.4845,62.9581,314.0093,322522553,16285.2107,15791.011,15296.8113,1
FPT.VN,2018-11-19,16195.91,16271.24,16120.58,16252.41,1051429,15791.011,16412.1056,15968.2459,16203.2551,54.8627,-88.0071,-169.989,81.9818,303.6865,323573982,16285.2107,15791.011,15296.8113,1
FPT.VN,2018-11-20,16271.24,16346.57,16139.41,16346.57,1460617,15813.61,16413.9888,16004.2768,16208.8753,56.6514,-48.5305,-145.6973,97.1668,296.7918,325034599,16365.6991,15813.61,15261.5209,0
FPT.VN,2018-11-21,16120.58,16346.57,16082.91,16346.57,1362966,15843.742,16416.6254,16036.8762,16214.2751,56.6514,-17.0485,-119.9675,102.919,294.4252,325034599,16443.5391,15843.742,15243.9449,0
FPT.VN,2018-11-22,16346.57,16421.9,16290.07,16346.57,858358,15887.9985,16416.6254,16066.3708,16219.4631,56.6514,7.8112,-94.4118,102.223,282.8113,325034599,16499.5284,15887.9985,15276.4686,0
FPT.VN,2018-11-23,16233.57,16365.4,16195.91,16214.74,918786,15930.3715,16405.326,16080.5012,16219.2779,52.9802,16.6828,-72.1929,88.8757,274.7169,324115813,16506.3932,15930.3715,15354.3498,0
FPT.VN,2018-11-26,16214.74,16214.74,15988.75,15988.75,1283608,15957.6785,16392.8966,16071.763,16210.2376,47.3192,5.4156,-56.6712,62.0868,271.2364,322832205,16486.1595,15957.6785,15429.1975,1
FPT.VN,2018-11-27,16158.24,16158.24,16007.58,16101.75,907130,15990.6355,16377.454,16074.6189,16205.9832,50.1855,5.5406,-44.2288,49.7695,263.9688,323739335,16463.1151,15990.6355,15518.1559,1
FPT.VN,2018-11-28,16101.75,16139.41,16026.42,16120.58,680315,16006.643,16357.4916,16078.9962,16202.6341,50.6671,7.0775,-33.9676,41.0451,253.1846,324419650,16473.651,16006.643,15539.635,1
FPT.VN,2018-11-29,16308.9,16384.23,16158.24,16158.24,1390180,16025.4755,16334.8926,16086.5432,16200.8931,51.6736,11.2052,-24.933,36.1382,253.9321,325809830,16484.5817,16025.4755,15566.3693,0
FPT.VN,2018-11-30,16158.24,16177.08,16064.08,16158.24,859633,16025.4755,16312.2936,16093.3715,16199.2204,51.6736,14.3115,-17.0841,31.3956,243.8656,325809830,16484.5817,16025.4755,15566.3693,1
FPT.VN,2018-12-03,16271.24,16911.54,16271.24,16911.54,3017026,16069.7315,16303.254,16171.2923,16227.1545,67.1979,76.6744,1.6676,75.0068,280.2537,328826856,16676.2115,16069.7315,15463.2515,1
FPT.VN,2018-12-04,16911.54,17137.53,16855.04,16930.38,2684647,16122.4625,16296.0978,16243.5863,16254.732,67.4793,126.1633,26.5667,99.5966,280.4135,331511503,16832.4833,16122.4625,15412.4417,0
FPT.VN,2018-12-05,16742.05,16930.38,16723.22,16798.55,1608606,16174.252,16285.175,16296.44,16276.0582,63.3823,152.9826,51.8499,101.1327,275.1811,329902897,16923.8035,16174.252,15424.7005,0
FPT.VN,2018-12-06,16760.88,16873.88,16591.39,16723.22,1285334,16216.625,16271.6156,16337.0857,16293.594,61.0994,166.2422,74.7284,91.5138,275.7031,328617563,16990.5473,16216.625,15442.7027,1
FPT.VN,2018-12-07,16798.55,17081.03,16798.55,16986.87,2026209,16289.13,16262.576,16398.9699,16320.7813,65.7491,195.7682,98.9363,96.8319,281.5679,330643772,17066.5718,16289.13,15511.6882,0
FPT.VN,2018-12-10,16873.88,16949.21,16647.89,16647.89,1845192,16331.503,16249.0166,16422.6766,16333.609,56.4128,189.629,117.0749,72.5541,285.6688,328798580,17088.915,16331.503,15574.091,0
FPT.VN,2018-12-11,16685.55,16760.88,16534.89,16591.39,1016065,16376.701,16239.6004,16438.7446,16343.7181,55.0106,178.1509,129.2901,48.8609,281.406,327782515,17078.0981,16376.701,15675.3039,0
FPT.VN,2018-12-12,16591.39,16591.39,16591.39,16591.39,0,16410.5995,16228.6776,16453.2822,16353.4307,55.0106,167.128,136.8576,30.2703,261.3056,327782515,17082.6396,16410.5995,15738.5594,1
FPT.VN,2018-12-13,16930.38,17043.37,16760.88,16798.55,2072406,16455.7975,16219.2614,16486.1649,16370.8864,59.3111,173.1127,144.1087,29.004,274.9252,329854921,17102.8414,16455.7975,15808.7536,0
FPT.VN,2018-12-14,16798.55,16873.88,16610.22,16629.05,2091920,16482.1625,16208.3384,16499.773,16381.0104,54.7035,162.3074,147.7484,14.559,274.1205,327763001,17111.1847,16482.1625,15853.1403,0
FPT.VN,2018-12-17,16610.22,16610.22,16195.91,16195.91,2064627,16479.3375,16193.2724,16470.8336,16373.7516,45.0685,117.4396,141.6867,-24.247,285.4791,325698374,17113.1932,16479.3375,15845.4818,0
FPT.VN,2018-12-18,15951.09,16120.58,15762.76,15819.26,2988617,16452.972,16172.9334,16408.779,16352.0068,38.6874,50.9023,123.5298,-72.6275,296.027,322709757,17150.7269,16452.972,15755.2171,1
FPT.VN,2018-12-19,15819.26,16045.25,15762.76,15856.92,1252040,16428.4895,16148.8278,16356.221,16332.5917,39.6081,1.1961,99.063,-97.867,295.0601,323961797,17174.6464,16428.4895,15682.3326,0
FPT.VN,2018-12-20,15932.25,15969.92,15838.09,15838.09,1224508,16403.0655,16143.9314,16306.8752,16313.1994,39.2904,-39.2633,71.3978,-110.6611,283.4008,322737289,17194.2666,16403.0655,15611.8644,1
FPT.VN,2018-12-21,15781.59,16007.58,15781.59,16007.58,1204861,16392.7075,16134.1384,16278.3709,16301.2144,43.6702,-56.9942,45.7194,-102.7136,279.3,323942150,17199.5588,16392.7075,15585.8562,0
FPT.VN,2018-12-24,16045.25,16120.58,15819.26,15819.26,564265,16384.233,16126.6054,16234.646,16282.3142,40.2,-85.2592,19.5237,-104.7828,280.8729,323377885,17212.2321,16384.233,15556.2339,0
FPT.VN,2018-12-25,15593.27,15630.94,15442.61,15630.94,1944276,16360.6925,16113.4228,16177.1502,16256.7701,37.0309,-121.4551,-8.6721,-112.783,287.7141,321433609,17247.2099,16360.6925,15474.1751,0
FPT.VN,2018-12-26,15630.94,15762.76,15593.27,15593.27,885678,16334.327,16096.8502,16121.5426,16230.7505,36.4126,-151.4347,-37.2246,-114.2101,279.2695,320547931,17280.2844,16334.327,15388.3696,1
FPT.VN,2018-12-27,15856.92,15913.42,15743.93,15743.93,1207649,16313.6115,16083.2908,16085.5795,16211.6595,40.679,-161.1787,-62.0154,-99.1633,282.1895,321755580,17293.348,16313.6115,15333.875,1
FPT.VN,2018-12-28,15838.09,15894.59,15743.93,15894.59,1027933,16300.429,16077.2644,16067.39,16199.2254,44.6765,-154.9577,-80.6039,-74.3538,272.7946,322783513,17295.9358,16300.429,15304.9222,0
FPT.VN,2018-12-31,15894.59,15894.59,15894.59,15894.59,0,16249.5815,16070.108,16050.9329,16187.2789,44.6765,-148.3178,-94.1467,-54.1711,253.3092,322783513,17217.1557,16249.5815,15282.0073,0
FPT.VN,2019-01-01,15894.59,15894.59,15894.59,15894.59,0,16197.792,16070.108,16036.0431,16175.8009,44.6765,-141.4253,-103.6024,-37.8229,235.2157,322783513,17121.8379,16197.792,15273.7461,0
FPT.VN,2019-01-02,15743.93,15875.76,15499.11,15517.94,1218959,16133.7615,16065.5882,15986.6999,16150.0025,36.9101,-164.4597,-115.7739,-48.6859,246.6632,321564554,17060.0023,16133.7615,15207.5207,0
FPT.VN,2019-01-03,15612.1,15612.1,15329.62,15367.28,1902566,16065.9645,16063.705,15927.7075,16119.3075,34.3387,-192.6509,-131.1493,-61.5016,249.2215,319661988,17008.8864,16065.9645,15123.0426,1
FPT.VN,2019-01-04,15291.95,15612.1,15254.29,15480.28,845800,15990.635,16065.965,15885.0954,16094.2476,37.8367,-203.5283,-145.6251,-57.9032,256.9778,320507788,16861.7748,15990.635,15119.4952,1
FPT.VN,2019-01-07,15743.93,15856.92,15668.6,15743.93,1084484,15945.437,16071.9914,15871.6511,16080.5096,45.1755,-188.6991,-154.2399,-34.4593,265.5251,321592272,16765.286,15945.437,15125.588,1
FPT.VN,2019-01-08,15743.93,15819.26,15706.26,15819.26,784974,15906.8305,16079.5244,15866.6615,16070.2645,47.0972,-168.9212,-157.1762,-11.7451,254.6305,322377246,16669.3168,15906.8305,15144.3442,1
FPT.VN,2019-01-09,15856.92,16045.25,15781.59,15969.92,820498,15875.757,16082.9142,15876.4956,16066.3294,50.8109,-139.4822,-153.6374,14.1551,255.2754,323197744,16568.2168,15875.757,15183.2972,0
FPT.VN,2019-01-10,15969.92,16026.42,15875.76,15875.76,550459,15829.6175,16084.7976,15876.4255,16058.8561,48.5185,-122.3393,-147.3777,25.0385,247.8029,322647285,16369.3062,15829.6175,15289.9288,1
FPT.VN,2019-01-11,15969.92,16026.42,15838.09,15894.59,1582613,15792.8945,16079.5246,15878.1555,16052.4143,49.0139,-106.0119,-139.1046,33.0927,243.5549,324229898,16182.6747,15792.8945,15403.1143,1
FPT.VN,2019-01-14,15932.25,16045.25,15819.26,16007.58,1057748,15783.478,16079.1478,15890.4816,16050.6561,51.9988,-82.9982,-127.8833,44.8851,242.3002,325287646,16139.939,15783.478,15427.017,1
FPT.VN,2019-01-15,15932.25,16120.58,15932.25,16120.58,901316,15798.544,16084.0442,15912.3958,16053.3982,54.8458,-55.0075,-113.3081,58.3007,238.4452,326188962,16185.5361,15798.544,15411.5519,0
FPT.VN,2019-01-16,16195.91,16195.91,16026.42,16026.42,495394,15807.019,16089.3174,15923.2552,16052.3403,52.0742,-39.9619,-98.6389,58.677,233.5198,325693568,16206.6127,15807.019,15407.4253,0
FPT.VN,2019-01-17,16007.58,16101.75,15819.26,15819.26,1008286,15806.0775,16088.1874,15913.3509,16043.1999,46.5059,-44.2442,-87.76,43.5157,237.0177,324685282,16205.4517,15806.0775,15406.7033,0
FPT.VN,2019-01-18,15856.92,16007.58,15819.26,15819.26,603081,15796.6615,16093.8372,15904.3899,16034.4179,46.5059,-47.0951,-79.627,32.5319,233.5393,324685282,16184.7529,15796.6615,15408.5701,1
FPT.VN,2019-01-21,15894.59,16120.58,15894.59,16007.58,657906,15806.0775,16097.9802,15914.2175,16033.3654,51.9256,-33.7693,-70.4554,36.6861,238.3808,325343188,16205.4517,15806.0775,15406.7033,0
FPT.VN,2019-01-22,16007.58,16101.75,15951.09,15951.09,375628,15822.085,16103.2534,15917.7292,16030.1389,50.28,-27.4504,-61.8544,34.4041,232.115,324967560,16217.5472,15822.085,15426.6228,0
FPT.VN,2019-01-23,15932.25,15969.92,15875.76,15951.09,513634,15839.976,16104.0068,15920.9064,16027.039,50.28,-22.1868,-53.9209,31.7341,222.2611,324967560,16224.0644,15839.976,15455.8876,1
FPT.VN,2019-01-24,15969.92,16045.25,15951.09,15988.75,622515,15852.217,16105.89,15927.3677,16025.5375,51.4691,-14.8059,-46.0979,31.292,213.111,325590075,16239.0124,15852.217,15465.4216,0
FPT.VN,2019-01-25,15969.92,16045.25,15932.25,15969.92,566761,15855.9835,16103.2534,15931.4203,16023.3564,50.8147,-10.3565,-38.9496,28.5931,205.9602,325023314,16245.9701,15855.9835,15465.9969,0
FPT.VN,2019-01-28,16007.58,16007.58,15856.92,15856.92,574354,15854.1,16095.3436,15924.325,16016.8295,46.9563,-15.7667,-34.313,18.5463,202.0102,324448960,16243.6652,15854.1,15464.5348,1
FPT.VN,2019-01-29,15969.92,16007.58,15819.26,16007.58,1143186,15859.7495,16088.5638,15932.2541,16016.4667,52.1708,-7.8074,-29.0119,21.2045,201.0323,325592146,16255.0224,15859.7495,15464.4766,1
FPT.VN,2019-01-30,16007.58,16346.57,15969.92,16271.24,1829979,15897.4145,16087.0572,15964.5384,16026.4579,59.6472,19.5503,-19.2995,38.8497,213.5764,327422125,16299.0587,15897.4145,15495.7703,0
FPT.VN,2019-01-31,16308.9,16346.57,16158.24,16271.24,1373320,15942.6125,16085.5506,15993.7481,16036.0572,59.6472,40.7615,-7.2873,48.0488,211.7731,327422125,16293.283,15942.6125,15591.942,0
FPT.VN,2019-02-01,16271.24,16271.24,15630.94,16045.25,1592702,15970.861,16082.1608,15998.6531,16036.4177,51.6253,38.8878,1.9477,36.9401,242.3822,325829423,16248.0385,15970.861,15693.6835,0
FPT.VN,2019-02-04,16045.25,16045.25,16045.25,16045.25,0,15985.927,16083.2908,16003.0909,16036.764,51.6253,36.9766,8.9535,28.0231,225.0692,325829423,16243.211,15985.927,15728.643,0
FPT.VN,2019-02-05,16045.25,16045.25,16045.25,16045.25,0,15997.2265,16082.1608,16007.106,16037.0968,51.6253,35.0579,14.1744,20.8835,208.9928,325829423,16243.2963,15997.2265,15751.1567,0
FPT.VN,2019-02-06,16045.25,16045.25,16045.25,16045.25,0,16000.993,16080.6542,16010.7388,16037.4165,51.6253,33.1551,17.9705,15.1846,194.0647,325829423,16247.6084,16000.993,15754.3776,0
FPT.VN,2019-02-07,16045.25,16045.25,16045.25,16045.25,0,16009.4675,16078.3944,16014.0256,16037.7237,51.6253,31.2865,20.6337,10.6527,180.203,325829423,16249.5246,16009.4675,15769.4104,0
FPT.VN,2019-02-08,16045.25,16045.25,16045.25,16045.25,0,16017.0005,16076.1346,16016.9993,16038.0189,51.6253,29.4659,22.4002,7.0657,167.3313,325829423,16251.2647,16017.0005,15782.7363,1
FPT.VN,2019-02-11,16195.91,16685.55,16082.91,16629.05,2656133,16048.074,16070.4848,16075.2899,16061.1966,68.6278,74.2747,32.7751,41.4996,201.1148,328485556,16408.1568,16048.074,15687.9912,0
FPT.VN,2019-02-12,16572.56,16798.55,16534.89,16534.89,1862662,16068.7895,16062.575,16119.0613,16079.7728,64.6792,101.0235,46.4247,54.5987,205.5823,326622894,16489.0735,16068.7895,15648.5055,1
FPT.VN,2019-02-13,16572.56,16949.21,16572.56,16779.71,2987847,16106.454,16062.1982,16181.9802,16107.2213,69.58,140.3591,65.2116,75.1475,220.4922,329610741,16632.4666,16106.454,15580.4414,0
FPT.VN,2019-02-14,16817.38,16911.54,16666.72,16666.72,1638076,16148.827,16061.0682,16228.1459,16129.1624,65.0911,160.5645,84.2822,76.2824,222.2299,327972665,16712.6079,16148.827,15585.0461,0
FPT.VN,2019-02-15,16666.72,16742.05,16572.56,16647.89,1718390,16190.2585,16054.2886,16268.1215,16149.5047,64.3461,173.0632,102.0384,71.0248,218.4627,326254275,16773.5162,16190.2585,15607.0008,0
FPT.VN,2019-02-18,16647.89,16647.89,16647.89,16647.89,0,16222.274,16054.2886,16304.29,16169.0492,64.3461,180.8833,117.8074,63.0759,202.8583,326254275,16832.9605,16222.274,15611.5875,1
FPT.VN,2019-02-19,16836.21,17005.71,16685.55,16723.22,3905173,16260.8805,16056.9252,16344.1881,16190.7814,66.144,190.9581,132.4375,58.5206,213.9269,330159448,16896.4991,16260.8805,15625.2619,1
FPT.VN,2019-02-20,16685.55,16968.04,16685.55,16892.71,1325982,16307.9615,16062.9516,16396.4283,16218.308,69.8304,210.1958,147.9892,62.2066,218.8243,331485430,16985.1007,16307.9615,15630.8223,0
FPT.VN,2019-02-21,16836.21,16911.54,16685.55,16873.88,1991110,16352.218,16064.4582,16441.8998,16244.0167,68.9324,221.3706,162.6655,58.7052,219.3361,329494320,17056.663,16352.218,15647.773,1
FPT.VN,2019-02-22,16873.88,17099.87,16723.22,17024.54,3302066,16404.949,16072.368,16497.3894,16274.6255,72.0314,239.6215,178.0567,61.5649,230.5728,332796386,17145.8457,16404.949,15664.0523,1
FPT.VN,2019-02-25,17156.36,17401.19,17118.7,17137.53,2717808,16468.9795,16091.2004,16558.3552,16308.4649,74.1168,260.2034,194.486,65.7174,241.0069,335514194,17231.489,16468.9795,15706.47,0
FPT.VN,2019-02-26,17175.2,17175.2,16949.21,17024.54,1760843,16519.8275,16115.306,16602.7537,16336.5462,68.6079,264.35,208.4588,55.8912,239.9343,333753351,17288.3936,16519.8275,15751.2614,0
FPT.VN,2019-02-27,17024.54,17118.7,16911.54,16986.87,1289396,16555.609,16137.905,16639.3362,16362.0491,66.8247,261.5813,219.0833,42.498,237.5933,332463955,17341.8757,16555.609,15769.3423,0
FPT.VN,2019-02-28,16986.87,16986.87,16647.89,16647.89,3643152,16574.4415,16154.101,16640.1509,16373.2586,53.3791,229.3899,221.1446,8.2453,244.8352,328820803,17349.9996,16574.4415,15798.8834,1
FPT.VN,2019-03-01,16779.71,16798.55,16629.05,16798.55,1568515,16612.1065,16169.9204,16655.2365,16389.9367,57.4745,213.5731,219.6303,-6.0572,239.4541,330389318,17351.7917,16612.1065,15872.4213,1
FPT.VN,2019-03-04,16798.55,17024.54,16798.55,16949.21,2141967,16657.3045,16192.5194,16683.234,16411.869,61.1499,210.7656,217.8574,-7.0918,238.4924,332531285,17360.7311,16657.3045,15953.8779,0
FPT.VN,2019-03-05,16949.21,17024.54,16873.88,16911.54,2188509,16700.619,16218.1314,16704.9774,16431.4639,59.7592,203.1591,214.9177,-11.7587,232.2186,330342776,17349.966,16700.619,16051.272,0
FPT.VN,2019-03-06,16930.38,16986.87,16742.05,16798.55,1845829,16738.284,16242.237,16713.8891,16445.8594,55.6695,185.8709,209.1084,-23.2375,233.1187,328496947,17310.363,16738.284,16166.205,1
FPT.VN,2019-03-07,16798.55,16949.21,16798.55,16855.04,993869,16778.7735,16264.4592,16727.332,16461.9057,57.2449,174.7142,202.2295,-27.5154,227.2288,329490816,17250.0766,16778.7735,16307.4704,0
FPT.VN,2019-03-08,16855.04,16855.04,16855.04,16855.04,0,16819.263,16283.6682,16739.4947,16477.3228,57.2449,163.9821,194.58,-30.5979,210.9982,329490816,17140.469,16819.263,16498.057,0
FPT.VN,2019-03-11,16817.38,16892.71,16742.05,16760.88,967797,16825.8545,16300.994,16741.5314,16488.4427,53.5651,146.1937,184.9028,-38.7091,206.6883,328523019,17135.8399,16825.8545,16515.8691,1
FPT.VN,2019-03-12,16855.04,17514.18,16855.04,17514.18,5126443,16874.819,16333.3858,16815.117,16528.6676,70.1158,190.6832,186.0589,4.6243,245.732,333649462,17284.5977,16874.819,16465.0403,0
FPT.VN,2019-03-13,17514.18,17589.51,17401.19,17401.19,2660009,16905.893,16371.0508,16870.9334,16562.8842,66.2987,214.3532,191.7177,22.6355,241.6312,330989453,17375.2311,16905.893,16436.5549,1
FPT.VN,2019-03-14,17401.19,17514.18,17325.86,17420.02,1416384,16943.558,16412.1056,16923.2274,16596.4974,66.6248,231.9574,199.7656,32.1917,237.8232,332405837,17451.4062,16943.558,16435.7098,0
FPT.VN,2019-03-15,17420.02,17438.85,17231.69,17325.86,2766076,16977.4565,16449.0172,16961.5734,16625.0998,63.3252,235.5951,206.9315,28.6636,235.633,329639761,17492.6621,16977.4565,16462.2509,1
FPT.VN,2019-03-18,17438.85,17495.35,17307.02,17401.19,2639273,17015.1215,16482.1624,17003.4416,16655.5347,64.826,241.7695,213.8991,27.8704,232.2542,332279034,17538.9511,17015.1215,16491.2919,0
FPT.VN,2019-03-19,17401.19,17438.85,17212.86,17212.86,2428573,17039.6035,16510.0344,17023.3862,16677.3906,58.3923,228.8284,216.885,11.9434,231.8068,329850461,17551.6262,17039.6035,16527.5808,0
FPT.VN,2019-03-20,17175.2,17288.19,17043.37,17118.7,2116745,17050.903,16533.01,17032.4637,16694.6969,55.4302,208.5702,215.222,-6.6518,232.7363,327733716,17559.2376,17050.903,16542.5684,0
FPT.VN,2019-03-21,17250.53,17250.53,16986.87,16986.87,2192332,17056.5525,16555.2322,17028.1215,16706.1547,51.4919,179.8053,208.1387,-28.3334,234.9451,325541384,17559.0817,17056.5525,16554.0233,0
FPT.VN,2019-03-22,16986.87,17099.87,16968.04,16968.04,1825811,17053.7275,16576.7012,17022.3994,16716.4247,50.9352,153.7174,197.2544,-43.537,227.5797,323715573,17557.6478,17053.7275,16549.8072,0
FPT.VN,2019-03-25,16647.89,16949.21,16647.89,16723.22,1681990,17033.012,16591.014,16993.9061,16716.6912,44.2388,111.9967,180.2029,-68.2062,234.1919,322033583,17556.1249,17033.012,16509.8991,1
FPT.VN,2019-03-26,16949.21,16949.21,16760.88,16855.04,1025145,17024.537,16605.7032,16980.6808,16722.1166,48.1885,88.5487,161.872,-73.3233,233.6061,323058728,17553.6852,17024.537,16495.3888,1
FPT.VN,2019-03-27,16873.88,16986.87,16873.88,16949.21,1563896,17022.654,16624.159,16977.6836,16731.0222,50.8661,76.6808,144.8338,-68.153,226.3363,324622624,17552.634,17022.654,16492.674,1
FPT.VN,2019-03-28,16855.04,17081.03,16855.04,17005.71,962062,17040.545,16647.888,16980.3528,16741.7943,52.4537,71.0159,130.0702,-59.0543,226.3116,325584686,17540.5684,17040.545,16540.5216,1
FPT.VN,2019-03-29,17175.2,17175.2,17062.2,17137.53,1186117,17057.494,16674.2534,16995.322,16757.3133,56.024,76.2838,119.3129,-43.0291,222.2529,326770803,17545.8232,17057.494,16569.1648,1
FPT.VN,2019-04-01,17288.19,17288.19,17137.53,17250.53,869509,17072.56,16699.1124,17019.6275,16776.6552,58.8748,88.556,113.1616,-24.6055,217.1391,327640312,17565.3946,17072.56,16579.7254,1
FPT.VN,2019-04-02,17250.53,17589.51,17250.53,17325.86,3596132,17093.276,16726.6078,17048.7925,16798.1926,60.7037,103.171,111.1634,-7.9924,225.8421,331236444,17592.4034,17093.276,16594.1486,1
FPT.VN,2019-04-03,17476.52,17777.83,17325.86,17777.83,2745526,17142.24,16763.1426,17118.2247,16836.6098,69.4749,149.5004,118.8308,30.6696,241.9941,333981970,17707.3967,17142.24,16577.0833,1
FPT.VN,2019-04-04,17890.83,18154.48,17796.67,18003.82,4556310,17199.679,16803.444,17202.5671,16882.3827,72.7501,202.1223,135.4891,66.6332,251.6123,338538280,17866.3299,17199.679,16533.0281,0
FPT.VN,2019-04-05,18003.82,18041.49,17872.0,18003.82,1633350,17257.118,16844.122,17278.8769,16926.3606,72.7501,241.0469,156.6007,84.4462,245.7465,338538280,17993.0947,17257.118,16521.1413,0
FPT.VN,2019-04-08,17947.33,18079.15,17872.0,18003.82,1201808,17319.265,16887.06,17347.9191,16968.614,72.7501,268.7964,179.0398,89.7566,242.9896,338538280,18087.9906,17319.265,16550.5394,0
FPT.VN,2019-04-09,18003.82,18267.48,17815.5,17815.5,2686001,17334.331,16923.2184,17392.4506,17001.8252,65.4421,272.4516,197.7222,74.7294,257.9175,335852279,18130.4635,17334.331,16538.1985,0
FPT.VN,2019-04-10,17702.51,17815.5,17608.34,17664.84,1941064,17347.5135,16951.0904,17418.3925,17027.8258,60.2294,260.1921,210.2162,49.9759,254.2919,333911215,18156.9276,17347.5135,16538.0994,1
FPT.VN,2019-04-11,17664.84,17890.83,17646.01,17702.51,955557,17361.638,16979.7158,17445.4513,17054.284,61.0645,250.6268,218.2983,32.3285,253.6154,334866772,18186.0987,17361.638,16537.1773,1
FPT.VN,2019-04-12,17646.01,18229.81,17646.01,18154.48,2323356,17403.069,17021.9004,17512.9778,17097.4289,69.3738,276.3312,229.9049,46.4263,277.2,337190128,18300.0501,17403.069,16506.0879,0
FPT.VN,2019-04-15,18154.48,18154.48,18154.48,18154.48,0,17440.7335,17064.085,17574.0733,17138.8819,69.3738,293.3208,242.5881,50.7327,257.4,337190128,18398.5791,17440.7335,16482.8879,0
FPT.VN,2019-04-16,17890.83,18154.48,17890.83,18041.49,2408077,17482.165,17104.0098,17618.5891,17174.2783,65.3314,294.2757,252.9256,41.3501,257.8464,334782051,18469.7324,17482.165,16494.5976,1
FPT.VN,2019-04-17,18192.15,18644.13,18154.48,18267.48,5202535,17539.604,17148.4544,17680.3883,17217.1489,69.1974,309.6979,264.28,45.4178,282.4745,339984586,18570.8274,17539.604,16508.3806,0
FPT.VN,2019-04-18,18267.48,18549.96,18097.99,18267.48,2591085,17603.6345,17192.899,17736.3018,17258.3384,69.1974,318.2515,275.0743,43.1772,294.5813,339984586,18649.2814,17603.6345,16557.9876,0
FPT.VN,2019-04-19,18342.81,18418.14,18229.81,18248.65,1205313,17667.665,17236.967,17785.0968,17297.1741,68.4597,319.8241,284.0243,35.7998,286.992,338779273,18706.248,17667.665,16629.082,0
FPT.VN,2019-04-22,18267.48,18267.48,18003.82,18041.49,2193261,17733.5785,17265.2158,17809.5152,17326.363,60.7822,300.886,287.3966,13.4893,285.3254,336586012,18683.3138,17733.5785,16783.8432,0
FPT.VN,2019-04-23,18041.49,18248.65,17890.83,18041.49,1458652,17792.901,17295.3478,17831.6081,17354.4072,60.7822,282.6195,286.4412,-3.8217,290.5036,336586012,18655.8315,17792.901,16929.9705,1
FPT.VN,2019-04-24,18267.48,18323.98,18116.82,18286.31,2270362,17859.756,17325.4798,17874.913,17390.9524,66.0071,284.6172,286.0764,-1.4592,289.9312,338856374,18651.7328,17859.756,17067.7792,1
FPT.VN,2019-04-25,18267.48,18512.3,18248.65,18380.47,2577094,17928.494,17359.7548,17923.0613,17429.757,67.7849,290.4502,286.9511,3.499,288.0539,341433468,18643.2379,17928.494,17213.7501,1
FPT.VN,2019-04-26,18418.14,18738.29,18380.47,18662.96,2296434,18004.7655,17400.0562,17993.5278,17478.1179,72.4413,314.245,292.4099,21.8351,293.0372,343729902,18689.0321,18004.7655,17320.4989,0
FPT.VN,2019-04-29,18662.96,18662.96,18662.96,18662.96,0,18075.387,17440.3576,18057.2833,17524.5823,72.4413,329.3065,299.7892,29.5173,272.106,343729902,18722.4288,18075.387,17428.3452,0
FPT.VN,2019-04-30,18662.96,18662.96,18662.96,18662.96,0,18142.242,17479.1524,18114.9668,17569.2246,72.4413,337.3541,307.3022,30.0519,252.6699,343729902,18737.4349,18142.242,17547.0491,0
FPT.VN,2019-05-01,18662.96,18662.96,18662.96,18662.96,0,18186.4985,17514.5574,18167.1566,17612.1162,72.4413,339.8147,313.8047,26.01,234.622,343729902,18798.9806,18186.4985,17574.0164,1
FPT.VN,2019-05-02,18757.12,18907.78,18700.63,18775.96,2349720,18225.1055,17552.599,18225.1379,17657.7571,74.4299,346.8842,320.4206,26.4636,235.3504,346079622,18884.6382,18225.1055,17565.5728,1
FPT.VN,2019-05-03,18794.79,18832.45,18681.79,18832.45,2813149,18266.537,17588.7572,18282.9771,17703.8235,75.3861,352.9763,326.9318,26.0445,229.3011,348892771,18970.1726,18266.537,17562.9014,0
FPT.VN,2019-05-06,18455.8,18606.46,18248.65,18361.64,3863384,18284.428,17613.2394,18290.4688,17729.6202,56.4421,316.1692,324.7792,-8.61,254.6225,345029387,18978.0626,18284.428,17590.7934,1
FPT.VN,2019-05-07,18493.47,18719.46,18474.63,18719.46,2906897,18329.626,17647.1378,18331.3251,17768.4375,63.8726,312.2728,322.2779,-10.0052,261.9937,347936284,19012.3242,18329.626,17646.9278,0
FPT.VN,2019-05-08,18568.8,18719.46,18455.8,18700.63,2546189,18381.4155,17681.413,18366.497,17804.994,63.261,304.1592,318.6542,-14.495,262.1127,345390095,19006.4924,18381.4155,17756.3386,0
FPT.VN,2019-05-09,18681.79,18700.63,18305.14,18305.14,2285788,18411.547,17714.558,18360.6535,17824.6076,51.9991,262.7872,307.4808,-44.6936,271.6397,343104307,18951.0735,18411.547,17872.0205,1
FPT.VN,2019-05-10,18455.8,18549.96,18361.64,18455.8,2728879,18426.613,17747.703,18369.7151,17849.3602,55.2662,239.3969,293.864,-54.4671,269.724,345833186,18952.5723,18426.613,17900.6537,1
FPT.VN,2019-05-13,18455.8,18757.12,18455.8,18644.13,2258176,18451.0955,17781.6014,18395.8498,17880.5277,59.0209,233.3665,281.7645,-48.398,271.9809,348091362,18969.2454,18451.0955,17932.9456,1
FPT.VN,2019-05-14,18606.46,19133.77,18493.47,18907.78,4143990,18494.41,17821.5262,18444.6051,17920.8121,63.624,247.0143,274.8145,-27.8002,298.2894,352235352,19013.222,18494.41,17975.598,1
FPT.VN,2019-05-15,19020.78,19058.44,18870.12,18983.11,4088527,18530.1915,17865.2174,18495.8913,17962.4708,64.8393,260.9013,272.0318,-11.1305,290.4344,356323879,19080.8394,18530.1915,17979.5436,0
FPT.VN,2019-05-16,18983.11,19096.11,18700.63,18700.63,5021358,18551.849,17902.1292,18515.3902,17991.4182,57.1314,246.2741,266.8803,-20.6062,297.9377,351302521,19092.981,18551.849,18010.717,0
FPT.VN,2019-05-17,18644.13,18644.13,18354.11,18416.26,3590489,18560.2295,17933.3536,18505.9492,18008.0787,50.609,209.3228,255.3688,-46.046,301.4078,347712032,19086.58,18560.2295,18033.879,1
FPT.VN,2019-05-20,18436.97,18768.42,18436.97,18747.71,4325536,18595.5405,17973.0902,18528.9741,18037.0839,56.7997,204.4273,245.1805,-40.7532,305.033,352037568,19067.2862,18595.5405,18123.7948,1
FPT.VN,2019-05-21,18851.29,19079.16,18789.14,19017.01,2453525,18644.3165,18003.1468,18575.4537,18075.5123,61.0693,219.7448,240.0934,-20.3486,306.9199,354491093,19074.7794,18644.3165,18213.8536,0
FPT.VN,2019-05-22,19037.73,19120.59,18747.71,18747.71,3774070,18667.3865,18030.0772,18591.859,18101.873,55.1947,207.7589,233.6265,-25.8676,311.6314,350717023,19065.2873,18667.3865,18269.4857,1
FPT.VN,2019-05-23,18747.71,18975.58,18726.99,18934.15,3059322,18695.0705,18060.3598,18624.4582,18134.5113,58.1931,210.8732,229.0758,-18.2026,307.1284,353776345,19085.9016,18695.0705,18304.2394,0
FPT.VN,2019-05-24,18851.29,19037.73,18747.71,18892.72,2449229,18706.5585,18091.697,18650.0069,18164.245,57.2758,207.6052,224.7817,-17.1765,305.9064,351327116,19106.809,18706.5585,18306.308,0
FPT.VN,2019-05-27,18768.42,18830.57,18499.12,18747.71,3045878,18710.796,18118.6274,18659.312,18187.126,54.0637,191.1111,218.0476,-26.9364,312.1702,348281238,19110.8975,18710.796,18310.6945,0
FPT.VN,2019-05-28,18644.13,18809.85,18540.55,18581.98,1251394,18706.747,18146.0098,18651.947,18202.6105,50.5728,162.7899,206.9961,-44.2061,309.108,347029844,19110.5091,18706.747,18302.9849,0
FPT.VN,2019-05-29,18581.98,18581.98,18229.81,18271.24,3633235,18687.161,18169.0606,18615.6892,18205.3018,44.7397,113.9574,188.3883,-74.4309,312.1839,343396609,19135.4184,18687.161,18238.9036,1
FPT.VN,2019-05-30,18271.24,18519.83,18188.38,18457.69,2380923,18671.2475,18198.477,18600.6417,18215.1994,48.5726,89.2732,168.5653,-79.2921,313.56,345777532,19128.7342,18671.2475,18213.7608,0
FPT.VN,2019-05-31,18478.4,18561.27,18271.24,18271.24,1476802,18643.187,18224.541,18569.2701,18217.3971,45.1966,54.0428,145.6608,-91.618,311.8793,344300730,19127.1224,18643.187,18159.2516,0
FPT.VN,2019-06-03,18229.81,18271.24,18022.66,18022.66,2128361,18626.238,18250.5298,18517.212,18209.7603,41.0956,5.995,117.7276,-111.7326,307.358,342172369,19171.545,18626.238,18080.931,0
FPT.VN,2019-06-04,18022.66,18105.52,17919.08,17939.79,1296504,18587.2545,18272.2248,18462.2194,18199.1732,39.799,-38.3283,86.5165,-124.8447,298.721,340875865,19210.4187,18587.2545,17964.0903,1
FPT.VN,2019-06-05,18022.66,18188.38,18022.66,18064.09,1207055,18555.4275,18294.5224,18424.3023,18193.8759,42.7182,-62.702,56.6728,-119.3748,295.1402,342082920,19217.986,18555.4275,17892.869,1
FPT.VN,2019-06-06,18146.95,18519.83,18064.09,18436.97,2227151,18562.019,18323.1476,18425.5088,18203.409,50.4762,-51.3383,35.0705,-86.4089,306.6116,344310071,19216.6691,18562.019,17907.3689,1
FPT.VN,2019-06-07,18561.27,18747.71,18519.83,18726.99,3149012,18575.5785,18354.9368,18454.2213,18223.9416,55.5219,-18.7146,24.3135,-43.0281,306.9065,347459083,19232.1963,18575.5785,17918.9607,0
FPT.VN,2019-06-10,18851.29,18934.15,18561.27,18685.56,2962342,18577.65,18383.6374,18476.2535,18242.0442,54.6651,3.7536,20.2015,-16.4479,311.6189,344496741,19235.4387,18577.65,17919.8613,1
FPT.VN,2019-06-11,18685.56,18892.72,18602.7,18726.99,3129269,18568.6105,18411.66,18500.1332,18261.0617,55.4062,24.6191,21.0851,3.5341,310.0761,347626010,19212.1109,18568.6105,17925.1101,0
FPT.VN,2019-06-12,18726.99,18892.72,18644.13,18664.84,3100354,18552.697,18429.4002,18515.8196,18276.8962,53.9806,35.7284,24.0137,11.7146,305.6842,344525656,19168.1688,18552.697,17937.2252,0
FPT.VN,2019-06-13,18664.84,18685.56,18436.97,18457.69,2066717,18540.55,18438.4776,18510.2834,18283.9861,49.4166,27.5002,24.711,2.7892,301.6061,342458939,19153.3121,18540.55,17927.7879,0
FPT.VN,2019-06-14,18478.4,18602.7,18395.54,18395.54,1351149,18539.514,18446.312,18499.3555,18288.3608,48.1026,15.7824,22.9253,-7.1429,294.8599,341107790,19153.2302,18539.514,17925.7978,0
FPT.VN,2019-06-17,18271.24,18436.97,18188.38,18250.53,2446333,18514.655,18451.2462,18475.6578,18286.8772,45.0898,-5.1458,17.3111,-22.4569,291.5549,338661457,19133.1222,18514.655,17896.1878,0
FPT.VN,2019-06-18,18374.82,18416.26,18126.23,18250.53,1843239,18476.331,18459.9468,18454.2171,18285.4518,45.0898,-21.4839,9.5521,-31.036,291.446,338661457,19057.6018,18476.331,17895.0602,1
FPT.VN,2019-06-19,18354.11,18519.83,18312.68,18499.12,1281202,18463.9015,18476.6324,18458.4935,18293.831,51.1702,-14.209,4.7999,-19.0089,289.8641,339942659,19031.2021,18463.9015,17896.6009,1
FPT.VN,2019-06-20,18581.98,18809.85,18499.12,18809.85,3272952,18457.6865,18498.7792,18491.956,18314.067,57.5047,16.4402,7.1279,9.3122,291.3546,343215611,19005.6909,18457.6865,17909.6821,0
FPT.VN,2019-06-21,18851.29,18892.72,18747.71,18809.85,2105794,18453.543,18511.8866,18522.2317,18333.5095,57.5047,40.2657,13.7555,26.5102,280.9014,343215611,18988.8026,18453.543,17918.2834,0
FPT.VN,2019-06-24,18809.85,18830.57,18706.28,18706.28,1752680,18451.4715,18522.9226,18539.7601,18348.1279,54.7587,50.2116,21.0467,29.1649,269.7149,341462931,18982.2394,18451.4715,17920.7036,1
FPT.VN,2019-06-25,18644.13,19286.31,18561.27,19265.6,7891238,18485.6525,18547.4048,18608.8877,18384.1072,64.5921,102.0498,37.2473,64.8025,302.2381,349354169,19128.1067,18485.6525,17843.1983,0
FPT.VN,2019-06-26,19265.6,19265.6,19099.87,19120.59,2448553,18528.12,18564.467,18657.6212,18412.9889,60.8965,129.9332,55.7845,74.1487,292.4875,346905616,19221.1915,18528.12,17835.0485,0
FPT.VN,2019-06-27,19079.16,19099.87,18768.42,18809.85,2949116,18545.728,18575.3144,18672.1192,18428.5521,53.7939,125.51,69.7296,55.7804,296.7505,343956500,19249.083,18545.728,17842.373,1
FPT.VN,2019-06-28,18809.85,19058.44,18602.7,18851.29,5983916,18574.7305,18587.3672,18689.1831,18445.1301,54.5551,123.9199,80.5677,43.3523,308.1069,349940416,19278.2653,18574.7305,17871.1957,1
FPT.VN,2019-07-01,19058.44,19514.19,19017.01,19514.19,6157842,18649.307,18616.8212,18767.7552,18487.054,64.6017,174.1429,99.2827,74.8602,333.4493,356098258,19419.4929,18649.307,17879.1211,0
FPT.VN,2019-07-02,19472.76,19679.91,19327.75,19431.32,3862481,18723.8835,18644.6178,18830.9518,18524.084,62.7345,204.8961,120.4054,84.4907,334.7858,352235777,19493.6451,18723.8835,17954.1219,0
FPT.VN,2019-07-03,19348.46,19431.32,19286.31,19389.89,3079452,18790.1735,18666.6894,18884.184,18558.0372,61.7733,223.3506,140.9944,82.3562,321.2304,349156325,19548.965,18790.1735,18031.382,1
FPT.VN,2019-07-04,19472.76,19555.62,19389.89,19452.04,3079307,18840.927,18688.1208,18938.2656,18593.0961,62.6967,240.2217,160.8399,79.3819,310.1232,352235632,19635.2063,18840.927,18046.6477,0
FPT.VN,2019-07-05,19389.89,19472.76,19224.17,19307.03,2746154,18869.929,18701.0022,18973.386,18621.0935,59.109,239.1346,176.4988,62.6357,305.728,349489478,19688.6733,18869.929,18051.1847,0
FPT.VN,2019-07-08,19265.6,19431.32,19079.16,19182.74,3145078,18894.788,18711.3978,18993.3245,18643.1189,56.1436,225.6427,186.3276,39.3151,309.0445,346344400,19720.1269,18894.788,18069.4491,1
FPT.VN,2019-07-09,19182.74,19410.61,19099.87,19369.18,2395695,18926.8975,18725.5222,19029.1202,18671.5919,59.4314,227.3735,194.5368,32.8367,309.1656,348740095,19774.4198,18926.8975,18079.3752,1
FPT.VN,2019-07-10,19452.04,19659.2,19389.89,19493.47,3094223,18968.329,18742.1324,19073.344,18703.8224,61.5034,236.0532,202.8401,33.2131,307.7981,351834318,19842.5077,18968.329,18094.1503,0
FPT.VN,2019-07-11,19534.9,19576.33,19389.89,19472.76,2061576,19019.0825,18756.0684,19111.3836,18733.9768,60.9449,238.5114,209.9743,28.5371,299.1297,349772742,19886.271,19019.0825,18151.894,0
FPT.VN,2019-07-12,19514.19,19659.2,19389.89,19472.76,2997654,19072.9435,18768.8746,19145.8004,18762.9487,60.9449,237.7193,215.5233,22.196,296.9997,349772742,19910.3673,19072.9435,18235.5197,1
FPT.VN,2019-07-15,19452.04,19700.63,19410.61,19597.05,2838572,19140.2695,18793.5828,19188.7766,18795.6585,63.2668,244.3045,221.2796,23.0249,296.5011,352611314,19913.3346,19140.2695,18367.2044,0
FPT.VN,2019-07-16,19617.77,19804.21,19576.33,19597.05,2799809,19207.5955,18811.1346,19227.6598,18827.0857,63.2668,246.6798,226.3596,20.3201,291.5996,352611314,19882.7325,19207.5955,18532.4585,0
FPT.VN,2019-07-17,19597.05,19679.91,19472.76,19493.47,3119928,19257.313,18826.9914,19252.975,18853.2184,59.8289,237.4667,228.581,8.8857,285.5675,349491386,19854.7545,19257.313,18659.8715,0
FPT.VN,2019-07-18,19472.76,19514.19,19389.89,19389.89,2499167,19286.315,18848.6864,19266.0145,18874.2643,56.5213,219.2796,226.7207,-7.4411,274.0484,346992219,19847.5127,19286.315,18725.1173,1
FPT.VN,2019-07-19,19452.04,20011.36,19431.32,19969.93,6786061,19344.319,18878.969,19333.0541,18917.2316,67.3926,248.8025,231.1371,17.6654,298.8642,353778280,19937.0824,19344.319,18751.5556,1
FPT.VN,2019-07-22,19969.93,20156.37,19866.35,20032.08,4237800,19410.609,18906.728,19399.628,18960.9512,68.307,274.0555,239.7208,34.3347,298.2325,358016080,19999.4587,19410.609,18821.7593,1
FPT.VN,2019-07-23,20094.23,20218.52,19928.5,20218.52,2289447,19458.255,18932.9428,19477.6177,19010.2676,70.9397,305.5901,252.8946,52.6955,297.6459,360305527,20143.9469,19458.255,18772.5631,0
FPT.VN,2019-07-24,20446.39,20467.11,20135.66,20135.66,4713261,19509.0085,18955.9938,19540.2884,19054.4006,68.2271,320.2043,266.3566,53.8478,300.0605,355592266,20238.3435,19509.0085,18779.6735,0
FPT.VN,2019-07-25,20135.66,20135.66,20135.66,20135.66,0,19575.299,18984.6944,19596.9905,19096.8029,68.2271,328.0052,278.6863,49.3189,278.6276,355592266,20277.5729,19575.299,18873.0251,0
FPT.VN,2019-07-26,20135.66,20135.66,20135.66,20135.66,0,19639.5175,19019.0824,19648.2923,19137.5424,68.2271,330.379,289.0248,41.3541,258.7256,355592266,20296.4612,19639.5175,18982.5738,0
FPT.VN,2019-07-29,20135.66,20135.66,20135.66,20135.66,0,19670.591,19046.8414,19694.7083,19176.6843,68.2271,328.4738,296.9146,31.5592,240.2452,355592266,20360.5369,19670.591,18980.6451,0
FPT.VN,2019-07-30,20135.66,20135.66,20135.66,20135.66,0,19705.808,19069.2144,19736.7037,19214.2912,68.2271,323.2378,302.1793,21.0586,223.0848,355592266,20415.9384,19705.808,18995.6776,0
FPT.VN,2019-07-31,19804.21,20052.79,19679.91,20052.79,2683665,19738.953,19095.316,19766.8072,19247.1735,64.646,308.8413,303.5117,5.3296,239.7038,352908601,20448.8788,19738.953,19029.0272,0
FPT.VN,2019-08-01,20052.79,20135.66,19969.93,20032.08,2329296,19767.955,19117.2746,19792.0712,19277.9541,63.7456,292.3903,301.2874,-8.8971,234.4199,350579305,20475.9183,19767.955,19059.9917,1
FPT.VN,2019-08-02,19907.79,20301.38,19824.92,20218.52,3504347,19813.5295,19143.7906,19832.6854,19314.8391,68.059,291.0419,299.2383,-8.1964,251.7085,354083652,20513.8712,19813.5295,19113.1878,1
FPT.VN,2019-08-05,20301.38,20632.83,20218.52,20301.38,5604687,19869.4615,19174.864,19877.323,19353.527,69.7799,293.2787,298.0464,-4.7677,263.3229,359688339,20535.5274,19869.4615,19203.3956,0
FPT.VN,2019-08-06,20301.38,20301.38,20301.38,20301.38,0,19916.0715,19209.252,19917.7094,19390.6977,69.7799,291.689,296.7749,-5.0859,244.5141,359688339,20564.9783,19916.0715,19267.1647,1
FPT.VN,2019-08-07,20301.38,20612.12,20280.67,20612.12,3008370,19972.004,19256.0696,19983.8437,19438.5966,75.5169,311.9078,299.8015,12.1063,250.7238,362696709,20659.2491,19972.004,19284.7589,1
FPT.VN,2019-08-08,20653.55,20964.29,20653.55,20839.99,5033646,20040.3655,19303.7156,20065.3815,19493.5532,78.709,342.3718,308.3156,34.0563,257.97,367730355,20787.8725,20040.3655,19292.8585,1
FPT.VN,2019-08-09,20839.99,21295.74,20715.7,21171.44,4227904,20125.2995,19361.7196,20170.7204,19559.3527,82.3198,388.7785,324.4081,64.3704,280.975,371958259,20979.6407,20125.2995,19270.9583,1
FPT.VN,2019-08-12,21171.44,21792.91,21005.72,21668.62,4387783,20228.878,19434.6388,20313.3775,19642.069,86.1218,460.3675,351.6,108.7675,317.1332,376346042,21290.6779,20228.878,19167.0781,1
FPT.VN,2019-08-13,21585.76,22041.5,21420.03,21751.48,5401652,20336.5995,19510.8726,20450.3396,19724.791,86.6376,517.8194,384.8439,132.9755,338.8715,381747694,21554.2134,20336.5995,19118.9856,1
FPT.VN,2019-08-14,21958.64,22248.66,21875.78,22041.5,5322944,20464.001,19590.4208,20601.8787,19815.6424,88.2794,580.0659,423.8883,156.1776,350.1793,387070638,21833.8621,20464.001,19094.1399,0
FPT.VN,2019-08-15,21502.89,21958.64,21295.74,21958.64,5367620,20592.4385,19660.8542,20731.0941,19899.6815,85.0636,615.6143,462.2335,153.3808,378.4351,381703018,22018.7901,20592.4385,19166.0869,0
FPT.VN,2019-08-16,21958.64,22828.7,21544.33,21544.33,10936199,20671.1585,19717.201,20808.5451,19964.1775,71.1146,603.3996,490.4667,112.9329,443.1447,370766819,22126.343,20671.1585,19215.974,1
FPT.VN,2019-08-19,21544.33,21834.35,21212.88,21710.05,6878310,20755.057,19777.6908,20894.4027,20032.6431,73.0204,600.1732,512.408,87.7652,455.8822,377645129,22248.0945,20755.057,19262.0195,1
FPT.VN,2019-08-20,21710.05,22372.95,21710.05,22372.95,5497642,20862.7785,19850.61,21035.2167,20124.4198,78.9914,643.6867,538.6637,105.0229,470.6692,383142771,22497.0265,20862.7785,19228.5305,0
FPT.VN,2019-08-21,22414.38,22580.11,22124.37,22207.23,4363888,20966.357,19921.4578,21146.8371,20206.0987,74.5495,657.2232,562.3756,94.8475,469.6028,378778883,22667.7756,20966.357,19264.9384,0
FPT.VN,2019-08-22,22207.23,22497.25,21917.21,21958.64,4568130,21057.506,19991.4768,21224.1516,20274.8258,68.3413,640.5084,578.0022,62.5062,477.4912,374210753,22766.8503,21057.506,19348.1617,1
FPT.VN,2019-08-23,22000.07,22538.68,21792.91,22538.68,4509140,21177.657,20074.3396,21349.3448,20363.6044,73.8197,666.3846,595.6786,70.7059,496.654,378719893,22950.8003,21177.657,19404.5137,0
FPT.VN,2019-08-26,22165.8,22455.82,22165.8,22248.66,4238718,21283.307,20154.3022,21434.9939,20437.5281,67.5276,655.9283,607.7286,48.1997,487.813,374481175,23046.8099,21283.307,19519.8041,0
FPT.VN,2019-08-27,22372.95,22497.25,21875.78,21875.78,3780635,21370.313,20226.8072,21476.9735,20493.9302,60.3994,610.5156,608.286,2.2297,497.3599,370700540,23065.8028,21370.313,19674.8232,0
FPT.VN,2019-08-28,21958.64,22041.5,21585.76,21585.76,3711822,21446.9615,20288.54,21487.3341,20536.747,55.4928,544.843,595.5974,-50.7544,494.3871,366988718,23026.289,21446.9615,19867.634,1
FPT.VN,2019-08-29,21627.19,21875.78,21502.89,21834.35,2348315,21537.075,20349.03,21520.3832,20587.6334,58.5974,507.0116,577.8802,-70.8686,485.7087,369337033,22975.9034,21537.075,20098.2466,1
FPT.VN,2019-08-30,21958.64,22124.37,21917.21,22000.07,1709717,21626.1525,20412.8344,21566.0677,20643.0231,60.572,484.8135,559.2669,-74.4534,471.7309,371046750,22936.087,21626.1525,20316.218,0
FPT.VN,2019-09-02,22000.07,22000.07,22000.07,22000.07,0,21711.087,20478.7102,21607.4013,20696.2406,60.572,461.8969,539.7929,-77.896,438.0359,371046750,22871.0484,21711.087,20551.1256,1
FPT.VN,2019-09-03,21958.64,22372.95,21958.64,22248.66,3283090,21808.451,20538.3714,21668.4735,20757.1198,63.5927,458.5091,523.5361,-65.0271,436.3412,374329840,22782.1354,21808.451,20834.7666,0
FPT.VN,2019-09-04,22248.66,22455.82,21958.64,22041.5,3995279,21879.92,20596.7896,21703.9998,20807.4876,59.5016,434.104,505.6497,-71.5457,440.6868,370334561,22677.8434,21879.92,21081.9966,0
FPT.VN,2019-09-05,22124.37,22165.8,21792.91,21792.91,3001781,21927.566,20656.4508,21712.4675,20846.1317,54.9345,390.2057,482.5609,-92.3552,435.8442,367332780,22560.8452,21927.566,21294.2868,1
FPT.VN,2019-09-06,21917.21,22041.5,21668.62,21917.21,2758077,21964.8545,20717.7692,21731.9668,20888.1347,56.7232,361.2813,458.305,-97.0237,431.3467,370090857,22489.1132,21964.8545,21440.5958,1
FPT.VN,2019-09-09,21958.64,22538.68,21751.48,22290.09,6052897,21995.928,20773.2872,21785.1214,20943.1134,61.6417,364.2479,439.4936,-75.2456,456.7648,376143754,22519.928,21995.928,21471.928,1
FPT.VN,2019-09-10,22455.82,22538.68,22207.23,22372.95,4179463,22027.0015,20832.1198,21841.105,20999.1854,62.6574,369.0312,425.4011,-56.3699,447.8138,380323217,22563.5236,22027.0015,21490.4794,1
FPT.VN,2019-09-11,22372.95,22455.82,22124.37,22414.38,2847285,22045.6455,20892.6096,21895.7027,21054.6832,63.1823,371.8782,414.6965,-42.8183,439.5021,383170502,22609.5073,22045.6455,21481.7837,1
FPT.VN,2019-09-12,22538.68,23408.74,22538.68,23408.74,9171571,22118.1505,20971.7436,22039.8015,21146.9992,72.9943,449.193,421.5958,27.5972,479.1348,392342073,22946.0245,22118.1505,21290.2765,1
FPT.VN,2019-09-13,23408.74,23781.62,23325.88,23533.03,5126305,22217.5855,21056.2636,22182.0137,21240.569,73.9296,514.5632,440.1893,74.3739,477.4637,397468378,23215.5203,22217.5855,21219.6507,1
FPT.VN,2019-09-16,23574.46,24030.21,23491.6,23905.91,3233200,22327.3785,21150.727,22346.1943,21345.0922,76.5531,589.6605,470.0835,119.577,481.8313,400701578,23548.4357,22327.3785,21106.3213,0
FPT.VN,2019-09-17,23740.19,24071.64,23657.33,23864.48,2883537,22401.955,21240.633,22490.7929,21443.8917,75.6423,638.4728,503.7614,134.7114,477.0084,397818041,23803.5728,22401.955,21000.3372,0
FPT.VN,2019-09-18,23988.78,23988.78,23325.88,23367.31,6258321,22459.959,21318.1098,22574.2707,21519.3199,65.5617,629.7797,528.965,100.8146,490.2863,391559720,23922.3458,22459.959,20997.5722,1
FPT.VN,2019-09-19,23450.17,23947.35,23284.44,23947.35,3458078,22559.3945,21407.6016,22705.0402,21614.5367,70.501,662.0628,555.5846,106.4782,502.6166,395017798,24143.6257,22559.3945,20975.1633,1
FPT.VN,2019-09-20,23905.91,24361.66,23864.48,24113.07,3369715,22638.114,21500.4078,22839.1383,21712.5184,71.7477,693.0309,583.0739,109.957,502.2283,398387513,24367.7953,22638.114,20908.4327,0
FPT.VN,2019-09-23,24030.21,24154.5,23408.74,23408.74,5582940,22696.118,21576.6416,22893.3861,21779.0369,60.1182,653.2099,597.1011,56.1089,519.6234,392804573,24448.4661,22696.118,20943.7699,0
FPT.VN,2019-09-24,23367.31,23615.89,23118.72,23284.44,6124823,22766.551,21650.3894,22930.6293,21838.0723,58.3215,604.6515,598.6112,6.0404,518.0196,386679750,24493.1169,22766.551,21039.9851,1
FPT.VN,2019-09-25,23325.88,23781.62,23243.01,23781.62,3481442,22876.344,21736.1524,23011.676,21914.2899,63.0749,599.3777,598.7645,0.6132,519.4903,390161192,24565.6228,22876.344,21187.0652,1
FPT.VN,2019-09-26,23905.91,24030.21,23698.76,23905.91,2395864,22979.922,21826.4728,23096.8412,21992.3927,64.1749,598.3301,598.6776,-0.3475,506.0589,392557056,24654.1593,22979.922,21305.6847,1
FPT.VN,2019-09-27,23864.48,24361.66,23781.62,24237.37,6059462,23091.787,21911.8216,23205.463,22080.431,66.9984,617.132,602.3685,14.7635,511.3432,398616518,24789.1767,23091.787,21394.3973,0
FPT.VN,2019-09-30,24568.82,24651.68,23905.91,23905.91,5307979,23187.079,21989.2982,23272.1722,22152.0184,61.7568,598.3887,601.5725,-3.1838,528.088,393308539,24839.8097,23187.079,21534.3483,1
FPT.VN,2019-10-01,23905.91,24237.37,23864.48,24237.37,3968319,23286.5145,22069.6752,23364.0958,22233.7969,64.7285,603.3258,601.9232,1.4027,517.0024,397276858,24940.8197,23286.5145,21632.2093,0
FPT.VN,2019-10-02,24237.37,24278.8,23698.76,23698.76,5886888,23369.3775,22140.9372,23395.9686,22291.2464,56.9802,557.3524,593.009,-35.6566,521.5051,391389970,24924.133,23369.3775,21814.622,0
FPT.VN,2019-10-03,23450.17,23781.62,23367.31,23698.76,6769866,23464.67,22212.1992,23424.8059,22346.443,56.9802,514.9818,577.4036,-62.4218,513.8483,391389970,24835.3123,23464.67,22094.0277,0
FPT.VN,2019-10-04,23823.05,23823.05,23491.6,23533.03,3068228,23545.461,22280.1466,23435.1129,22392.9759,54.6459,462.696,554.4621,-91.7661,500.8199,388321742,24706.5071,23545.461,22384.4149,0
FPT.VN,2019-10-07,23533.03,23698.76,22994.42,22994.42,5724668,23580.6775,22337.3218,23393.1422,22416.5619,47.7931,373.4925,518.2681,-144.7757,515.357,382597074,24617.4761,23580.6775,22543.8789,1
FPT.VN,2019-10-08,22994.42,23284.44,22870.13,23243.01,3227552,23624.1805,22399.4688,23378.8439,22448.9716,50.8563,319.1778,478.4501,-159.2722,508.1394,385824626,24509.5686,23624.1805,22738.7924,1
FPT.VN,2019-10-09,23325.88,23615.89,23118.72,23367.31,2262849,23671.827,22465.7592,23377.7454,22484.9849,52.3614,282.902,439.3405,-156.4385,507.3559,388087475,24364.73,23671.827,22978.924,0
FPT.VN,2019-10-10,23450.17,23615.89,23367.31,23367.31,1950211,23669.7555,22532.4638,23376.7516,22519.5859,52.3614,251.2568,401.7237,-150.467,488.8719,388087475,24366.2088,23669.7555,22973.3022,1
FPT.VN,2019-10-11,23491.6,23574.46,23367.31,23408.74,1917434,23663.541,22596.2682,23379.7981,22554.4547,52.9188,226.9051,366.76,-139.8549,468.7489,390004909,24367.3108,23663.541,22959.7712,1
FPT.VN,2019-10-14,23615.89,24113.07,23533.03,23905.91,5384877,23663.541,22668.3588,23429.904,22607.4529,59.1029,244.9007,342.3881,-97.4874,485.5761,395389786,24367.3108,23663.541,22959.7712,0
FPT.VN,2019-10-15,23947.35,23947.35,23781.62,23781.62,1602432,23659.398,22737.9636,23463.4007,22653.4987,57.0842,246.294,323.1693,-76.8753,462.7299,393787354,24359.1513,23659.398,22959.6447,1
FPT.VN,2019-10-16,23947.35,24030.21,23781.62,23823.05,2001018,23682.185,22802.1822,23497.653,22699.3634,57.604,247.8839,308.1122,-60.2284,447.4342,395788372,24371.493,23682.185,22992.877,0
FPT.VN,2019-10-17,23781.62,23823.05,23450.17,23491.6,3913916,23659.3975,22855.2144,23497.0766,22730.4315,52.1608,219.8641,290.4626,-70.5985,442.1089,391874456,24341.8954,23659.3975,22976.8996,1
FPT.VN,2019-10-18,23533.03,23864.48,23450.17,23657.33,3493341,23636.6105,22904.9322,23512.3388,22766.7805,54.4772,208.6264,274.0954,-65.469,440.1233,395367797,24284.9065,23636.6105,22988.3145,0
FPT.VN,2019-10-21,23781.62,23781.62,23325.88,23408.74,3042354,23636.6105,22939.7346,23502.4722,22791.9554,50.5254,177.6138,254.799,-77.1852,441.2388,392325443,24284.9065,23636.6105,22988.3145,0
FPT.VN,2019-10-22,23408.74,23450.17,23077.29,23325.88,3703423,23638.6825,22971.2226,23485.6539,22812.8936,49.2432,144.6822,232.7757,-88.0935,436.356,388622020,24282.4887,23638.6825,22994.8763,1
FPT.VN,2019-10-23,23201.58,23615.89,23201.58,23367.31,1804935,23617.967,22997.7388,23474.3831,22834.6354,49.9274,120.5373,210.328,-89.7907,434.7813,390426955,24269.0292,23617.967,22966.9048,1
FPT.VN,2019-10-24,23533.03,24113.07,23367.31,24113.07,5391780,23628.325,23040.8274,23535.2104,22884.7701,60.3017,159.7375,200.2099,-40.4724,456.9941,395818735,24304.7723,23628.325,22951.8777,0
FPT.VN,2019-10-25,24154.5,24237.37,23905.91,24030.21,3271215,23617.967,23090.545,23582.3532,22929.6893,58.843,182.0196,196.5718,-14.5522,448.0273,392547520,24260.6488,23617.967,22975.2852,1
FPT.VN,2019-10-28,24030.21,24361.66,23947.35,24071.64,3607940,23626.2535,23137.7768,23628.952,22974.4717,59.3722,200.7078,197.399,3.3087,445.619,396155460,24288.5421,23626.2535,22963.9649,0
FPT.VN,2019-10-29,24113.07,24154.5,23947.35,23988.78,2300236,23613.824,23170.0934,23663.2213,23014.2485,57.7722,206.4523,199.2097,7.2426,428.5855,393855224,24235.9336,23613.824,22991.7144,0
FPT.VN,2019-10-30,23988.78,24071.64,23864.48,23947.35,2659987,23626.2535,23204.8958,23690.2812,23050.8407,56.9458,205.2953,200.4268,4.8685,412.7694,391195237,24265.2135,23626.2535,22987.2935,1
FPT.VN,2019-10-31,24030.21,24320.23,23947.35,23988.78,3049354,23640.7545,23245.4986,23718.7096,23087.6226,57.599,205.3543,201.4123,3.942,409.9201,394244591,24299.5005,23640.7545,22982.0085,1
FPT.VN,2019-11-01,24030.21,24320.23,23864.48,24237.37,4182697,23675.9715,23279.4724,23768.1059,23132.7108,61.3843,222.8908,205.708,17.1828,413.1937,398427288,24383.939,23675.9715,22968.004,1
FPT.VN,2019-11-04,24320.23,25065.99,24320.23,24817.41,14026947,23767.121,23330.8474,23868.0396,23198.7774,68.4596,280.3611,220.6386,59.7225,442.867,412454235,24568.8284,23767.121,22965.4136,0
FPT.VN,2019-11-05,24900.27,24900.27,24610.25,24775.97,2991740,23843.769,23388.8512,23954.5092,23260.6281,67.508,318.887,240.2883,78.5987,431.9493,409462495,24723.79,23843.769,22963.748,0
FPT.VN,2019-11-06,24775.97,25024.56,24651.68,24651.68,3745010,23907.9875,23450.1696,24020.9064,23315.1792,64.6071,335.5222,259.3351,76.1871,427.7301,405717485,24828.148,23907.9875,22987.827,0
FPT.VN,2019-11-07,24651.68,24817.41,24527.38,24651.68,3470870,23972.206,23506.5162,24080.9801,23367.591,64.6071,344.7318,276.4144,68.3174,417.8944,405717485,24912.5384,23972.206,23031.8736,1
FPT.VN,2019-11-08,24775.97,24775.97,24527.38,24693.11,2943516,24036.4245,23560.377,24139.2781,23419.5721,65.1854,351.3238,291.3963,59.9275,405.8012,408661001,24990.0654,24036.4245,23082.7836,1
FPT.VN,2019-11-11,24734.54,25107.43,24651.68,24858.84,5262893,24084.071,23617.5524,24207.8078,23476.014,67.475,365.7053,306.2581,59.4472,409.369,413923894,25103.2271,24084.071,23064.9149,1
FPT.VN,2019-11-12,24858.84,25397.45,24858.84,25273.15,6861101,24158.6475,23678.0422,24309.269,23546.4899,72.3675,405.8557,326.1776,79.6781,418.6005,420784995,25296.043,24158.6475,23021.252,0
FPT.VN,2019-11-13,25356.01,25397.45,25065.99,25065.99,3219635,24220.7945,23738.532,24381.3377,23606.0781,66.945,416.1618,344.1745,71.9874,412.3762,417565360,25415.3722,24220.7945,23026.2168,0
FPT.VN,2019-11-14,25065.99,25273.15,23823.05,24154.5,11583945,24253.9395,23785.7638,24359.7341,23627.5849,49.4044,346.7824,344.696,2.0864,486.4993,405981415,25399.0917,24253.9395,23108.7873,1
FPT.VN,2019-11-15,24154.5,24361.66,23905.91,24278.8,6198294,24285.013,23832.9956,24352.0261,23653.1227,51.2791,298.389,335.4346,-37.0456,484.3029,412179709,25395.1944,24285.013,23174.8316,0
FPT.VN,2019-11-18,24195.93,24361.66,23657.33,23823.05,6745898,24305.7285,23863.6548,24301.6474,23659.7865,44.7341,220.7174,312.4912,-91.7738,500.0191,405433811,25361.1766,24305.7285,23250.2804,1
FPT.VN,2019-11-19,23823.05,24154.5,23823.05,24154.5,2557891,24347.1595,23899.2858,24287.6334,23679.1871,49.7567,183.7888,286.7507,-102.962,487.9785,407991702,25300.8004,24347.1595,23393.5186,0
FPT.VN,2019-11-20,24113.07,24113.07,23450.17,23533.03,5531457,24355.4455,23921.6588,24215.7664,23673.4554,42.0417,103.1856,250.0377,-146.8521,503.4322,402460245,25275.5285,24355.4455,23435.3625,0
FPT.VN,2019-11-21,23533.03,23657.33,23160.15,23201.58,7974508,24309.871,23917.5156,24119.1772,23654.9505,38.6037,12.4187,202.5139,-190.0952,502.9856,394485737,25361.4107,24309.871,23258.3313,0
FPT.VN,2019-11-22,23325.88,23657.33,22994.42,23201.58,3924125,24268.4395,23910.8866,24031.787,23637.1713,38.6037,-58.8366,150.2438,-209.0804,514.4088,394485737,25426.297,24268.4395,23110.582,1
FPT.VN,2019-11-25,23243.01,23615.89,23118.72,23450.17,2626003,24237.366,23901.7718,23976.3949,23629.8379,42.6808,-94.1623,101.3626,-195.5249,513.1774,397111740,25449.5442,24237.366,23025.1878,1
FPT.VN,2019-11-26,23615.89,23698.76,23533.03,23657.33,2338057,24220.7935,23897.6288,23946.0078,23630.916,45.9047,-104.2405,60.242,-164.4824,494.2783,399449797,25456.1234,24220.7935,22985.4636,0
FPT.VN,2019-11-27,23698.76,23781.62,23574.46,23615.89,1960542,24204.2205,23902.6004,23914.568,23630.3267,45.3551,-114.2543,25.3427,-139.597,473.7699,397489255,25463.655,24204.2205,22944.786,0
FPT.VN,2019-11-28,23574.46,23574.46,23118.72,23201.58,3308650,24164.8605,23887.685,23846.6644,23613.5132,40.1766,-153.8482,-10.4955,-143.3528,475.4413,394180605,25499.5966,24164.8605,22830.1244,1
FPT.VN,2019-11-29,23201.58,23533.03,23118.72,23367.31,1784564,24121.3575,23872.7698,23801.0116,23603.8581,42.9811,-169.8952,-42.3754,-127.5198,471.0748,395965169,25502.0668,24121.3575,22740.6482,0
FPT.VN,2019-12-02,23408.74,23408.74,22621.54,22621.54,4808865,24011.564,23857.0258,23688.6809,23565.3358,35.0242,-240.0232,-81.905,-158.1182,493.6552,391156304,25503.9356,24011.564,22519.1924,1
FPT.VN,2019-12-06,22787.27,22952.99,22662.97,22787.27,1342363,23912.129,23847.0824,23602.8323,23534.8235,37.7808,-279.0108,-121.3261,-157.6846,482.0691,392498667,25454.2332,23912.129,22370.0248,1
FPT.VN,2019-12-09,22870.13,23118.72,22787.27,22911.56,1691857,23825.123,23829.6812,23536.9968,23510.3818,39.8421,-296.4621,-156.3533,-140.1088,471.3106,394190524,25387.7596,23825.123,22262.4864,1
FPT.VN,2019-12-10,22911.56,23118.72,22704.4,22994.42,1923903,23742.26,23811.4514,23485.3228,23490.148,41.2397,-300.1464,-185.1119,-115.0345,467.2398,396114427,25296.084,23742.26,22188.436,1
FPT.VN,2019-12-11,22994.42,23450.17,22870.13,23408.74,2119069,23678.0415,23794.8788,23478.0292,23486.9555,47.7734,-266.5614,-201.4018,-65.1595,475.297,398233496,25171.3876,23678.0415,22184.6954,1
FPT.VN,2019-12-12,23533.03,23698.76,23491.6,23615.89,2274627,23615.894,23789.0784,23491.1588,23492.0117,50.7236,-220.6858,-205.2586,-15.4271,462.0629,400508123,25001.9314,23615.894,22229.8566,1
FPT.VN,2019-12-13,23698.76,23823.05,23574.46,23657.33,4058999,23535.103,23777.4776,23506.9847,23498.4948,51.3161,-178.9226,-199.9914,21.0688,446.8148,404567122,24682.1724,23535.103,22388.0336,0
FPT.VN,2019-12-16,23657.33,23657.33,23367.31,23408.74,2336706,23452.2405,23771.6772,23497.628,23494.975,47.6175,-163.9938,-192.7919,28.7981,435.6152,402230416,24344.8921,23452.2405,22559.5889,0
FPT.VN,2019-12-17,23284.44,23367.31,22828.7,22952.99,5337401,23392.165,23756.7618,23445.7577,23473.7207,41.6855,-186.7846,-191.5904,4.8058,445.9313,396893015,24246.7291,23392.165,22537.6009,1
FPT.VN,2019-12-18,22952.99,23201.58,22787.27,22994.42,2467911,23327.946,23745.9896,23402.7732,23454.9246,42.3881,-199.2072,-193.1138,-6.0934,443.6726,399360926,24089.9969,23327.946,22565.8951,1
FPT.VN,2019-12-19,22994.42,23284.44,22952.99,23118.72,1973913,23292.7295,23748.4756,23375.7205,23441.7401,44.5469,-196.7541,-193.8418,-2.9122,435.6567,401334839,24022.8731,23292.7295,22562.5859,1
FPT.VN,2019-12-20,23201.58,23491.6,23118.72,23408.74,1875630,23255.4415,23751.7902,23378.8652,23440.446,49.3187,-169.4544,-188.9644,19.5099,431.1726,403210469,23866.7856,23255.4415,22644.0974,0
FPT.VN,2019-12-23,23574.46,23615.89,23201.58,23243.01,1848839,23240.9405,23749.3042,23365.9266,23432.7034,46.8383,-159.3553,-183.0426,23.6872,429.9682,401361630,23838.1562,23240.9405,22643.7248,1
FPT.VN,2019-12-24,23367.31,23408.74,23243.01,23367.31,1670472,23249.227,23749.3042,23366.0584,23430.1389,48.9136,-139.7113,-174.3763,34.665,411.094,403032102,23848.7379,23249.227,22649.7161,1
FPT.VN,2019-12-25,23367.31,23988.78,23367.31,23823.05,3872305,23280.3005,23757.5904,23409.5814,23445.5472,55.7361,-86.3731,-156.7757,70.4025,426.1209,406904407,23931.5995,23280.3005,22629.0015,0
FPT.VN,2019-12-26,23947.35,24071.64,23781.62,23781.62,2714125,23296.873,23755.1046,23445.0136,23458.7265,55.0168,-46.9046,-134.8015,87.8968,416.3994,404190282,23982.3428,23296.873,22611.4032,1
FPT.VN,2019-12-27,23781.62,23947.35,23533.03,23864.48,2425358,23307.2305,23756.7618,23484.9628,23474.6384,56.2334,-8.8376,-109.6087,100.7711,416.2509,406615640,24021.2967,23307.2305,22593.1643,1
FPT.VN,2019-12-30,23947.35,24403.09,23864.48,24278.8,6953808,23340.376,23765.8768,23560.5664,23506.1742,61.7971,54.1389,-76.8592,130.9981,424.9908,413569448,24167.3787,23340.376,22513.3733,0
FPT.VN,2019-12-31,24278.8,24320.23,24030.21,24154.5,1663062,23388.022,23779.1348,23617.1315,23531.5987,59.3591,92.9468,-42.898,135.8448,415.35,411906386,24287.9419,23388.022,22488.1021,0
FPT.VN,2020-01-01,24154.5,24154.5,24154.5,24154.5,0,23427.3815,23789.0782,23668.3094,23556.0262,59.3591,122.2927,-9.8598,132.1525,385.6822,411906386,24390.1506,23427.3815,22464.6124,1
FPT.VN,2020-01-02,24154.5,24444.52,24030.21,24278.8,2164349,23510.2445,23806.4794,23726.4514,23584.3703,61.1373,153.8064,22.8734,130.933,387.727,414070735,24466.2338,23510.2445,22554.2552,0
FPT.VN,2020-01-03,24403.09,24485.96,23781.62,23864.48,4942821,23564.105,23817.2514,23739.597,23595.355,52.8387,143.6928,47.0373,96.6555,410.3422,409127914,24468.5816,23564.105,22659.6284,0
FPT.VN,2020-01-06,23657.33,23864.48,23533.03,23615.89,2634861,23599.3215,23822.223,23727.8153,23596.1603,48.5781,114.3009,60.49,53.8109,404.7071,406493053,24450.0713,23599.3215,22748.5717,1
FPT.VN,2020-01-07,23740.19,24071.64,23615.89,24071.64,2020786,23653.1825,23821.3944,23760.5606,23614.8066,55.6402,126.3266,73.6573,52.6693,408.353,408513839,24478.7084,23653.1825,22827.6566,0
FPT.VN,2020-01-08,23823.05,23905.91,23533.03,23533.03,4379022,23659.397,23811.4508,23738.891,23611.5996,47.3618,91.3428,77.1944,14.1484,417.6571,404134817,24479.0251,23659.397,22839.7689,1
FPT.VN,2020-01-09,23740.19,23905.91,23657.33,23864.48,2334099,23671.8265,23807.3076,23750.8518,23621.5165,52.0862,89.3334,79.6222,9.7112,414.4587,406468916,24496.2025,23671.8265,22847.4505,0
FPT.VN,2020-01-10,23823.05,23947.35,23657.33,23823.05,2458642,23680.1125,23803.993,23757.7279,23629.4198,51.4645,83.436,80.385,3.051,405.5702,404010274,24507.2019,23680.1125,22853.0231,0
FPT.VN,2020-01-13,23781.62,23864.48,23615.89,23657.33,1898946,23692.542,23798.1926,23748.1662,23630.5143,48.9474,64.6449,77.237,-12.592,394.3573,402111328,24509.8742,23692.542,22875.2098,0
FPT.VN,2020-01-14,23657.33,23781.62,23615.89,23615.89,1741867,23725.687,23790.7348,23735.5684,23629.9408,48.3111,45.8801,70.9656,-25.0855,378.0268,400369461,24466.9687,23725.687,22984.4053,0
FPT.VN,2020-01-15,23615.89,23657.33,23533.03,23615.89,2270910,23756.7605,23778.3052,23724.1705,23629.3898,48.3111,30.6555,62.9036,-32.2481,359.9035,400369461,24416.6027,23756.7605,23096.9183,1
FPT.VN,2020-01-16,23615.89,24113.07,23615.89,24030.21,4689608,23802.335,23762.5612,23753.3171,23645.1082,55.0818,51.4292,60.6087,-9.1795,369.7089,405059069,24399.5652,23802.335,23205.1048,0
FPT.VN,2020-01-17,24030.21,24071.64,23615.89,23864.48,3352071,23825.122,23744.3314,23763.904,23653.711,52.1398,53.8981,59.2666,-5.3685,375.8547,401706998,24393.1859,23825.122,23257.0581,0
FPT.VN,2020-01-20,23823.05,24030.21,23698.76,23781.62,2961763,23852.0525,23726.9302,23765.5913,23658.7271,50.6822,48.6084,57.1349,-8.5266,372.683,398745235,24350.7544,23852.0525,23353.3506,0
FPT.VN,2020-01-21,23947.35,24030.21,22994.42,22994.42,10503677,23833.408,23693.785,23692.1464,23632.6758,39.4103,-18.8866,41.9306,-60.8172,420.0478,388241558,24427.2266,23833.408,23239.5894,1
FPT.VN,2020-01-22,22787.27,23408.74,22662.97,23408.74,7640703,23812.6925,23668.0976,23665.1553,23623.894,46.1932,-38.5008,25.8444,-64.3451,443.3136,395882261,24436.1971,23812.6925,23189.1879,0
FPT.VN,2020-01-23,23408.74,23408.74,23408.74,23408.74,0,23794.0485,23639.0956,23640.7348,23615.4566,46.1932,-53.4293,9.9896,-63.4189,411.6484,395882261,24443.236,23794.0485,23144.861,0
FPT.VN,2020-01-24,23408.74,23408.74,23408.74,23408.74,0,23771.2615,23601.8074,23618.6401,23607.3501,46.1932,-64.5166,-4.9116,-59.605,382.2449,395882261,24441.686,23771.2615,23100.837,0
FPT.VN,2020-01-27,23408.74,23408.74,23408.74,23408.74,0,23727.7585,23568.6624,23598.6496,23599.5614,46.1932,-72.4679,-18.4229,-54.0451,354.9417,395882261,24371.9151,23727.7585,23083.6019,0
FPT.VN,2020-01-28,23408.74,23408.74,23408.74,23408.74,0,23690.4705,23553.7472,23580.563,23592.0783,46.1932,-77.8718,-30.3127,-47.5591,329.5887,395882261,24316.7058,23690.4705,23064.2352,0
FPT.VN,2020-01-29,23408.74,23408.74,23408.74,23408.74,0,23653.1825,23536.346,23564.1989,23584.8885,46.1932,-81.2182,-40.4938,-40.7244,306.0467,395882261,24251.2586,23653.1825,23055.1064,0
FPT.VN,2020-01-30,22911.56,23118.72,22331.52,22662.97,6368262,23572.391,23513.1444,23478.3675,23548.7349,35.1457,-142.406,-60.8762,-81.5298,361.1305,389513999,24246.3627,23572.391,22898.4193,0
FPT.VN,2020-01-31,22372.95,22745.84,21544.33,21544.33,9939684,23456.3835,23460.941,23294.1735,23470.1307,25.3516,-277.9586,-104.2927,-173.6659,421.1576,379574315,24572.4094,23456.3835,22340.3576,0
FPT.VN,2020-02-03,20549.97,21751.48,20301.38,21337.17,8696231,23342.4475,23417.0238,23107.7922,23386.4852,24.0169,-397.5187,-162.9379,-234.5808,494.6535,370878084,24802.2374,23342.4475,21882.6576,1
FPT.VN,2020-02-04,21710.05,21710.05,21130.01,21461.46,3985962,23211.9385,23382.2214,22950.9987,23310.994,26.5167,-476.7462,-225.6996,-251.0466,500.7525,374864046,24852.7295,23211.9385,21571.1475,1
FPT.VN,2020-02-05,21668.62,21875.78,21544.33,21544.33,3979156,23112.5035,23349.0764,22817.0302,23241.7131,28.2125,-526.7753,-285.9147,-240.8606,494.5788,378843202,24905.3547,23112.5035,21319.6523,1
FPT.VN,2020-02-06,21751.48,22207.23,21461.46,22207.23,4123805,23029.641,23324.2176,22758.954,23201.1451,40.1175,-507.0878,-330.1493,-176.9385,512.521,382967007,24829.3325,23029.641,21229.9495,0
FPT.VN,2020-02-07,21958.64,22165.8,21875.78,22082.93,2941392,22942.635,23292.7296,22694.5708,23157.2936,38.8176,-495.8,-363.2795,-132.5206,499.5874,380025615,24749.0615,22942.635,21136.2085,0
FPT.VN,2020-02-10,21710.05,21958.64,21585.76,21792.91,1781475,22849.414,23256.27,22608.6983,23103.7883,35.895,-504.4417,-391.5119,-112.9298,499.4147,378244140,24692.6014,22849.414,21006.2266,1
FPT.VN,2020-02-11,21917.21,22248.66,21834.35,22207.23,2619704,22778.981,23236.383,22570.4632,23068.6292,42.5495,-472.4124,-407.692,-64.7204,496.2958,380863844,24606.4361,22778.981,20951.5259,1
FPT.VN,2020-02-12,22290.09,22662.97,22248.66,22414.38,2666745,22718.9055,23217.3244,22555.5982,23042.9723,45.5906,-425.4099,-411.2356,-14.1743,493.3989,383530589,24509.1362,22718.9055,20928.6748,1
FPT.VN,2020-02-13,22414.38,22580.11,22248.66,22497.25,2487413,22642.2575,23214.8386,22550.0412,23021.5715,46.8038,-377.1258,-404.4136,27.2878,481.8312,386018002,24324.0806,22642.2575,20960.4344,1
FPT.VN,2020-02-14,22414.38,22580.11,22372.95,22580.11,2134226,22578.039,23210.6954,22552.9049,23004.2592,48.051,-328.3888,-389.2087,60.8199,462.2118,388152228,24158.3831,22578.039,20997.6949,0
FPT.VN,2020-02-17,22621.54,22621.54,22372.95,22455.82,1753235,22511.749,23201.5806,22543.6587,22982.7518,46.2975,-296.3771,-370.6424,74.2653,446.9531,386398993,23987.2692,22511.749,21036.2288,1
FPT.VN,2020-02-18,22538.68,23201.58,22497.25,23201.58,4250255,22522.107,23205.7238,22606.3179,22991.3333,56.5445,-208.4283,-338.1996,129.7712,468.2964,390649248,24014.7034,22522.107,21029.5106,0
FPT.VN,2020-02-19,23160.15,23284.44,22994.42,23077.29,1644284,22505.5345,23199.0948,22651.1724,22994.7042,54.6721,-147.0622,-299.9721,152.9099,455.5624,389004964,23963.6426,22505.5345,21047.4264,1
FPT.VN,2020-02-20,23243.01,23367.31,22994.42,23118.72,1884585,22491.0335,23189.1514,22695.7007,22999.5675,55.2046,-94.0025,-258.7782,164.7757,449.6572,390889549,23916.729,22491.0335,21065.338,0
FPT.VN,2020-02-21,23160.15,23160.15,22662.97,22662.97,3519167,22453.745,23169.2642,22692.5835,22986.3676,48.4606,-87.7163,-224.5658,136.8495,453.0517,387370382,23815.9765,22453.745,21091.5135,0
FPT.VN,2020-02-24,22000.07,22331.52,21751.48,21751.48,5459603,22370.882,23136.119,22602.9546,22937.9407,38.3659,-154.5031,-210.5533,56.0501,485.7973,381910779,23689.437,22370.882,21052.327,1
FPT.VN,2020-02-25,21585.76,22372.95,21544.33,22372.95,3397713,22319.0925,23124.5182,22581.0494,22915.7842,46.5424,-155.4923,-199.5411,44.0488,510.2846,385308492,23544.0524,22319.0925,21094.1326,1
FPT.VN,2020-02-26,22124.37,22870.13,21958.64,22787.27,7774949,22288.019,23120.3752,22600.6895,22910.7444,51.1913,-121.4441,-183.9217,62.4776,538.9422,393083441,23424.9631,22288.019,21151.0749,1
FPT.VN,2020-02-27,22787.27,23408.74,22621.54,23201.58,7064787,22314.9495,23122.0324,22657.9171,22922.1497,55.3708,-60.3338,-159.2041,98.8703,556.6749,400148228,23513.1543,22314.9495,21116.7447,0
FPT.VN,2020-02-28,22787.27,23077.29,22621.54,22828.7,5146338,22379.168,23110.4316,22674.1822,22918.485,51.1274,-41.5133,-135.6659,94.1527,558.3438,395001890,23540.5786,22379.168,21217.7574,1
FPT.VN,2020-03-02,22828.7,23284.44,22704.4,23077.29,4313299,22466.174,23107.1172,22712.5734,22924.7127,53.6762,-6.4642,-109.8256,103.3614,559.8935,399315189,23557.5149,22466.174,21374.8331,1
FPT.VN,2020-03-03,23284.44,23615.89,23077.29,23160.15,2881389,22551.1085,23102.974,22755.1997,22933.9455,54.5275,27.6795,-82.3246,110.0041,558.3726,402196578,23575.5717,22551.1085,21526.6453,0
FPT.VN,2020-03-05,22994.42,23160.15,22621.54,22621.54,3129148,22604.969,23078.9438,22742.4702,22921.6943,48.3126,11.1488,-63.6299,74.7787,556.961,399067430,23513.2446,22604.969,21696.6934,0
FPT.VN,2020-03-06,22455.82,22497.25,22165.8,22372.95,3149857,22613.255,23050.7704,22707.2778,22900.1749,45.7223,-21.7602,-55.256,33.4957,549.7309,395917573,23509.1927,22613.255,21717.3173,0
FPT.VN,2020-03-09,21212.88,21544.33,20839.99,20839.99,11428869,22551.108,22990.2806,22529.4409,22819.3834,33.7172,-169.5831,-78.1214,-91.4617,619.9615,384488704,23729.7624,22551.108,21372.4536,1
FPT.VN,2020-03-10,21130.01,21544.33,20839.99,21420.03,4900486,22532.464,22933.1052,22423.7827,22764.5068,40.1235,-237.1951,-109.9361,-127.259,625.9886,389389190,23771.848,22532.464,21293.08,0
FPT.VN,2020-03-11,21544.33,21751.48,20508.54,21047.15,6645467,22474.46,22870.9582,22292.6748,22697.1594,37.6071,-317.2099,-151.3909,-165.819,670.0565,382743723,23875.9207,22474.46,21072.9993,0
FPT.VN,2020-03-12,20135.66,20425.68,19597.05,19928.5,9610272,22350.166,22786.4382,22067.5153,22588.5846,31.271,-465.5216,-214.217,-251.3046,725.7739,373133451,24156.515,22350.166,20543.817,1
FPT.VN,2020-03-13,18768.42,20715.7,18726.99,19949.22,7045719,22222.7645,22699.8466,21865.7729,22485.0801,31.5012,-574.7623,-286.3261,-288.4362,815.9836,380179170,24321.2374,22222.7645,20124.2916,0
FPT.VN,2020-03-16,19949.22,20591.4,19679.91,19721.34,4583384,22079.826,22616.9838,21661.5412,22376.6981,30.2992,-671.9781,-363.4565,-308.5217,822.8055,375595786,24447.9407,22079.826,19711.7113,1
FPT.VN,2020-03-17,19472.76,20094.23,19265.6,20094.23,5972886,21961.7465,22546.5506,21512.2735,22287.1895,34.6907,-710.7404,-432.9133,-277.8271,823.2216,381568672,24481.5715,21961.7465,19441.9215,0
FPT.VN,2020-03-18,20301.38,20342.81,20032.08,20052.79,3965109,21804.307,22466.1736,21373.275,22199.566,34.4311,-736.3158,-493.5938,-242.722,786.615,377603563,24390.5619,21804.307,19218.0521,0
FPT.VN,2020-03-19,19721.34,19928.5,19721.34,19762.78,3129486,21638.5815,22390.7686,21219.8946,22104.0058,32.5927,-771.0971,-549.0944,-222.0027,754.1032,374474077,24304.9191,21638.5815,18972.2439,0
FPT.VN,2020-03-20,19969.93,19990.65,19617.77,19762.78,3116863,21470.7845,22308.7346,21081.1218,22012.193,32.5927,-789.56,-597.1875,-192.3725,726.873,374474077,24167.1425,21470.7845,18774.4265,0
FPT.VN,2020-03-23,19099.87,19431.32,18395.54,18395.54,6822579,21257.413,22200.1844,20825.3521,21870.3635,25.2278,-904.095,-658.569,-245.526,772.6135,367651498,24218.8999,21257.413,18295.9261,1
FPT.VN,2020-03-24,18644.13,18644.13,18022.66,18436.97,5289467,21091.6875,22095.7772,20597.8871,21735.7206,25.7751,-980.2224,-722.8997,-257.3227,761.8175,372940965,24297.6332,21091.6875,17885.7418,1
FPT.VN,2020-03-25,19058.44,19224.17,18706.28,19058.44,5145349,20925.962,22004.6282,20451.2731,21630.7292,33.6241,-979.1197,-774.1437,-204.976,763.6306,378086314,24195.0865,20925.962,17656.8375,0
FPT.VN,2020-03-26,18851.29,18996.29,18312.68,18312.68,5692084,20702.2325,21898.564,20247.5976,21500.6096,29.5816,-1026.5886,-824.6327,-201.9559,762.3541,372394230,24046.5996,20702.2325,17357.8654,0
FPT.VN,2020-03-27,18395.54,18395.54,17774.07,17856.93,6356894,20435.0,21775.0984,20019.9149,21357.7202,27.4126,-1088.4364,-877.3934,-211.043,752.291,366037336,23792.5838,20435.0,17077.4162,0
FPT.VN,2020-03-30,16779.71,17028.3,16613.99,16738.28,5207862,20130.479,21632.5744,19707.3783,21176.5657,22.9622,-1213.7259,-944.6599,-269.066,787.3373,360829474,23673.5904,20130.479,16587.3676,1
FPT.VN,2020-03-31,17194.03,17566.91,16613.99,17028.3,4013985,19828.0295,21497.508,19452.228,21013.8886,26.3027,-1274.92,-1010.7119,-264.2081,799.1646,364843459,23344.6094,19828.0295,16311.4496,1
FPT.VN,2020-04-01,16904.01,17898.36,16904.01,17525.48,3507074,19546.296,21388.1292,19268.7282,20877.0883,31.7653,-1268.6741,-1062.3044,-206.3697,813.1065,368350533,22834.2747,19546.296,16258.3173,0
FPT.VN,2020-04-02,17525.48,17525.48,17525.48,17525.48,0,19291.493,21270.464,19102.7045,20745.6527,31.7653,-1249.3227,-1099.708,-149.6147,755.0274,368350533,22358.4441,19291.493,16224.5419,1
FPT.VN,2020-04-03,17815.5,18499.12,17691.21,18478.4,5001038,19096.7655,21171.8572,19043.2469,20656.7408,41.4174,-1143.9076,-1108.548,-35.3597,770.6426,373351571,21814.6116,19096.7655,16378.9194,1
FPT.VN,2020-04-06,19058.44,19679.91,18851.29,19679.91,6562632,19038.7615,21097.2806,19103.8815,20618.4337,50.8567,-952.4346,-1077.3253,124.8907,801.4189,379914203,21647.278,19038.7615,16430.245,0
FPT.VN,2020-04-07,19679.91,19762.78,19265.6,19597.05,5946722,18947.6125,21021.0468,19150.85,20578.3795,50.2553,-798.176,-1021.4954,223.3194,779.6875,373967481,21322.7374,18947.6125,16572.4876,0
FPT.VN,2020-04-08,19099.87,19493.47,18954.86,19410.61,3805495,18865.7855,20941.0842,19175.589,20532.5846,48.8554,-683.0949,-953.8153,270.7205,769.8663,370161986,21040.6748,18865.7855,16690.8962,0
FPT.VN,2020-04-09,19472.76,19721.34,19265.6,19410.61,5170885,18839.891,20861.1216,19197.972,20488.5856,48.8554,-585.147,-880.0816,294.9347,747.4287,370161986,20973.4447,18839.891,16706.3373,0
FPT.VN,2020-04-10,19307.03,19472.76,19017.01,19224.17,4542497,18803.6385,20792.3456,19200.467,20439.0006,47.3265,-516.6116,-807.3876,290.776,726.5945,365619489,20881.7458,18803.6385,16725.5312,1
FPT.VN,2020-04-13,19224.17,19472.76,19099.87,19265.6,3029972,18780.8515,20746.771,19206.6701,20392.9849,47.718,-453.7235,-736.6548,282.9313,701.3299,368649461,20826.3274,18780.8515,16735.3756,1
FPT.VN,2020-04-14,19721.34,20508.54,19472.76,20508.54,9828416,18801.567,20730.1984,19330.6578,20397.5165,57.8428,-300.1296,-649.3498,349.2201,740.0163,378477877,20910.4568,18801.567,16692.6772,1
FPT.VN,2020-04-15,20922.85,21047.15,20653.55,20757.13,5322533,18836.784,20716.1118,19466.5123,20411.619,59.5309,-156.5417,-550.7882,394.2464,725.6301,383800410,21054.3735,18836.784,16619.1945,1
FPT.VN,2020-04-16,20591.4,21047.15,20425.68,20839.99,3640910,18890.6445,20702.025,19597.3197,20428.4179,60.1043,-35.6502,-447.7606,412.1103,718.1901,387441320,21250.6818,18890.6445,16530.6072,1
FPT.VN,2020-04-17,21212.88,21254.3,20798.56,21212.88,6351777,18963.1495,20682.138,19751.1825,20459.1811,62.6679,89.2178,-340.3649,429.5827,699.4437,393793097,21517.1332,18963.1495,16409.1658,1
FPT.VN,2020-04-20,21502.89,21544.33,21005.72,21254.3,5405997,19106.0875,20665.5654,19894.3366,20490.3622,62.9527,189.3363,-234.4247,423.761,687.9556,399199094,21839.9692,19106.0875,16372.2058,0
FPT.VN,2020-04-21,20922.85,21088.58,20259.95,20425.68,9019850,19205.523,20638.2208,19944.9407,20487.8257,54.0672,199.5183,-147.6361,347.1544,709.8409,390179244,21981.2781,19205.523,16429.7679,1
FPT.VN,2020-04-22,20218.52,21212.88,20177.09,21171.44,5903397,19311.173,20617.505,20061.7502,20514.6341,59.5948,264.7128,-65.1663,329.8791,733.123,396082641,22220.969,19311.173,16401.377,0
FPT.VN,2020-04-23,21585.76,21627.19,21130.01,21130.01,3290765,19452.0395,20591.8176,20163.4892,20538.7664,59.1688,309.4695,9.7609,299.7086,716.2699,392791876,22430.2816,19452.0395,16473.7974,0
FPT.VN,2020-04-24,21088.58,21212.88,20757.13,21130.01,3406547,19615.6935,20564.4728,20255.5388,20561.9525,59.1688,341.0085,76.0104,264.9981,697.6613,392791876,22584.5744,19615.6935,16646.8126,0
FPT.VN,2020-04-27,21337.17,21337.17,20922.85,21005.72,3426749,19829.0655,20532.985,20326.9846,20579.3551,57.7329,351.9176,131.1918,220.7258,677.4227,389365127,22528.3761,19829.0655,17129.7549,0
FPT.VN,2020-04-28,21005.72,21047.15,20798.56,21005.72,2351622,20027.9365,20503.983,20391.6261,20596.0753,57.7329,356.4541,176.2443,180.2098,646.7918,389365127,22427.895,20027.9365,17627.978,1
FPT.VN,2020-04-29,21047.15,21295.74,20922.85,21047.15,3256540,20204.02,20460.8944,20454.0569,20613.7645,58.1257,359.2512,212.8457,146.4055,627.2274,392621667,22332.2984,20204.02,18075.7416,0
FPT.VN,2020-04-30,21047.15,21047.15,21047.15,21047.15,0,20380.1035,20420.2916,20510.542,20630.76,58.1257,357.3486,241.7463,115.6023,582.4254,392621667,22123.1581,20380.1035,18637.0489,0
FPT.VN,2020-05-01,21047.15,21047.15,21047.15,21047.15,0,20508.541,20378.8602,20561.6475,20647.089,58.1257,351.7856,263.7541,88.0315,540.8236,392621667,22025.4761,20508.541,18991.6059,0
FPT.VN,2020-05-04,20798.56,21088.58,20632.83,20922.85,2161476,20570.688,20344.0578,20596.0478,20657.9032,56.1695,333.5025,277.7038,55.7987,534.7469,390460191,22045.9553,20570.688,19095.4207,1
FPT.VN,2020-05-05,21047.15,21130.01,20881.42,21088.58,1636416,20645.2645,20330.7998,20642.9556,20674.7925,58.19,328.5982,287.8827,40.7155,514.3071,392096607,22062.9701,20645.2645,19227.5589,1
FPT.VN,2020-05-06,21130.01,22000.07,21130.01,21917.21,8375653,20770.5945,20321.685,20764.3132,20723.5147,66.504,387.1126,307.7287,79.3839,542.6773,400472260,22171.8191,20770.5945,19369.3699,1
FPT.VN,2020-05-07,21958.64,22165.8,21710.05,22165.8,4901403,20908.354,20309.2556,20897.7881,20780.0749,68.526,448.3762,335.8582,112.518,536.4682,405373663,22288.1924,20908.354,19528.5156,1
FPT.VN,2020-05-08,22207.23,22828.7,22207.23,22248.66,8653630,21059.5785,20290.1972,21026.4426,20837.6665,69.1935,497.875,368.2615,129.6135,545.4991,414027293,22320.0169,21059.5785,19799.1401,1
FPT.VN,2020-05-11,22372.95,22538.68,22082.93,22372.95,5115516,21214.946,20281.0822,21154.6814,20897.8737,70.2141,540.8972,402.7887,138.1085,539.0884,419142809,22297.8421,21214.946,20132.0499,1
FPT.VN,2020-05-12,22372.95,22538.68,22207.23,22538.68,6826200,21316.453,20270.31,21286.4908,20962.2191,71.5666,581.6606,438.5631,143.0975,524.2571,425969009,22496.7601,21316.453,20136.1459,1
FPT.VN,2020-05-13,22631.9,23608.64,22584.25,23513.35,14384827,21454.264,20277.374,21498.5726,21062.2634,77.9175,684.7205,487.7945,196.926,563.2359,440353836,22958.7149,21454.264,19949.8131,0
FPT.VN,2020-05-14,23322.77,23394.24,23108.36,23203.65,5451442,21572.447,20289.0162,21660.9609,21146.2394,72.385,732.957,536.827,196.13,551.9326,434902394,23236.6012,21572.447,19908.2928,0
FPT.VN,2020-05-15,23203.65,23203.65,23203.65,23203.65,0,21671.9855,20305.6302,21807.8837,21226.9221,72.385,762.3964,581.9409,180.4555,512.5089,434902394,23477.7115,21671.9855,19866.2595,0
FPT.VN,2020-05-18,23203.65,23203.65,23203.65,23203.65,0,21769.453,20352.9034,21940.8138,21304.4409,72.385,776.7731,620.9074,155.8658,475.9011,434902394,23687.2152,21769.453,19851.6908,1
FPT.VN,2020-05-19,23441.88,23680.11,23156.01,23680.11,6042529,21932.1745,20398.105,22106.4611,21397.6044,75.7003,817.193,660.1645,157.0285,479.3439,440944923,23920.8226,21932.1745,19943.5264,0
FPT.VN,2020-05-20,23680.11,23680.11,23680.11,23680.11,0,22057.608,20450.7642,22256.3324,21487.1144,75.7003,839.5483,696.0412,143.5071,445.105,440944923,24157.5737,22057.608,19957.6423,0
FPT.VN,2020-05-21,23298.95,23489.53,23275.12,23489.53,4212432,22175.584,20521.9848,22373.7798,21565.6405,71.7067,832.2927,723.2915,109.0011,442.2397,436732491,24320.7579,22175.584,20030.4101,0
FPT.VN,2020-05-22,23346.59,23346.59,23084.54,23084.54,3634546,22273.3105,20584.6912,22441.4712,21625.2052,63.9822,784.8163,735.5965,49.2198,439.579,433097945,24395.8898,22273.3105,20150.7312,0
FPT.VN,2020-05-25,23108.36,23156.01,22774.84,23084.54,4266875,22377.2515,20651.9552,22502.7159,21682.434,63.9822,738.676,736.2124,2.4636,435.4069,433097945,24441.2594,22377.2515,20313.2436,1
FPT.VN,2020-05-26,23108.36,23251.3,23036.89,23251.3,3391001,22489.5305,20715.0966,22574.0096,21743.9581,65.7444,707.411,730.4521,-23.0411,419.6214,436488946,24482.4834,22489.5305,20496.5776,0
FPT.VN,2020-05-27,23298.95,23537.18,22870.13,22870.13,4404515,22580.6795,20771.4434,22602.2115,21788.1217,58.6775,644.4472,713.2511,-68.8039,437.2949,432084431,24459.345,22580.6795,20702.014,0
FPT.VN,2020-05-28,22965.42,23156.01,22870.13,22870.13,2506773,22671.8285,20833.5904,22627.7276,21830.5534,58.6775,587.7725,688.1554,-100.3829,426.4795,432084431,24408.7635,22671.8285,20934.8935,0
FPT.VN,2020-05-29,22870.13,22917.78,22631.9,22846.31,2825351,22761.7865,20895.261,22648.545,21870.387,58.2239,534.7708,657.4785,-122.7077,416.4367,429259080,24321.7794,22761.7865,21201.7936,1
FPT.VN,2020-06-01,22870.13,23036.89,22870.13,23013.07,2724566,22866.2975,20987.6116,22683.2616,21915.1981,60.5246,500.4538,626.0736,-125.6197,400.3041,431983646,24165.8925,22866.2975,21566.7025,0
FPT.VN,2020-06-02,23013.07,23108.36,22870.13,22870.13,3057395,22955.375,21076.2748,22701.0586,21952.6464,57.5966,456.4615,592.1511,-135.6897,388.7274,428926251,23950.4723,22955.375,21960.2777,1
FPT.VN,2020-06-03,22870.13,23322.77,22822.48,23179.83,3973168,23018.506,21158.7026,22746.6559,22000.7713,61.8975,441.4981,562.0205,-120.5224,396.6961,432899419,23888.6447,23018.506,22148.3673,0
FPT.VN,2020-06-04,23298.95,23298.95,23060.71,23060.71,2644623,23063.2515,21253.6632,22776.5658,22042.3375,59.4018,415.2409,532.6646,-117.4237,385.3778,430254796,23835.2689,23063.2515,22291.2341,1
FPT.VN,2020-06-05,23060.71,23203.65,22941.6,23203.65,2594545,23111.001,21360.5976,22817.2405,22087.8792,61.4124,401.3396,506.3996,-105.06,376.5687,432849341,23782.4651,23111.001,22439.5369,0
FPT.VN,2020-06-08,23203.65,23203.65,23203.65,23203.65,0,23152.536,21489.905,22854.0414,22131.6349,61.4124,385.8745,482.2946,-96.4201,349.6709,432849341,23727.6269,23152.536,22577.4451,0
FPT.VN,2020-06-09,23203.65,23203.65,23203.65,23203.65,0,23185.7845,21613.412,22887.3375,22173.6747,61.4124,369.3606,459.7078,-90.3472,324.6944,432849341,23683.0718,23185.7845,22688.4972,1
FPT.VN,2020-06-10,23346.59,23346.59,23060.71,23251.3,2744274,23172.682,21727.9284,22922.0006,22215.9345,62.192,356.0143,438.9691,-82.9548,321.922,435593615,23646.9037,23172.682,22698.4603,0
FPT.VN,2020-06-11,23251.3,23251.3,21917.21,21917.21,8978824,23108.36,21815.763,22826.3062,22204.2198,38.6492,235.0774,398.1908,-163.1133,394.2197,426614791,23842.5927,23108.36,22374.1273,1
FPT.VN,2020-06-12,21440.75,22393.67,21440.75,22393.67,6601694,23067.861,21894.0684,22785.1028,22211.6493,46.4464,175.6556,353.6837,-178.0281,434.1269,433216485,23866.493,23067.861,22269.229,0
FPT.VN,2020-06-15,22870.13,22870.13,21869.56,21917.21,2534310,23003.539,21938.8144,22702.4463,22200.1026,40.8547,89.0901,300.765,-211.6749,474.5871,430682175,23949.7141,23003.539,22057.3639,1
FPT.VN,2020-06-16,22203.08,22298.38,22060.15,22203.08,2310220,22929.6875,21990.935,22654.8876,22200.2194,45.1235,43.0573,249.2235,-206.1662,467.9144,432992395,23884.0493,22929.6875,21975.3257,0
FPT.VN,2020-06-17,22250.73,22274.55,22036.32,22083.97,1655182,22849.8805,22044.4022,22600.5145,22195.6606,43.708,-3.0006,198.7786,-201.7793,451.5084,431337213,23806.965,22849.8805,21892.796,1
FPT.VN,2020-06-18,22060.15,22250.73,21988.68,22203.08,1727276,22785.558,22100.2516,22562.6636,22195.9515,45.5475,-29.5501,153.1129,-182.663,437.9757,433064489,23734.519,22785.558,21836.597,1
FPT.VN,2020-06-19,22203.08,22393.67,22203.08,22393.67,1564598,22751.0145,22163.6416,22546.569,22203.7052,48.4504,-34.8104,115.5282,-150.3386,420.3053,434629087,23704.4376,22751.0145,21797.5914,0
FPT.VN,2020-06-22,22393.67,22393.67,22322.2,22393.67,1652139,22716.471,22226.203,22532.0072,22211.1548,48.4504,-38.535,84.7156,-123.2506,395.3885,434629087,23669.0757,22716.471,21763.8663,1
FPT.VN,2020-06-23,22369.85,23060.71,22274.55,22655.72,3554813,22686.692,22269.1466,22543.7893,22228.5887,52.4892,-20.1098,63.7505,-83.8603,423.3007,438183900,23605.5388,22686.692,21767.8452,0
FPT.VN,2020-06-24,22822.48,22846.31,22417.49,22488.96,1273976,22667.6335,22303.7832,22538.5675,22238.7994,49.8145,-18.7477,47.2509,-65.9985,423.6949,436909924,23586.2722,22667.6335,21748.9948,0
FPT.VN,2020-06-25,22226.91,22441.31,22203.08,22298.38,1533829,22639.046,22332.951,22515.6925,22241.1359,46.8747,-32.6698,31.2667,-63.9365,413.851,435376095,23566.6927,22639.046,21711.3993,1
FPT.VN,2020-06-26,22298.38,22465.14,22250.73,22322.2,1265329,22612.8405,22355.1374,22497.2646,22244.3148,47.2934,-41.3049,16.7524,-58.0574,399.6052,436641424,23545.4326,22612.8405,21680.2484,0
FPT.VN,2020-06-29,22203.08,22203.08,21845.74,21941.03,2689034,22559.2385,22368.872,22444.2899,22232.4213,41.6384,-78.0064,-2.1994,-75.8071,405.0949,433952390,23517.8439,22559.2385,21600.6331,0
FPT.VN,2020-06-30,21988.68,22107.79,21631.33,21750.45,3345939,22503.2545,22395.3674,22378.2099,22213.5205,39.1198,-121.0751,-25.9745,-95.1006,410.1924,430606451,23514.7351,22503.2545,21491.7739,1
FPT.VN,2020-07-01,21917.21,22060.15,21821.92,22012.5,1818952,22444.888,22412.1886,22343.3804,22205.6373,44.1246,-132.5344,-47.2865,-85.2479,403.0143,432425403,23426.2559,22444.888,21463.5201,0
FPT.VN,2020-07-02,22060.15,22060.15,21893.38,21988.68,1131593,22391.2865,22429.362,22309.5994,22197.1292,43.7723,-141.9022,-66.2096,-75.6926,386.1397,431293810,23347.8231,22391.2865,21434.7499,1
FPT.VN,2020-07-03,22155.44,22155.44,21964.85,22036.32,1111864,22332.92,22447.4882,22283.5728,22190.823,44.7228,-143.8242,-81.7325,-62.0917,372.1719,432405674,23220.7328,22332.92,21445.1072,1
FPT.VN,2020-07-06,22155.44,22369.85,22060.15,22298.38,2287511,22287.6565,22473.3414,22284.983,22195.0409,49.7542,-122.786,-89.9432,-32.8428,369.4118,434693185,23075.1978,22287.6565,21500.1152,1
FPT.VN,2020-07-07,22393.67,22822.48,22393.67,22608.08,5748948,22257.878,22505.3886,22315.7542,22211.2385,54.9706,-80.1983,-87.9943,7.7959,380.4609,440442133,22937.1877,22257.878,21578.5683,1
FPT.VN,2020-07-08,22536.61,22822.48,22536.61,22727.19,3090724,22231.6725,22538.9894,22354.9385,22231.4719,56.827,-36.4164,-77.6787,41.2623,373.7044,443532857,22776.8089,22231.6725,21686.5361,1
FPT.VN,2020-07-09,22822.48,23060.71,22774.84,23036.89,4824948,22287.6565,22578.7842,22419.8863,22263.0569,61.2951,23.0062,-57.5417,80.5479,370.8341,448357805,22919.8423,22287.6565,21655.4707,0
FPT.VN,2020-07-10,23036.89,23036.89,23036.89,23036.89,0,22319.8175,22618.579,22478.6485,22293.4033,61.2951,69.3001,-32.1733,101.4734,344.346,448357805,23034.7418,22319.8175,21604.8932,1
FPT.VN,2020-07-13,22870.13,23322.77,22751.01,23179.83,5588053,22382.9485,22663.7186,22545.4277,22328.1651,63.3267,116.1831,-2.5021,118.6852,360.5898,453945858,23167.7546,22382.9485,21598.1424,0
FPT.VN,2020-07-14,23013.07,23275.12,23013.07,23132.18,3252186,22429.4035,22704.5906,22601.3089,22359.6951,62.1555,147.7897,27.5563,120.2334,353.5513,450693672,23276.8712,22429.4035,21581.9358,0
FPT.VN,2020-07-15,23132.18,23132.18,23132.18,23132.18,0,22481.814,22728.89,22651.868,22389.9887,62.1555,170.8685,56.2187,114.6497,328.2976,450693672,23368.0942,22481.814,21595.5338,1
FPT.VN,2020-07-16,23132.18,23227.48,23060.71,23156.01,2225848,22529.4605,22748.6942,22699.8816,22420.0287,62.5571,188.9039,82.7558,106.1481,316.7599,452919520,23454.2688,22529.4605,21604.6522,0
FPT.VN,2020-07-17,23108.36,23108.36,22917.78,22917.78,2755944,22555.666,22762.0766,22720.6338,22439.5484,56.142,181.8773,102.5801,79.2973,311.1506,450163576,23493.8785,22555.666,21617.4535,0
FPT.VN,2020-07-20,22917.78,22965.42,22560.43,22584.25,4301883,22565.195,22766.3026,22707.6449,22445.2229,48.6241,147.6932,111.6027,36.0905,317.8534,445861693,23500.3461,22565.195,21630.0439,1
FPT.VN,2020-07-21,22631.9,22846.31,22512.78,22774.84,1973361,22571.151,22771.0258,22714.0444,22458.1491,52.5355,134.4313,116.1684,18.2629,318.9732,447835054,23510.2387,22571.151,21632.0633,0
FPT.VN,2020-07-22,22870.13,22870.13,22536.61,22584.25,1716593,22575.9155,22752.4438,22701.683,22463.0942,48.5545,107.3053,114.3958,-7.0905,320.0123,446118461,23514.214,22575.9155,21637.617,1
FPT.VN,2020-07-23,22584.25,22751.01,22441.31,22751.01,1928027,22598.547,22743.391,22706.3808,22474.385,51.983,98.1326,111.1431,-13.0106,319.2757,448046488,23530.4729,22598.547,21666.6211,0
FPT.VN,2020-07-24,22584.25,22655.72,21631.33,21869.56,6654353,22575.915,22716.7092,22626.6836,22450.6664,37.6864,19.5126,92.817,-73.3045,376.4474,441392135,23556.7973,22575.915,21595.0327,0
FPT.VN,2020-07-27,21440.75,21869.56,20773.7,20821.35,6872230,22519.931,22669.0632,22454.7471,22386.7717,27.8702,-125.9245,49.0687,-174.9933,427.834,434519905,23749.6382,22519.931,21290.2238,1
FPT.VN,2020-07-28,21154.87,21821.92,21035.75,21774.27,4100041,22521.122,22630.9464,22389.9397,22362.752,42.5264,-162.4195,6.7711,-169.1906,468.7437,438619946,23747.7335,22521.122,21294.5105,0
FPT.VN,2020-07-29,21154.87,21393.1,20868.99,21226.34,3261966,22481.814,22581.871,22279.1207,22318.1868,37.7736,-232.8711,-41.1574,-191.7137,499.9249,435357980,23822.1672,22481.814,21141.4608,1
FPT.VN,2020-07-30,21250.16,21512.22,21250.16,21512.22,1284973,22457.991,22542.3248,22206.0826,22286.5803,41.4503,-262.6091,-85.4477,-177.1614,484.636,436642953,23851.1455,22457.991,21064.8365,0
FPT.VN,2020-07-31,20964.29,21536.04,20964.29,21202.52,2321805,22416.301,22504.6844,22110.5052,22244.0681,38.7773,-307.6209,-129.8823,-177.7385,490.8584,434321148,23908.9367,22416.301,20923.6653,1
FPT.VN,2020-08-03,21202.52,21869.56,21202.52,21869.56,2921959,22394.86,22480.3848,22087.558,22229.3815,46.7434,-286.1696,-161.1398,-125.0298,503.4428,437243107,23906.8223,22394.86,20882.8977,1
FPT.VN,2020-08-04,22155.44,22298.38,22012.5,22179.26,2206497,22373.419,22458.944,22096.2915,22227.416,49.9965,-241.3965,-177.1911,-64.2054,498.1126,439449604,23884.8122,22373.419,20862.0258,1
FPT.VN,2020-08-05,22155.44,22465.14,22036.32,22393.67,2788307,22356.743,22449.4148,22124.6133,22233.9357,52.1746,-186.463,-179.0455,-7.4175,493.1631,442237911,23859.0334,22356.743,20854.4526,0
FPT.VN,2020-08-06,22393.67,22512.78,22250.73,22298.38,2421310,22319.8175,22437.9798,22141.1625,22236.463,51.1091,-148.9005,-173.0165,24.1161,476.6551,439816601,23787.6265,22319.8175,20852.0085,1
FPT.VN,2020-08-07,22298.38,22774.84,22298.38,22441.31,2694218,22290.0385,22429.8798,22169.748,22244.4962,52.6705,-106.3724,-159.6877,53.3153,476.6411,442510819,23720.2782,22290.0385,20859.7988,1
FPT.VN,2020-08-10,22560.43,22774.84,22441.31,22488.96,2435393,22255.495,22419.3976,22200.1491,22254.083,53.207,-68.0394,-141.358,73.3187,466.4189,444946212,23627.4323,22255.495,20883.5577,0
FPT.VN,2020-08-11,22608.08,22608.08,22393.67,22393.67,2538906,22218.5695,22409.8684,22218.5797,22259.557,51.939,-44.8325,-122.0529,77.2205,448.4183,442407306,23529.5557,22218.5695,20907.5833,1
FPT.VN,2020-08-12,22441.31,22631.9,22346.02,22631.9,2588312,22193.5555,22398.9098,22257.9435,22274.1587,54.8367,-7.1354,-99.0694,91.934,436.8084,444995618,23449.061,22193.5555,20938.05,1
FPT.VN,2020-08-13,22727.19,22846.31,22631.9,22846.31,3587071,22178.0705,22394.6218,22313.9784,22296.596,57.3303,39.5846,-71.3386,110.9232,420.9228,448582689,23390.4949,22178.0705,20965.6461,0
FPT.VN,2020-08-14,22917.78,22965.42,22608.08,22774.84,3428968,22170.9235,22386.0456,22357.87,22315.3506,56.2161,70.0362,-43.0636,113.0998,416.3812,445153721,23366.5571,22170.9235,20975.2899,0
FPT.VN,2020-08-17,22346.02,22393.67,22155.44,22393.67,2201271,22161.3945,22369.846,22361.2795,22318.422,50.5712,62.6894,-21.913,84.6024,430.8825,442952450,23346.1463,22161.3945,20976.6427,0
FPT.VN,2020-08-18,22393.67,22465.14,22298.38,22322.2,1312174,22138.7625,22352.217,22357.5577,22318.5702,49.5662,50.5176,-7.4269,57.9445,412.0166,441640276,23291.021,22138.7625,20986.504,0
FPT.VN,2020-08-19,22346.02,22417.49,22226.91,22322.2,1841052,22125.66,22333.635,22354.1903,22318.7125,49.5662,40.4056,2.1396,38.266,396.1997,441640276,23262.445,22125.66,20988.875,1
FPT.VN,2020-08-20,22346.02,22608.08,22322.2,22417.49,3829127,22108.984,22343.6406,22360.2188,22322.5861,51.0698,39.6242,9.6365,29.9877,388.3197,445469403,23216.5532,22108.984,21001.4148,1
FPT.VN,2020-08-21,22512.78,22631.9,22488.96,22584.25,2644938,22144.7185,22347.4522,22381.5551,22332.8475,53.6728,51.8631,18.0818,33.7813,375.8976,448114341,23265.7974,22144.7185,21023.6396,1
FPT.VN,2020-08-24,22846.31,23156.01,22798.66,23084.54,7430219,22257.878,22370.7988,22448.5061,22362.3256,60.4675,100.7702,34.6195,66.1507,389.8878,455544560,23267.906,22257.878,21247.85,1
FPT.VN,2020-08-25,23156.01,23322.77,23132.18,23275.12,6935866,22332.9205,22392.2396,22527.2312,22398.1215,62.7112,153.1423,58.3241,94.8182,379.0551,462480426,23412.2986,22332.9205,21253.5424,0
FPT.VN,2020-08-26,23251.3,23275.12,22965.42,23060.71,2789294,22424.639,22411.7744,22578.0387,22424.1053,58.6764,175.3254,81.7243,93.6011,374.1011,459691132,23416.2812,22424.639,21432.9968,1
FPT.VN,2020-08-27,22989.24,23870.7,22989.24,23751.58,7818036,22536.607,22442.7444,22689.8045,22476.1631,66.2184,245.8195,114.5434,131.2761,410.3411,467509168,23597.7345,22536.607,21475.4795,1
FPT.VN,2020-08-28,23918.34,24347.16,23775.41,23775.41,8414916,22665.2515,22470.3792,22793.1955,22527.114,66.4459,300.1495,151.6646,148.4849,423.5724,475924084,23667.5979,22665.2515,21662.9051,0
FPT.VN,2020-08-31,23775.41,23965.99,23513.35,23584.82,4073029,22751.0145,22494.2022,22868.5883,22568.5927,62.8033,324.0915,186.15,137.9415,425.6487,471851055,23760.203,22751.0145,21741.826,1
FPT.VN,2020-09-01,23584.82,24061.28,23513.35,23775.41,3688465,22830.822,22516.596,22954.9523,22615.9188,64.8769,354.3599,219.792,134.5679,434.3831,475539520,23900.2823,22830.822,21761.3617,0
FPT.VN,2020-09-02,23775.41,23775.41,23775.41,23775.41,0,22899.909,22542.325,23033.0911,22661.3891,64.8769,374.0361,250.6408,123.3953,403.3557,475539520,24027.4097,22899.909,21772.4083,1
FPT.VN,2020-09-03,24013.64,24061.28,23775.41,24013.64,4788450,22985.672,22576.6302,23126.4767,22714.4185,67.5031,404.1935,281.3513,122.8422,394.9639,480327970,24179.5095,22985.672,21791.8345,0
FPT.VN,2020-09-04,23584.82,23823.05,23584.82,23823.05,3229036,23054.759,22606.6472,23192.8171,22757.8943,63.4177,408.0112,306.6833,101.3279,397.3822,477098934,24275.5732,23054.759,21833.9448,0
FPT.VN,2020-09-07,23799.23,23823.05,23108.36,23108.36,4766328,23085.729,22629.9938,23184.7735,22771.638,50.9623,349.3403,315.2147,34.1256,420.047,472332606,24277.1812,23085.729,21894.2768,1
FPT.VN,2020-09-08,23227.48,23584.82,23108.36,23584.82,3418684,23145.2865,22666.6812,23222.8732,22803.5275,57.0225,337.4001,319.6518,17.7483,424.0765,475751290,24309.8606,23145.2865,21980.7124,0
FPT.VN,2020-09-09,23179.83,23584.82,23156.01,23441.88,3128944,23185.7855,22695.2688,23243.731,22828.5609,54.8331,312.7976,318.281,-5.4833,424.4146,472622346,24331.3678,23185.7855,22040.2032,0
FPT.VN,2020-09-10,23584.82,23727.76,23394.24,23441.88,2111295,23215.564,22724.3328,23262.6023,22852.6127,54.8331,289.9576,312.6163,-22.6587,417.9221,472622346,24354.9369,23215.564,22076.1911,0
FPT.VN,2020-09-11,23441.88,23441.88,23441.88,23441.88,0,23248.916,22752.444,23279.6764,22875.7212,54.8331,268.7586,303.8447,-35.0862,388.0706,472622346,24372.9168,23248.916,22124.9152,1
FPT.VN,2020-09-14,23465.71,23584.82,23394.24,23489.53,2366195,23303.709,22776.267,23299.6624,22899.7921,55.5438,252.888,293.6534,-40.7654,373.9641,474988541,24356.7695,23303.709,22250.6485,1
FPT.VN,2020-09-15,23584.82,23823.05,23489.53,23823.05,4001859,23378.7515,22800.5664,23349.5089,22935.9983,60.2572,264.1775,287.7582,-23.5807,371.0752,478990400,24347.8722,23378.7515,22409.6308,1
FPT.VN,2020-09-16,23823.05,24204.22,23823.05,24061.28,4025785,23465.7055,22827.2482,23417.2966,22980.127,63.2542,289.0161,288.0098,1.0063,371.7963,483016185,24343.4418,23465.7055,22587.9692,0
FPT.VN,2020-09-17,23965.99,24061.28,23775.41,23823.05,3280457,23535.9835,22842.9714,23455.9398,23013.1828,58.5032,286.1788,287.6436,-1.4648,365.6587,479735728,24274.3543,23535.9835,22797.6127,1
FPT.VN,2020-09-18,23870.7,24490.1,23823.05,24394.8,6940168,23626.511,22870.1296,23545.355,23067.3639,65.2493,326.3042,295.3757,30.9285,387.1866,486675896,24315.908,23626.511,22937.114,0
FPT.VN,2020-09-21,24442.45,24633.04,24394.8,24394.8,3211700,23692.024,22894.429,23626.2546,23119.4202,65.2493,354.0229,307.1051,46.9178,376.5476,486675896,24412.8744,23692.024,22971.1736,1
FPT.VN,2020-09-22,24204.22,24442.45,24108.93,24442.45,3422252,23750.3905,22920.6344,23703.9875,23171.3037,65.7869,375.5066,320.7854,54.7211,373.4742,490098148,24516.7102,23750.3905,22984.0708,0
FPT.VN,2020-09-23,24442.45,24537.74,24204.22,24347.16,3772984,23814.713,22944.934,23765.242,23217.4157,63.6657,380.4577,332.7199,47.7378,370.6203,486325164,24552.7252,23814.713,23076.7008,0
FPT.VN,2020-09-24,24156.57,24299.51,23918.34,24061.28,3627536,23830.198,22963.0394,23793.4361,23250.5085,57.6593,357.1959,337.6151,19.5808,374.7774,482697628,24575.5921,23830.198,23084.8039,1
FPT.VN,2020-09-25,24156.57,24204.22,23823.05,24204.22,2530217,23851.6385,22988.7682,23832.5584,23287.9089,59.7062,346.3028,339.3526,6.9502,375.2341,485227845,24614.8526,23851.6385,23088.4244,1
FPT.VN,2020-09-28,24251.87,24442.45,24108.93,24347.16,2754265,23889.7555,23024.0264,23881.568,23329.4482,61.7002,345.2245,340.527,4.6975,372.2545,487982110,24672.752,23889.7555,23106.759,0
FPT.VN,2020-09-29,24490.1,24490.1,23918.34,23918.34,3988762,23896.902,23046.8964,23885.0701,23352.542,53.1954,306.2376,333.6691,-27.4315,386.5049,483993348,24678.1112,23896.902,23115.6928,0
FPT.VN,2020-09-30,23918.34,24013.64,23703.94,23823.05,5247669,23899.284,23071.6724,23879.1635,23370.9933,51.4967,264.601,319.8555,-55.2545,381.0188,478745679,24679.2229,23899.284,23119.3451,1
FPT.VN,2020-10-01,23918.34,24204.22,23918.34,24204.22,1900491,23908.813,23100.7366,23910.1212,23403.6688,57.362,259.371,307.7586,-48.3876,381.0296,480646170,24699.2213,23908.813,23118.4047,0
FPT.VN,2020-10-02,24204.22,24347.16,23346.59,23965.99,4088351,23915.96,23142.6652,23915.4421,23425.7206,53.0446,233.3136,292.8696,-59.556,425.2825,476557819,24705.6878,23915.96,23126.2322,1
FPT.VN,2020-10-05,24013.64,24204.22,23775.41,24061.28,3144769,23963.606,23207.4638,23929.3314,23450.6445,54.5192,217.8408,277.8638,-60.023,425.5345,479702588,24657.3267,23963.606,23269.8853,0
FPT.VN,2020-10-06,24204.22,24251.87,23965.99,24061.28,3190796,23987.429,23253.204,23941.8979,23474.591,54.5192,203.2358,262.9382,-59.7024,415.5591,479702588,24658.742,23987.429,23316.116,0
FPT.VN,2020-10-07,23918.34,24156.57,23918.34,24013.64,3135009,24016.017,23308.95,23948.7305,23495.7302,53.5442,185.6767,247.4859,-61.8092,402.8928,476567579,24636.2646,24016.017,23395.7694,1
FPT.VN,2020-10-08,24061.28,24537.74,23965.99,24347.16,6427996,24061.281,23365.6488,23986.6762,23529.1196,59.0635,196.4091,237.2706,-40.8614,414.954,482995575,24635.5364,24061.281,23487.0256,0
FPT.VN,2020-10-09,24299.51,24394.8,24204.22,24204.22,2462950,24099.398,23425.6828,24007.3946,23555.5941,55.9931,191.1769,228.0518,-36.875,398.9273,480532625,24596.5732,24099.398,23602.2228,1
FPT.VN,2020-10-12,24251.87,24490.1,24108.93,24251.87,3254578,24137.515,23473.329,24030.678,23582.8991,56.7993,188.7,220.1815,-31.4815,397.6589,483787203,24546.9744,24137.515,23728.0556,0
FPT.VN,2020-10-13,24251.87,24299.51,24061.28,24156.57,2565162,24154.191,23512.8752,24042.6677,23605.396,54.6431,177.0067,211.5465,-34.5398,386.2711,481222041,24535.9552,24154.191,23772.4268,1
FPT.VN,2020-10-14,24204.22,24490.1,24013.64,24299.51,5057622,24166.1025,23550.992,24067.1289,23632.6161,57.2637,177.2308,204.6834,-27.4526,392.7132,486279663,24550.5176,24166.1025,23781.6874,1
FPT.VN,2020-10-15,24394.8,24490.1,24156.57,24394.8,4040980,24194.69,23592.9204,24098.3357,23662.5057,58.9657,182.9881,200.3443,-17.3562,388.4858,490320643,24556.0336,24194.69,23833.3464,1
FPT.VN,2020-10-16,24394.8,25681.25,24251.87,25347.73,12109153,24242.3365,23651.0488,24217.3256,23728.5929,71.2829,261.4307,212.5616,48.8691,462.8354,502429796,24868.8149,24242.3365,23615.8581,1
FPT.VN,2020-10-19,25538.31,25633.6,25252.44,25395.37,4897924,24292.365,23709.177,24329.5203,23793.9567,71.7396,323.7096,234.7912,88.9184,457.0014,507327720,25102.8803,24292.365,23481.8497,0
FPT.VN,2020-10-20,25300.08,25395.37,25014.21,25347.73,3958686,24337.629,23768.2582,24426.4926,23854.889,70.5316,365.0143,260.8358,104.1785,451.5842,503369034,25274.6719,24337.629,23400.5861,0
FPT.VN,2020-10-21,25347.73,25967.13,25157.14,25157.14,6936579,24378.128,23818.763,24496.0781,23905.9577,65.7609,378.012,284.271,93.741,477.1846,496432455,25384.3652,24378.128,23371.8908,1
FPT.VN,2020-10-22,25157.14,25728.9,25061.85,25728.9,4924935,24461.509,23876.4148,24613.4897,23977.4456,71.9012,429.4981,313.3165,116.1817,490.7464,501357390,25621.7797,24461.509,23301.2383,0
FPT.VN,2020-10-23,25824.19,25967.13,25490.67,25681.25,5554095,24535.3605,23934.543,24715.1812,24044.2615,70.7622,461.1405,342.8813,118.2593,489.726,495803295,25809.1508,24535.3605,23261.5702,0
FPT.VN,2020-10-26,25681.25,25967.13,25157.14,25157.14,8085676,24575.8595,23989.8124,24757.2725,24087.9038,59.5825,438.8671,362.0784,76.7886,512.602,487717619,25875.6943,24575.8595,23276.0247,0
FPT.VN,2020-10-27,25204.79,25347.73,24823.62,24823.62,6692698,24621.1235,24039.8408,24763.5913,24116.7554,53.7617,389.8094,367.6246,22.1848,513.424,481024921,25887.1605,24621.1235,23355.0865,0
FPT.VN,2020-10-28,24775.97,24966.56,24156.57,24156.57,7547794,24637.7995,24076.5282,24705.7797,24118.3167,44.4157,293.7197,352.8437,-59.1239,534.6073,473477127,25867.8498,24637.7995,23407.7492,1
FPT.VN,2020-10-29,24013.64,24442.45,23918.34,24251.87,5708105,24640.182,24113.2158,24662.5502,24123.5541,45.8637,222.6908,326.8131,-104.1223,533.8575,479185232,25866.8763,24640.182,23413.4877,1
FPT.VN,2020-10-30,24490.1,24537.74,24061.28,24537.74,3085184,24668.7695,24152.2856,24650.6636,24139.7967,50.0658,187.3081,298.9121,-111.604,529.7576,482270416,25855.3005,24668.7695,23482.2385,1
FPT.VN,2020-11-02,24537.74,24633.04,24394.8,24633.04,1817798,24697.3575,24183.2556,24648.9851,24159.1396,51.4195,165.0542,272.1405,-107.0863,508.935,484088214,25849.308,24697.3575,23545.407,1
FPT.VN,2020-11-03,24728.33,25204.79,24633.04,25157.14,5379012,24752.1505,24220.896,24697.3808,24198.2768,58.1408,187.5465,255.2217,-67.6752,513.4217,489467226,25880.7232,24752.1505,23623.5778,1
FPT.VN,2020-11-04,25252.44,25395.37,25014.21,25252.44,2874715,24814.0905,24264.7306,24750.2436,24239.6166,59.2449,210.6336,246.3041,-35.6705,503.9745,492341941,25907.4314,24814.0905,23720.7496,0
FPT.VN,2020-11-05,25109.5,25443.02,24775.97,24775.97,2740748,24835.531,24285.2184,24752.6937,24260.65,51.877,188.3124,234.7057,-46.3933,515.6227,489601193,25906.9156,24835.531,23764.1464,1
FPT.VN,2020-11-06,24966.56,25157.14,24823.62,24966.56,2072068,24873.648,24309.0414,24773.062,24288.3328,54.324,183.8821,224.541,-40.6589,506.019,491673261,25903.9178,24873.648,23843.3782,1
FPT.VN,2020-11-09,25157.14,25443.02,25109.5,25443.02,4222066,24933.2055,24346.2054,24836.8675,24333.6146,59.8239,216.3237,222.8975,-6.5739,503.9076,495895327,25949.7579,24933.2055,23916.6531,0
FPT.VN,2020-11-10,25728.9,25728.9,25252.44,25252.44,3650539,24987.999,24375.746,24876.4458,24369.647,56.874,224.0727,223.1326,0.9401,501.9471,492244788,25944.6655,24987.999,24031.3325,0
FPT.VN,2020-11-11,25443.02,25443.02,25109.5,25252.44,3501293,25035.6455,24405.2866,24912.2548,24404.2663,56.874,227.5903,224.0241,3.5662,489.9166,492244788,25941.5047,25035.6455,24129.7863,1
FPT.VN,2020-11-12,25252.44,25490.67,25204.79,25490.67,2591061,25090.439,24434.8272,24967.3419,24446.8704,59.7512,246.7568,228.5707,18.1861,475.3425,494835849,25965.1211,25090.439,24215.7569,1
FPT.VN,2020-11-13,25633.6,25633.6,25490.67,25633.6,2766585,25104.7325,24471.0382,25030.7951,24493.4088,61.4146,270.363,236.9291,33.4339,451.5988,497602434,26006.0551,25104.7325,24203.4099,0
FPT.VN,2020-11-16,25728.9,25919.48,25252.44,25395.37,7794320,25104.7325,24516.7784,25065.5165,24528.7798,57.1735,266.7728,242.8979,23.8749,466.9874,489808114,26006.0551,25104.7325,24203.4099,1
FPT.VN,2020-11-17,25538.31,25776.54,25252.44,25728.9,5279613,25123.791,24559.66,25128.6959,24575.8434,61.212,287.5262,251.8235,35.7026,471.0669,495087727,26062.1085,25123.791,24185.4735,0
FPT.VN,2020-11-18,25871.83,25871.83,25585.96,25728.9,3687940,25152.379,24605.4004,25185.8582,24621.0613,61.212,300.5093,261.5607,38.9486,457.8385,495087727,26129.0315,25152.379,24175.7265,1
FPT.VN,2020-11-19,25871.83,26681.82,25728.9,26253.0,10452963,25178.584,24661.6228,25287.4907,24685.0589,66.9004,349.0652,279.0616,70.0036,493.2015,505540690,26244.4214,25178.584,24112.7466,1
FPT.VN,2020-11-20,26253.0,26634.17,26205.36,26300.65,3856264,25209.554,24718.7982,25383.9821,24748.4154,67.3689,386.9307,300.6354,86.2953,488.6021,509396954,26368.7934,25209.554,24050.3146,1
FPT.VN,2020-11-23,26300.65,26777.11,26014.77,26634.17,5928375,25283.4055,24781.691,25503.0476,24822.3666,70.515,438.7936,328.267,110.5265,508.1548,515325329,26605.3596,25283.4055,23961.4514,0
FPT.VN,2020-11-24,26634.17,26920.05,26205.36,26491.23,6304691,25366.786,24835.0546,25597.1602,24887.8122,67.5108,463.0238,355.2184,107.8054,522.9073,509020638,26774.2334,25366.786,23959.3386,0
FPT.VN,2020-11-25,26824.76,26824.76,26300.65,26300.65,3852634,25473.99,24879.842,25664.1593,24943.2176,63.619,461.5279,376.4803,85.0476,522.9932,505168004,26818.5259,25473.99,24129.4541,1
FPT.VN,2020-11-26,26443.59,26681.82,26110.06,26538.88,3431823,25588.3405,24934.1586,25747.466,25005.7926,66.239,474.1005,396.0043,78.0962,526.4766,508599827,26883.3375,25588.3405,24293.3435,1
FPT.VN,2020-11-27,26634.17,26777.11,26491.23,26777.11,4169113,25700.309,24981.8048,25845.5273,25075.256,68.6688,497.5521,416.3139,81.2382,509.2911,512768940,27000.0664,25700.309,24400.5516,0
FPT.VN,2020-11-30,27015.34,27015.34,26395.94,26395.94,5796276,25788.454,25021.8276,25897.9476,25127.0475,61.0925,479.849,429.0209,50.8281,517.156,506972664,27020.8204,25788.454,24556.0876,0
FPT.VN,2020-12-01,26205.36,26395.94,26110.06,26300.65,7193389,25845.6295,25058.9916,25936.3002,25173.0712,59.3302,452.9092,433.7986,19.1106,500.6363,499779275,27060.6547,25845.6295,24630.6043,1
FPT.VN,2020-12-02,26205.36,26538.88,26205.36,26491.23,4424705,25907.569,25101.873,25989.1506,25224.7637,61.7092,441.8441,435.4077,6.4364,488.6994,504203980,27121.5712,25907.569,24693.5668,0
FPT.VN,2020-12-03,26443.59,26538.88,26253.0,26491.23,3416816,25993.332,25150.472,26036.9677,25274.429,61.7092,428.1396,433.954,-5.8144,474.2123,504203980,27109.113,25993.332,24877.551,1
FPT.VN,2020-12-04,26395.94,26634.17,26395.94,26538.88,2898285,26071.948,25197.1652,26084.7689,25324.0153,62.3479,416.3245,430.4281,-14.1036,457.3564,507102265,27101.3419,26071.948,25042.5541,0
FPT.VN,2020-12-07,26634.17,26681.82,26443.59,26538.88,3054142,26126.741,25240.9996,26128.0176,25371.6571,62.3479,402.3233,424.8072,-22.4839,441.7046,507102265,27131.548,26126.741,25121.934,1
FPT.VN,2020-12-08,26538.88,26967.7,26443.59,26777.11,4821191,26202.9745,25298.175,26189.8359,25426.7729,65.6683,405.7728,421.0003,-15.2275,447.5907,511923456,27158.6361,26202.9745,25247.3129,1
FPT.VN,2020-12-09,26824.76,27539.45,26777.11,27396.51,6300242,26310.178,25369.6442,26304.7572,25504.0175,72.4668,453.2621,427.4527,25.8095,470.0728,518223698,27297.3891,26310.178,25322.9669,0
FPT.VN,2020-12-10,27158.28,27491.8,26920.05,26920.05,4433709,26381.647,25423.9608,26363.3566,25559.5482,62.2544,447.2953,431.4212,15.8741,477.3354,513789989,27325.0425,26381.647,25438.2515,1
FPT.VN,2020-12-11,26967.7,27158.28,26824.76,27158.28,3673479,26457.881,25487.8066,26439.0635,25622.2435,64.9166,456.5271,436.4424,20.0847,467.0629,517463468,27393.1354,26457.881,25522.6266,1
FPT.VN,2020-12-14,27158.28,27634.74,27110.63,27253.57,3030174,26550.791,25551.6524,26516.6356,25686.2171,65.9511,466.1589,442.3857,23.7732,471.1377,520493642,27407.5136,26550.791,25694.0684,0
FPT.VN,2020-12-15,27396.51,27444.16,26967.7,27015.34,5597309,26615.113,25610.7336,26564.1312,25738.3396,61.1005,449.3887,443.7863,5.6024,471.5178,514896333,27402.3706,26615.113,25827.8554,1
FPT.VN,2020-12-16,27253.57,27396.51,27158.28,27205.93,4188233,26688.9645,25674.5794,26625.2549,25795.8921,63.4185,446.3322,444.2955,2.0367,465.0644,519084566,27399.5668,26688.9645,25978.3622,0
FPT.VN,2020-12-17,27110.63,27205.93,26681.82,26920.05,7544163,26722.317,25726.0372,26653.3307,25839.9768,57.8499,416.0459,438.6455,-22.5997,469.282,511540403,27408.9759,26722.317,26035.6581,1
FPT.VN,2020-12-18,26920.05,27205.93,26920.05,27110.63,3217094,26762.816,25784.1654,26696.883,25889.8063,60.3495,402.7789,431.4722,-28.6933,456.1818,514757497,27440.2426,26762.816,26085.3894,1
FPT.VN,2020-12-21,27301.22,27539.45,27205.93,27396.51,4842767,26800.933,25847.0582,26763.5141,25948.8927,63.8158,410.5998,427.2977,-16.6979,454.2274,519600264,27531.5805,26800.933,26070.2855,1
FPT.VN,2020-12-22,27348.86,27872.97,27205.93,27682.39,5407346,26860.491,25917.5746,26851.0261,26016.873,66.9293,434.8533,428.8089,6.0444,469.4283,525007610,27674.3027,26860.491,26046.6793,0
FPT.VN,2020-12-23,27777.68,27920.62,27253.57,27396.51,2920322,26915.284,25979.5146,26902.977,26070.9764,61.2533,426.0945,428.266,-2.1715,483.5441,522087288,27717.8751,26915.284,26112.6929,0
FPT.VN,2020-12-24,27396.51,27539.45,26872.4,27158.28,5008195,26946.254,26034.7842,26927.2915,26113.6158,56.9212,395.3723,421.6872,-26.3149,496.6517,517079093,27735.3785,26946.254,26157.1295,1
FPT.VN,2020-12-25,27158.28,27444.16,26967.7,27444.16,3410793,26979.6065,26076.7128,26976.5171,26165.794,60.5288,389.6018,415.2701,-25.6684,495.2094,520489886,27794.5926,26979.6065,26164.6204,1
FPT.VN,2020-12-28,27587.09,27920.62,27396.51,27587.09,4611268,27039.164,26120.5472,27034.6669,26221.5311,62.2318,392.0426,410.6246,-18.582,497.2738,525101154,27848.6328,27039.164,26229.6952,1
FPT.VN,2020-12-29,27587.09,28015.91,27444.16,27920.62,4560603,27120.1625,26172.005,27119.0434,26288.162,65.9262,416.0936,411.7184,4.3752,502.5935,529661757,27942.5769,27120.1625,26297.7481,0
FPT.VN,2020-12-30,28063.55,28063.55,27682.39,27682.39,2527342,27179.7205,26222.51,27172.6954,26342.8376,61.3128,411.1911,411.613,-0.4219,493.9197,527134415,27982.6541,27179.7205,26376.7869,1
FPT.VN,2020-12-31,27682.39,28206.49,27634.74,28158.85,4273948,27263.1015,26271.109,27266.6149,26414.0538,66.3801,440.6724,417.4249,23.2475,499.479,531408363,28110.1352,27263.1015,26416.0678,0
FPT.VN,2021-01-01,28158.85,28158.85,28158.85,28158.85,0,27344.1,26320.661,27351.5897,26482.4772,66.3801,458.7483,425.6895,33.0588,463.8019,531408363,28209.1667,27344.1,26479.0333,1
FPT.VN,2021-01-04,28397.08,28682.96,28254.14,28682.96,451516,27451.304,26391.1774,27478.3869,26568.7706,71.1935,509.4918,442.45,67.0418,468.1096,531859879,28421.2666,27451.304,26481.3414,1
FPT.VN,2021-01-05,28587.66,30255.28,28492.37,29874.11,489483,27606.154,26492.1872,27706.551,26698.3918,78.6685,638.4625,481.6525,156.81,560.5954,532349362,29013.2646,27606.154,26199.0434,0
FPT.VN,2021-01-06,30064.69,30302.92,29683.52,29731.17,376945,27722.887,26603.6792,27899.3718,26817.3243,76.116,720.8293,529.4879,191.3414,564.7957,531972417,29415.224,27722.887,26030.55,1
FPT.VN,2021-01-07,29826.46,29969.4,29492.94,29778.81,451285,27865.825,26714.218,28078.3659,26933.461,76.391,780.9475,579.7798,201.1677,558.486,532423702,29745.224,27865.825,25986.426,1
FPT.VN,2021-01-08,30017.04,30350.57,29826.46,30159.98,570959,28015.91,26826.6628,28276.6149,27059.9911,78.5215,849.5557,633.735,215.8207,559.4342,532994661,30123.025,28015.91,25908.795,1
FPT.VN,2021-01-11,30445.86,30827.03,30159.98,30827.03,414052,28194.583,26950.5426,28519.5116,27207.7181,81.6434,946.8389,696.3557,250.4832,567.121,533408713,30612.6047,28194.583,25776.5613,1
FPT.VN,2021-01-12,30969.97,31446.43,30493.51,31351.14,511101,28411.373,27074.4226,28789.1905,27370.2053,83.6537,1054.0772,767.9,286.1771,594.6781,533919814,31141.5443,28411.373,25681.2017,1
FPT.VN,2021-01-13,31398.78,32113.47,31398.78,31684.66,548208,28635.3095,27203.067,29064.9495,27539.3996,84.7949,1152.689,844.8578,307.8312,606.6532,534468022,31667.2129,28635.3095,25603.4061,0
FPT.VN,2021-01-14,31684.66,31922.89,31303.49,31637.01,373063,28871.1575,27340.2878,29309.9076,27700.0902,83.8938,1213.0118,918.4886,294.5232,607.5637,534094959,32070.4892,28871.1575,25671.8258,1
FPT.VN,2021-01-15,31922.89,31922.89,31637.01,31732.3,323300,29102.241,27475.6026,29540.6117,27858.216,84.2542,1254.0513,985.6012,268.4501,584.5863,534418259,32431.1692,29102.241,25773.3128,0
FPT.VN,2021-01-18,31922.89,31922.89,31541.72,31589.37,253745,29311.884,27598.5296,29735.7315,28004.5358,81.3152,1260.5117,1040.5833,219.9284,570.0566,534164514,32715.7723,29311.884,25907.9957,0
FPT.VN,2021-01-19,31446.43,31494.07,29397.65,29540.58,735757,29404.7935,27684.2924,29717.1456,28064.7728,52.8543,1087.7722,1050.0211,37.7512,685.8897,533428757,32721.7379,29404.7935,26087.8491,1
FPT.VN,2021-01-20,29874.11,30350.57,28682.96,30159.98,768961,29542.967,27782.4432,29759.3203,28146.9378,57.6772,989.4496,1037.9068,-48.4572,756.0125,534197718,32735.5682,29542.967,26350.3658,1
FPT.VN,2021-01-21,30731.74,31351.14,30159.98,31255.84,485475,29747.845,27897.7466,29901.846,28268.8556,64.5808,988.5595,1028.0373,-39.4779,787.0945,534683193,32819.7221,29747.845,26675.9679,1
FPT.VN,2021-01-22,31303.49,32161.12,31160.55,31875.24,438713,29969.399,28022.5794,30089.7883,28410.2824,67.7799,1026.0072,1027.6313,-1.6241,802.3428,535121906,32980.2621,29969.399,26958.5359,1
FPT.VN,2021-01-25,31827.6,32494.64,31541.72,31922.89,653127,30186.189,28153.1298,30264.3694,28548.0317,68.0192,1047.4554,1031.5961,15.8593,813.0983,535775033,33097.5436,30186.189,27274.8344,0
FPT.VN,2021-01-26,32161.12,32161.12,31208.2,31446.43,545165,30362.4795,28267.4804,30376.9466,28661.6944,62.982,1014.3145,1028.1398,-13.8253,823.0855,535229868,33119.0896,30362.4795,27605.8694,0
FPT.VN,2021-01-27,31303.49,31494.07,29969.4,30017.04,467362,30479.212,28353.2432,30342.6698,28714.8452,50.8222,862.7649,995.0648,-132.2999,873.1987,534762506,32939.7934,30479.212,28018.6306,0
FPT.VN,2021-01-28,28587.66,29683.52,27920.62,27920.62,1068796,30467.3005,28386.5956,30111.9984,28683.6991,38.9459,566.9616,909.4442,-342.4826,960.5717,533693710,32976.9939,30467.3005,27957.6071,1
FPT.VN,2021-01-29,28111.2,29874.11,28111.2,29874.11,674115,30553.0635,28458.0648,30089.3424,28730.3819,50.5435,484.5797,824.4713,-339.8916,1031.4944,534367825,32837.7489,30553.0635,28268.3781,1
FPT.VN,2021-02-01,30684.09,31160.55,29683.52,30255.28,423413,30631.6795,28530.487,30105.1459,28790.1818,52.4419,444.9199,748.561,-303.6411,1063.3184,534791238,32747.3737,30631.6795,28515.9853,1
FPT.VN,2021-02-02,30064.69,31446.43,30017.04,31446.43,685176,30710.2955,28629.591,30232.8873,28894.3484,57.8824,503.7976,699.6083,-195.8107,1089.4663,535476414,32824.3122,30710.2955,28596.2788,1
FPT.VN,2021-02-03,32161.12,33638.15,31494.07,33352.27,875937,30891.3505,28770.6234,30529.9713,29069.1689,64.8175,696.2185,698.9304,-2.7119,1168.1987,536352351,33257.5062,30891.3505,28525.1948,1
FPT.VN,2021-02-04,33447.57,34876.95,33447.57,34543.43,923202,31129.5815,28930.7144,30912.2055,29283.8458,68.3277,934.0627,745.9568,188.1059,1193.6617,537275553,33941.5353,31129.5815,28317.6277,1
FPT.VN,2021-02-05,34781.66,34972.24,34209.9,34734.01,437580,31358.283,29089.8524,31276.1869,29497.5777,68.863,1124.9663,821.7587,303.2076,1162.853,537713133,34555.7932,31358.283,28160.7728,0
FPT.VN,2021-02-08,34734.01,34734.01,33161.69,33971.67,846994,31515.515,29241.367,31532.8996,29673.0323,64.1897,1200.901,897.5872,303.3139,1192.1006,536866139,34906.446,31515.515,28124.584,0
FPT.VN,2021-02-09,33971.67,33971.67,33971.67,33971.67,0,31646.5415,29394.7874,31765.1634,29841.6063,64.1897,1246.7086,967.4115,279.2971,1106.9506,536866139,35208.9116,31646.5415,28084.1714,0
FPT.VN,2021-02-10,33971.67,33971.67,33971.67,33971.67,0,31760.892,29544.3962,31975.3069,30003.5696,64.1897,1268.3902,1027.6072,240.783,1027.8827,536866139,35472.1276,31760.892,28049.6564,0
FPT.VN,2021-02-11,33971.67,33971.67,33971.67,33971.67,0,31877.625,29694.005,32165.4367,30159.1814,64.1897,1270.9226,1076.2703,194.6523,954.4625,536866139,35717.1066,31877.625,28038.1434,0
FPT.VN,2021-02-12,33971.67,33971.67,33971.67,33971.67,0,31989.5935,29842.6608,32337.4589,30308.6907,64.1897,1258.4233,1112.7009,145.7224,886.2866,536866139,35940.2326,31989.5935,28038.9544,0
FPT.VN,2021-02-15,33971.67,33971.67,33971.67,33971.67,0,32108.7085,29991.3166,32493.0981,30452.337,64.1897,1234.2893,1137.0186,97.2708,822.9804,536866139,36151.1293,32108.7085,28066.2877,0
FPT.VN,2021-02-16,33971.67,33971.67,33971.67,33971.67,0,32330.263,30135.2078,32633.9145,30590.3501,64.1897,1201.315,1149.8779,51.4371,764.1961,536866139,36264.3021,32330.263,28396.2239,1
FPT.VN,2021-02-17,36353.98,37640.42,36163.39,37116.32,658836,32678.08,30329.604,33060.8102,30846.2704,75.6438,1412.6455,1202.4314,210.2141,971.6642,537524975,37013.7541,32678.08,28342.4059,1
FPT.VN,2021-02-18,37163.96,37306.9,36496.91,37259.25,470783,32978.2505,30536.388,33460.6616,31097.7598,76.0192,1573.5211,1276.6493,296.8718,960.1161,537995758,37712.296,32978.2505,28244.205,0
FPT.VN,2021-02-19,36830.44,37163.96,36211.04,36496.91,781323,33209.334,30723.1606,33749.8281,31309.4912,69.8358,1620.8179,1345.483,275.3349,966.4085,537214435,38162.7906,33209.334,28255.8774,1
FPT.VN,2021-02-22,36496.91,36925.73,36258.68,36592.21,486776,33442.8,30909.9334,34020.5312,31516.6567,70.1626,1647.0053,1405.7875,241.2178,945.0258,537701211,38577.7835,33442.8,28307.8165,0
FPT.VN,2021-02-23,36353.98,36687.5,35543.99,35972.81,707193,33669.119,31089.0828,34206.4625,31691.4078,65.2179,1599.3423,1444.4984,154.8438,959.2032,536994018,38832.5392,33669.119,28505.6988,0
FPT.VN,2021-02-24,35972.81,35972.81,35972.81,35972.81,0,33966.9075,31264.4204,34374.6861,31859.3059,65.2179,1543.7734,1464.3534,79.42,890.6887,536994018,38926.4292,33966.9075,29007.3858,1
FPT.VN,2021-02-25,36258.68,36353.98,35496.35,36306.33,404545,34386.193,31452.146,34558.6522,32033.699,66.6841,1509.2492,1473.3326,35.9166,888.3274,537398563,38547.022,34386.193,30225.364,0
FPT.VN,2021-02-26,35734.58,36401.63,35686.93,36306.33,406329,34707.804,31636.06,34725.0977,32201.2532,66.6841,1465.001,1471.6663,-6.6653,875.9254,537398563,38363.9085,34707.804,31051.6995,1
FPT.VN,2021-03-01,36592.21,37163.96,36592.21,37116.32,436153,35050.856,31830.4562,34952.8331,32394.0009,70.22,1478.2529,1472.9836,5.2693,874.6186,537834716,38200.3258,35050.856,31901.3862,0
FPT.VN,2021-03-02,37592.78,37592.78,36639.86,37116.32,382339,35334.3505,32019.1348,35158.8795,32579.1899,70.22,1471.7893,1472.7447,-0.9554,880.2115,537834716,38117.1126,35334.3505,32551.5884,0
FPT.VN,2021-03-03,37163.96,37211.61,36878.09,37021.02,335683,35517.788,32211.625,35336.2262,32753.3793,69.2176,1442.3505,1466.6659,-24.3154,841.1621,537499033,38233.2838,35517.788,32802.2922,0
FPT.VN,2021-03-04,37021.02,37068.67,35782.22,36163.39,608968,35598.786,32391.7272,35415.0037,32887.1052,60.8053,1334.4338,1440.2195,-105.7856,872.9684,536890065,38288.4278,35598.786,32909.1442,0
FPT.VN,2021-03-05,35972.81,36211.04,35496.35,36163.39,526275,35670.255,32566.1118,35486.2786,33015.5869,60.8053,1234.6766,1399.1109,-164.4343,861.6628,536890065,38339.0259,35670.255,33001.4841,0
FPT.VN,2021-03-08,36211.04,36449.27,35925.16,36115.75,347688,35777.459,32736.685,35546.2283,33137.162,60.3329,1138.6484,1347.0184,-208.37,837.5519,536542377,38328.6002,35777.459,33226.3178,0
FPT.VN,2021-03-09,35734.58,36068.1,35496.35,35734.58,458043,35865.6045,32892.9642,35564.1665,33239.0215,56.5476,1020.0299,1281.6207,-261.5908,821.9696,536084334,38271.7413,35865.6045,33459.4677,1
FPT.VN,2021-03-10,36163.39,36925.73,35734.58,36353.98,546193,35984.72,33066.396,35639.3868,33361.1767,60.8465,964.8818,1218.2729,-253.3912,848.3397,536630527,38226.329,35984.72,33743.111,1
FPT.VN,2021-03-11,36449.27,36735.14,36258.68,36544.56,310161,36113.3645,33234.1102,35725.5938,33486.0153,62.0892,925.8817,1159.7947,-233.913,821.7768,536940688,38154.9281,36113.3645,34071.8009,0
FPT.VN,2021-03-12,36687.5,36735.14,36353.98,36449.27,432942,36237.2445,33399.9186,35794.5154,33602.2214,61.0459,877.1732,1103.2704,-226.0972,790.3042,536507746,38015.2958,36237.2445,34459.1932,0
FPT.VN,2021-03-15,36496.91,36925.73,36258.68,36449.27,369579,36361.1245,33555.2448,35856.8729,33713.8703,61.0459,829.015,1048.4193,-219.4043,781.5003,536507746,37784.4022,36361.1245,34937.8468,1
FPT.VN,2021-03-16,36687.5,38831.57,36496.91,38593.34,1072700,36592.208,33729.6294,36117.4889,33905.2221,72.9205,952.8737,1029.3102,-76.4365,895.8432,537580446,37875.909,36592.208,35308.507,0
FPT.VN,2021-03-17,38831.57,38831.57,38116.88,38498.05,336480,36661.2945,33904.967,36344.209,34085.333,71.8719,1031.4536,1029.7389,1.7147,882.9036,537243966,38189.2481,36661.2945,35133.3409,1
FPT.VN,2021-03-18,38593.34,38593.34,38116.88,38593.34,379359,36727.999,34081.2576,36558.4119,34262.1176,72.3008,1088.866,1041.5643,47.3017,853.872,537623325,38467.6789,36727.999,34988.3191,0
FPT.VN,2021-03-19,38116.88,38355.11,37831.01,38021.59,471769,36804.233,34238.4898,36697.7622,34409.5479,65.8152,1075.8288,1048.4172,27.4116,847.3332,537151556,38632.6377,36804.233,34975.8283,0
FPT.VN,2021-03-22,37878.65,37926.3,37306.9,37497.48,437559,36849.4965,34371.8988,36773.9258,34530.6432,60.4612,1011.545,1041.0428,-29.4977,837.8587,536713997,38700.4829,36849.4965,34998.5101,1
FPT.VN,2021-03-23,37402.19,38116.88,37306.9,37545.13,462094,36928.1125,34495.7786,36847.3738,34648.8584,60.7736,953.4538,1023.525,-70.0712,835.8674,537176091,38755.7329,36928.1125,35100.4921,0
FPT.VN,2021-03-24,37116.32,37592.78,36449.27,36687.5,520525,36963.847,34595.8354,36832.1477,34728.8051,52.7016,828.6602,984.552,-155.8918,857.8419,536655566,38740.0455,36963.847,35187.6485,0
FPT.VN,2021-03-25,36925.73,36925.73,36449.27,36496.91,483859,36973.376,34693.0334,36800.2203,34798.1426,51.078,706.2402,928.8897,-222.6494,830.6003,536171707,38736.7203,36973.376,35210.0317,0
FPT.VN,2021-03-26,36306.33,36592.21,35496.35,36258.68,560927,36970.9935,34783.561,36748.6451,34855.4186,49.0441,583.2748,859.7667,-276.4919,849.5474,535610780,38738.257,36970.9935,35203.73,1
FPT.VN,2021-03-29,36449.27,37211.61,36258.68,36973.38,419278,36963.8465,34891.2412,36770.0484,34938.4759,54.8523,537.3004,795.2734,-257.973,856.9319,536030058,38729.7911,36963.8465,35197.9019,0
FPT.VN,2021-03-30,37116.32,37163.96,36687.5,36735.14,317444,36944.7875,35035.1324,36766.7238,35008.9333,52.696,476.1526,731.4493,-255.2966,829.7553,535712614,38712.0306,36944.7875,35177.5444,1
FPT.VN,2021-03-31,36735.14,37211.61,36496.91,37021.02,288250,36944.7875,35172.3532,36790.9425,35087.8386,54.9829,445.6238,674.2842,-228.6604,821.5371,536000864,38712.0306,36944.7875,35177.5444,1
FPT.VN,2021-04-01,37116.32,37973.95,37116.32,37973.95,524890,37035.3155,35306.7154,36903.6099,35201.0195,61.6399,492.6441,637.9562,-145.3121,830.9223,536525754,38819.435,37035.3155,35251.196,1
FPT.VN,2021-04-02,38307.47,38355.11,38021.59,38021.59,409309,37128.2255,35429.6424,37010.0842,35311.6301,61.9429,527.6695,615.8988,-88.2293,798.7964,536935063,38914.6939,37128.2255,35341.7571,0
FPT.VN,2021-04-05,38307.47,38355.11,37592.78,37926.3,312092,37218.753,35549.7106,37097.3428,35414.1662,60.9067,541.4963,601.0183,-59.522,796.1917,536622971,38972.3893,37218.753,35465.1167,0
FPT.VN,2021-04-06,37688.07,38116.88,37688.07,37831.01,316038,37323.5745,35677.4022,37167.2159,35508.9444,59.8287,538.5568,588.526,-49.9692,769.9501,536306933,38949.6599,37323.5745,35697.4891,1
FPT.VN,2021-04-07,37735.71,37973.95,37688.07,37926.3,315618,37402.1905,35835.5874,37239.5096,35603.7426,60.5801,537.7179,578.3644,-40.6465,735.3737,536622551,38982.2827,37402.1905,35822.0983,0
FPT.VN,2021-04-08,38212.18,38402.76,37878.65,37926.3,337866,37471.2775,36035.701,37304.9182,35694.8233,60.5801,530.9328,568.8781,-37.9453,720.2834,536622551,39013.8649,37471.2775,35928.6901,1
FPT.VN,2021-04-09,38069.24,39546.27,38069.24,39117.45,833310,37604.6865,36220.5678,37477.5403,35829.044,68.9885,614.5869,578.0198,36.567,784.5468,537455861,39234.1785,37604.6865,35975.1945,0
FPT.VN,2021-04-12,39260.39,39260.39,38831.57,39117.45,424483,37738.0955,36397.8112,37633.7222,35958.0011,68.9885,673.1239,597.0407,76.0833,759.1377,537455861,39405.7391,37738.0955,36070.4519,0
FPT.VN,2021-04-13,39069.8,39165.1,38355.11,38450.41,427757,37730.949,36537.8908,37711.502,36055.7426,60.5942,658.1042,609.2534,48.8508,762.77,537028104,39384.3248,37730.949,36077.5732,1
FPT.VN,2021-04-14,38116.88,38593.34,37878.65,38593.34,531124,37735.7135,36642.7122,37795.4865,36155.2562,61.6704,650.2387,617.4504,32.7883,759.3357,537559228,39398.9168,37735.7135,36072.5102,0
FPT.VN,2021-04-15,38593.34,38783.93,38021.59,38116.88,439952,37711.8905,36714.1812,37826.0954,36232.1826,56.1638,598.6579,613.6919,-15.034,759.5503,537119276,39336.5737,37711.8905,36087.2073,0
FPT.VN,2021-04-16,38021.59,38688.64,37545.13,37973.95,460604,37709.5085,36778.98,37840.1768,36300.4872,54.5891,540.0215,598.9578,-58.9364,786.976,536658672,39332.4186,37709.5085,36086.5984,1
FPT.VN,2021-04-19,38116.88,38831.57,37878.65,38831.57,499684,37776.213,36876.178,37934.5952,36399.7454,61.5544,556.3413,590.4345,-34.0932,798.8291,537158356,39470.5256,37776.213,36081.9004,1
FPT.VN,2021-04-20,38974.51,40451.54,38879.22,39498.62,995422,37873.8875,36986.717,38083.55,36521.2699,65.9315,615.9994,595.5475,20.4519,857.4821,538153778,39729.6486,37873.8875,36018.1264,0
FPT.VN,2021-04-21,39498.62,39498.62,39498.62,39498.62,0,38014.4435,37097.256,38218.3185,36638.0287,65.9315,655.7201,607.582,48.1381,796.2333,538153778,39917.0956,38014.4435,36111.7914,0
FPT.VN,2021-04-22,39069.8,39975.08,38116.88,38116.88,476681,38095.442,37180.1602,38208.6577,36696.0229,51.7715,569.1435,599.8943,-30.7509,872.0881,537677097,39858.9179,38095.442,36331.9661,1
FPT.VN,2021-04-23,38116.88,39546.27,37973.95,39546.27,664566,38259.8215,37291.6522,38336.0494,36807.7973,61.083,608.8522,601.6859,7.1663,922.1047,538341663,39911.7785,38259.8215,36607.8645,0
FPT.VN,2021-04-26,39308.04,39450.97,38355.11,38593.34,535468,38340.8195,37384.0856,38360.5532,36877.8186,53.6467,557.0073,592.7502,-35.7428,941.3229,537806195,39882.3606,38340.8195,36799.2784,0
FPT.VN,2021-04-27,38307.47,38783.93,38164.53,38450.41,270137,38426.583,37473.6604,38369.111,36939.4888,52.6121,498.6387,573.9279,-75.2892,918.3284,537536058,39770.1332,38426.583,37083.0328,1
FPT.VN,2021-04-28,38164.53,38736.28,38164.53,38498.05,286844,38500.4345,37501.295,38381.3909,37000.6089,52.9379,451.0261,549.3475,-98.3214,893.5728,537822902,39669.7594,38500.4345,37331.1096,1
FPT.VN,2021-04-29,38498.05,38974.51,38498.05,38545.7,439805,38529.022,37527.024,38397.0394,37061.2007,53.2839,412.384,521.9548,-109.5708,863.779,538262707,39671.8064,38529.022,37386.2376,0
FPT.VN,2021-04-30,38545.7,38545.7,38545.7,38545.7,0,38555.2275,37567.9998,38411.1976,37119.4163,53.2839,377.4093,493.0457,-115.6364,802.0805,538262707,39672.7763,38555.2275,37437.6787,0
FPT.VN,2021-05-03,38545.7,38545.7,38545.7,38545.7,0,38586.1975,37607.0696,38424.0073,37175.349,53.2839,345.7066,463.5779,-117.8713,744.7891,538262707,39663.9833,38586.1975,37508.4117,1
FPT.VN,2021-05-04,38116.88,39784.5,38116.88,39498.62,495759,38669.578,37677.5858,38526.3514,37266.4577,60.5306,392.945,449.4513,-56.5063,810.7056,538758466,39759.3261,38669.578,37579.8299,0
FPT.VN,2021-05-05,40260.96,40260.96,39403.33,39498.62,487196,38748.194,37748.102,38618.9484,37353.9935,60.5306,425.4771,444.6565,-19.1794,814.0573,538758466,39839.0271,38748.194,37657.3609,0
FPT.VN,2021-05-06,39546.27,39784.5,39165.1,39403.33,413255,38822.0455,37810.042,38693.6514,37434.3596,59.4609,438.515,443.4282,-4.9132,800.1532,538345211,39878.0278,38822.0455,37766.0632,1
FPT.VN,2021-05-07,39403.33,40022.73,39212.74,39546.27,567916,38843.4865,37874.8408,38774.8532,37517.1796,60.5861,455.1352,445.7696,9.3656,800.8558,538913127,39941.3084,38843.4865,37745.6646,1
FPT.VN,2021-05-10,39593.91,40975.65,39546.27,40880.36,945365,38931.632,37950.1216,38975.3776,37649.069,69.1833,569.3931,470.4943,98.8988,845.7504,539858492,40356.4619,38931.632,37506.8021,0
FPT.VN,2021-05-11,40975.65,41261.53,40594.48,40594.48,436279,39038.8355,38019.6848,39129.5779,37764.5754,65.8677,629.6174,502.3189,127.2985,832.9861,539422213,40624.7474,39038.8355,37452.9236,1
FPT.VN,2021-05-12,40499.19,40689.77,40165.66,40689.77,387125,39143.657,38093.0598,39278.1676,37879.2889,66.4449,677.228,537.3007,139.9273,810.9235,539809338,40875.9613,39143.657,37411.3527,0
FPT.VN,2021-05-13,40499.19,40689.77,40022.73,40022.73,536937,39238.9495,38170.2466,39349.0783,37963.3454,58.9315,653.6009,560.5608,93.0401,800.6461,539272401,40942.8803,39238.9495,37535.0187,1
FPT.VN,2021-05-14,40165.66,41070.94,40070.38,40403.89,390105,39360.4465,38255.0566,39449.5366,38059.053,61.6033,658.0471,580.058,77.9891,818.3293,539662506,41030.7877,39360.4465,37690.1053,1
FPT.VN,2021-05-17,40880.36,41261.53,40594.48,40832.71,366136,39460.5035,38349.3958,39581.2674,38167.8239,64.4087,688.2393,601.6943,86.5451,821.1372,540028642,41234.0108,39460.5035,37686.9962,1
FPT.VN,2021-05-18,41166.23,41642.7,41070.94,41452.11,447780,39558.178,38463.7464,39759.4428,38296.6194,68.041,753.4619,632.0478,121.4141,820.341,540476422,41543.0973,39558.178,37573.2587,1
FPT.VN,2021-05-19,41690.34,43405.6,41356.82,43262.66,603680,39746.38,38601.92,40093.0826,38491.3661,75.8118,940.407,693.7197,246.6874,908.0866,541080102,42330.778,39746.38,37161.982,1
FPT.VN,2021-05-20,43262.66,45502.03,43072.08,45502.03,739598,40115.6375,38781.0694,40608.2204,38766.2941,81.7292,1254.7964,805.935,448.8614,1016.7911,541819700,43654.0285,40115.6375,36577.2465,0
FPT.VN,2021-05-21,44930.28,46026.14,44310.88,44692.05,676382,40372.9265,38945.925,40997.1566,38998.6767,74.6186,1422.1993,929.1879,493.0115,1066.6818,541143318,44445.0763,40372.9265,36300.7767,0
FPT.VN,2021-05-24,44692.05,44739.69,43882.06,44549.11,560276,40670.715,39107.9218,41335.4379,39216.3407,73.4049,1525.7455,1048.4994,477.2461,1051.7495,540583042,45054.0913,40670.715,36287.3387,1
FPT.VN,2021-05-25,44549.11,45359.09,44215.59,44692.05,452565,40982.797,39229.896,41655.1152,39431.0744,73.8627,1600.8866,1158.9768,441.9097,1058.3031,541035607,45583.9392,40982.797,36381.6548,1
FPT.VN,2021-05-26,44882.63,45502.03,44644.4,45406.74,418250,41328.2315,39368.0698,42012.4128,39665.4143,76.08,1698.5264,1266.8867,431.6397,1043.9693,541453857,46174.7326,41328.2315,36481.7304,0
FPT.VN,2021-05-27,45406.74,45454.38,44549.11,44692.05,366409,41635.549,39490.044,42267.6163,39862.5372,69.7113,1698.6561,1353.2406,345.4155,1034.0622,541087448,46518.4868,41635.549,36752.6112,1
FPT.VN,2021-05-28,44787.34,45263.8,44644.4,45168.51,393379,41966.6895,39632.9824,42543.8919,40070.6146,71.4284,1717.408,1426.0741,291.3339,1004.4435,541480827,46865.5874,41966.6895,37067.7916,1
FPT.VN,2021-05-31,45502.03,46693.18,45120.86,46645.54,679530,42371.6815,39815.9436,42934.5251,40328.4548,75.9755,1830.3538,1506.93,323.4238,1045.0061,542160357,47416.8314,42371.6815,37326.5316,1
FPT.VN,2021-06-01,48163.06,48491.82,47669.93,47724.72,637854,42782.9865,40019.5354,43390.7341,40618.5044,78.6491,1984.0739,1602.3588,381.7151,1102.2399,542798211,48171.5007,42782.9865,37394.4723,0
FPT.VN,2021-06-02,47724.72,47943.89,46574.07,46848.03,557352,43150.457,40222.746,43720.0004,40862.7995,71.6712,2011.9639,1684.2798,327.684,1121.3528,542240859,48597.9718,43150.457,37702.9422,0
FPT.VN,2021-06-03,46574.07,46793.24,46190.52,46683.65,582336,43514.473,40426.4808,44002.2527,41091.0682,70.4098,1997.7737,1746.9786,250.7951,1088.2212,541658523,48880.0665,43514.473,38148.8795,0
FPT.VN,2021-06-04,46574.07,46628.86,45916.55,46409.69,697278,43857.644,40629.501,44231.5325,41299.6416,68.2537,1942.035,1785.9899,156.0452,1065.2839,540961245,49029.0408,43857.644,38686.2472,0
FPT.VN,2021-06-07,46354.89,46409.69,44382.34,45313.83,6773125,44079.3175,40796.31,44334.6084,41457.0607,60.2996,1788.8147,1786.5548,2.2598,1134.003,534188120,49090.9747,44079.3175,39067.6603,0
FPT.VN,2021-06-08,45313.83,45313.83,45313.83,45313.83,0,44315.285,40967.8838,44427.8676,41608.3066,60.2996,1648.3849,1758.9208,-110.536,1053.0027,534188120,49074.1146,44315.285,39556.4554,0
FPT.VN,2021-06-09,44163.17,44985.07,43286.48,44765.9,6526561,44519.0915,41122.7814,44460.0612,41732.1338,56.4826,1475.867,1702.3101,-226.4431,1122.599,527661559,48962.8602,44519.0915,40075.3228,1
FPT.VN,2021-06-10,44765.9,45204.24,44382.34,44875.48,4042303,44761.729,41260.812,44499.6249,41855.4023,57.0679,1332.6258,1628.3732,-295.7474,1101.1205,531703862,48669.3712,44761.729,40854.0868,1
FPT.VN,2021-06-11,44656.31,45971.34,44546.73,45752.17,4306387,45029.143,41415.4236,44618.9149,42008.2167,61.5263,1275.1486,1557.7283,-282.5797,1124.2269,536010249,48372.3506,45029.143,41685.9354,1
FPT.VN,2021-06-14,45752.17,46354.89,45478.21,45916.55,4649497,45283.335,41575.2286,44742.4992,42161.4847,62.3165,1228.698,1491.9222,-263.2243,1106.545,540659746,47996.8915,45283.335,42569.7785,0
FPT.VN,2021-06-15,45916.55,46300.1,45587.79,45587.79,3246216,45490.119,41730.3642,44823.0031,42295.8496,59.6766,1152.0768,1423.9532,-271.8763,1078.3853,537413530,47518.0976,45490.119,43462.1404,0
FPT.VN,2021-06-16,45587.79,46354.89,45313.83,45533.0,4493273,45603.636,41882.4982,44890.6218,42422.7967,59.2263,1074.5463,1354.0718,-279.5255,1075.7192,532920257,47339.8057,45603.636,43867.4663,0
FPT.VN,2021-06-17,44985.07,45533.0,44985.07,45259.04,4081541,45591.4865,42029.153,44925.7093,42534.0219,56.9137,979.7031,1279.198,-299.495,1038.02,528838716,47334.0391,45591.4865,43848.9339,1
FPT.VN,2021-06-18,45533.0,46135.72,45313.83,45916.55,3069186,45652.7115,42165.135,45020.0751,42666.67,60.8634,946.6819,1212.6948,-266.0129,1026.4957,531907902,47347.5977,45652.7115,43957.8253,1
FPT.VN,2021-06-21,45806.96,47286.38,45587.79,46902.82,7078091,45770.397,42320.8424,45199.3841,42832.7936,65.9113,988.6991,1167.8957,-179.1966,1074.5024,538985993,47469.4911,45770.397,44071.3029,0
FPT.VN,2021-06-22,47176.79,47450.75,46793.24,46793.24,3212635,45875.4565,42487.699,45351.1799,42988.1052,64.9096,1001.6098,1134.6385,-133.0287,1044.7173,535773358,47553.5192,45875.4565,44197.3938,0
FPT.VN,2021-06-23,46738.45,46902.82,46080.93,46519.27,2919897,45931.083,42646.2176,45462.4266,43126.5822,62.3578,978.4556,1103.4019,-124.9463,1028.801,532853461,47617.4627,45931.083,44244.7033,0
FPT.VN,2021-06-24,46190.52,46519.27,45971.34,46409.69,3025567,46016.965,42812.0738,45552.6421,43255.3316,61.3194,940.4229,1070.8061,-130.3832,994.4531,529827894,47610.0264,46016.965,44423.9036,1
FPT.VN,2021-06-25,46409.69,46793.24,46135.72,46683.65,2743780,46092.722,42986.2678,45660.3572,43389.7754,62.9792,921.7625,1040.9974,-119.2349,970.3865,532571674,47659.7891,46092.722,44525.6549,1
FPT.VN,2021-06-28,47176.79,47176.79,46793.24,46957.62,3392402,46108.326,43148.7888,45783.906,43529.6909,64.6144,918.4932,1016.4966,-98.0033,936.2974,535964076,47704.5151,46108.326,44512.1369,1
FPT.VN,2021-06-29,47450.75,48765.79,47286.38,48546.61,8938729,46149.4205,43329.7486,46047.0207,43726.4328,72.2659,1032.2217,1019.6416,12.5802,998.574,544902805,47950.0559,46149.4205,44348.7851,0
FPT.VN,2021-06-30,48765.79,48820.58,48217.86,48217.86,3013340,46217.912,43504.1334,46253.7673,43902.5672,68.9443,1083.337,1032.3807,50.9563,970.2987,541889465,48223.0334,46217.912,44212.7906,1
FPT.VN,2021-07-01,48272.65,48711.0,48217.86,48711.0,3102767,46319.2795,43716.0158,46487.7894,44091.1332,71.0908,1150.3776,1055.9801,94.3976,936.216,544992232,48608.4071,46319.2795,44030.1519,1
FPT.VN,2021-07-02,48930.17,50683.54,48711.0,50354.79,7069331,46516.5345,43932.1862,46856.0752,44336.7668,76.8378,1320.9212,1108.9683,211.9529,1010.2391,552061563,49432.5332,46516.5345,43600.5358,0
FPT.VN,2021-07-05,50354.79,50354.79,50354.79,50354.79,0,46768.5825,44167.4152,47189.2861,44572.7677,76.8378,1439.4847,1175.0716,264.4131,938.0792,552061563,50090.1111,46768.5825,43447.0539,0
FPT.VN,2021-07-06,50354.79,50354.79,50354.79,50354.79,0,47020.6305,44405.5028,47490.7627,44799.5137,76.8378,1515.972,1243.2516,272.7203,871.0735,552061563,50629.9354,47020.6305,43411.3256,0
FPT.VN,2021-07-07,50354.79,50354.79,50354.79,50354.79,0,47300.075,44642.6376,47763.5272,45017.3677,76.8378,1558.6218,1306.3257,252.2961,808.854,552061563,51037.5007,47300.075,43562.6493,0
FPT.VN,2021-07-08,50354.79,50354.79,50354.79,50354.79,0,47574.0405,44878.8194,48010.3141,45226.6784,76.8378,1574.2749,1359.9155,214.3594,751.0787,552061563,51366.0306,47574.0405,43782.0504,0
FPT.VN,2021-07-09,49094.55,50409.58,48656.2,49149.34,5378422,47743.899,45090.8922,48118.7928,45380.5082,63.441,1472.437,1382.4198,90.0172,822.6717,546683141,51496.4129,47743.899,43991.3851,0
FPT.VN,2021-07-12,49149.34,49149.34,49149.34,49149.34,0,47905.5385,45302.965,48216.9401,45528.3055,63.441,1375.8696,1381.1098,-5.2402,763.9094,546683141,51604.7554,47905.5385,44206.3216,0
FPT.VN,2021-07-13,47615.13,47834.3,46574.07,47669.93,4028615,48009.6455,45466.3912,48164.8439,45612.2908,50.8276,1166.5163,1338.1911,-171.6748,893.2923,542654526,51547.9105,48009.6455,44471.3805,0
FPT.VN,2021-07-14,47669.93,47669.93,47669.93,47669.93,0,48116.492,45629.8174,48117.7093,45692.9825,50.8276,989.1994,1268.3927,-279.1933,829.4857,542654526,51463.7635,48116.492,44769.2205,0
FPT.VN,2021-07-15,46409.69,47450.75,46409.69,46793.24,4954280,48193.202,45777.6156,47991.5693,45736.1299,44.7173,769.0676,1168.5277,-399.4601,860.2539,537700246,51328.3458,48193.202,45058.0582,0
FPT.VN,2021-07-16,46793.24,46793.24,46793.24,46793.24,0,48237.0365,45922.555,47877.4427,45777.5852,44.7173,587.8354,1052.3893,-464.5539,798.8072,537700246,51260.6861,48237.0365,45213.3869,0
FPT.VN,2021-07-19,46683.65,47341.17,46300.1,46409.69,6002224,48212.38,46033.1416,47737.6568,45802.3736,42.1465,408.5488,923.6212,-515.0724,816.1116,531698022,51289.4112,48212.38,45135.3488,1
FPT.VN,2021-07-20,46464.48,47560.34,45971.34,47560.34,4660630,48250.735,46172.4588,47720.7695,45871.3135,51.2089,355.216,809.9401,-454.7241,871.318,536358652,51271.9007,48250.735,45229.5693,0
FPT.VN,2021-07-21,47560.34,48163.06,47176.79,47450.75,6148958,48297.309,46307.6784,47695.0533,45933.2522,50.3991,300.6407,708.0802,-407.4395,879.5288,530209694,51233.6143,48297.309,45361.0037,1
FPT.VN,2021-07-22,47231.58,49094.55,47231.58,48984.96,8113442,48426.0725,46486.923,47817.9016,46052.927,59.9475,376.8434,641.8329,-264.9895,949.7746,538323136,51237.0334,48426.0725,45615.1116,1
FPT.VN,2021-07-23,48984.96,50902.71,48601.41,49587.68,12329490,48571.274,46670.5988,47986.4519,46191.5447,62.9639,480.332,609.5327,-129.2007,1046.3121,550652626,51302.1407,48571.274,45840.4073,1
FPT.VN,2021-07-26,49478.1,51450.64,49423.3,51341.06,10536196,48790.446,46880.7658,48305.9384,46393.4865,70.034,695.8098,626.7881,69.0217,1116.3856,561188822,51675.2834,48790.446,45905.6086,0
FPT.VN,2021-07-27,51724.61,51998.57,50683.54,51067.09,9138025,48916.47,47073.0654,48568.9052,46576.7651,67.8543,834.8468,668.3999,166.4469,1130.5745,552050797,51971.6425,48916.47,45861.2975,0
FPT.VN,2021-07-28,50847.92,51341.06,50245.2,50409.58,6107894,49026.056,47216.0038,48744.2076,46727.0716,62.8026,881.814,711.0827,170.7313,1128.0948,545942903,52132.5183,49026.056,45919.5937,1
FPT.VN,2021-07-29,50409.58,51450.64,50245.2,51176.68,6776228,49149.34,47329.4968,48975.8716,46901.566,65.9844,969.7557,762.8173,206.9384,1133.6195,552719131,52395.7132,49149.34,45902.9668,1
FPT.VN,2021-07-30,51231.47,51943.78,50847.92,51505.44,8259993,49206.8725,47465.7646,49216.7829,47082.1101,67.2763,1053.8304,821.0199,232.8105,1130.9224,560979124,52581.4479,49206.8725,45832.2971,1
FPT.VN,2021-08-02,51505.44,52930.06,51505.44,52382.13,7803731,49308.2395,47622.425,49518.2445,47289.954,70.4946,1177.6268,892.3413,285.2855,1151.9008,568782855,52939.997,49308.2395,45676.482,1
FPT.VN,2021-08-03,52491.71,52601.3,51888.99,52491.71,6583320,49415.0855,47778.4182,49801.4317,47493.9444,70.88,1269.9395,967.8609,302.0786,1120.5015,575366175,53293.8208,49415.0855,45536.3502,0
FPT.VN,2021-08-04,52491.71,52491.71,52491.71,52491.71,0,49521.9315,47920.1176,50057.6487,47689.9352,70.88,1327.792,1039.8472,287.9449,1040.4656,575366175,53621.1238,49521.9315,45422.7392,1
FPT.VN,2021-08-05,52162.95,53149.23,51998.57,52930.06,4536344,49650.695,48084.8778,50331.2117,47895.4303,72.5442,1392.9546,1110.4687,282.486,1048.3367,579902519,54013.3627,49650.695,45288.0273,0
FPT.VN,2021-08-06,53039.64,53258.82,52491.71,52930.06,6230538,49839.731,48240.1088,50578.721,48092.8668,72.5442,1428.1338,1174.0017,254.1321,1028.249,579902519,54432.5014,49839.731,45246.9606,1
FPT.VN,2021-08-09,53149.23,53532.78,52546.5,53423.2,5355609,50053.424,48375.662,50849.6238,48301.8995,74.4494,1478.7596,1234.9533,243.8063,1025.2513,585258128,54901.5518,50053.424,45205.2962,0
FPT.VN,2021-08-10,53423.2,53423.2,53423.2,53423.2,0,50341.0875,48489.6316,51094.7263,48502.7348,74.4494,1501.5718,1288.277,213.2948,952.019,585258128,55275.7122,50341.0875,45406.4628,0
FPT.VN,2021-08-11,53532.78,53587.57,52656.09,52656.09,8912084,50590.3955,48605.7928,51243.4276,48665.6115,66.1663,1441.1386,1318.8493,122.2893,950.5519,576346044,55460.1958,50590.3955,45720.5952,0
FPT.VN,2021-08-12,52491.71,52601.3,51176.68,51395.85,15329324,50820.526,48700.0368,51257.944,48772.6796,55.2842,1276.8355,1310.4465,-33.611,988.3275,561016720,55358.4876,50820.526,46282.5644,1
FPT.VN,2021-08-13,51012.3,52053.37,50957.51,52053.37,6604308,51083.5325,48812.9104,51333.6989,48901.3342,59.0668,1186.0089,1285.559,-99.5501,996.0084,567621028,55231.6996,51083.5325,46935.3654,0
FPT.VN,2021-08-16,52053.37,52162.95,51724.61,51834.2,3480005,51354.758,48943.3178,51381.3656,49016.3485,57.326,1083.8491,1245.217,-161.3679,956.175,564141023,54878.5735,51354.758,47830.9425,0
FPT.VN,2021-08-17,51834.2,51834.2,51834.2,51834.2,0,51568.451,49073.7252,51424.4927,49126.8525,57.326,991.4578,1194.4652,-203.0074,887.8767,564141023,54608.5695,51568.451,48528.3325,0
FPT.VN,2021-08-18,51395.85,51998.57,51395.85,51505.44,3560672,51771.1855,49208.516,51432.202,49220.1304,54.5303,881.5469,1131.8815,-250.3347,867.5084,560580351,54116.5058,51771.1855,49425.8652,1
FPT.VN,2021-08-19,52053.37,52053.37,51395.85,51779.4,4967056,51910.9075,49346.5944,51465.2685,49320.4939,56.4369,807.2426,1066.9537,-259.7112,852.5092,565547407,53856.1622,51910.9075,49965.6528,0
FPT.VN,2021-08-20,51779.4,51888.99,49916.44,50847.92,7937689,51973.9195,49448.5094,51406.4734,49380.393,48.9251,665.5215,986.6673,-321.1458,932.5121,557609718,53667.699,51973.9195,50280.14,0
FPT.VN,2021-08-23,50683.54,50683.54,49861.65,49861.65,6271966,51899.949,49527.4114,51259.3473,49399.2658,42.4782,468.2254,882.9789,-414.7535,936.352,551337752,53823.7041,51899.949,49976.1939,1
FPT.VN,2021-08-24,50135.61,50409.58,49258.93,50354.79,5623891,51864.334,49622.7514,51173.199,49436.7374,46.2892,347.6516,775.9134,-428.2619,951.659,556961643,53877.3158,51864.334,49851.3522,0
FPT.VN,2021-08-25,50628.75,50628.75,49861.65,50354.79,2452867,51861.5945,49719.1872,51095.2553,49472.7394,46.2892,249.2231,670.5754,-421.3523,938.4762,556961643,53883.0436,51861.5945,49840.1454,0
FPT.VN,2021-08-26,50409.58,50902.71,49971.23,50080.82,3209715,51806.8015,49815.6228,50998.6424,49496.5857,44.3941,147.4114,565.9426,-418.5312,937.9765,553751928,53961.4402,51806.8015,49652.1628,1
FPT.VN,2021-08-27,49861.65,50409.58,49642.48,50409.58,3460659,51752.0085,49905.4834,50942.5412,49532.3894,47.1882,92.1904,471.1921,-379.0017,925.771,557212587,53992.924,51752.0085,49511.093,1
FPT.VN,2021-08-30,50957.51,50957.51,50464.37,50519.16,2728084,51658.86,49977.8102,50902.2192,49571.0863,48.1239,56.6169,388.2771,-331.6602,898.7824,559940671,53943.9336,51658.86,49373.7864,1
FPT.VN,2021-08-31,50573.96,51067.09,50409.58,50628.75,3563410,51565.712,50054.5204,50876.1745,49612.5633,49.0953,36.8429,317.9903,-281.1473,881.5486,563504081,53859.7029,51565.712,49271.7211,0
FPT.VN,2021-09-01,50464.37,50957.51,50464.37,50628.75,2469840,51472.564,50136.71,50852.6103,49652.4138,49.0953,20.9307,258.5783,-237.6477,853.8052,563504081,53759.5186,51472.564,49185.6094,0
FPT.VN,2021-09-02,50628.75,50628.75,50628.75,50628.75,0,51357.4985,50221.0912,50831.2903,49690.7015,49.0953,8.2253,208.5077,-200.2825,792.8191,563504081,53565.9127,51357.4985,49149.0843,0
FPT.VN,2021-09-03,50628.75,50628.75,50628.75,50628.75,0,51242.433,50299.9932,50812.0007,49727.4877,49.0953,-1.8229,166.4416,-168.2645,736.1891,563504081,53343.0352,51242.433,49141.8308,1
FPT.VN,2021-09-06,50628.75,51998.57,50573.96,51998.57,5702551,51171.2015,50400.8122,50925.0073,49816.5497,61.2835,99.5988,153.0731,-53.4742,785.3621,569206632,53044.7872,51171.2015,49297.6158,0
FPT.VN,2021-09-07,52217.75,52217.75,51231.47,51231.47,4180459,51061.615,50454.5094,50954.1942,49872.0368,53.551,116.7321,145.8049,-29.0728,799.7133,565026173,52608.4955,51061.615,49514.7345,0
FPT.VN,2021-09-08,51231.47,51231.47,51231.47,51231.47,0,50990.384,50514.7816,50980.6014,49925.3479,53.551,128.8253,142.409,-13.5836,742.591,565026173,52347.7041,50990.384,49633.0639,0
FPT.VN,2021-09-09,51012.3,51450.64,50847.92,51067.09,2543572,50973.946,50561.9034,50988.8385,49970.1221,51.9228,123.719,138.671,-14.9519,732.6002,562482601,52318.4934,50973.946,49629.3986,1
FPT.VN,2021-09-10,51176.68,51724.61,51176.68,51231.47,2628254,50932.851,50579.437,51011.9462,50019.5867,53.4471,131.4214,137.2211,-5.7997,727.2373,565110855,52185.5931,50932.851,49680.1089,0
FPT.VN,2021-09-13,51286.27,51505.44,50902.71,50957.51,2920080,50889.0165,50591.4914,51006.7618,50056.368,50.5694,114.104,132.5976,-18.4937,718.3439,562190775,52068.1529,50889.0165,49709.8801,1
FPT.VN,2021-09-14,51121.89,51888.99,50957.51,51395.85,4604966,50867.099,50612.3126,51043.8178,50108.8967,54.7659,134.2032,132.9187,1.2844,733.5679,566795741,51987.073,50867.099,49747.125,1
FPT.VN,2021-09-15,51395.85,51724.61,51121.89,51560.23,3084517,50869.8385,50636.4214,51092.9999,50165.8118,56.2654,161.534,138.6418,22.8922,724.2217,569880258,51996.6341,50869.8385,49743.0429,1
FPT.VN,2021-09-16,51724.61,52053.37,51615.02,51888.99,3512673,50875.318,50667.1054,51168.8085,50233.3874,59.1799,207.332,152.3798,54.9522,707.7158,573392931,52021.634,50875.318,49729.002,1
FPT.VN,2021-09-17,52327.33,53149.23,52272.54,52436.92,6069568,50954.768,50732.857,51289.581,50319.8004,63.5409,284.5604,178.8159,105.7445,747.1818,579462499,52296.6673,50954.768,49612.8687,0
FPT.VN,2021-09-20,52601.3,52710.88,51560.23,51724.61,4610258,51047.916,50784.3624,51331.0124,50374.891,55.2738,285.0017,200.0531,84.9486,776.001,574852241,52327.5142,51047.916,49768.3178,0
FPT.VN,2021-09-21,51724.61,51724.61,51724.61,51724.61,0,51116.407,50865.456,51368.4979,50427.8212,55.2738,282.0995,216.4624,65.6372,720.5723,574852241,52386.3996,51116.407,49846.4144,0
FPT.VN,2021-09-22,51724.61,51724.61,51724.61,51724.61,0,51184.898,50946.5496,51402.4133,50478.6756,55.2738,276.611,228.4921,48.1189,669.1029,574852241,52429.4411,51184.898,49940.3549,0
FPT.VN,2021-09-23,51067.09,51395.85,50957.51,51012.3,2544484,51231.472,51030.9308,51365.2597,50499.6021,47.5473,212.3361,225.2609,-12.9248,676.1027,572307757,52366.9881,51231.472,50095.9559,0
FPT.VN,2021-09-24,51067.09,51067.09,50793.13,50793.13,264449745,51250.6495,51110.9286,51310.7711,50511.113,45.4425,142.0748,208.6237,-66.5488,647.3782,307858012,52339.726,51250.6495,50161.573,0
FPT.VN,2021-09-27,50902.71,51231.47,50464.37,50464.37,2821709,51247.91,51192.0222,51230.1615,50509.2799,42.4097,59.1819,178.7353,-119.5534,655.9298,305036303,52344.9802,51247.91,50150.8398,1
FPT.VN,2021-09-28,50245.2,50957.51,50135.61,50957.51,2543207,51264.348,51259.9656,51204.1947,50526.8576,48.0143,32.9017,149.5686,-116.6669,667.7848,307579510,52331.8087,51264.348,50196.8873,1
FPT.VN,2021-09-29,50957.51,51176.68,50573.96,51067.09,2148813,51286.265,51332.2924,51191.1371,50548.0431,49.1974,20.6782,123.7905,-103.1123,663.1373,309728323,52316.1155,51286.265,50256.4145,0
FPT.VN,2021-09-30,51231.47,51450.64,50957.51,50957.51,1819392,51302.703,51371.7434,51168.8869,50564.1007,48.0204,2.1244,99.4573,-97.3329,650.9939,307908931,52298.2893,51302.703,50307.1167,0
FPT.VN,2021-10-01,50902.71,51012.3,50683.54,50902.71,1926157,51316.401,51398.044,51143.5367,50577.3795,47.4096,-16.8079,76.2043,-93.0121,627.9772,305982774,52279.968,51316.401,50352.834,1
FPT.VN,2021-10-04,50957.51,52162.95,50628.75,51834.2,415709889,51308.1825,51407.9068,51209.3142,50626.6665,57.3422,42.8576,69.5349,-26.6773,692.7074,721692663,52249.805,51308.1825,50366.56,0
FPT.VN,2021-10-05,52053.37,52601.3,51724.61,51724.61,2541929,51332.8395,51421.0572,51258.39,50669.7232,56.0021,80.3735,71.7026,8.6708,705.849,719150734,52291.6731,51332.8395,50374.0059,0
FPT.VN,2021-10-06,51724.61,51724.61,51724.61,51724.61,0,51357.4965,51447.3578,51302.7919,50711.0913,56.0021,108.8503,79.1322,29.7181,655.4312,719150734,52330.6107,51357.4965,50384.3823,0
FPT.VN,2021-10-07,51998.57,52053.37,51560.23,51669.82,2732099,51387.633,51457.2206,51337.7469,50748.6885,55.2534,125.55,88.4158,37.1343,643.839,716418635,52360.2111,51387.633,50415.0549,0
FPT.VN,2021-10-08,51669.82,51669.82,51669.82,51669.82,0,51409.5505,51460.5082,51369.3729,50784.8113,55.2534,137.2031,98.1732,39.0299,597.8505,716418635,52387.0553,51409.5505,50432.0457,0
FPT.VN,2021-10-11,51669.82,51669.82,51669.82,51669.82,0,51445.166,51446.262,51397.9869,50819.5175,55.2534,144.7694,107.4925,37.277,555.1469,716418635,52405.0705,51445.166,50485.2615,1
FPT.VN,2021-10-12,54354.68,54354.68,53971.13,54245.09,2053728,51587.628,51481.3296,51669.1396,50953.8537,74.9299,354.4823,156.8904,197.5919,707.2693,718472363,53164.2976,51587.628,50010.9584,1
FPT.VN,2021-10-13,54245.09,55614.91,53971.13,54464.26,5899474,51732.8295,51520.7806,51935.3416,51091.5167,75.9011,532.2312,231.9586,300.2726,774.1629,724371837,53767.2985,51732.8295,49698.3605,0
FPT.VN,2021-10-14,54464.26,54464.26,54464.26,54464.26,0,51861.593,51551.4646,52176.1909,51223.7811,75.9011,665.4279,318.6525,346.7754,718.8655,724371837,54235.3655,51861.593,49487.8205,0
FPT.VN,2021-10-15,54464.26,54847.81,53916.33,54190.3,3107147,51949.262,51576.6694,52368.0108,51340.1152,71.865,740.3467,402.9913,337.3554,734.0523,721264690,54532.7496,51949.262,49365.7744,0
FPT.VN,2021-10-18,54190.3,54190.3,54190.3,54190.3,0,52072.5465,51592.0114,52541.5622,51451.8871,71.865,790.6067,480.5144,310.0923,681.62,721264690,54839.6936,52072.5465,49305.3994,0
FPT.VN,2021-10-19,54245.09,54519.05,54025.92,54025.92,2800174,52187.612,51604.0658,52682.9296,51552.8296,69.3006,807.8616,545.9838,261.8777,668.1564,718464516,55082.2912,52187.612,49292.9328,0
FPT.VN,2021-10-20,54080.71,54519.05,52930.06,53477.99,4103807,52275.281,51620.5038,52758.6496,51628.3261,61.4316,768.4644,590.4799,177.9845,733.9302,714360709,55216.7462,52275.281,49333.8158,0
FPT.VN,2021-10-21,53916.33,53971.13,52984.85,52984.85,4167684,52373.9085,51652.2838,52780.1925,51681.5231,55.341,689.5014,610.2842,79.2172,751.9552,710193025,55268.9807,52373.9085,49478.8363,0
FPT.VN,2021-10-22,53149.23,53368.4,52656.09,52710.88,3692806,52469.796,51665.434,52773.5913,51721.89,52.2421,597.9232,607.812,-9.8889,749.1234,706500219,55269.8958,52469.796,49669.6962,0
FPT.VN,2021-10-25,52710.88,52710.88,52710.88,52710.88,0,52582.1215,51682.9676,52767.6188,51760.674,52.2421,519.3598,590.1216,-70.7617,695.6146,706500219,55218.9738,52582.1215,49945.2692,0
FPT.VN,2021-10-26,52710.88,52710.88,52710.88,52710.88,0,52669.79,51700.5012,52762.2151,51797.9369,52.2421,451.8888,562.475,-110.5863,645.9278,706500219,55193.3716,52669.79,50146.2084,0
FPT.VN,2021-10-27,52710.88,52710.88,52710.88,52710.88,0,52751.9795,51724.61,52757.3261,51833.7386,52.2421,393.8771,528.7554,-134.8784,599.7901,706500219,55160.2172,52751.9795,50343.7418,1
FPT.VN,2021-10-28,53806.75,53916.33,53258.82,53697.16,3001659,52888.962,51762.9652,52846.8341,51906.814,62.4291,422.6153,507.5274,-84.9121,643.0516,709501878,55176.0472,52888.962,50601.8768,0
FPT.VN,2021-10-29,53697.16,53697.16,53094.44,53094.44,4348546,52998.5485,51807.8956,52870.4156,51953.3876,54.7442,392.2346,484.4688,-92.2342,640.1707,705153332,55086.254,52998.5485,50910.843,0
FPT.VN,2021-11-01,53094.44,53094.44,53094.44,53094.44,0,53061.5605,51872.5514,52891.7512,51998.1347,54.7442,363.9622,460.3675,-96.4053,594.4443,705153332,55076.0878,53061.5605,51047.0332,0
FPT.VN,2021-11-03,52710.88,52984.85,52162.95,52656.09,4891316,53108.1345,51918.5774,52869.3073,52023.9369,49.5947,302.6957,428.8332,-126.1375,618.5189,700262016,55033.6205,53108.1345,51182.6485,0
FPT.VN,2021-11-04,52656.09,53039.64,52436.92,52601.3,3214460,53151.969,51963.5076,52843.7828,52046.5786,48.9746,246.8746,392.4414,-145.5669,617.3905,697047556,54982.4087,53151.969,51321.5293,1
FPT.VN,2021-11-05,52710.88,53587.57,52601.3,53477.99,3960175,53242.3775,52031.451,52904.1835,52102.7123,58.0195,270.2621,368.0056,-97.7435,643.739,701007731,54938.253,53242.3775,51546.502,0
FPT.VN,2021-11-08,53477.99,53971.13,53313.61,53368.4,3080501,53327.3065,52090.6274,52948.3946,52152.3472,56.6673,276.7635,349.7571,-72.9937,644.7233,697927230,54853.1992,53327.3065,51801.4138,0
FPT.VN,2021-11-09,53423.2,53477.99,52601.3,52820.47,3368859,53384.839,52136.6536,52936.2113,52178.5481,50.3488,234.9937,326.8045,-91.8108,661.2924,694558371,54722.7933,53384.839,52046.8847,1
FPT.VN,2021-11-10,52820.47,53149.23,52546.5,53149.23,2906209,53330.046,52187.0632,52956.4988,52216.614,53.6856,225.8159,306.6067,-80.7908,657.1094,697464580,54608.08,53330.046,52052.012,0
FPT.VN,2021-11-11,53149.23,53697.16,52491.71,52601.3,3873121,53236.898,52226.5142,52922.6703,52231.6997,47.9069,172.3425,279.7539,-107.4114,696.2766,693591459,54435.9863,53236.898,52037.8097,1
FPT.VN,2021-11-12,52710.88,53806.75,52546.5,53697.16,4088659,53198.543,52287.8824,52996.4313,52289.1688,57.7112,215.9023,266.9836,-51.0813,736.5604,697680118,54275.147,53198.543,52121.939,0
FPT.VN,2021-11-15,53971.13,53971.13,53313.61,53313.61,3483837,53154.7085,52341.5796,53026.6388,52329.3429,53.8884,216.9734,256.9815,-40.0081,730.9146,694196281,54127.6954,53154.7085,52181.7216,1
FPT.VN,2021-11-16,53313.61,54519.05,53039.64,53861.54,6398990,53138.2705,52378.839,53106.1532,52389.4291,58.1529,259.0494,257.3951,1.6543,784.3786,700595271,54046.548,53138.2705,52229.993,0
FPT.VN,2021-11-17,53861.54,53916.33,53697.16,53861.54,2164874,53130.0515,52431.4404,53178.0948,52447.1589,58.1529,289.0629,263.7287,25.3342,744.0065,700595271,54006.9412,53130.0515,52253.1618,0
FPT.VN,2021-11-18,53861.54,54080.71,52875.27,52875.27,3659225,53099.9155,52464.3164,53149.2543,52463.9476,48.7424,230.6067,257.1043,-26.4976,776.9661,696936046,53967.839,53099.9155,52231.992,0
FPT.VN,2021-11-19,53423.2,53587.57,52108.16,52217.75,4528496,53061.5605,52487.3296,53060.5396,52454.2928,43.6689,129.728,231.629,-101.901,827.1406,692407550,54014.5267,53061.5605,52108.5943,0
FPT.VN,2021-11-22,52327.33,52601.3,52053.37,52053.37,3048016,53028.685,52503.7676,52964.6187,52438.5703,42.4785,36.1006,192.5233,-156.4227,807.197,689359534,54073.5262,53028.685,51983.8438,1
FPT.VN,2021-11-23,52053.37,52930.06,51998.57,52930.06,2100267,53039.644,52543.2186,52961.3274,52457.8444,50.2654,32.2698,160.4726,-128.2028,816.0751,691459801,54075.0048,53039.644,52004.2832,1
FPT.VN,2021-11-24,52984.85,53916.33,52820.47,53642.37,4463342,53086.2185,52588.149,53026.1886,52504.2964,55.5327,85.7232,145.5227,-59.7995,836.0597,695923143,54142.8941,53086.2185,52029.5429,1
FPT.VN,2021-11-25,53971.13,55779.29,53861.54,54793.02,10014779,53190.3255,52652.8048,53194.4583,52594.0503,62.4507,218.4155,160.1013,58.3142,928.9783,705937922,54476.626,53190.3255,51904.025,0
FPT.VN,2021-11-26,54847.81,55231.36,54135.5,54190.3,3643164,53214.9825,52698.831,53289.3003,52656.6483,57.4122,271.8074,182.4425,89.3648,940.8984,702294758,54559.7667,53214.9825,51870.1983,0
FPT.VN,2021-11-29,53423.2,54190.3,53423.2,53751.95,3637324,53247.858,52725.1316,53333.3622,52699.6013,53.9999,275.573,201.0686,74.5044,928.4843,698657434,54612.2394,53247.858,51883.4766,0
FPT.VN,2021-11-30,53751.95,53971.13,53149.23,53204.02,4677785,53253.337,52754.7198,53321.0439,52719.3824,49.9995,231.6733,207.1895,24.4838,920.8711,693979649,54616.0034,53253.337,51890.6706,1
FPT.VN,2021-12-01,53423.2,54025.92,52984.85,53806.75,2290255,53310.87,52796.3626,53367.3016,52762.0243,54.0334,242.7199,214.2956,28.4243,929.4567,696269904,54664.4963,53310.87,51957.2437,0
FPT.VN,2021-12-02,53477.99,53861.54,53258.82,53258.82,1739090,53343.746,52827.0468,53356.97,52781.5065,50.078,204.899,212.4163,-7.5173,906.1184,694530814,54656.1201,53343.746,52031.3719,0
FPT.VN,2021-12-03,53587.57,53587.57,52327.33,52327.33,3667802,53286.213,52853.3474,53258.9091,52763.6957,44.1598,98.6254,189.6581,-91.0327,931.4128,690863012,54672.6075,53286.213,51899.8185,0
FPT.VN,2021-12-06,52327.33,52875.27,51615.02,51779.4,4368804,53206.763,52873.0728,53118.0035,52725.0958,41.084,-29.4709,145.8323,-175.3032,954.9012,686494208,54746.921,53206.763,51666.605,1
FPT.VN,2021-12-07,52053.37,52601.3,51779.4,52601.3,2648147,53195.8045,52915.8114,53068.7936,52720.2411,47.0424,-63.9307,103.8797,-167.8104,945.4011,689142355,54750.5848,53195.8045,51641.0242,0
FPT.VN,2021-12-08,52875.27,52875.27,52053.37,52382.13,1943313,53157.4495,52944.3038,53003.3971,52706.9818,45.7147,-107.6842,61.5669,-169.2511,936.5796,687199042,54754.3444,53157.4495,51560.5546,1
FPT.VN,2021-12-09,52108.16,53149.23,52108.16,53149.23,1812457,53184.846,52985.9466,53017.2859,52724.3249,50.9344,-79.5437,33.3448,-112.8885,944.0432,689011499,54760.2224,53184.846,51609.4696,0
FPT.VN,2021-12-10,52820.47,53149.23,52272.54,52491.71,2117058,53124.5735,53016.6306,52967.2311,52715.2027,46.7822,-109.0416,4.8675,-113.9091,939.2322,686894441,54709.6299,53124.5735,51539.5171,1
FPT.VN,2021-12-13,52875.27,52875.27,52382.13,52601.3,1642910,53088.958,53050.6024,52932.3805,52710.736,47.5496,-122.1676,-20.5395,-101.6281,907.3685,688537351,54688.0781,53088.958,51489.8379,0
FPT.VN,2021-12-14,52601.3,52820.47,52272.54,52436.92,2088769,53017.727,53062.6568,52885.1938,52699.9981,46.4672,-144.1722,-45.266,-98.9061,881.6943,686448582,54598.7608,53017.727,51436.6932,1
FPT.VN,2021-12-15,52436.92,52765.68,52382.13,52546.5,1475370,52951.975,53079.0946,52852.9372,52693.9786,47.328,-151.0278,-66.4184,-84.6094,846.1126,687923952,54494.1533,52951.975,51409.7967,0
FPT.VN,2021-12-16,53423.2,53423.2,52327.33,52327.33,2272187,52924.578,53091.149,52802.8794,52679.6002,45.7436,-172.1616,-87.567,-84.5946,863.9524,685651765,54491.7596,52924.578,51357.3964,1
FPT.VN,2021-12-17,52382.13,53149.23,52327.33,52820.47,2102640,52954.714,53114.162,52804.5547,52685.1245,49.8146,-147.4186,-99.5373,-47.8813,860.9487,687754405,54487.4683,52954.714,51421.9597,0
FPT.VN,2021-12-20,52875.27,52875.27,52327.33,52491.71,1861185,52976.631,53130.5998,52774.76,52677.5396,47.2683,-152.579,-110.1457,-42.4333,838.5909,685893220,54467.07,52976.631,51486.192,0
FPT.VN,2021-12-21,52436.92,52546.5,52108.16,52162.95,2030003,52938.2755,53140.4624,52716.4923,52657.3596,44.802,-181.1091,-124.3384,-56.7708,810.0016,683863217,54472.5969,52938.2755,51403.9541,0
FPT.VN,2021-12-22,52053.37,52272.54,51834.2,52053.37,3048746,52858.8255,53096.628,52653.3378,52633.6737,43.9784,-210.1393,-141.4986,-68.6407,783.4543,680814471,54404.1572,52858.8255,51313.4938,0
FPT.VN,2021-12-23,52053.37,52053.37,50957.51,51067.09,3522894,52672.529,53028.6846,52502.2666,52572.2391,37.3269,-309.1666,-175.0322,-134.1344,805.769,677291577,54132.0399,52672.529,51213.0181,1
FPT.VN,2021-12-24,51231.47,51779.4,50847.92,51395.85,2165786,52532.8065,52967.3164,52396.8936,52526.1062,40.5544,-357.0029,-211.4263,-145.5766,814.7483,679457363,53913.4357,52532.8065,51152.1773,1
FPT.VN,2021-12-27,51615.02,52053.37,51121.89,51779.4,1448542,52434.179,52919.0984,52338.0847,52496.8236,44.1668,-359.8165,-241.1043,-118.7122,823.0863,680905905,53727.1489,52434.179,51141.2091,0
FPT.VN,2021-12-28,51779.4,51998.57,51560.23,51779.4,1035350,52362.948,52870.8804,52284.8766,52468.6893,44.1668,-357.9205,-264.4676,-93.4529,795.6044,680905905,53634.1279,52362.948,51091.7681,0
FPT.VN,2021-12-29,51943.78,51943.78,51286.27,51286.27,1664810,52236.924,52816.0874,52189.7712,52422.3199,40.4972,-391.6941,-289.9129,-101.7812,785.7406,679241095,53400.6338,52236.924,51073.2142,0
FPT.VN,2021-12-30,51341.06,51669.82,51231.47,51286.27,1479750,52138.2965,52772.253,52103.7235,52377.769,40.4972,-413.6911,-314.6685,-99.0226,760.9269,679241095,53271.2917,52138.2965,51005.3013,0
FPT.VN,2021-12-31,51395.85,51724.61,50957.51,50957.51,2933585,52069.8055,52731.7062,51994.5603,52322.0725,38.0527,-452.4367,-342.2222,-110.2146,761.3679,676307510,53314.7679,52069.8055,50824.8431,0
FPT.VN,2022-01-03,50957.51,50957.51,50957.51,50957.51,0,52028.711,52696.6388,51895.7936,52268.5603,38.0527,-477.637,-369.3051,-108.3319,706.9845,676307510,53364.948,52028.711,50692.474,1
FPT.VN,2022-01-04,51176.68,51615.02,51121.89,51231.47,3531471,51960.2195,52667.0506,51832.5247,52227.8901,41.4673,-470.0833,-389.4608,-80.6225,703.4506,679838981,53313.2028,51960.2195,50607.2362,1
FPT.VN,2022-01-05,51341.06,51615.02,51231.47,51286.27,2178744,51905.4265,52638.5584,51780.5004,52190.9638,42.1542,-454.4366,-402.4559,-51.9806,680.6005,682017725,53275.1235,51905.4265,50535.7295,0
FPT.VN,2022-01-06,51286.27,51505.44,51231.47,51231.47,2176189,51809.5385,52608.9702,51728.2118,52153.3366,41.6281,-441.3705,-410.2388,-31.1316,651.5555,679841536,53077.3266,51809.5385,50541.7504,0
FPT.VN,2022-01-07,51012.3,51341.06,51012.3,51176.68,1855710,51743.787,52558.5606,51675.685,52115.0363,41.0762,-430.4743,-414.2859,-16.1884,628.4987,677985826,52998.9489,51743.787,50488.6251,0
FPT.VN,2022-01-10,51067.09,51231.47,50354.79,50409.58,3435474,51634.201,52504.8634,51555.1036,52048.1557,34.2326,-478.225,-427.0737,-51.1512,646.2259,674550352,52955.1175,51634.201,50313.2845,0
FPT.VN,2022-01-11,50409.58,50519.16,48820.58,49039.75,4579597,51464.3425,52423.7696,51315.5461,51930.179,25.9259,-619.4608,-465.5511,-153.9096,721.3941,669970755,53168.6823,51464.3425,49760.0027,1
FPT.VN,2022-01-12,48820.58,49642.48,48491.82,49094.55,3176864,51291.745,52352.5388,51104.0226,51818.9779,26.6922,-718.6847,-516.1779,-202.5068,752.0559,673147619,53219.2048,51291.745,49364.2852,1
FPT.VN,2022-01-13,49806.86,50793.13,49204.13,50464.37,3306625,51198.597,52309.8002,51043.1033,51765.856,42.6615,-678.9607,-548.7344,-130.2263,819.6648,676454244,53095.1486,51198.597,49302.0454,0
FPT.VN,2022-01-14,50245.2,50464.37,49806.86,50026.03,1253261,51058.875,52240.761,50946.2392,51697.6275,39.6825,-675.0678,-574.0011,-101.0667,808.0823,675200983,52861.7563,51058.875,49255.9937,0
FPT.VN,2022-01-17,49587.68,50026.03,48765.79,48765.79,2862408,50872.579,52148.7088,50738.5774,51582.6535,32.6283,-764.8566,-612.1722,-152.6844,840.3793,672338575,52816.5526,50872.579,48928.6054,0
FPT.VN,2022-01-18,48382.23,49094.55,48217.86,48272.65,2208127,50678.064,52057.7524,50503.7272,51452.8494,30.3543,-865.8265,-662.9031,-202.9235,842.9729,670130448,52844.2277,50678.064,48511.9003,1
FPT.VN,2022-01-19,48272.65,48875.38,48217.86,48382.23,1359479,50494.507,51962.4124,50301.6798,51332.433,31.4968,-926.3256,-715.5876,-210.738,829.7263,671489927,52788.3791,50494.507,48200.6349,1
FPT.VN,2022-01-20,48437.03,49861.65,48382.23,48656.2,2435711,50373.9625,51883.5104,50144.9674,51227.4827,34.3944,-941.3136,-760.7328,-180.5808,876.133,673925638,52791.2113,50373.9625,47956.7137,0
FPT.VN,2022-01-21,48765.79,49204.13,48327.44,48327.44,1535232,50220.542,51776.116,49971.8696,51113.7555,32.6118,-968.555,-802.2972,-166.2577,876.1727,672390406,52751.5259,50220.542,47689.5581,0
FPT.VN,2022-01-24,48327.44,48491.82,46574.07,46738.45,3694266,49968.4945,51644.6128,49663.9249,50942.1749,25.6831,-1105.6173,-862.9612,-242.6561,950.5711,668696140,52828.4649,49968.4945,47108.5241,1
FPT.VN,2022-01-25,46683.65,47943.89,46026.14,47395.96,2176554,49749.3225,51515.3012,49447.9282,50803.1077,32.1106,-1147.9517,-919.9593,-227.9924,1019.6553,670872694,52695.5109,49749.3225,46803.1341,0
FPT.VN,2022-01-26,47669.93,47669.93,46848.03,47122.0,1667365,49541.109,51380.5104,49226.4112,50658.7505,30.911,-1189.892,-973.9459,-215.9462,1005.5299,669205329,52615.7483,49541.109,46466.4697,0
FPT.VN,2022-01-27,47122.0,47505.55,46793.24,47067.2,1313305,49330.1555,51264.349,49020.7721,50517.9054,30.6642,-1213.5627,-1021.8693,-191.6935,984.5857,667892024,52478.6988,49330.1555,46181.6122,1
FPT.VN,2022-01-28,47122.0,49039.75,47067.2,49039.75,2833025,49234.2675,51200.789,49022.5795,50459.9385,47.0505,-1060.924,-1029.6802,-31.2438,1055.1545,670725049,52289.5634,49234.2675,46178.9716,0
FPT.VN,2022-01-31,49039.75,49039.75,49039.75,49039.75,0,49138.3795,51140.5166,49024.2148,50404.2448,47.0505,-929.2449,-1009.5931,80.3482,979.7864,670725049,52084.379,49138.3795,46192.38,0
FPT.VN,2022-02-01,49039.75,49039.75,49039.75,49039.75,0,49028.7935,51062.7104,49025.6943,50350.7352,47.0505,-815.4878,-970.7721,155.2842,909.8016,670725049,51805.1355,49028.7935,46252.4515,0
FPT.VN,2022-02-02,49039.75,49039.75,49039.75,49039.75,0,48916.4675,50970.658,49027.033,50299.324,47.0505,-717.0686,-920.0314,202.9628,844.8158,670725049,51482.0262,48916.4675,46350.9088,0
FPT.VN,2022-02-03,49039.75,49039.75,49039.75,49039.75,0,48806.8815,50855.5926,49028.2441,50249.929,47.0505,-631.7878,-862.3827,230.5948,784.4718,670725049,51132.0624,48806.8815,46481.7006,0
FPT.VN,2022-02-04,49039.75,49039.75,49039.75,49039.75,0,48700.035,50752.5816,49029.3399,50202.471,47.0505,-557.7725,-801.4606,243.6881,728.4381,670725049,50746.3757,48700.035,46653.6943,0
FPT.VN,2022-02-07,49313.72,49368.51,48765.79,49039.75,946105,48631.5435,50658.3376,49030.3313,50156.8741,47.0505,-493.427,-739.8539,246.4269,719.4582,670725049,50522.7817,48631.5435,46740.3053,1
FPT.VN,2022-02-08,49039.75,50299.99,49039.75,49642.48,1542349,48661.68,50587.1068,49088.6312,50136.7018,52.7791,-389.3096,-669.7451,280.4354,758.0855,672267398,50598.9548,48661.68,46724.4052,1
FPT.VN,2022-02-09,50245.2,50245.2,49642.48,49697.27,2085484,48691.816,50504.9172,49146.5968,50119.4691,53.274,-298.929,-595.5818,296.6529,746.988,674352882,50675.6356,48691.816,46707.9964,1
FPT.VN,2022-02-10,50080.82,50409.58,49423.3,50409.58,1779241,48689.0765,50447.9324,49266.8809,50130.846,59.2529,-167.8888,-510.0432,342.1544,764.0803,676132123,50662.7149,48689.0765,46715.4381,0
FPT.VN,2022-02-11,50299.99,50628.75,50080.82,50190.41,1170952,48697.2955,50405.194,49354.8361,50133.1819,56.8428,-80.7924,-424.1931,343.4006,748.641,674961171,50695.5915,48697.2955,46698.9995,0
FPT.VN,2022-02-14,49861.65,50190.41,49532.89,49861.65,1412771,48752.0885,50366.839,49403.1041,50122.5336,53.3381,-37.8597,-346.9264,309.0667,742.1323,673548400,50817.2696,48752.0885,46686.9074,0
FPT.VN,2022-02-15,49861.65,49861.65,49861.65,49861.65,0,48831.5385,50312.046,49446.7751,50112.3028,53.3381,-3.7915,-278.2994,274.5079,689.1229,673548400,50940.8483,48831.5385,46722.2287,1
FPT.VN,2022-02-16,50245.2,50683.54,50026.03,50026.03,1120945,48913.7285,50264.924,49501.9422,50108.9196,54.9488,36.0563,-215.4283,251.4846,698.6062,674669345,51076.7415,48913.7285,46750.7155,1
FPT.VN,2022-02-17,50354.79,50847.92,49861.65,50847.92,1558045,49023.3145,50218.8978,49630.1306,50137.9,62.0099,132.429,-145.8568,278.2858,719.1536,676227390,51347.4697,49023.3145,46699.1593,0
FPT.VN,2022-02-18,50573.96,50683.54,50245.2,50519.16,1129340,49132.9005,50179.4468,49714.8001,50152.8514,58.088,180.1997,-80.6455,260.8452,710.837,675098050,51524.6052,49132.9005,46741.1958,1
FPT.VN,2022-02-21,50519.16,51505.44,50409.58,51231.47,2529519,49357.5515,50152.0502,49859.2448,50195.1501,63.4778,272.3958,-10.0372,282.433,738.3386,677627569,51644.0074,49357.5515,47071.0956,0
FPT.VN,2022-02-22,50957.51,51121.89,50409.58,50902.71,2113772,49532.889,50121.366,49958.6225,50222.8976,59.6641,315.2991,55.03,260.269,744.3066,675513797,51721.7239,49532.889,47344.0541,1
FPT.VN,2022-02-23,50738.34,51450.64,50738.34,50957.51,1777233,49724.6645,50089.5862,50053.7546,50251.7059,60.0945,349.6911,113.9622,235.7289,742.0204,677291030,51684.1942,49724.6645,47765.1348,0
FPT.VN,2022-02-24,50957.51,51231.47,49313.72,50409.58,2463087,49891.7835,50051.2312,50087.6427,50257.8971,53.9018,328.9418,156.9582,171.9837,826.0011,674827943,51419.5794,49891.7835,48363.9876,1
FPT.VN,2022-02-25,50628.75,51176.68,50464.37,50573.96,1934370,49968.494,50006.301,50133.9587,50270.2917,55.3871,322.0496,189.9764,132.0732,821.7938,676762313,51470.0003,49968.494,48466.9877,1
FPT.VN,2022-02-28,50573.96,51231.47,50573.96,51121.89,2745970,50072.601,49978.9046,50228.0474,50303.6877,60.0122,356.6891,223.319,133.3702,810.0593,679508283,51591.6011,50072.601,48553.6009,1
FPT.VN,2022-03-01,51505.44,51505.44,50683.54,51176.68,2011022,50179.4475,49959.1792,50318.3933,50337.9227,60.4537,384.1342,255.482,128.6522,810.905,681519305,51693.1639,50179.4475,48665.7311,0
FPT.VN,2022-03-02,50957.51,51176.68,50793.13,51012.3,1987296,50278.075,49938.3578,50384.4797,50364.3689,58.3714,388.1463,282.0149,106.1314,780.3797,679532009,51735.1115,50278.075,48821.0385,1
FPT.VN,2022-03-03,51067.09,51505.44,51067.09,51176.68,1747667,50384.9215,49940.5496,50459.9273,50396.2242,59.8603,399.9793,305.6078,94.3715,759.8626,681279676,51771.3031,50384.9215,48998.5399,1
FPT.VN,2022-03-04,51121.89,51395.85,50957.51,51231.47,2452502,50494.5075,49937.262,50533.4076,50428.9789,60.3691,409.0626,326.2987,82.7639,736.8967,683732178,51775.6856,50494.5075,49213.3294,1
FPT.VN,2022-03-07,51012.3,51450.64,50519.16,51395.85,3098934,50612.3125,49929.591,50615.545,50466.8954,61.9283,424.6305,345.9651,78.6654,750.7955,686831112,51756.1998,50612.3125,49468.4252,1
FPT.VN,2022-03-08,51395.85,52272.54,50738.34,51943.78,4065298,50727.3775,49932.8786,50742.0435,50524.8125,66.6399,475.698,371.9117,103.7863,806.7529,690896410,51922.3408,50727.3775,49532.4142,1
FPT.VN,2022-03-09,51834.2,52875.27,51834.2,52327.33,4022410,50858.8805,49953.6998,50893.0232,50595.4995,69.4865,540.8836,405.706,135.1776,823.4899,694918820,52151.4152,50858.8805,49566.3458,0
FPT.VN,2022-03-10,52765.68,52765.68,51834.2,51834.2,1421166,50930.1115,49964.6584,50982.6591,50644.0759,62.1442,546.4531,433.8554,112.5976,831.2035,693497654,52274.3756,50930.1115,49585.8474,0
FPT.VN,2022-03-11,51779.4,51834.2,50793.13,51067.09,2078731,50973.9455,49966.85,50990.7001,50660.6647,52.7982,483.3952,443.7634,39.6318,846.1939,691418923,52273.0662,50973.9455,49674.8248,0
FPT.VN,2022-03-14,50957.51,50957.51,49587.68,50299.99,3546072,50995.8625,49953.6996,50924.9182,50646.5206,45.4389,367.289,428.4685,-61.1795,891.4236,687872851,52229.0912,50995.8625,49762.6338,0
FPT.VN,2022-03-15,50299.99,50299.99,49204.13,49861.65,3416493,50995.8625,49926.3032,50823.6546,50615.7414,41.8493,237.1697,390.2088,-153.0391,906.0262,684456358,52229.0912,50995.8625,49762.6338,1
FPT.VN,2022-03-16,49916.44,50573.96,49587.68,50190.41,2079826,51004.0815,49904.386,50763.3456,50599.0617,45.3372,158.7474,343.9165,-185.1691,911.7587,686536184,52212.0271,51004.0815,49796.1359,1
FPT.VN,2022-03-17,50299.99,50793.13,50135.61,50409.58,2154654,50982.1645,49887.9482,50729.6536,50591.6311,47.5939,112.9801,297.7292,-184.7492,893.5987,688690838,52217.6332,50982.1645,49746.6958,1
FPT.VN,2022-03-18,50957.51,52930.06,50957.51,52108.16,5137698,51061.6145,49906.5778,50860.9399,50651.1028,61.0239,211.3342,280.4502,-69.116,1009.8046,693828536,52373.7093,51061.6145,49749.5197,1
FPT.VN,2022-03-21,52162.95,52601.3,52053.37,52217.75,2848355,51110.9285,49942.7412,50990.1599,50712.5399,61.7057,294.7261,283.3054,11.4207,976.8135,696676891,52520.4246,51110.9285,49701.4324,1
FPT.VN,2022-03-22,52601.3,53149.23,52272.54,52820.47,3794643,51206.8165,50018.3556,51164.4752,50795.2039,65.3011,404.7831,307.6009,97.1822,973.5754,700471534,52804.9742,51206.8165,49608.6588,1
FPT.VN,2022-03-23,52875.27,53423.2,52601.3,52875.27,3605933,51302.7045,50093.97,51327.408,50876.7751,65.6172,490.7688,344.2345,146.5343,962.7414,704077467,53060.0773,51302.7045,49545.3317,0
FPT.VN,2022-03-24,52601.3,53258.82,52217.75,52601.3,3328343,51412.2905,50136.7086,51448.7311,50944.4035,62.5495,530.6885,381.5253,149.1632,968.3363,700749124,53208.087,51412.2905,49616.494,0
FPT.VN,2022-03-25,52656.09,52875.27,52382.13,52436.92,2241343,51505.4385,50184.9264,51542.8443,51002.9336,60.7153,542.8039,413.781,129.0229,934.3937,698507781,53311.3784,51505.4385,49699.4986,1
FPT.VN,2022-03-28,52327.33,54080.71,52162.95,53751.95,6390595,51636.9415,50284.6496,51753.2353,51110.7381,68.6381,651.013,461.2274,189.7856,1004.6342,704898376,53691.2353,51636.9415,49582.6477,1
FPT.VN,2022-03-29,54025.92,57477.88,54025.92,57477.88,15009758,51952.0015,50468.7542,52298.4396,51360.43,80.5853,1025.5984,574.1016,451.4968,1199.0125,719908134,55259.5702,51952.0015,48644.4328,1
FPT.VN,2022-03-30,57971.02,58792.91,57258.71,58080.6,5166169,52305.4165,50662.7216,52849.1215,51623.966,81.7936,1355.4695,730.3752,625.0943,1222.9544,725074303,56563.9976,52305.4165,48046.8354,1
FPT.VN,2022-03-31,57806.64,60601.08,57313.5,58628.53,6337121,52678.009,50862.1682,53399.5414,51898.6548,82.8392,1642.1781,912.7358,729.4423,1370.4277,731411424,57747.5237,52678.009,47608.4943,1
FPT.VN,2022-04-01,58573.74,60820.25,58135.39,60820.25,7879288,53157.448,51112.0244,54106.2755,52248.5213,86.2426,2022.9311,1134.7748,888.1562,1464.3157,739290712,59342.0006,53157.448,46972.8954,0
FPT.VN,2022-04-04,62190.08,62190.08,59888.77,59888.77,4905369,53582.094,51375.0308,54656.9893,52548.1389,79.0657,2223.8824,1352.5963,871.2861,1524.101,734385343,60392.0289,53582.094,46772.1591,0
FPT.VN,2022-04-05,59779.18,61149.01,59724.39,59724.39,3401710,53971.1245,51621.5994,55139.5989,52829.5605,77.8347,2342.8666,1550.6504,792.2162,1516.9952,730983633,61259.1695,53971.1245,46683.0795,1
FPT.VN,2022-04-06,59395.63,62464.04,59395.63,61916.11,7626883,54450.5635,51917.4816,55784.9809,53185.8958,81.8845,2584.2265,1757.3656,826.8609,1627.8106,738610516,62504.6255,54450.5635,46396.5015,1
FPT.VN,2022-04-07,62299.66,64053.04,61422.98,62080.49,7145435,54962.878,52217.7474,56384.5532,53534.7034,82.1479,2756.9892,1957.2903,799.6989,1699.3998,745755951,63598.7115,54962.878,46327.0445,0
FPT.VN,2022-04-08,62080.49,62409.25,59450.43,59450.43,7427405,55382.045,52425.961,56676.5415,53766.6927,65.6879,2651.1206,2096.0564,555.0642,1789.3584,738328546,64035.4974,55382.045,46728.5926,0
FPT.VN,2022-04-11,59450.43,59450.43,59450.43,59450.43,0,55839.567,52634.1746,56940.7213,53989.5843,65.6879,2537.9629,2184.4377,353.5252,1661.5471,738328546,64327.6835,55839.567,47351.4505,1
FPT.VN,2022-04-12,59724.39,61094.21,58409.36,60162.73,5770990,56354.621,52856.6342,57247.5793,54231.6685,67.7195,2477.2056,2242.9913,234.2143,1734.6402,744099536,64560.873,56354.621,48148.369,1
FPT.VN,2022-04-13,60272.32,63066.77,60162.73,63066.77,6064276,56998.439,53137.1746,57801.7879,54578.1431,74.3799,2633.0348,2321.0,312.0348,1818.1687,750163812,65188.8394,56998.439,48808.0386,1
FPT.VN,2022-04-14,63121.56,65148.9,63121.56,63888.66,6441331,57672.393,53434.1528,58381.49,54943.2614,75.8957,2790.6809,2414.9362,375.7447,1837.0231,756605143,65797.9917,57672.393,49546.7943,0
FPT.VN,2022-04-15,63066.77,64600.97,62464.04,63011.97,5696711,58217.5835,53713.5972,58822.4881,55259.6813,71.0657,2812.4548,2494.4399,318.0149,1858.445,750908432,66233.7011,58217.5835,50201.4659,1
FPT.VN,2022-04-18,63011.97,64984.52,62464.04,63285.94,6125050,58770.993,53998.521,59247.5788,55574.4366,71.6724,2819.3186,2559.4156,259.9029,1905.7332,757033482,66568.3092,58770.993,50973.6768,0
FPT.VN,2022-04-19,63833.87,64107.83,61368.18,61368.18,8634311,59198.3785,54233.035,59449.5408,55801.6422,61.8897,2639.5834,2575.4492,64.1343,1965.2987,748399171,66546.4846,59198.3785,51850.2724,0
FPT.VN,2022-04-20,61368.18,61916.11,60053.15,61368.18,6013539,59623.024,54466.4532,59632.2683,56019.9378,61.8897,2468.6846,2554.0963,-85.4117,1957.9888,748399171,66391.2861,59623.024,52854.7619,0
FPT.VN,2022-04-21,60929.84,63505.11,60929.84,61368.18,7425215,60061.368,54685.6252,59797.5933,56229.6728,61.8897,2306.6563,2504.6083,-197.9519,2002.0803,748399171,65999.5153,60061.368,54123.2207,0
FPT.VN,2022-04-22,61642.15,62409.25,58080.6,60875.04,10419027,60483.274,54899.3178,59900.2072,56411.844,59.2906,2114.0856,2426.5038,-312.4181,2168.2639,737980144,65217.5239,60483.274,55749.0241,0
FPT.VN,2022-04-25,60327.11,60765.46,56655.98,56655.98,8405997,60628.4755,55035.2044,59591.2332,56421.418,42.7494,1602.5558,2261.7142,-659.1583,2314.7493,729574147,64612.0765,60628.4755,56644.8745,1
FPT.VN,2022-04-26,54902.61,57532.67,53149.23,57149.12,9912576,60612.0375,55180.9538,59358.651,56449.9553,44.6917,1222.8607,2053.9435,-831.0828,2462.5129,739486723,64652.6829,60612.0375,56571.3921,0
FPT.VN,2022-04-27,56162.84,56984.74,55066.98,56436.81,4616828,60529.848,55309.1694,59080.3804,56449.4398,42.4514,854.6205,1814.0789,-959.4584,2435.3434,734869895,64844.8554,60529.848,56214.8406,1
FPT.VN,2022-04-28,56382.02,58518.95,56162.84,57806.64,4618106,60488.7535,55448.3438,58959.0718,56502.6634,47.8639,665.6482,1584.3927,-918.7445,2429.6839,739488001,64894.6992,60488.7535,56082.8078,0
FPT.VN,2022-04-29,57532.67,58683.32,57094.33,57532.67,7284687,60324.3745,55588.614,58823.224,56543.0558,46.9135,488.1521,1365.1446,-876.9925,2369.6343,732203314,64919.4938,60324.3745,55729.2552,0
FPT.VN,2022-05-02,57532.67,57532.67,57532.67,57532.67,0,60206.5695,55714.638,58700.3141,56581.8642,46.9135,343.5252,1160.8207,-817.2956,2200.3747,732203314,64966.5591,60206.5695,55446.5799,0
FPT.VN,2022-05-03,57532.67,57532.67,57532.67,57532.67,0,60096.9835,55847.2372,58589.1099,56619.1507,46.9135,226.2987,973.9163,-747.6176,2043.2051,732203314,65002.4088,60096.9835,55191.5582,0
FPT.VN,2022-05-04,57477.88,58025.81,57039.53,57258.71,2917159,59864.1135,55973.2612,58462.4052,56644.2314,45.7783,110.0213,801.1373,-691.116,1967.7105,729286155,64847.5006,59864.1135,54880.7264,1
FPT.VN,2022-05-05,57313.5,57806.64,55834.09,57368.29,4005802,59628.5035,56112.4354,58358.2037,56672.6259,46.3377,26.4084,646.1915,-619.7831,1968.0561,733291957,64616.252,59628.5035,54640.755,0
FPT.VN,2022-05-06,56053.26,56984.74,54902.61,54902.61,4436514,59401.1125,56199.0084,58029.0996,56603.2135,37.071,-236.0936,469.7345,-705.8281,2003.6007,728855443,64819.1524,59401.1125,53983.0726,0
FPT.VN,2022-05-09,53861.54,54245.09,51505.44,51505.44,8211082,59003.863,56206.6794,57407.7986,56403.3008,28.5881,-710.0664,233.7743,-943.8407,2103.1414,720644361,65470.2955,59003.863,52537.4305,1
FPT.VN,2022-05-10,51505.44,54135.5,50409.58,53916.33,5140618,58691.543,56261.4724,57075.2778,56305.7726,39.218,-880.999,10.8196,-891.8186,2219.0541,725784979,65515.7908,58691.543,51867.2952,1
FPT.VN,2022-05-11,53697.16,55834.09,53039.64,55834.09,3043635,58329.909,56357.9082,56957.0695,56287.2752,46.092,-851.8969,-161.7237,-690.1733,2260.1538,728828614,64941.1601,58329.909,51718.6579,0
FPT.VN,2022-05-12,54409.47,55834.09,52053.37,52382.13,4729617,57754.5825,56382.0172,56521.3609,56134.1322,37.8043,-1094.758,-348.3305,-746.4275,2368.7657,724098997,64331.6143,57754.5825,51177.5507,0
FPT.VN,2022-05-13,52656.09,54245.09,51012.3,51286.27,7489457,57168.2975,56383.1132,56022.7808,55944.02,35.615,-1359.9769,-550.6598,-809.3171,2430.4817,716609540,63861.5264,57168.2975,50475.0686,0
FPT.VN,2022-05-16,53423.2,53423.2,51067.09,51067.09,3177229,56557.355,56376.538,55550.8103,55752.7678,35.1762,-1569.7556,-754.479,-815.2767,2425.1695,713432311,63128.919,56557.355,49985.791,1
FPT.VN,2022-05-17,50957.51,54628.64,50683.54,54628.64,3733687,56220.378,56430.2352,55462.9845,55708.6844,46.6733,-1432.111,-890.0054,-542.1056,2533.7359,717165998,62434.7203,56220.378,50006.0357,0
FPT.VN,2022-05-18,54628.64,54847.81,53423.2,53532.78,3530376,55828.608,56454.3442,55279.1555,55623.3548,44.0826,-1395.3684,-991.078,-404.2904,2454.5126,713635622,61652.1425,55828.608,50005.0735,0
FPT.VN,2022-05-19,52108.16,53532.78,52108.16,53149.23,2242256,55417.6605,56480.6448,55076.3055,55526.3303,43.1792,-1381.2764,-1069.1177,-312.1588,2380.9489,711393366,60733.0609,55417.6605,50102.2601,1
FPT.VN,2022-05-20,53532.78,54190.3,53149.23,53423.2,2574050,55045.0685,56527.767,54918.8669,55443.8546,44.061,-1332.6395,-1121.822,-210.8175,2285.2433,713967416,59760.6066,55045.0685,50329.5304,0
FPT.VN,2022-05-23,53806.75,53806.75,52656.09,52875.27,2074899,54856.033,56579.2726,54724.2386,55343.1258,42.6358,-1323.0564,-1162.0689,-160.9875,2204.2016,711892517,59602.6822,54856.033,50109.3838,1
FPT.VN,2022-05-24,52875.27,53806.75,52601.3,53806.75,2527146,54688.9145,56658.1746,54636.8587,55282.8758,45.8428,-1226.1646,-1174.888,-51.2766,2132.8622,714419663,59329.8059,54688.9145,50048.0231,1
FPT.VN,2022-05-25,54519.05,57532.67,54080.71,57532.67,6881898,54743.7075,56805.0198,54912.6503,55371.103,56.354,-839.0545,-1107.7213,268.6669,2246.652,721301561,59496.029,54743.7075,49991.386,1
FPT.VN,2022-05-26,57642.26,58683.32,57313.5,57861.43,2603251,54746.447,56954.0568,55193.4864,55468.7629,57.1443,-499.9753,-986.1721,486.1968,2184.0212,723904812,59506.2601,54746.447,49986.6339,1
FPT.VN,2022-05-27,57861.43,61368.18,57806.64,61258.59,7078273,54932.743,57137.0654,55771.1154,55695.8149,64.332,42.3813,-780.4614,822.8427,2282.4154,730983085,60391.989,54932.743,49473.497,0
FPT.VN,2022-05-30,60875.04,61587.36,59833.98,60984.63,4556967,55105.341,57312.403,56267.6406,55903.2194,63.4084,444.9672,-535.3757,980.3429,2244.6271,726426118,61102.4615,55105.341,49108.2205,0
FPT.VN,2022-05-31,60984.63,60984.63,58902.5,60217.53,3936632,55239.584,57460.3442,56643.8205,56072.4081,60.7773,694.1194,-289.4767,983.5961,2233.0202,722489486,61576.0787,55239.584,48903.0893,1
FPT.VN,2022-06-01,60217.53,61861.32,60162.73,61258.59,3716714,55439.578,57628.0106,57083.3224,56275.7878,63.02,964.4616,-38.689,1003.1506,2194.8466,726206200,62277.0851,55439.578,48602.0709,0
FPT.VN,2022-06-02,61258.59,61258.59,61258.59,61258.59,0,55634.093,57801.1564,57480.9669,56471.1918,63.02,1165.277,202.1042,963.1729,2038.0719,726206200,62909.9202,55634.093,48358.2658,1
FPT.VN,2022-06-03,61094.21,62464.04,60765.46,62464.04,3204605,56012.1645,58001.6988,57955.5453,56706.2054,65.657,1405.4929,442.7819,962.7109,2013.8224,729410805,63888.9557,56012.1645,48135.3733,0
FPT.VN,2022-06-06,62464.04,63559.9,61368.18,61916.11,4668842,56532.698,58164.982,58332.7419,56910.5154,63.4424,1533.9696,661.0194,872.9501,2026.5294,724741963,64530.5285,56532.698,48534.8675,1
FPT.VN,2022-06-07,61751.73,63340.73,59505.22,63340.73,7132295,57003.918,58282.239,58809.6932,57162.6807,66.5971,1730.7918,874.9739,855.8179,2155.7423,731874258,65450.6314,57003.918,48557.2046,0
FPT.VN,2022-06-08,63724.28,64436.59,62738.01,63011.97,4855363,57362.812,58380.8664,59209.91,57392.0646,65.1989,1839.0472,1067.7886,771.2586,2123.0879,727018895,66201.128,57362.812,48524.496,1
FPT.VN,2022-06-09,63285.94,63505.11,62080.49,63176.35,3114082,57902.523,58471.8228,59587.6662,57618.8993,65.5879,1916.0178,1237.4344,678.5834,2073.1973,730132977,66778.445,57902.523,49026.601,0
FPT.VN,2022-06-10,62135.29,62847.59,60272.32,60272.32,5424961,58351.8255,58460.8642,59652.8713,57722.955,54.0849,1722.827,1334.5129,388.314,2132.5425,724708016,66712.3611,58351.8255,49991.2899,0
FPT.VN,2022-06-13,57861.43,59702.47,56546.39,56677.9,5160785,58632.366,58396.6468,59369.5407,57681.9725,43.8369,1265.0989,1320.6301,-55.5312,2246.3559,719547231,66312.5351,58632.366,50952.1969,1
FPT.VN,2022-06-14,56546.39,59110.71,56217.64,58584.7,3510635,58830.169,58373.853,59294.794,57717.3736,49.3227,1044.1724,1265.3386,-221.1662,2292.5497,723057866,66276.3784,58830.169,51383.9596,1
FPT.VN,2022-06-15,59570.97,59570.97,57861.43,59505.22,2680694,59128.791,58325.6352,59314.8346,57787.4852,51.7718,932.6142,1198.7937,-266.1795,2250.9062,725738560,66147.2408,59128.791,52110.3412,1
FPT.VN,2022-06-16,59833.98,61675.02,59307.96,60491.49,3828802,59495.904,58293.8552,59426.897,57893.5246,54.319,913.2598,1141.6869,-228.4271,2259.2029,729567362,65942.1985,59495.904,53049.6095,0
FPT.VN,2022-06-17,59373.71,60886.0,58518.95,60491.49,3530559,59849.3185,58314.6764,59528.2868,57995.4056,54.319,887.6885,1090.8872,-203.1987,2266.9063,729567362,65634.9688,59849.3185,54063.6682,0
FPT.VN,2022-06-20,61477.77,62135.29,60031.23,60491.49,3777701,60230.1295,58335.4976,59620.0204,58093.2912,54.319,857.538,1044.2174,-186.6794,2255.2744,729567362,64995.6857,60230.1295,55464.5733,0
FPT.VN,2022-06-21,60754.5,61477.77,58518.95,58584.7,3741656,60469.027,58303.937,59521.4185,58112.5622,48.175,672.0346,969.7808,-297.7462,2305.5276,725825706,64257.6858,60469.027,56680.3682,0
FPT.VN,2022-06-22,59044.96,59439.47,55494.37,55560.12,4519127,60370.3995,58153.804,59144.152,58012.4664,40.374,277.7617,831.377,-553.6153,2422.64,721306579,64562.1664,60370.3995,56178.6326,1
FPT.VN,2022-06-23,55231.36,57072.41,55034.11,56217.64,3075969,60288.21,58000.3836,58865.4365,57942.0811,42.5519,18.1448,668.7306,-650.5858,2395.1871,724382548,64743.3006,60288.21,55833.1194,0
FPT.VN,2022-06-24,56612.15,57729.93,56217.64,56217.64,1372437,60036.1625,57864.497,58613.2654,57874.4559,42.5519,-185.4656,497.8913,-683.3569,2332.123,724382548,64818.4664,60036.1625,55253.8586,1
FPT.VN,2022-06-27,56809.4,57795.68,56480.64,56875.15,1908393,59830.6885,57736.2812,58447.7306,57835.2674,44.8865,-290.4249,340.2281,-630.653,2278.2599,726290941,64791.2183,59830.6885,54870.1587,1
FPT.VN,2022-06-28,58847.7,59307.96,57335.41,58979.21,3492841,59768.7725,57688.5018,58498.3477,57880.1279,51.6569,-201.503,231.8819,-433.3849,2289.2992,729783782,64739.8735,59768.7725,54797.6715,1
FPT.VN,2022-06-29,58453.19,59176.46,57992.93,59176.46,1798586,59664.666,57644.6674,58562.9298,57930.9645,52.2492,-113.8035,162.7448,-276.5483,2210.3157,731582368,64591.4089,59664.666,54737.9231,0
FPT.VN,2022-06-30,58847.7,59110.71,56677.9,56677.9,2291198,59435.6315,57550.8618,58383.4032,57881.8247,44.7679,-243.1114,81.5736,-324.685,2230.9046,729291170,64474.9886,59435.6315,54396.2744,1
FPT.VN,2022-07-01,57203.91,58387.44,55757.38,57861.43,2580164,59205.501,57490.5896,58333.6915,57881.0249,48.5275,-247.238,15.8113,-263.0492,2259.4157,731871334,64080.2365,59205.501,54330.7655,0
FPT.VN,2022-07-04,58190.19,58190.19,56546.39,57006.66,1529239,58960.0285,57497.6032,58207.3075,57846.7361,46.0875,-315.8402,-50.519,-265.3212,2215.4431,730342095,63753.8147,58960.0285,54166.2423,0
FPT.VN,2022-07-05,57729.93,57729.93,56151.89,56151.89,2122533,58600.5865,57477.6586,58011.5535,57780.2715,43.7202,-434.1759,-127.2504,-306.9255,2169.9144,728219562,63079.0252,58600.5865,54122.1478,0
FPT.VN,2022-07-06,55297.11,56480.64,54902.61,54902.61,3395201,58195.1185,57446.9746,57715.4636,57667.4221,40.4498,-621.5989,-226.1201,-395.4788,2127.6369,724824361,62454.9579,58195.1185,53935.2791,0
FPT.VN,2022-07-07,55165.61,55625.88,54639.6,54639.6,1956301,57768.281,57383.6338,57422.5242,57548.684,39.7752,-782.3373,-337.3636,-444.9738,2046.1114,722868060,61617.5418,57768.281,53919.0202,1
FPT.VN,2022-07-08,55165.61,55231.36,54639.6,54968.36,1384604,57503.083,57332.3476,57188.7943,57447.4948,41.0976,-873.1306,-444.517,-428.6136,1942.2292,724252664,61356.7917,57503.083,53649.3743,0
FPT.VN,2022-07-11,55625.88,55625.88,54442.34,54442.34,1517985,57391.305,57270.541,56927.2272,57329.6456,39.5994,-976.2764,-550.8689,-425.4076,1888.0371,722734679,61468.97,57391.305,53313.64,0
FPT.VN,2022-07-12,54442.34,54442.34,54442.34,54442.34,0,57184.187,57208.7344,56690.5713,57216.4179,39.5994,-1045.963,-649.8877,-396.0753,1753.1773,722734679,61424.2011,57184.187,52944.1729,0
FPT.VN,2022-07-13,55231.36,55231.36,54245.09,54245.09,1734862,56921.1805,57148.462,56457.6683,57099.8952,38.9814,-1104.3761,-740.7854,-363.5907,1698.3982,720999817,61207.3103,56921.1805,52635.0507,1
FPT.VN,2022-07-14,54442.34,54902.61,54047.84,54442.34,1355555,56618.723,57089.943,56265.7323,56995.6774,39.99,-1121.8207,-816.9924,-304.8283,1638.139,722355372,60692.5094,56618.723,52544.9366,0
FPT.VN,2022-07-15,55231.36,55231.36,54047.84,54047.84,2102305,56296.5405,57072.8476,56054.5044,56880.0759,38.6153,-1154.174,-884.4287,-269.7452,1605.6662,720253067,60090.2979,56296.5405,52502.7831,1
FPT.VN,2022-07-18,54442.34,55560.12,54113.59,54573.85,1923754,56000.6585,57134.2158,55913.4897,56789.6357,41.5028,-1124.4081,-932.4246,-191.9835,1598.9958,722176821,59308.8291,56000.6585,52692.4879,0
FPT.VN,2022-07-19,54508.09,54573.85,54047.84,54573.85,1802845,55800.116,57147.3662,55785.905,56702.7421,41.5028,-1088.2735,-963.5944,-124.6791,1522.354,722176821,58930.2121,55800.116,52670.0199,1
FPT.VN,2022-07-20,55888.88,56480.64,55231.36,55823.13,4332820,55813.2665,57147.147,55789.4502,56668.2475,48.2128,-947.9032,-960.4561,12.5529,1549.8137,726509641,58941.3265,55813.2665,52685.2065,1
FPT.VN,2022-07-21,56480.64,56480.64,55560.12,55888.88,2743962,55796.8285,57217.282,55798.9197,56637.6841,48.5473,-821.8792,-932.7408,110.8616,1504.8641,729253603,58919.3916,55796.8285,52674.2654,1
FPT.VN,2022-07-22,56809.4,56875.15,55954.63,55954.63,1988087,55783.678,57310.6492,55813.7493,56610.8977,48.9028,-708.5313,-887.8989,179.3676,1467.8217,731241690,58900.99,55783.678,52666.366,1
FPT.VN,2022-07-25,57203.91,57203.91,55954.63,56151.89,3415733,55747.515,57412.3452,55845.9532,56592.8974,50.0184,-595.9157,-829.5022,233.5866,1452.2116,734657423,58828.078,55747.515,52666.952,0
FPT.VN,2022-07-26,56546.39,56546.39,55757.38,55757.38,1716763,55586.4235,57434.92,55837.5176,56560.132,47.772,-532.3639,-770.0745,237.7107,1404.84,732940660,58266.3336,55586.4235,52906.5134,1
FPT.VN,2022-07-27,55625.88,56020.38,55494.37,56020.38,1172746,55428.6195,57484.672,55854.9331,56538.9652,49.4034,-455.5257,-707.1648,251.6391,1342.0665,734113406,57527.0412,55428.6195,53330.1978,0
FPT.VN,2022-07-28,56020.38,56414.89,54639.6,55823.13,2531952,55385.881,57538.15,55851.9042,56510.8933,48.1876,-405.8687,-646.9056,241.0369,1373.011,731581454,57410.697,55385.881,53361.065,0
FPT.VN,2022-07-29,55954.63,56020.38,54902.61,54902.61,2953235,55237.94,57567.7382,55761.4952,56447.8233,42.884,-435.7702,-604.6785,168.9083,1354.7795,728628219,56901.2852,55237.94,53574.5948,1
FPT.VN,2022-08-01,55231.36,55362.87,54639.6,55231.36,2760540,55149.175,57614.86,55711.0062,56400.1189,45.2035,-428.0061,-569.344,141.3379,1309.6717,731388759,56589.6424,55149.175,53708.7076,1
FPT.VN,2022-08-02,55231.36,55954.63,54902.61,55888.88,2858788,55136.0245,57656.5026,55727.9465,56380.0703,49.6113,-364.5939,-528.394,163.8001,1291.268,734247547,56542.3458,55136.0245,53729.7032,0
FPT.VN,2022-08-03,55888.88,56020.38,55362.87,55757.38,3421208,55178.763,57620.9968,55730.7497,56355.6511,48.7664,-321.2471,-486.9646,165.7175,1245.9996,730826339,56606.9994,55178.763,53750.5266,1
FPT.VN,2022-08-04,55954.63,56940.91,55823.13,56612.15,4633801,55277.3905,57596.0112,55814.6926,56365.7099,54.2234,-215.4382,-432.6593,217.2212,1241.5374,735460140,56816.952,55277.3905,53737.829,0
FPT.VN,2022-08-05,56612.15,57335.41,56283.39,56414.89,2696663,55349.717,57499.1372,55871.8543,56367.6385,52.8251,-145.8201,-375.2915,229.4713,1228.0005,732763477,56962.3297,55349.717,53737.1043,1
FPT.VN,2022-08-08,56480.64,56809.4,56086.13,56546.39,2413324,55454.9195,57410.3724,55936.0958,56374.6484,53.6826,-79.1243,-316.058,236.9337,1191.9483,735176801,57092.6207,55454.9195,53817.2183,1
FPT.VN,2022-08-09,56546.39,57532.67,56349.14,56677.9,3529646,55566.6975,57339.5798,56006.7438,56386.5406,54.572,-15.4772,-255.9419,240.4647,1191.347,738706447,57218.5091,55566.6975,53914.8859,0
FPT.VN,2022-08-10,56743.65,57006.66,56546.39,56546.39,1705509,55681.7625,57245.3358,56058.1387,56392.8092,53.4664,24.0743,-199.9386,224.0129,1139.1272,737000938,57265.1393,55681.7625,54098.3857,0
FPT.VN,2022-08-11,56677.9,57072.41,56349.14,56546.39,2817877,55786.965,57151.0918,56104.6388,56398.832,53.4664,54.7876,-148.9934,203.781,1109.4231,737000938,57301.7136,55786.965,54272.2164,1
FPT.VN,2022-08-12,56349.14,56875.15,56349.14,56875.15,1890599,55928.3305,57039.314,56178.0208,56417.5111,56.048,104.4522,-98.3043,202.7565,1067.7508,738891537,57278.4656,55928.3305,54578.1954,1
FPT.VN,2022-08-15,56940.91,58584.7,56940.91,58453.19,4691899,56122.2975,56970.0556,56394.7036,56497.3416,65.8435,268.0565,-25.0321,293.0886,1113.5936,743583436,57741.0327,56122.2975,54503.5623,0
FPT.VN,2022-08-16,58453.19,58781.95,57927.18,58321.69,2103065,56309.6895,56869.6748,56578.2261,56568.8847,64.5524,382.6916,56.5126,326.179,1095.1062,741480371,58037.7102,56309.6895,54581.6688,0
FPT.VN,2022-08-17,58518.95,58584.7,57861.43,58058.68,2290741,56421.467,56770.609,56719.2217,56627.3081,61.9365,447.1635,134.6428,312.5207,1068.5464,739189630,58299.658,56421.467,54543.276,0
FPT.VN,2022-08-18,57795.68,58979.21,57795.68,58058.68,3882641,56529.957,56668.2556,56846.7892,56683.4403,61.9365,492.5797,206.2302,286.3495,1076.7596,739189630,58525.6114,56529.957,54534.3026,0
FPT.VN,2022-08-19,57861.43,58190.19,56677.9,57138.16,2977264,56589.1335,56605.5724,56874.5388,56701.2724,53.1878,449.117,254.8075,194.3095,1107.8689,736212366,58583.1454,56589.1335,54595.1216,0
FPT.VN,2022-08-22,56940.91,57401.17,56480.64,57072.41,2485109,56635.1595,56613.4626,56893.3837,56715.8269,52.6161,404.7019,284.7864,119.9155,1094.4875,733727257,58629.1717,56635.1595,54641.1473,1
FPT.VN,2022-08-23,56612.15,57203.91,56612.15,57203.91,1651213,56707.486,56585.8468,56922.9576,56734.9674,53.6882,375.7817,302.9855,72.7963,1058.5784,735378470,58672.1614,56707.486,54742.8106,0
FPT.VN,2022-08-24,56875.15,57072.41,56612.15,56677.9,1533042,56740.362,56529.3004,56899.6188,56732.7294,48.9199,306.8802,303.7644,3.1158,1025.2342,733845428,58678.4514,56740.362,54802.2726,1
FPT.VN,2022-08-25,56677.9,57006.66,56546.39,56743.65,1739728,56786.388,56454.3436,56884.7646,56733.1577,49.5234,254.6453,293.9406,-39.2953,984.8797,735585156,58675.8732,56786.388,54896.9028,1
FPT.VN,2022-08-26,56809.4,57729.93,56743.65,57335.41,2945326,56908.028,56391.222,56927.6832,56756.7754,54.7096,258.0245,286.7574,-28.7329,984.9797,738530482,58588.5738,56908.028,55227.4822,0
FPT.VN,2022-08-29,57203.91,57203.91,55691.63,56875.15,3388509,56990.2175,56318.8952,56922.68,56761.4176,50.3744,221.0157,273.609,-52.5934,1032.0368,735141973,58474.8671,56990.2175,55505.5679,0
FPT.VN,2022-08-30,56875.15,57203.91,56546.39,56809.4,1753873,57036.2435,56283.3892,56911.8915,56763.2992,49.7677,184.2565,255.7385,-71.4821,1005.2856,733388100,58431.5181,57036.2435,55640.9689,1
FPT.VN,2022-08-31,56414.89,57203.91,56414.89,56940.91,1785050,57095.42,56311.005,56914.6551,56770.2644,51.0379,163.8475,237.3603,-73.5128,989.8381,735173150,58356.2316,57095.42,55834.6084,0
FPT.VN,2022-09-01,56940.91,56940.91,56940.91,56940.91,0,57111.858,56325.4704,56917.1556,56776.9563,51.0379,145.9904,219.0863,-73.0959,919.1354,735173150,58354.5831,57111.858,55869.1329,0
FPT.VN,2022-09-02,56940.91,56940.91,56940.91,56940.91,0,57138.159,56339.9358,56919.4179,56783.3859,51.0379,130.3361,201.3363,-71.0002,853.4828,735173150,58340.3816,57138.159,55935.9364,0
FPT.VN,2022-09-05,56875.15,57006.66,56480.64,56677.9,1552661,57144.7345,56335.9908,56896.4162,56779.2492,48.0057,95.6052,180.1901,-84.5849,830.0926,733620489,58334.7052,57144.7345,55954.7638,0
FPT.VN,2022-09-06,56546.39,56809.4,56414.89,56414.89,1781857,57131.584,56284.7044,56850.5566,56764.9606,45.119,46.3239,153.4168,-107.0929,798.9796,731838632,58348.7787,57131.584,55914.3893,0
FPT.VN,2022-09-07,56217.64,56480.64,55231.36,55231.36,3401284,57065.8325,56205.8024,56696.3474,56704.8194,34.9378,-87.2273,105.288,-192.5153,831.1439,728437348,58532.6126,57065.8325,55599.0524,1
FPT.VN,2022-09-08,55297.11,55888.88,55099.86,55428.62,1727105,57009.944,56180.8168,56575.6114,56654.7724,37.4704,-175.1315,49.2041,-224.3356,828.1351,730164453,58636.5344,57009.944,55383.3536,0
FPT.VN,2022-09-09,55625.88,55888.88,55428.62,55428.62,1742010,56937.6175,56132.1606,56466.3742,56606.688,37.4704,-242.0066,-9.038,-232.9685,801.8583,730164453,58711.4225,56937.6175,55163.8125,1
FPT.VN,2022-09-12,55954.63,56020.38,55428.62,55625.88,1088946,56796.252,56104.545,56386.3271,56568.2249,40.1714,-275.9078,-62.412,-213.4958,786.8513,731253399,58511.161,56796.252,55081.343,0
FPT.VN,2022-09-13,55888.88,56086.13,55428.62,55625.88,1591443,56661.4615,56094.0248,56313.9036,56531.2702,40.1714,-299.3244,-109.7945,-189.5299,777.6126,731253399,58293.3011,56661.4615,55029.6219,0
FPT.VN,2022-09-14,54902.61,55560.12,54902.61,55231.36,1991129,56520.0955,56100.5998,56210.8042,56480.2933,36.5131,-345.7312,-156.9818,-188.7494,773.731,729262270,58132.0287,56520.0955,54908.1623,0
FPT.VN,2022-09-15,55560.12,55560.12,55034.11,55034.11,1187042,56368.867,56108.49,56098.7381,56423.5803,34.8064,-393.885,-204.3624,-189.5225,756.0366,728075228,57940.0261,56368.867,54797.7079,0
FPT.VN,2022-09-16,55034.11,55165.61,54245.09,54245.09,2068542,56224.2135,56094.0246,55922.2002,56338.1493,28.9726,-490.0653,-261.503,-228.5623,767.7854,726006686,58014.5792,56224.2135,54433.8478,1
FPT.VN,2022-09-19,54245.09,54968.36,53850.58,54639.6,2712784,56102.573,56097.9698,55800.0478,56271.5395,34.8522,-528.3646,-314.8753,-213.4893,792.785,728719470,57978.8139,56102.573,54226.3321,1
FPT.VN,2022-09-20,54639.6,55099.86,54113.59,54836.86,874503,55984.2205,56105.8602,55708.3156,56215.2776,37.6322,-536.6141,-359.2231,-177.391,806.6054,729593973,57866.5633,55984.2205,54101.8777,0
FPT.VN,2022-09-21,54771.1,54771.1,54113.59,54113.59,1179286,55856.005,56103.2302,55556.437,56132.8584,32.2056,-594.6589,-406.3102,-188.3486,800.6529,728414687,57883.1654,55856.005,53828.8446,1
FPT.VN,2022-09-22,53916.33,54573.85,53850.58,54508.09,1783073,55744.227,56104.5452,55456.5944,56069.142,37.4996,-601.8887,-445.4259,-156.4628,795.1255,730197760,57811.4462,55744.227,53677.0078,0
FPT.VN,2022-09-23,54639.6,54639.6,53982.08,54179.34,1278447,55586.4235,56107.1752,55334.9511,55995.0321,35.0437,-626.919,-481.7246,-145.1945,785.2966,728919313,57623.8417,55586.4235,53549.0053,0
FPT.VN,2022-09-26,53587.57,53916.33,52798.55,53587.57,2834302,55422.0445,56087.4496,55168.5339,55900.6219,31.096,-686.5921,-522.6981,-163.894,827.8318,726085011,57550.1415,55422.0445,53293.9475,0
FPT.VN,2022-09-27,53916.33,53916.33,52930.06,52930.06,1418824,55228.0775,56054.5738,54955.3459,55784.1292,27.4023,-777.971,-573.7526,-204.2183,839.1488,724666187,57524.2782,55228.0775,52931.8768,0
FPT.VN,2022-09-28,52667.05,52864.3,51286.27,51286.27,3115360,54945.3455,55963.8366,54605.9101,55607.7426,20.7624,-971.8269,-653.3675,-318.4594,896.6232,721550827,57700.24,54945.3455,52190.451,0
FPT.VN,2022-09-29,52469.8,52667.05,50628.75,50628.75,1983068,54629.7375,55858.634,54227.1329,55412.488,18.8,-1165.0851,-755.711,-409.3741,978.1715,719567759,57831.987,54629.7375,51427.488,1
FPT.VN,2022-09-30,50628.75,53127.31,50563.0,52930.06,3208894,54429.195,55798.1426,54103.6022,55315.1379,40.129,-1119.6406,-828.4969,-291.1437,1091.4671,722776653,57522.5307,54429.195,51335.8593,0
FPT.VN,2022-10-03,52338.29,52798.55,50234.24,50628.75,1894401,54126.7375,55687.6798,53772.6639,55131.358,31.2805,-1254.8568,-913.7689,-341.0879,1206.0638,720882252,57467.3502,54126.7375,50786.1248,1
FPT.VN,2022-10-04,51286.27,51943.78,50760.25,50957.51,3102585,53853.8685,55591.6824,53504.554,54967.6776,33.5352,-1320.2692,-995.069,-325.2002,1213.8471,723984837,57297.4821,53853.8685,50410.2549,1
FPT.VN,2022-10-05,51943.78,52272.54,51549.27,51549.27,1478138,53669.764,55502.2602,53318.3365,54833.6224,37.5097,-1309.2665,-1057.9085,-251.358,1221.0744,725462975,57196.0132,53669.764,50143.5148,0
FPT.VN,2022-10-06,51878.03,51878.03,50299.99,50299.99,1926492,53413.3325,55391.7974,53030.8749,54655.8329,33.0205,-1385.3834,-1123.4035,-261.9799,1246.572,723536483,57141.1855,53413.3325,49685.4795,0
FPT.VN,2022-10-07,50102.74,50102.74,48656.2,48656.2,3134523,53074.7115,55266.8692,52614.2392,54420.5532,28.2325,-1560.3598,-1210.7947,-349.5651,1274.9447,720401960,57236.843,53074.7115,48912.58,0
FPT.VN,2022-10-10,48327.44,49642.48,47406.92,48656.2,2472334,52726.2275,55135.366,52237.2831,54194.5001,28.2325,-1679.6678,-1304.5693,-375.0984,1343.5601,720401960,57147.9876,52726.2275,48304.4674,0
FPT.VN,2022-10-11,48656.2,48656.2,46683.65,46683.65,2423666,52279.116,54951.2614,51708.3656,53899.957,23.4919,-1911.3555,-1425.9266,-485.429,1388.4879,717978294,57241.6791,52279.116,47316.5529,1
FPT.VN,2022-10-12,46683.65,48195.94,46683.65,47604.18,2225192,51897.757,54788.1974,51317.4908,53653.0638,29.4458,-1997.6629,-1540.2738,-457.389,1397.3309,720203486,57072.7778,51897.757,46722.7362,1
FPT.VN,2022-10-13,47472.67,47998.68,47012.41,47998.68,1261109,51545.9855,54615.928,51001.4136,53431.3232,31.892,-2011.0471,-1634.4285,-376.6186,1367.9694,721464595,56779.4853,51545.9855,46312.4857,1
FPT.VN,2022-10-14,48919.21,48984.96,48393.2,48656.2,1283922,51266.541,54460.7542,50778.0599,53244.0635,35.8821,-1946.1637,-1696.7755,-249.3882,1340.7059,722748517,56490.0533,51266.541,46043.0287,0
FPT.VN,2022-10-17,48327.44,48590.45,47735.68,48524.7,1075866,50960.796,54300.3204,50563.4542,53058.9904,35.435,-1883.6406,-1734.1486,-149.4921,1310.6926,721672651,56067.5448,50960.796,45854.0472,1
FPT.VN,2022-10-18,48656.2,49510.97,48656.2,49247.96,1336849,50681.351,54151.7216,50438.1691,52909.5383,39.8728,-1755.4934,-1738.4175,-17.0758,1287.5196,723009500,55498.488,50681.351,45864.214,1
FPT.VN,2022-10-19,49247.96,50102.74,49116.46,49642.48,1556919,50457.7955,54013.6434,50362.3891,52781.4183,42.2064,-1603.6158,-1711.4572,107.8414,1266.0025,724566419,55012.083,50457.7955,45903.508,1
FPT.VN,2022-10-20,49839.73,51615.02,49510.97,51154.76,2631570,50290.129,53905.8108,50437.853,52717.6278,50.1869,-1345.7108,-1638.3079,292.5971,1325.863,727197989,54446.0613,50290.129,46134.1967,0
FPT.VN,2022-10-21,51089.01,51089.01,48590.45,48590.45,2380017,50010.6845,53740.1168,50261.9099,52555.7777,40.0803,-1332.8732,-1577.221,244.3478,1414.3235,724817972,53801.0347,50010.6845,46220.3343,0
FPT.VN,2022-10-24,48590.45,48984.96,46683.65,46749.4,2168919,49668.776,53506.041,49927.3851,52328.0766,34.6804,-1454.4901,-1552.6748,98.1847,1477.6797,722649053,53332.1343,49668.776,46005.4177,1
FPT.VN,2022-10-25,46946.66,48984.96,46749.4,48130.19,2379561,49428.7825,53302.211,49756.2237,52163.4536,41.0908,-1423.0502,-1526.7499,103.6997,1531.814,725028614,52810.6306,49428.7825,46046.9344,1
FPT.VN,2022-10-26,48984.96,48984.96,47801.43,48524.7,950698,49290.704,53111.5314,49638.9357,52020.7574,42.8175,-1350.7297,-1491.5458,140.8161,1506.9366,725979312,52577.3933,49290.704,46004.0147,1
FPT.VN,2022-10-27,48721.95,50102.74,48458.95,49839.73,1423386,49251.253,52947.1524,49658.059,51935.2269,48.2613,-1173.7728,-1427.9912,254.2184,1516.7118,727402698,52488.893,49251.253,46013.613,0
FPT.VN,2022-10-28,50168.49,50168.49,49116.46,49313.72,1331982,49070.436,52790.6636,49625.2648,51832.4227,46.3601,-1063.716,-1355.1362,291.4202,1483.5202,726070716,51808.3711,49070.436,46332.5009,1
FPT.VN,2022-10-31,49313.72,49971.23,48458.95,49708.23,1649693,49024.41,52643.38,49633.1662,51749.121,48.0142,-933.8961,-1270.8882,336.9921,1485.5745,727720409,51681.8104,49024.41,46367.0096,0
FPT.VN,2022-11-01,50168.49,50497.25,49313.72,49642.48,853971,48958.6585,52492.1514,49634.0533,51666.5077,47.75,-826.7877,-1182.0681,355.2804,1463.9999,726866438,51476.0553,48958.6585,46441.2617,0
FPT.VN,2022-11-02,49445.22,49971.23,48656.2,48656.2,1487719,48814.005,52331.7174,49540.9244,51548.4564,43.8508,-812.1263,-1108.0797,295.9534,1453.3592,725378719,51017.5348,48814.005,46610.4752,1
FPT.VN,2022-11-03,48984.96,49773.98,48458.95,48721.95,946592,48735.103,52171.2834,49462.9268,51437.613,44.178,-786.1395,-1043.6917,257.5522,1443.4785,726325311,50824.6581,48735.103,46645.5479,0
FPT.VN,2022-11-04,48656.2,48656.2,47012.41,47932.93,2504576,48698.9395,51983.2338,49317.2128,51300.1744,41.0836,-819.7624,-998.9058,179.1434,1462.4829,723820735,50819.0558,48698.9395,46578.8232,0
FPT.VN,2022-11-07,47735.68,48656.2,47735.68,47735.68,2391423,48652.9135,51800.4444,49166.5907,51160.3903,40.3232,-852.4981,-969.6243,117.1262,1423.7713,721429312,50816.4592,48652.9135,46489.3678,1
FPT.VN,2022-11-08,47012.41,48590.45,46946.66,48195.94,1437226,48728.528,51628.1752,49074.1477,51044.1374,42.9754,-831.7148,-942.0424,110.3276,1439.4869,722866538,50699.4157,48728.528,46757.6403,1
FPT.VN,2022-11-09,48195.94,48853.46,48195.94,48656.2,1061114,48781.129,51462.481,49034.3432,50950.4928,45.5801,-769.2375,-907.4814,138.244,1383.6321,723927652,50680.5266,48781.129,46881.7314,0
FPT.VN,2022-11-10,48327.44,48458.95,45434.37,47998.68,2426099,48781.129,51283.6364,48935.7086,50834.7354,42.5874,-763.9735,-878.7798,114.8064,1514.932,721501553,50680.5266,48781.129,46881.7314,0
FPT.VN,2022-11-11,48064.44,48393.2,47341.17,47867.18,1525285,48741.678,51102.1618,48833.944,50718.3607,41.9936,-761.633,-855.3505,93.7174,1481.8676,719976268,50684.2859,48741.678,46799.0701,0
FPT.VN,2022-11-14,47341.17,47604.18,46026.14,46552.15,2492714,48643.0505,50899.6468,48616.6303,50554.9799,36.5108,-856.0224,-855.4849,-0.5376,1507.5227,717483554,50818.3957,48643.0505,46467.7053,0
FPT.VN,2022-11-15,46026.14,46026.14,43330.32,43330.32,4737373,48347.1685,50637.9554,48113.1721,50271.6599,27.1559,-1177.2311,-919.8341,-257.397,1629.9733,712746181,51545.3874,48347.1685,45148.9496,1
FPT.VN,2022-11-16,40305.75,46026.14,40305.75,45565.88,4639277,48143.3385,50444.6458,47870.5729,50087.1195,38.8616,-1237.1393,-983.2951,-253.8442,1922.1459,717385458,51509.194,48143.3385,44777.483,1
FPT.VN,2022-11-17,45565.88,47341.17,42409.8,46683.65,2351729,47919.783,50269.7464,47757.5326,49953.6501,43.7305,-1180.8106,-1022.7982,-158.0124,2137.0905,719737187,51027.5037,47919.783,44812.0623,1
FPT.VN,2022-11-18,46091.89,47341.17,45500.13,47012.41,1918887,47840.881,50101.4222,47686.5686,49838.3074,45.1149,-1096.9961,-1037.6378,-59.3583,2115.944,721656074,50957.025,47840.881,44724.737,0
FPT.VN,2022-11-21,45697.38,47209.66,45697.38,46091.89,1278295,47808.0055,49910.7424,47534.6944,49691.389,41.999,-1092.2598,-1048.5622,-43.6976,2072.8251,720377779,50985.8963,47808.0055,44630.1147,1
FPT.VN,2022-11-22,46026.14,47341.17,45434.37,46354.89,1789005,47719.2405,49725.3226,47422.3321,49560.5459,43.2059,-1055.1216,-1049.8741,-5.2475,2060.9662,722166784,50957.8354,47719.2405,44480.6456,0
FPT.VN,2022-11-23,46026.14,46683.65,45828.88,46354.89,708575,47610.75,49547.7932,47320.6709,49434.8339,43.2059,-1014.0006,-1042.6994,28.6988,1974.8093,722166784,50880.955,47610.75,44340.545,0
FPT.VN,2022-11-24,45894.63,46683.65,45631.63,46354.89,1199057,47436.508,49374.2088,47228.6918,49314.0518,43.2059,-970.2277,-1028.205,57.9774,1908.8958,722166784,50575.3737,47436.508,44297.6423,1
FPT.VN,2022-11-25,46420.64,47341.17,46354.89,47341.17,1927556,47337.8805,49236.1304,47239.404,49236.6839,48.2496,-846.1983,-991.8037,145.6054,1842.9947,724094340,50349.7828,47337.8805,44325.9782,1
FPT.VN,2022-11-28,47604.18,48984.96,47538.42,48853.46,1744139,47295.142,49120.4076,47393.1236,49221.6555,54.868,-618.7425,-917.1915,298.449,1828.7658,725838479,50187.3013,47295.142,44402.9827,0
FPT.VN,2022-11-29,49247.96,49247.96,47998.68,48853.46,1739576,47255.691,49000.7396,47532.2033,49207.2165,54.868,-433.4852,-820.4502,386.965,1787.3739,725838479,50032.2474,47255.691,44479.1346,1
FPT.VN,2022-11-30,48984.96,49247.96,48327.44,49050.71,1386277,47275.4165,48899.482,47676.823,49201.079,55.7246,-267.6655,-709.8933,442.2277,1725.4558,727224756,50099.0721,47275.4165,44451.7609,1
FPT.VN,2022-12-01,49379.47,49839.73,48721.95,49116.46,2701834,47295.142,48791.6494,47813.9313,49197.7606,56.0242,-129.4545,-593.8055,464.351,1682.0504,729926590,50166.4556,47295.142,44423.8284,1
FPT.VN,2022-12-02,49116.46,51089.01,48656.2,50891.76,4412666,47443.0835,48725.8978,48107.0578,49264.1919,63.2543,121.9251,-450.6594,572.5845,1735.6761,734339256,50727.8891,47443.0835,44158.2779,1
FPT.VN,2022-12-05,51286.27,51943.78,50891.76,51483.52,1849992,47630.4755,48683.8168,48428.6256,49351.2244,65.3022,364.6914,-287.5892,652.2807,1686.8435,736189248,51380.2671,47630.4755,43880.6839,0
FPT.VN,2022-12-06,51483.52,51878.03,49971.23,49971.23,2338649,47719.24,48624.6402,48575.5403,49375.5383,56.6182,430.0984,-144.0517,574.1501,1702.5547,733850599,51606.906,47719.24,43831.574,1
FPT.VN,2022-12-07,49905.48,50365.74,49182.21,50299.99,1565588,47801.4295,48604.9146,48739.7736,49411.7914,57.928,502.6677,-14.7078,517.3755,1665.4815,735416187,51839.1079,47801.4295,43763.7511,1
FPT.VN,2022-12-08,50563.0,51812.28,49708.23,50628.75,1927404,47932.933,48604.9146,48919.6761,49459.5152,59.2529,580.0214,104.238,475.7834,1696.8078,737343591,52164.3318,47932.933,43701.5342,1
FPT.VN,2022-12-09,50168.49,51286.27,50102.74,51286.27,1501864,48103.8875,48572.0388,49145.066,49531.1527,61.8412,686.4679,220.684,465.7839,1660.1451,738845455,52592.5523,48103.8875,43615.2227,0
FPT.VN,2022-12-12,51023.26,51417.77,50234.24,50628.75,1845581,48307.7175,48572.0388,49286.3693,49574.1957,57.8817,709.5915,318.4655,391.126,1626.1012,736999874,52869.334,48307.7175,43746.101,1
FPT.VN,2022-12-13,50102.74,50826.0,49445.22,50760.25,1368331,48679.214,48568.0936,49426.7389,49620.7076,58.4546,730.1118,400.7948,329.317,1608.5782,738368205,52713.798,48679.214,44644.63,0
FPT.VN,2022-12-14,50760.25,50957.51,50036.98,50168.49,1761173,48909.3445,48540.478,49497.3818,49642.1893,54.8396,690.6626,458.7683,231.8943,1559.4319,736607032,52714.7636,48909.3445,45103.9254,1
FPT.VN,2022-12-15,50234.24,51352.02,50234.24,51089.01,1780184,49129.6125,48556.2584,49648.9655,49698.9274,59.0791,725.3162,512.0779,213.2383,1532.5818,738387216,52902.4415,49129.6125,45356.7835,1
FPT.VN,2022-12-16,50628.75,51286.27,50234.24,51220.52,1385365,49340.018,48607.5448,49798.6373,49758.5977,59.6617,754.6915,560.6006,194.0909,1498.2567,739772581,53084.9535,49340.018,45595.0825,0
FPT.VN,2022-12-19,51483.52,51483.52,50365.74,50365.74,1560721,49553.7105,48641.7356,49852.6471,49782.4072,54.2547,700.9183,588.6642,112.2542,1471.0798,738211860,52993.5714,49553.7105,46113.8496,0
FPT.VN,2022-12-20,50760.25,50760.25,49576.72,50365.74,1195103,49754.253,48715.3774,49901.5131,49805.283,54.2547,650.8006,601.0915,49.7092,1450.5405,738211860,52860.364,49754.253,46648.142,1
FPT.VN,2022-12-21,50760.25,50891.76,49773.98,50760.25,827508,49974.521,48778.4988,49983.2976,49842.7326,56.3712,635.589,607.991,27.598,1426.7719,739039368,52662.2572,49974.521,47286.7848,0
FPT.VN,2022-12-22,50760.25,50957.51,49971.23,50760.25,1000431,50194.789,48833.7302,50057.293,49878.7137,56.3712,616.4279,609.6784,6.7495,1395.3082,739039368,52290.3447,50194.789,48099.2333,1
FPT.VN,2022-12-23,50234.24,51286.27,50102.74,51286.27,1856988,50392.044,48886.3316,50174.3385,49933.912,59.2841,636.3525,615.0132,21.3393,1380.1812,740896356,52054.5676,50392.044,48729.5204,0
FPT.VN,2022-12-26,51089.01,51352.02,50234.24,50234.24,1266128,50461.083,48920.5224,50180.0434,49945.6896,51.8307,560.7885,604.1682,-43.3798,1361.4382,739630228,51961.347,50461.083,48960.819,1
FPT.VN,2022-12-27,50234.24,50957.51,49971.23,50299.99,1224608,50533.4095,48941.563,50191.4669,49959.5837,52.2349,500.4401,583.4226,-82.9825,1334.6412,740854836,51833.4612,50533.4095,49233.3578,1
FPT.VN,2022-12-28,50628.75,50628.75,49971.23,50431.5,896099,50602.449,48957.3434,50214.3272,49978.0902,53.0828,457.9465,558.3274,-100.3809,1286.2754,741750935,51702.1903,50602.449,49502.7077,0
FPT.VN,2022-12-29,50299.99,50628.75,50102.74,50102.74,996629,50651.763,48936.303,50203.6998,49982.9785,50.6615,393.2091,525.3037,-132.0946,1231.9707,740754306,51538.8286,50651.763,49764.6974,1
FPT.VN,2022-12-30,50102.74,50563.0,49971.23,50563.0,956022,50635.325,48975.754,50237.9189,50005.7244,53.8363,374.7238,495.1877,-120.4639,1186.2421,741710328,51515.8251,50635.325,49754.8249,0
FPT.VN,2023-01-02,50563.0,50563.0,50563.0,50563.0,0,50589.299,49052.026,50268.879,50027.5783,53.8363,355.9707,467.3443,-111.3737,1101.5105,741710328,51374.157,50589.299,49804.441,1
FPT.VN,2023-01-03,50563.0,52601.3,50497.25,52601.3,2334847,50720.8025,49141.4482,50491.0143,50128.5086,65.3034,499.8208,473.8396,25.9812,1173.1205,744045175,51867.5403,50720.8025,49574.0647,0
FPT.VN,2023-01-04,53127.31,53258.82,52141.04,52601.3,1208031,50835.868,49222.9802,50691.9939,50225.4808,65.3034,606.828,500.4373,106.3907,1169.1676,744045175,52238.1723,50835.868,49433.5637,1
FPT.VN,2023-01-05,52732.8,53587.57,52732.8,52995.81,1540038,50954.221,49286.1018,50911.405,50334.1212,67.1358,715.2209,543.394,171.8269,1156.1035,745585213,52651.4618,50954.221,49256.9802,0
FPT.VN,2023-01-06,52864.3,53324.57,52732.8,52798.55,1094117,51029.835,49355.7984,51091.1331,50430.7654,65.2794,776.2577,589.9668,186.291,1115.794,744491096,52913.8351,51029.835,49145.8349,0
FPT.VN,2023-01-09,52930.06,53193.06,52535.55,52798.55,789182,51138.325,49417.6048,51253.7442,50523.6197,65.2794,815.2323,635.0199,180.2124,1083.0594,744491096,53169.2439,51138.325,49107.4061,1
FPT.VN,2023-01-10,53061.56,53456.07,52732.8,52864.3,1144762,51243.5275,49482.0412,51407.1305,50615.4111,65.6466,841.7226,676.3604,165.3622,1057.3601,745635858,53405.7241,51243.5275,49081.3309,1
FPT.VN,2023-01-11,52864.3,53653.32,52864.3,53193.06,1637830,51394.756,49572.7784,51577.219,50716.4954,67.4977,879.1106,716.9104,162.2002,1038.193,747273688,53660.95,51394.756,49128.562,0
FPT.VN,2023-01-12,53258.82,53587.57,52732.8,53061.56,825074,51493.3835,49659.5706,51718.5848,50808.4587,65.9665,887.8949,751.1073,136.7876,1025.0913,746448614,53872.4357,51493.3835,49114.3313,0
FPT.VN,2023-01-13,52930.06,53390.32,52601.3,52601.3,955565,51562.4225,49752.938,51802.6529,50878.7662,60.7704,847.9428,770.4744,77.4684,1008.2291,745493049,53987.822,51562.4225,49137.023,1
FPT.VN,2023-01-16,52667.05,53258.82,52404.04,53127.31,873742,51700.501,49860.7706,51928.8107,50966.9444,64.2375,848.939,786.1673,62.7717,997.2685,746366791,54153.3268,51700.501,49247.6752,1
FPT.VN,2023-01-17,53390.32,53916.33,53258.82,53916.33,1487719,51878.0305,49975.1784,52118.0983,51082.6066,68.7053,902.9868,809.5312,93.4556,982.3936,747854510,54435.8116,51878.0305,49320.2494,1
FPT.VN,2023-01-18,53982.08,54836.86,53784.83,54836.86,1451827,52081.861,50098.7916,52377.028,51229.8322,72.951,1008.4741,849.3198,159.1543,987.3676,749306337,54900.9673,52081.861,49262.7547,1
FPT.VN,2023-01-19,54573.85,55362.87,54508.09,55165.61,2018505,52302.129,50242.1302,52642.6072,51384.1764,74.2924,1105.8533,900.6265,205.2268,977.8971,751324842,55364.3763,52302.129,49239.8817,0
FPT.VN,2023-01-20,55165.61,55165.61,55165.61,55165.61,0,52496.096,50388.0988,52882.8932,51532.4679,74.2924,1169.5452,954.4102,215.135,908.0473,751324842,55771.4439,52496.096,49220.7481,0
FPT.VN,2023-01-23,55165.61,55165.61,55165.61,55165.61,0,52742.6645,50560.368,53100.2948,51674.9441,74.2924,1206.1182,1004.7518,201.3663,843.1867,751324842,56043.4438,52742.6645,49441.8852,0
FPT.VN,2023-01-24,55165.61,55165.61,55165.61,55165.61,0,52985.9455,50797.0738,53296.9915,51811.833,74.2924,1221.0272,1048.0069,173.0203,782.9591,751324842,56245.659,52985.9455,49726.232,0
FPT.VN,2023-01-25,55165.61,55165.61,55165.61,55165.61,0,53222.651,50989.0684,53474.9551,51943.3536,74.2924,1218.7933,1082.1642,136.6291,727.0335,751324842,56387.5035,53222.651,50057.7985,0
FPT.VN,2023-01-26,55165.61,55165.61,55165.61,55165.61,0,53475.7945,51158.7076,53635.9699,52069.7166,74.2924,1203.1537,1106.3621,96.7916,675.1025,751324842,56389.898,53475.7945,50561.691,1
FPT.VN,2023-01-27,55297.11,56217.64,55231.36,55231.36,1734862,53709.2125,51323.0866,53787.9118,52193.7026,74.684,1182.4343,1121.5765,60.8578,702.0259,753059704,56378.5296,53709.2125,51039.8954,0
FPT.VN,2023-01-30,55362.87,55494.37,55034.11,55034.11,1355099,53932.768,51501.931,53906.5974,52305.0912,71.1803,1136.9911,1124.6594,12.3316,684.7569,751704605,56213.2165,53932.768,51652.3195,0
FPT.VN,2023-01-31,54902.61,55034.11,53719.08,54902.61,2325569,54047.8335,51672.8854,54001.4557,52406.9546,68.8609,1077.9402,1115.3156,-37.3754,729.7764,749379036,56277.0698,54047.8335,51818.5972,0
FPT.VN,2023-02-01,55231.36,55231.36,53784.83,53916.33,1594333,54113.585,51824.1142,53993.3485,52466.1458,54.5133,940.7135,1080.3952,-139.6817,780.9731,747784703,56238.3001,54113.585,51988.8699,0
FPT.VN,2023-02-02,53982.08,54179.34,53456.07,53850.58,2015463,54156.3235,51974.028,53979.7515,52520.4374,53.7099,817.2342,1027.763,-210.5287,776.8514,745769240,56219.8763,54156.3235,52092.7707,0
FPT.VN,2023-02-03,53916.33,53916.33,52667.05,52667.05,2629592,54149.7485,52080.5456,53854.7323,52526.1869,41.7749,616.7654,945.5635,-328.7981,810.5963,743139648,56232.2677,54149.7485,52067.2293,1
FPT.VN,2023-02-06,52601.3,53653.32,52404.04,52930.06,1436314,54156.324,52162.0776,53766.6683,52542.025,44.7149,473.6551,851.1818,-377.5267,841.9309,744575962,56221.6389,54156.324,52091.0091,1
FPT.VN,2023-02-07,52930.06,53850.58,52930.06,53061.56,1141872,54166.187,52246.2396,53699.5151,52562.399,46.1783,366.6239,754.2702,-387.6463,847.5444,745717834,56207.2643,54166.187,52125.1097,1
FPT.VN,2023-02-08,53127.31,53719.08,52995.81,53390.32,1018529,54176.05,52333.0318,53670.068,52594.8665,49.7586,304.8153,664.3792,-359.5639,838.6677,746736363,56199.1551,54176.05,52152.9449,0
FPT.VN,2023-02-09,53258.82,53653.32,53061.56,53061.56,1130010,54176.05,52411.9338,53612.1148,52613.1682,46.4322,226.6903,576.8414,-350.1511,821.0314,745606353,56199.1551,54176.05,52152.9449,0
FPT.VN,2023-02-10,53324.57,53390.32,52930.06,53061.56,1102634,54199.063,52455.3298,53559.681,52630.7522,46.4322,162.8979,494.0527,-331.1549,795.262,745606353,56156.1387,54199.063,52241.9873,0
FPT.VN,2023-02-13,53061.56,53390.32,52601.3,53061.56,932600,54195.7755,52486.8906,53512.2409,52647.6466,46.4322,111.0617,417.4545,-306.3929,794.8162,745606353,56160.637,54195.7755,52230.914,1
FPT.VN,2023-02-14,53061.56,53258.82,52732.8,53127.31,942486,54156.3245,52550.0122,53475.5808,52666.4569,47.312,74.4286,348.8493,-274.4207,775.6164,746548839,56175.7373,54156.3245,52136.9117,1
FPT.VN,2023-02-15,52930.06,53850.58,52798.55,53653.32,981268,54097.1475,52617.0788,53492.5084,52705.1574,53.8434,86.8402,296.4475,-209.6073,795.3603,747530107,56101.904,54097.1475,52092.391,0
FPT.VN,2023-02-16,53653.32,53916.33,53061.56,53653.32,645155,54021.533,52677.5702,53507.8238,52742.3403,53.8434,95.5747,256.2729,-160.6982,799.6038,747530107,55969.8926,54021.533,52073.1734,0
FPT.VN,2023-02-17,53390.32,53653.32,53258.82,53653.32,711161,53945.9185,52724.9112,53521.6806,52778.065,53.8434,101.3289,225.2841,-123.9553,770.6678,747530107,55823.4206,53945.9185,52068.4164,1
FPT.VN,2023-02-20,53653.32,54573.85,53521.82,54442.34,1939267,53909.755,52801.183,53609.3624,52843.3307,62.5426,167.6241,213.7521,-46.128,790.7651,749469374,55714.8034,53909.755,52104.7066,0
FPT.VN,2023-02-21,54442.34,55034.11,54310.84,54442.34,1277535,53873.5915,52874.8248,53688.6936,52906.0369,62.5426,217.6546,214.5326,3.122,785.944,749469374,55599.9669,53873.5915,52147.2161,0
FPT.VN,2023-02-22,54113.59,54245.09,53784.83,53784.83,1136397,53804.5525,52947.1516,53697.8495,52940.4994,52.9058,201.921,212.0103,-10.0893,776.7702,748332977,55420.2653,53804.5525,52188.8397,0
FPT.VN,2023-02-23,53719.08,53719.08,52995.81,53521.82,1764975,53722.363,52995.8078,53681.0847,52963.2963,49.6127,166.3121,202.8706,-36.5586,777.6452,746568002,55208.6062,53722.363,52236.1198,0
FPT.VN,2023-02-24,53324.57,53456.07,52864.3,53127.31,850473,53617.1605,53033.9436,53628.3443,52969.7282,45.08,105.0472,183.306,-78.2588,769.0648,745717529,54942.8603,53617.1605,52291.4607,0
FPT.VN,2023-02-27,52601.3,52930.06,52535.55,52798.55,1544296,53505.3825,53082.5998,53549.3163,52963.0153,41.664,29.6246,152.5697,-122.9451,756.4002,744173233,54698.3902,53505.3825,52312.3748,1
FPT.VN,2023-02-28,52601.3,53061.56,52272.54,52930.06,797394,53406.755,53133.8862,53490.3395,52961.7229,43.5081,-19.3139,118.193,-137.5069,758.7302,744970627,54427.0464,53406.755,52386.4636,0
FPT.VN,2023-03-01,52272.54,52930.06,51746.53,52930.06,2093332,53357.4415,53177.2824,53436.9795,52960.4813,43.5081,-57.4359,83.0672,-140.5031,789.073,744970627,54369.3349,53357.4415,52345.5481,0
FPT.VN,2023-03-02,52601.3,52930.06,52469.8,52601.3,655192,53294.9775,53214.1034,53357.391,52946.3957,39.8553,-112.8749,43.8788,-156.7537,765.5864,744315435,54332.6052,53294.9775,52257.3498,0
FPT.VN,2023-03-03,52141.04,52601.3,51615.02,51615.02,1126664,53242.376,53220.6784,53191.4509,52894.1849,31.3513,-233.7013,-11.6373,-222.0641,781.3502,743188771,54497.8327,53242.376,51986.9193,0
FPT.VN,2023-03-06,51352.02,52469.8,51352.02,51417.77,1242859,53166.7615,53244.349,53022.5289,52836.2863,29.9738,-341.4377,-77.5973,-263.8404,805.3809,741945912,54660.898,53166.7615,51672.625,1
FPT.VN,2023-03-07,52009.54,52535.55,51812.28,51812.28,1204533,53104.2975,53274.5948,52907.2671,52796.1292,36.0278,-390.4846,-140.1748,-250.3098,827.6951,743150445,54716.7247,53104.2975,51491.8703,1
FPT.VN,2023-03-08,51615.02,52272.54,51615.02,52272.54,776558,53048.4085,53311.4156,52846.8169,52775.5963,42.2957,-387.7458,-189.689,-198.0568,815.5397,743927003,54696.1928,53048.4085,51400.6242,1
FPT.VN,2023-03-09,52272.54,53061.56,52075.29,52995.81,973816,53045.121,53369.277,52861.0067,52784.2321,50.5028,-323.4845,-216.4481,-107.0364,827.7348,744900819,54693.0571,53045.121,51397.1849,0
FPT.VN,2023-03-10,52732.8,52864.3,51943.78,52272.54,974728,53005.67,53403.4678,52804.9623,52764.1657,43.7948,-327.1477,-238.588,-88.5597,843.7559,743926091,54689.3394,53005.67,51322.0006,0
FPT.VN,2023-03-13,51352.02,52206.79,51352.02,51878.03,1348255,52946.4935,53429.7684,52716.683,52729.4153,40.6252,-357.7604,-262.4225,-95.3379,849.239,742577836,54703.4909,52946.4935,51189.4961,0
FPT.VN,2023-03-14,51943.78,52009.54,51615.02,51746.53,650021,52877.4545,53412.673,52624.2875,52690.8708,39.5965,-388.1577,-287.5695,-100.5881,816.7591,741927815,54711.3648,52877.4545,51043.5442,1
FPT.VN,2023-03-15,52009.54,52930.06,52009.54,52930.06,1052141,52841.2915,53419.2482,52653.4087,52700.2508,51.5002,-313.1371,-292.683,-20.4541,842.957,742979956,54638.9493,52841.2915,51043.6337,0
FPT.VN,2023-03-16,52601.3,52601.3,51549.27,52075.29,1292743,52762.39,53400.8378,52598.3498,52675.7425,44.6555,-318.9786,-297.9421,-21.0364,881.3736,741687213,54548.4667,52762.39,50976.3133,0
FPT.VN,2023-03-17,52338.29,52601.3,51680.78,51943.78,653063,52676.913,53383.7424,52536.0098,52647.0381,43.6934,-330.411,-304.4359,-25.9751,884.1698,741034150,54447.0199,52676.913,50906.8061,0
FPT.VN,2023-03-20,52009.54,52141.04,51023.26,51023.26,1170769,52505.959,53348.2366,52391.9384,52583.3605,37.5883,-409.0344,-325.3556,-83.6788,900.8563,739863381,54217.6158,52505.959,50794.3022,1
FPT.VN,2023-03-21,51680.78,51746.53,50694.5,51352.02,815493,52351.443,53317.991,52292.8985,52535.0727,40.7713,-439.7467,-348.2338,-91.5129,911.6544,740678874,53874.66,52351.443,50828.226,1
FPT.VN,2023-03-22,51417.77,51680.78,51023.26,51615.02,928342,52242.9525,53286.4302,52228.3387,52498.9922,43.2641,-437.8177,-366.1506,-71.6671,893.5019,741607216,53640.1843,52242.9525,50845.7207,0
FPT.VN,2023-03-23,51549.27,51615.02,51023.26,51286.27,542344,52131.175,53250.9244,52138.6178,52451.4344,40.9444,-457.542,-384.4289,-73.1131,871.9489,741064872,53453.3005,52131.175,50809.0495,1
FPT.VN,2023-03-24,51483.52,51812.28,51286.27,51680.78,557704,52058.8485,53232.514,52095.0142,52421.2127,44.7714,-436.3105,-394.8052,-41.5053,847.239,741622576,53307.7658,52058.8485,50809.9312,1
FPT.VN,2023-03-27,51878.03,52075.29,51615.02,52009.54,1166815,52019.398,53210.1586,52086.8738,52405.0687,47.8068,-388.4781,-393.5398,5.0617,819.5984,742789391,53218.7987,52019.398,50819.9973,1
FPT.VN,2023-03-28,52075.29,52075.29,50957.51,52075.29,1521483,51976.6595,53173.3378,52085.7706,52392.1362,48.4174,-341.3304,-383.0979,41.7675,840.8971,744310874,53097.792,51976.6595,50855.527,0
FPT.VN,2023-03-29,52075.29,52141.04,51680.78,51943.78,615193,51927.3455,53115.4762,52072.2477,52374.5536,47.2273,-310.9924,-368.6768,57.6844,813.7087,743695681,52954.7518,51927.3455,50899.9392,1
FPT.VN,2023-03-30,51943.78,52141.04,51812.28,52009.54,621125,51897.7575,53052.3548,52066.2755,52360.2393,47.9167,-278.4334,-350.6281,72.1947,779.0695,744316806,52876.3666,51897.7575,50919.1484,0
FPT.VN,2023-03-31,52009.54,52272.54,51943.78,52009.54,1021419,51917.4835,52989.2334,52060.8722,52346.4864,47.9167,-249.7512,-330.4527,80.7016,746.9045,744316806,52887.9671,51917.4835,50946.9999,1
FPT.VN,2023-04-03,52206.79,53193.06,52009.54,53193.06,1779727,52006.248,52949.7824,52168.6996,52379.6854,59.0756,-130.0213,-290.3665,160.3451,778.0914,746096533,53101.0714,52006.248,50911.4246,0
FPT.VN,2023-04-04,53193.06,53258.82,52601.3,52930.06,889103,52062.137,52905.0714,52241.2101,52401.2687,56.1944,-55.7142,-243.436,187.7218,769.4791,745207430,53227.1412,52062.137,50897.1328,1
FPT.VN,2023-04-05,52930.06,52995.81,52404.04,52995.81,641809,52098.3005,52861.6754,52313.0767,52424.584,56.7621,8.3835,-193.0721,201.4556,756.7856,745849239,53333.5874,52098.3005,50863.0136,0
FPT.VN,2023-04-06,53061.56,53587.57,52798.55,52798.55,932144,52088.4375,52814.3342,52359.3123,52439.2494,54.4807,42.7712,-145.9034,188.6746,759.0881,744917095,53296.3993,52088.4375,50880.4757,1
FPT.VN,2023-04-07,52732.8,53061.56,52601.3,52930.06,547210,52121.3135,52768.3082,52413.6692,52458.4968,55.7574,79.7165,-100.7795,180.4959,737.7432,745464305,53384.8827,52121.3135,50857.7443,0
FPT.VN,2023-04-10,53258.82,53258.82,52667.05,52798.55,1170769,52167.3395,52723.597,52450.3245,52471.8323,54.1226,97.263,-61.171,158.4339,727.3165,744293536,53460.3147,52167.3395,50874.3643,0
FPT.VN,2023-04-11,52732.8,52930.06,52667.05,52798.55,812147,52219.9405,52681.5158,52483.4889,52484.6447,54.1226,109.9018,-26.9564,136.8582,694.1518,744293536,53526.3608,52219.9405,50913.5202,0
FPT.VN,2023-04-12,52798.55,52930.06,52535.55,52798.55,874046,52213.365,52659.1602,52513.4947,52496.9547,54.1226,118.5516,2.1452,116.4064,672.7488,744293536,53505.9871,52213.365,50920.7429,0
FPT.VN,2023-04-13,52798.55,52864.3,52141.04,52338.29,822032,52226.515,52628.9144,52496.8085,52490.7326,47.9742,87.2615,19.1684,68.0931,676.3567,743471504,53518.5737,52226.515,50934.4563,0
FPT.VN,2023-04-14,52535.55,52667.05,52141.04,52338.29,606524,52246.2405,52622.3392,52481.7115,52484.7544,47.9742,61.7521,27.6852,34.0669,665.6177,743471504,53532.1558,52246.2405,50960.3252,0
FPT.VN,2023-04-17,52338.29,52404.04,51943.78,52338.29,684241,52311.992,52610.5038,52468.0523,52479.0107,47.9742,41.0624,30.3606,10.7018,650.9493,743471504,53461.8957,52311.992,51162.0883,0
FPT.VN,2023-04-18,52338.29,52601.3,52075.29,52206.79,458695,52354.7305,52593.4084,52443.1702,52468.3354,46.1052,13.8945,27.0674,-13.1729,642.0251,743012809,53414.404,52354.7305,51295.057,0
FPT.VN,2023-04-19,52469.8,52469.8,52141.04,52141.04,638463,52381.0315,52568.4228,52414.3959,52455.5003,45.1579,-12.7942,19.0951,-31.8893,619.649,742374346,53388.2131,52381.0315,51373.8499,1
FPT.VN,2023-04-20,52469.8,52469.8,52075.29,52206.79,554206,52427.0575,52551.3274,52394.6239,52445.747,46.3451,-28.3134,9.6134,-37.9268,603.5676,742928552,53298.5909,52427.0575,51555.5241,0
FPT.VN,2023-04-21,52601.3,52601.3,52141.04,52141.04,492763,52450.0705,52532.917,52370.4731,52433.7977,45.2893,-45.3946,-1.3882,-44.0064,593.3314,742435789,53260.8198,52450.0705,51639.3212,0
FPT.VN,2023-04-24,52272.54,52995.81,51943.78,52009.54,1208335,52450.0705,52511.8766,52336.0985,52417.1601,43.1709,-68.7501,-14.8606,-53.8895,626.0956,741227454,53260.8198,52450.0705,51639.3212,0
FPT.VN,2023-04-25,52009.54,52141.04,51483.52,51549.27,821272,52423.7695,52480.3158,52261.1624,52383.1252,36.7003,-122.9817,-36.4848,-86.4969,628.3402,740406182,53315.7678,52423.7695,51531.7712,0
FPT.VN,2023-04-26,51352.02,51549.27,51023.26,51483.52,1174115,52400.7565,52436.9198,52187.1013,52347.8466,35.8731,-169.3144,-63.0507,-106.2637,621.0309,739232067,53365.6647,52400.7565,51435.8483,0
FPT.VN,2023-04-27,51352.02,51812.28,51352.02,51483.52,336113,52374.4555,52393.5238,52120.0935,52313.9514,35.8731,-203.6855,-91.1777,-112.5078,609.5472,739232067,53410.3294,52374.4555,51338.5816,0
FPT.VN,2023-04-28,51812.28,51812.28,50957.51,50957.51,1438139,52321.854,52339.6076,52009.3713,52260.7576,29.6688,-270.254,-126.993,-143.2611,627.0631,737793928,53528.5151,52321.854,51115.1929,0
FPT.VN,2023-05-01,50957.51,50957.51,50957.51,50957.51,0,52210.0765,52269.911,51909.194,52209.6499,29.6688,-319.3291,-165.4602,-153.8689,582.2729,737793928,53488.9492,52210.0765,50931.2038,0
FPT.VN,2023-05-02,50957.51,50957.51,50957.51,50957.51,0,52111.449,52200.2144,51818.5574,52160.5463,29.6688,-354.1391,-203.196,-150.9432,540.682,737793928,53458.9377,52111.449,50763.9603,0
FPT.VN,2023-05-03,50957.51,50957.51,50957.51,50957.51,0,52009.534,52143.668,51736.5529,52113.3685,29.6688,-377.3762,-238.032,-139.3442,502.0618,737793928,53383.46,52009.534,50635.608,1
FPT.VN,2023-05-04,51154.76,51746.53,51023.26,51615.02,756179,51950.3575,52105.532,51724.9784,52093.8254,45.5128,-338.8303,-258.1917,-80.6386,522.5589,738550107,53282.5107,51950.3575,50618.2043,0
FPT.VN,2023-05-05,51680.78,51680.78,51417.77,51549.27,485463,51881.318,52073.9712,51708.2442,52072.4703,44.4348,-310.0143,-268.5562,-41.4581,504.0197,738064644,53140.8273,51881.318,50621.8087,1
FPT.VN,2023-05-08,51615.02,51878.03,51549.27,51615.02,551925,51822.1415,52050.3006,51699.3657,52054.531,45.8169,-278.6597,-270.5769,-8.0828,491.5011,738616569,53009.3355,51822.1415,50634.9475,1
FPT.VN,2023-05-09,51680.78,52469.8,51680.78,51878.03,921498,51776.1155,52029.26,51716.3814,52047.6094,51.0607,-229.9376,-262.449,32.5114,517.4496,739538067,52871.7694,51776.1155,50680.4616,1
FPT.VN,2023-05-10,51943.78,52338.29,51943.78,51943.78,961953,51733.377,52009.5344,51738.0384,52043.5377,52.3035,-183.8997,-246.7392,62.8395,513.3646,740500020,52722.6223,51733.377,50744.1317,1
FPT.VN,2023-05-11,52009.54,52338.29,51943.78,52009.54,723784,51716.9395,51997.6992,51763.8957,52042.2044,53.5733,-140.4886,-225.489,85.0005,504.875,741223804,52674.2738,51716.9395,50759.6052,1
FPT.VN,2023-05-12,52141.04,52995.81,51812.28,52930.06,1647259,51746.528,52024.0,51874.959,52077.0223,66.8697,-31.4442,-186.6801,155.2359,553.3504,742871063,52814.8664,51746.528,50678.1896,1
FPT.VN,2023-05-15,53521.82,53784.83,53127.31,53258.82,1421561,51792.5545,52060.821,52006.7552,52123.3673,70.157,80.5737,-133.2293,213.803,574.8803,744292624,53033.596,51792.5545,50551.513,1
FPT.VN,2023-05-16,53258.82,53719.08,53127.31,53587.57,1165750,51861.5935,52096.3268,52157.309,52180.787,73.038,193.6438,-67.8547,261.4985,576.0867,745458374,53332.0775,51861.5935,50391.1095,0
FPT.VN,2023-05-17,53850.58,54376.59,53324.57,53587.57,1484678,51933.92,52122.6274,52293.5244,52235.955,73.038,280.0247,1.7212,278.3035,610.082,745458374,53592.5382,51933.92,50275.3018,1
FPT.VN,2023-05-18,53784.83,54573.85,53521.82,54508.09,2357052,52048.985,52152.873,52504.4354,52325.0583,79.4731,417.9427,84.9655,332.9772,641.6497,747815426,54067.5521,52048.985,50030.4179,0
FPT.VN,2023-05-19,54573.85,54771.1,53784.83,54442.34,1632811,52164.05,52196.269,52688.9977,52408.089,78.0404,515.9902,171.1704,344.8198,666.2654,746182615,54449.4401,52164.05,49878.6599,0
FPT.VN,2023-05-22,54442.34,54442.34,53916.33,54245.09,853210,52275.8275,52243.6102,52837.197,52480.1282,73.7451,571.1928,251.1749,320.0179,656.2472,745329405,54741.0063,52275.8275,49810.6487,0
FPT.VN,2023-05-23,54245.09,54245.09,53521.82,53916.33,998454,52394.1805,52287.0062,52939.9716,52536.4499,67.1148,581.7075,317.2814,264.4261,661.0345,744330951,54938.5022,52394.1805,49849.8588,0
FPT.VN,2023-05-24,53916.33,53916.33,53916.33,53916.33,0,52515.821,52306.7316,53032.9581,52590.5628,67.1148,583.3164,370.4884,212.828,613.8178,744330951,55108.9771,52515.821,49922.6649,1
FPT.VN,2023-05-25,53390.32,54836.86,53258.82,54705.35,2039949,52676.9125,52359.3328,53192.2335,52673.4956,73.6972,640.8712,424.565,216.3062,682.6908,746370900,55397.2283,52676.9125,49956.5967,0
FPT.VN,2023-05-26,54639.6,54836.86,54113.59,54639.6,1314644,52861.017,52413.2492,53330.0779,52750.5978,72.3967,673.4156,474.3351,199.0805,685.5893,745056256,55589.7518,52861.017,50132.2822,0
FPT.VN,2023-05-29,54902.61,55034.11,54508.09,54639.6,1337761,53045.1215,52485.576,53454.7943,52824.6763,72.3967,691.2391,517.7159,173.5232,674.1915,745056256,55729.6032,53045.1215,50360.6398,1
FPT.VN,2023-05-30,54573.85,55823.13,54508.09,55231.36,2523283,53258.814,52563.1628,53623.991,52919.0561,76.6901,744.5319,563.0791,181.4528,719.9664,747579539,55923.9427,53258.814,50593.6853,1
FPT.VN,2023-05-31,55362.87,55362.87,54639.6,55297.11,1276622,53475.794,52636.8046,53783.3357,53012.3131,77.116,783.0459,607.0724,175.9734,720.2024,748856161,56057.3427,53475.794,50894.2453,0
FPT.VN,2023-06-01,55231.36,55231.36,54639.6,54902.61,817166,53640.1735,52709.1314,53889.9333,53086.4424,68.973,772.8269,640.2233,132.6036,715.7243,748038995,56140.2275,53640.1735,51140.1195,1
FPT.VN,2023-06-02,54902.61,55428.62,54639.6,55099.86,1119211,53817.703,52777.513,54005.1644,53165.3999,70.6423,771.7485,666.5284,105.2202,720.9597,749158206,56193.7791,53817.703,51441.6269,1
FPT.VN,2023-06-05,55165.61,56020.38,55099.86,55888.88,2168007,54031.396,52855.0998,54184.5659,53272.2031,76.166,825.0506,698.2328,126.8178,735.214,751326213,56341.1885,54031.396,51721.6035,1
FPT.VN,2023-06-06,56086.13,56086.13,55691.63,56086.13,781729,54241.801,52935.3166,54365.6672,53382.5531,77.3151,873.1442,733.2151,139.9291,710.8773,752107942,56491.5478,54241.801,51992.0542,0
FPT.VN,2023-06-07,55888.88,56151.89,55428.62,55888.88,1073433,54439.056,53014.2186,54510.7351,53480.8405,73.4989,885.1389,763.5999,121.5391,711.7625,751034509,56526.3732,54439.056,52351.7388,0
FPT.VN,2023-06-08,55691.63,55823.13,54902.61,54968.36,1892728,54586.997,53073.395,54554.3184,53539.1746,58.8904,811.0177,773.0834,37.9343,731.3702,749141781,56342.2973,54586.997,52831.6967,1
FPT.VN,2023-06-09,55428.62,55691.63,55034.11,55625.88,1034499,54721.788,53145.7218,54656.3719,53621.0061,64.3422,796.1549,777.6977,18.4572,730.7916,750176280,56350.8395,54721.788,53092.7365,1
FPT.VN,2023-06-12,55560.12,55823.13,54968.36,55823.13,790398,54850.0035,53198.3232,54767.4917,53707.3639,65.8071,791.1723,780.3926,10.7796,739.6472,750966678,56395.7607,54850.0035,53304.2463,0
FPT.VN,2023-06-13,55494.37,55823.13,55428.62,55494.37,709944,54945.3435,53249.6094,54836.7182,53777.4426,61.2876,752.0264,774.7194,-22.6929,714.9946,750256734,56395.5095,54945.3435,53495.1775,0
FPT.VN,2023-06-14,55428.62,55757.38,55297.11,55362.87,1001648,55034.1085,53296.9506,54886.8279,53839.6162,59.5266,702.2965,760.2348,-57.9383,696.7999,749255086,56344.9826,55034.1085,53723.2344,0
FPT.VN,2023-06-15,55362.87,55494.37,54968.36,55297.11,1214570,55073.5595,53346.9218,54925.9024,53896.7729,58.6195,650.0851,738.2049,-88.1198,684.6007,748040516,56365.1275,55073.5595,53781.9915,1
FPT.VN,2023-06-16,55297.11,56677.9,54836.86,55560.12,3393832,55129.4485,53399.523,54986.3041,53962.0022,61.1683,622.7512,715.1141,-92.3629,767.2035,751434348,56402.6157,55129.4485,53856.2813,1
FPT.VN,2023-06-19,55691.63,56217.64,55560.12,55691.63,1008644,55201.7755,53457.3846,55053.478,54029.8307,62.4148,604.7297,693.0373,-88.3075,759.3689,752442992,56426.8528,55201.7755,53976.6982,1
FPT.VN,2023-06-20,55888.88,56414.89,55691.63,56217.64,1436466,55316.841,53525.7664,55164.3505,54115.6271,66.9806,625.6797,679.5658,-53.886,756.7897,753879458,56463.3394,55316.841,54170.3426,1
FPT.VN,2023-06-21,56217.64,56809.4,56151.89,56414.89,1073433,55441.769,53598.0932,55283.4495,54205.7943,68.5247,650.6983,673.7923,-23.0939,749.6983,754952891,56485.6301,55441.769,54397.9079,0
FPT.VN,2023-06-22,56414.89,56414.89,56414.89,56414.89,0,55527.246,53679.6252,55391.2058,54292.4255,68.5247,662.8844,671.6107,-8.7263,696.1484,754952891,56596.8591,55527.246,54457.6329,0
FPT.VN,2023-06-23,56283.39,56283.39,55757.38,55954.63,1250159,55592.9975,53751.952,55444.8652,54357.61,60.827,628.1618,662.9209,-34.7591,693.3885,753702732,56592.2203,55592.9975,54593.7747,1
FPT.VN,2023-06-26,55954.63,56414.89,55625.88,56414.89,1307039,55681.762,53833.484,55537.2485,54438.2877,65.0546,630.5149,656.4397,-25.9249,700.2187,755009771,56638.9044,55681.762,54724.6196,1
FPT.VN,2023-06-27,56546.39,57401.17,56546.39,57401.17,2342755,55790.2525,53937.3716,55714.7649,54554.4791,72.0223,703.8507,665.9219,37.9288,720.6516,757352526,56992.8528,55790.2525,54587.6522,0
FPT.VN,2023-06-28,57466.92,57729.93,57203.91,57203.91,1467492,55885.5925,54038.629,55856.5882,54658.3784,69.0566,737.5505,680.2476,57.3029,706.7493,755885034,57218.8212,55885.5925,54552.3638,0
FPT.VN,2023-06-29,57203.91,57269.66,56875.15,56875.15,855340,55984.2195,54131.9962,55953.5941,54745.3106,64.304,729.3226,690.0626,39.26,684.4465,755029694,57303.0342,55984.2195,54665.4048,0
FPT.VN,2023-06-30,56875.15,56940.91,56546.39,56546.39,1115561,56056.546,54220.1032,56010.0509,54815.9412,59.867,688.3389,689.7179,-1.3789,663.7375,753914133,57328.9962,56056.546,54784.0958,1
FPT.VN,2023-07-03,56875.15,57072.41,56546.39,56809.4,1581101,56102.572,54316.1004,56086.1793,54894.116,62.1189,669.3658,685.6475,-16.2817,653.9005,755495234,57415.4374,56102.572,54789.7066,1
FPT.VN,2023-07-04,56809.4,57203.91,56677.9,57203.91,2019874,56158.461,54429.1932,56192.6299,54984.6962,65.2672,678.3436,684.1867,-5.8431,644.7655,757515108,57560.5179,56158.461,54756.4041,0
FPT.VN,2023-07-05,56786.39,57844.99,56559.55,56559.55,2363704,56191.9945,54530.7138,56227.5747,55046.4551,56.943,626.2451,672.5984,-46.3533,690.528,755151404,57598.976,56191.9945,54785.013,0
FPT.VN,2023-07-06,56559.55,56862.0,55954.63,56408.32,2006232,56263.9925,54629.2098,56244.7885,55099.8616,55.1647,566.2266,651.324,-85.0974,706.0167,753145172,57549.4518,56263.9925,54978.5332,1
FPT.VN,2023-07-07,56105.86,57088.85,56105.86,56937.62,1185356,56329.5795,54748.812,56310.7724,55171.9306,59.8864,554.9741,632.054,-77.0799,725.8005,754330528,57611.8046,56329.5795,55047.3544,0
FPT.VN,2023-07-10,56937.62,57391.3,56635.16,56937.62,1526561,56385.304,54868.4142,56370.4722,55241.1733,59.8864,539.8336,613.61,-73.7763,727.9676,754330528,57671.7187,56385.304,55098.8893,0
FPT.VN,2023-07-11,56937.62,57013.23,56710.77,56710.77,1443244,56446.124,54983.4794,56402.8815,55298.8045,56.9075,503.7232,591.6326,-87.9094,697.5742,752887284,57668.6134,56446.124,55223.6346,1
FPT.VN,2023-07-12,56710.77,57240.07,56635.16,56937.62,1196730,56524.8615,55103.0816,56453.809,55363.0718,59.0986,487.7874,570.8636,-83.0762,690.9553,754084014,57652.777,56524.8615,55396.946,1
FPT.VN,2023-07-13,57315.69,57315.69,57013.23,57315.69,1656299,56625.7905,55217.095,56535.8929,55439.6451,62.519,499.9027,556.6714,-56.7687,668.6064,755740313,57647.3704,56625.7905,55604.2106,1
FPT.VN,2023-07-14,58147.45,59206.05,57542.53,59206.05,3733153,56808.087,55370.2306,56790.1936,55587.3472,74.1563,654.4957,576.2363,78.2595,755.8745,759473466,58245.5311,56808.087,55370.6429,1
FPT.VN,2023-07-17,59735.35,59886.58,59357.28,59735.35,1525239,57010.273,55532.6372,57070.6847,55750.014,76.3687,810.3804,623.0651,187.3153,750.4927,760998705,58863.8315,57010.273,55156.7145,0
FPT.VN,2023-07-18,59735.35,59735.35,59054.82,59508.51,949951,57174.8165,55685.2468,57302.8585,55897.406,73.466,905.1817,679.4884,225.6933,745.4954,760048754,59296.9259,57174.8165,55052.7071,0
FPT.VN,2023-07-19,59357.28,59659.73,59206.05,59357.28,937123,57321.936,55833.5168,57498.5177,56033.0873,71.5144,957.0767,735.0061,222.0707,724.6514,759111631,59622.6764,57321.936,55021.1956,1
FPT.VN,2023-07-20,59432.89,61474.48,59357.28,60718.34,3034211,57537.1085,56007.6928,57805.1674,56216.8227,77.3469,1095.403,807.0855,288.3176,824.1192,762145842,60248.8966,57537.1085,54825.3204,1
FPT.VN,2023-07-21,60264.65,61247.64,60189.04,61247.64,1684336,57801.759,56174.0444,58133.022,56414.1097,79.136,1233.5184,892.3721,341.1464,840.8678,763830178,60872.6249,57801.759,54730.8931,0
FPT.VN,2023-07-24,61247.64,61474.48,60945.18,61247.64,1550895,58043.3965,56333.8208,58429.6523,56603.6599,79.136,1327.6713,979.4319,348.2394,818.613,763830178,61401.8563,58043.3965,54684.9367,1
FPT.VN,2023-07-25,61247.64,62155.01,61247.64,61474.48,1397750,58247.062,56491.559,58719.6359,56794.6724,79.9241,1404.4032,1064.4262,339.977,824.9528,765227928,61920.7733,58247.062,54573.3507,1
FPT.VN,2023-07-26,61398.87,62533.08,61323.25,62533.08,1680633,58513.5205,56670.4692,59082.821,57019.708,83.1271,1532.9629,1158.1335,374.8294,852.444,766908561,62616.6263,58513.5205,54410.4147,1
FPT.VN,2023-07-27,62608.7,63818.53,62608.7,63289.23,1874908,58834.2245,56846.092,59483.4314,57265.5716,84.9715,1676.5363,1261.8141,414.7222,883.373,768783469,63377.227,58834.2245,54291.222,1
FPT.VN,2023-07-28,63138.0,63818.53,62835.54,63818.53,1188134,59197.8315,57033.6158,59896.2979,57522.5504,86.1156,1812.1401,1371.8793,440.2608,890.4885,769971603,64118.2413,59197.8315,54277.4217,1
FPT.VN,2023-07-31,64045.37,64877.13,63818.53,64725.9,1946058,59593.6565,57243.232,60356.26,57805.0347,87.8266,1970.114,1491.5262,478.5878,902.4965,771917661,64958.6687,59593.6565,54228.6443,0
FPT.VN,2023-08-01,64725.9,65255.2,63894.14,63894.14,1702454,59928.168,57442.7882,60693.201,58043.8231,78.3013,2005.0801,1594.237,410.8431,935.251,770215207,65496.2396,59928.168,54360.0964,0
FPT.VN,2023-08-02,63894.14,64120.98,63138.0,63138.0,1317606,60257.0905,57627.2216,60926.039,58243.5948,70.7853,1949.3064,1665.2509,284.0555,938.6602,768897601,65764.1747,60257.0905,54750.0063,1
FPT.VN,2023-08-03,63364.84,63667.3,62684.31,63289.23,1200697,60601.136,57798.8992,61151.1048,58441.4628,71.3771,1895.4587,1711.2924,184.1662,941.8266,770098298,65953.3884,60601.136,55248.8836,0
FPT.VN,2023-08-04,63516.07,63894.14,62986.77,62986.77,2140995,60903.5935,57965.8426,61325.93,58619.7102,68.3932,1807.5417,1730.5423,76.9994,939.3654,767957303,66064.4107,60903.5935,55742.7763,1
FPT.VN,2023-08-07,63213.61,63894.14,62986.77,63894.14,995181,61251.4195,58150.9334,61570.5215,58826.5506,72.154,1790.445,1742.5228,47.9222,937.0801,768952484,66220.9356,61251.4195,56281.9034,0
FPT.VN,2023-08-08,63516.07,63969.75,63364.84,63667.3,841110,61599.246,58319.6522,61770.2147,59016.3839,69.9143,1738.5507,1741.7284,-3.1777,913.3536,768111374,66189.986,61599.246,57008.506,0
FPT.VN,2023-08-09,63516.07,64045.37,62759.93,62835.54,1299620,61894.142,58470.4208,61871.6742,59166.1547,62.2805,1611.7289,1715.7285,-103.9996,939.9312,766811754,65950.6932,61894.142,57837.5908,0
FPT.VN,2023-08-10,62835.54,62986.77,62155.01,62155.01,1776514,62136.108,58615.4688,61898.6586,59283.3647,56.8145,1439.7126,1660.5253,-220.8127,932.2047,765035240,65572.7225,62136.108,58699.4935,0
FPT.VN,2023-08-11,62003.78,62759.93,61625.71,62003.78,1511485,62275.9945,58753.5472,61908.6701,59390.0477,55.6458,1276.4711,1583.7145,-307.2434,946.6344,763523755,65426.2634,62275.9945,59125.7256,1
FPT.VN,2023-08-14,62079.39,62911.15,62003.78,62457.47,1341147,62412.1005,58884.919,61960.9368,59510.3387,58.4099,1170.2204,1501.0157,-330.7952,943.8298,764864902,65326.5828,62412.1005,59497.6182,1
FPT.VN,2023-08-15,62457.47,63742.91,61625.71,63516.07,2215981,62612.4785,59033.5178,62109.0447,59667.4262,64.041,1158.0865,1432.4298,-274.3434,1027.6419,767080883,65221.4657,62612.4785,60003.4913,1
FPT.VN,2023-08-16,62911.15,64423.44,62911.15,64347.82,3432416,62862.0055,59202.6966,62322.2614,59850.9711,67.7371,1201.7327,1386.2904,-184.5577,1062.2596,770513299,65086.377,62862.0055,60637.634,1
FPT.VN,2023-08-17,64272.21,65935.73,64272.21,65028.36,4885050,63077.5065,59403.8966,62579.9851,60054.0059,70.4165,1276.5216,1364.3366,-87.8151,1105.2068,775398349,65262.1978,63077.5065,60892.8152,0
FPT.VN,2023-08-18,64725.9,66465.03,63742.91,64650.29,5612293,63247.639,59584.3848,62777.157,60234.2524,67.0834,1290.4101,1349.5513,-59.1412,1220.7006,769786056,65361.1294,63247.639,61134.1486,1
FPT.VN,2023-08-21,64952.74,65557.66,64650.29,64952.74,3243828,63432.894,59766.977,62984.3554,60419.2911,68.3731,1310.7131,1341.7837,-31.0706,1198.3199,773029884,65455.8404,63432.894,61409.9476,1
FPT.VN,2023-08-22,65255.2,65406.43,62759.93,65406.43,3081821,63629.4915,59965.2182,63215.0291,60614.8652,70.2558,1347.8748,1343.0019,4.8729,1301.7613,776111705,65614.9613,63629.4915,61644.0217,0
FPT.VN,2023-08-23,65330.81,65633.27,64045.37,65406.43,1875966,63773.159,60166.0894,63423.734,60802.7697,70.2558,1361.6297,1346.7275,14.9022,1322.1998,776111705,65838.7934,63773.159,61707.5246,1
FPT.VN,2023-08-24,64650.29,68128.55,64347.82,68052.93,6945241,64011.344,60421.2058,63864.6098,61087.0897,78.7953,1568.006,1390.9832,177.0228,1497.8091,783056946,66810.4087,64011.344,61212.2793,1
FPT.VN,2023-08-25,67674.86,68809.07,67372.4,68506.62,3691626,64245.7485,60680.1358,64306.706,61378.0517,79.8627,1748.0196,1462.3905,285.6292,1493.442,786748572,67688.1022,64245.7485,60803.3948,1
FPT.VN,2023-08-28,69565.22,71304.35,68809.07,71077.51,3902300,64563.329,60987.8534,64951.5445,61758.4226,84.5948,2074.2207,1584.7565,489.4642,1586.6054,790650872,69167.9449,64563.329,59958.7131,0
FPT.VN,2023-08-29,71077.51,71077.51,70170.13,70775.05,2046436,64907.3745,61279.0016,65506.1641,62112.0158,82.149,2282.0257,1724.2104,557.8153,1538.0893,788604436,70267.6992,64907.3745,59547.0498,1
FPT.VN,2023-08-30,70472.59,74253.3,70396.98,73043.48,3122025,65402.6485,61611.5734,66224.0037,62540.7007,85.5283,2599.7872,1899.3257,700.4615,1703.6772,791726461,71803.9927,65402.6485,59001.3043,1
FPT.VN,2023-08-31,73043.48,73724.01,72665.41,73119.09,1856393,65894.1415,61945.6574,66880.6786,62955.5395,85.626,2825.1501,2084.4906,740.6595,1657.6003,793582854,73074.3388,65894.1415,58713.9442,0
FPT.VN,2023-09-01,73119.09,73119.09,73119.09,73119.09,0,66400.7575,62288.9466,67474.813,63354.1101,85.626,2969.521,2261.4967,708.0243,1539.2003,793582854,74126.33,66400.7575,58675.185,0
FPT.VN,2023-09-04,73119.09,73119.09,73119.09,73119.09,0,66862.005,62623.0306,68012.3632,63737.0505,85.626,3048.7914,2418.9556,629.8357,1429.2574,793582854,75045.4171,66862.005,58678.5929,1
FPT.VN,2023-09-05,73421.55,74631.38,73194.7,73194.7,1903871,67338.375,62938.9012,68505.9191,64107.9387,85.7462,3082.1853,2551.6015,530.5837,1435.1883,795486725,75841.7171,67338.375,58835.0329,1
FPT.VN,2023-09-06,73421.55,74858.23,72816.63,74858.23,3294347,67939.5095,63291.9876,69110.9011,64529.5187,88.1027,3205.9273,2682.4667,523.4606,1478.5034,798781072,76795.1098,67939.5095,59083.9092,0
FPT.VN,2023-09-07,74858.23,76219.28,73799.63,74026.47,4297596,68533.0825,63635.014,69579.0505,64901.9482,80.9009,3199.9901,2785.9714,414.0187,1545.7282,794483476,77347.5078,68533.0825,59718.6572,0
FPT.VN,2023-09-08,73724.01,74480.15,73345.94,73799.63,2797881,69122.875,63980.0788,69981.0104,65250.8769,79.0042,3140.7758,2856.9323,283.8436,1516.334,791685595,77672.3542,69122.875,60573.3958,0
FPT.VN,2023-09-11,74631.38,75236.3,72060.49,73648.39,6810610,69682.421,64316.8586,70330.2847,65580.1911,77.6962,3046.5259,2894.851,151.6749,1634.868,784874985,77851.4949,69682.421,61513.3471,1
FPT.VN,2023-09-12,73648.39,74782.61,73648.39,74782.61,3545225,70245.748,64668.4326,70754.3157,65941.0703,80.3267,3028.4441,2921.5696,106.8745,1599.1074,788420210,78174.7315,70245.748,62316.7645,0
FPT.VN,2023-09-13,74782.61,74858.23,73648.39,74102.08,3821099,70733.461,65019.2832,71073.1504,66261.1099,74.6388,2925.4781,2922.3513,3.1268,1571.3026,784599111,78327.8518,70733.461,63139.0702,0
FPT.VN,2023-09-14,74102.08,74102.08,72211.72,72514.18,3067803,71107.752,65341.4004,71210.3913,66506.3283,63.3644,2684.7978,2874.8406,-190.0428,1594.0924,781531308,78242.1914,71107.752,63973.3126,1
FPT.VN,2023-09-15,72589.79,73950.85,72060.49,73724.01,2823273,71561.438,65677.1282,71449.7835,66789.3747,67.4043,2562.1453,2812.3015,-250.1563,1615.2544,784354581,78095.6466,71561.438,65027.2294,0
FPT.VN,2023-09-18,73270.32,73270.32,72362.95,73270.32,2680575,71977.317,66003.7822,71623.168,67043.5294,64.5305,2400.6599,2729.9732,-329.3133,1597.0977,781674006,77755.5287,71977.317,66199.1053,1
FPT.VN,2023-09-19,73194.7,74404.54,72514.18,74404.54,4739311,72427.2225,66357.6576,71888.0605,67332.1965,68.1827,2337.2613,2651.4308,-314.1696,1618.045,786413317,77395.7186,72427.2225,67458.7264,1
FPT.VN,2023-09-20,74706.99,75387.52,74480.15,74480.15,3233248,72880.9085,66708.5082,72134.9262,67612.5084,68.4162,2266.986,2574.5419,-307.5558,1572.6832,789646565,76666.3277,72880.9085,69095.4893,0
FPT.VN,2023-09-21,74480.15,74782.61,72816.63,73194.7,4521627,73137.997,67026.0884,72235.857,67831.4179,60.3133,2083.5495,2476.3434,-392.7939,1600.7758,785124938,76165.3057,73137.997,70110.6883,0
FPT.VN,2023-09-22,71909.27,73345.94,70018.91,73119.09,9073672,73368.6205,67304.3492,72319.9745,68038.7776,59.8641,1910.0557,2363.0858,-453.0302,1724.0797,776051266,75472.1915,73368.6205,71265.0495,0
FPT.VN,2023-09-25,73345.94,73799.63,71304.35,71304.35,2773414,73379.9625,67535.7292,72223.2483,68166.8392,50.2017,1607.5949,2211.9876,-604.3928,1779.1654,773277852,75433.3681,73379.9625,71326.5569,0
FPT.VN,2023-09-26,71228.73,72211.72,70396.98,70699.43,2848797,73376.1815,67759.5476,72078.1228,68266.1565,47.4523,1304.0482,2030.3998,-726.3515,1781.7065,770429055,75449.9604,73376.1815,71302.4026,1
FPT.VN,2023-09-27,71001.89,71304.35,68355.39,71304.35,5965004,73289.225,67998.489,72004.4301,68385.3013,50.379,1099.6216,1844.2441,-744.6225,1865.0817,776394059,75558.3877,73289.225,71020.0623,0
FPT.VN,2023-09-28,71153.12,71304.35,69111.53,71077.51,2333419,73187.146,68205.6724,71916.152,68490.8782,49.2708,908.8315,1657.1616,-748.3301,1888.4916,774060640,75662.8195,73187.146,70711.4725,0
FPT.VN,2023-09-29,71077.51,71758.03,70170.13,70170.13,2162684,73039.698,68384.1222,71749.8642,68556.7312,45.006,676.6114,1461.0516,-784.4402,1867.0208,771897956,75859.7574,73039.698,70219.6386,1
FPT.VN,2023-10-02,70623.82,70926.27,69565.22,70472.59,1504343,72907.373,68568.6212,71628.219,68631.8629,46.6633,511.0898,1271.0592,-759.9694,1830.88,773402299,75951.2291,72907.373,69863.5169,0
FPT.VN,2023-10-03,69716.45,70699.43,69187.15,69716.45,2654125,72733.4605,68733.4606,71446.1458,68674.3957,43.1615,315.2643,1079.9002,-764.6359,1808.1229,770748174,76089.6349,72733.4605,69377.2861,1
FPT.VN,2023-10-04,69035.91,70623.82,69035.91,69943.29,2105023,72487.7135,68881.6648,71303.0167,68724.1563,44.5069,176.3426,899.1887,-722.8461,1792.3934,772853197,75907.9668,72487.7135,69067.4602,0
FPT.VN,2023-10-05,70170.13,70548.2,69262.76,69262.76,1810634,72249.528,69001.1354,71108.7065,68745.278,41.345,11.2039,721.5917,-710.3878,1756.1824,771042563,75875.8655,72249.528,68623.1905,1
FPT.VN,2023-10-06,69187.15,70170.13,68809.07,70094.52,1517833,72064.2725,69126.6552,71012.1173,68798.1894,46.3608,-51.9547,566.8825,-618.8372,1727.9594,772560396,75735.4658,72064.2725,68393.0792,1
FPT.VN,2023-10-09,69867.67,72287.34,69716.45,72287.34,4836382,71996.22,69277.884,71133.5671,68935.0189,56.8396,74.0799,468.3219,-394.242,1788.1687,777396778,75593.4878,71996.22,68398.9522,1
FPT.VN,2023-10-10,72967.87,73497.16,72136.11,72816.63,4305398,71897.921,69456.3338,71293.8588,69087.2389,58.9254,214.2033,417.4982,-203.2949,1757.6602,781702176,75275.321,71897.921,68520.521,1
FPT.VN,2023-10-11,72514.18,74102.08,72514.18,73345.94,3118719,71860.114,69660.4926,71489.2951,69254.2468,60.9575,363.7697,406.7525,-42.9828,1745.5345,784820895,75149.4044,71860.114,68570.8236,0
FPT.VN,2023-10-12,73345.94,73950.85,72589.79,72892.25,2487887,71879.0175,69852.553,71622.9099,69396.9136,58.2954,440.6141,413.5248,27.0892,1718.072,782333008,75188.419,71879.0175,68569.616,0
FPT.VN,2023-10-13,72589.79,72816.63,72060.49,72665.41,3123877,71826.0875,70046.1258,71722.1956,69525.0899,56.956,477.703,426.3605,51.3425,1654.764,779209131,75043.8356,71826.0875,68608.3394,1
FPT.VN,2023-10-16,73194.7,74782.61,72816.63,73194.7,6578908,71822.3065,70232.137,71862.4341,69668.9962,59.3054,543.5399,449.7964,93.7436,1687.7952,785788039,75033.0794,71822.3065,68611.5336,0
FPT.VN,2023-10-17,73950.85,73950.85,70396.98,70396.98,3200582,71621.9285,70366.7306,71722.867,69697.5446,45.2474,365.7475,432.9866,-67.2391,1821.0862,782587457,74649.1261,71621.9285,68594.7309,0
FPT.VN,2023-10-18,71758.03,71758.03,68809.07,70321.36,8123853,71413.989,70516.447,71589.3902,69722.0079,44.9373,216.2509,389.6394,-173.3885,1901.6486,774463604,74174.0774,71413.989,68653.9006,0
FPT.VN,2023-10-19,71077.51,71304.35,69565.22,69565.22,4006381,71232.515,70664.6512,71396.6121,69715.8594,41.8492,36.3408,318.9797,-282.639,1890.0402,770457223,73976.8595,71232.515,68488.1705,1
FPT.VN,2023-10-20,69943.29,70321.36,68128.55,70245.75,3786582,71088.848,70829.4906,71287.0062,69736.6394,45.4806,-50.7414,245.0355,-295.7768,1911.6666,774243805,73715.6736,71088.848,68462.0224,0
FPT.VN,2023-10-23,70926.27,70926.27,68657.84,68809.07,2607573,70964.084,70956.5226,71051.0122,69700.2641,39.8262,-232.9968,149.429,-382.4258,1937.1497,771636232,73778.1703,70964.084,68149.9977,1
FPT.VN,2023-10-24,69867.67,69867.67,68657.84,69565.22,2132399,70907.3735,71077.5056,70909.5082,69694.9683,43.7874,-312.8146,56.9803,-369.7949,1885.1983,773768631,73788.8239,70907.3735,68025.9231,0
FPT.VN,2023-10-25,69413.99,70094.52,68733.46,68733.46,2428771,70778.829,71165.2184,70702.2655,69657.2621,40.6198,-438.1363,-42.043,-396.0933,1847.7598,771339860,73811.1437,70778.829,67746.5143,0
FPT.VN,2023-10-26,66767.48,67977.31,65028.36,65633.27,7815313,70506.617,71177.3166,70219.5041,69499.4585,31.4792,-778.6384,-189.3621,-589.2763,1980.427,763524547,74306.3818,70506.617,66706.8522,1
FPT.VN,2023-10-27,66162.57,66540.64,65255.2,65784.5,2691023,70287.3355,71200.0008,69797.1227,69353.7738,32.2797,-1024.4763,-356.3849,-668.0914,1930.7851,766215570,74635.4745,70287.3355,65939.1965,0
FPT.VN,2023-10-30,65784.5,65860.12,64272.21,64272.21,2472413,69977.3165,71186.3902,69270.9406,69154.4968,28.6722,-1326.0479,-550.3175,-775.7304,1906.294,763743157,75087.269,69977.3165,64867.364,0
FPT.VN,2023-10-31,64347.82,64499.05,62759.93,62759.93,4082822,69629.4905,71133.4602,68650.8443,68903.7295,25.5921,-1667.848,-773.8236,-894.0244,1894.353,759660335,75675.5092,69629.4905,63583.4718,1
FPT.VN,2023-11-01,63742.91,64574.67,62457.47,64574.67,2876702,69361.0595,71116.825,68262.6372,68733.9625,34.6627,-1771.8677,-973.4324,-798.4353,1910.2706,762537037,75811.5962,69361.0595,62910.5228,1
FPT.VN,2023-11-02,65330.81,67296.79,64952.74,67296.79,2914790,69262.761,71101.7022,68170.6518,68677.6027,45.4122,-1616.0232,-1101.9506,-514.0726,1968.2599,765451827,75779.1865,69262.761,62746.3355,0
FPT.VN,2023-11-03,67296.79,67448.02,65784.5,65784.5,6403941,69047.26,71047.2598,67943.3992,68564.1477,41.3427,-1596.1451,-1200.7895,-395.3556,1946.4927,759047886,75730.7939,69047.26,62363.7261,1
FPT.VN,2023-11-06,66691.88,67221.17,66389.41,66918.71,1600357,68778.8285,70964.0838,67845.8098,68499.6208,45.3017,-1471.9032,-1255.0122,-216.8909,1910.0768,760648243,75344.6445,68778.8285,62213.0125,0
FPT.VN,2023-11-07,66918.71,67145.55,66465.03,66767.48,1772414,68476.371,70883.9324,67743.1117,68431.6937,44.8669,-1369.8527,-1277.9803,-91.8724,1822.2513,758875829,74812.3051,68476.371,62140.4369,1
FPT.VN,2023-11-08,66691.88,70018.91,66540.64,70018.91,3892382,68310.0195,70823.441,67959.8544,68493.9375,54.8918,-1014.9144,-1225.3672,210.4527,1940.5384,762768211,74271.2549,68310.0195,62348.7841,0
FPT.VN,2023-11-09,69565.22,70548.2,69413.99,69943.29,2790739,68162.5715,70759.925,68148.753,68550.7748,54.6429,-731.2953,-1126.5528,395.2575,1882.9435,759977472,73782.7133,68162.5715,62542.4297,0
FPT.VN,2023-11-10,69187.15,70094.52,69035.91,69187.15,3182596,67988.6585,70681.2862,68247.648,68575.7307,52.0995,-561.0716,-1013.4565,452.385,1824.0625,756794876,73224.2204,67988.6585,62753.0966,0
FPT.VN,2023-11-13,69262.76,69565.22,68431.0,69111.53,2026202,67784.5,70601.135,68329.9225,68596.7424,51.8396,-427.3438,-896.234,468.8902,1774.7881,754768674,72453.0312,67784.5,63115.9688,1
FPT.VN,2023-11-14,69565.22,70623.82,69035.91,70018.91,2642090,67765.5965,70537.6192,68490.7784,68652.5137,54.7559,-245.3177,-766.0507,520.733,1761.4396,757410764,72392.4634,67765.5965,63138.7296,0
FPT.VN,2023-11-15,70850.66,70926.27,69565.22,69867.67,3197276,67742.912,70437.808,68621.9109,68700.1669,54.1671,-111.9738,-635.2354,523.2616,1732.8404,754213488,72321.2134,67742.912,63164.6106,1
FPT.VN,2023-11-16,69716.45,70321.36,69262.76,70321.36,2521081,67780.719,70363.7058,68783.7632,68763.7431,55.7058,29.9658,-502.1951,532.1609,1684.6804,756734569,72434.2521,67780.719,63127.1859,0
FPT.VN,2023-11-17,70623.82,70699.43,68506.62,68809.07,4718547,67708.885,70263.8946,68786.1734,68765.5206,49.7147,20.192,-397.7177,417.9097,1720.9753,752016022,72245.0771,67708.885,63172.6929,0
FPT.VN,2023-11-20,68128.55,70018.91,67372.4,68582.23,2190721,67697.543,70162.5714,68766.7502,68758.3328,48.8657,-5.7911,-319.3324,313.5413,1787.0849,749825301,72223.2749,67697.543,63171.8111,1
FPT.VN,2023-11-21,69565.22,69565.22,68582.23,69489.6,1931775,67693.762,70056.7112,68835.5931,68787.0099,52.3695,46.3006,-246.2058,292.5063,1729.6496,751757076,72213.0458,67693.762,63174.4782,1
FPT.VN,2023-11-22,69489.6,70396.98,69489.6,70321.36,4326823,67773.157,69981.0968,68977.0947,68847.1805,55.3872,152.9367,-166.3773,319.314,1670.916,756083899,72423.2476,67773.157,63123.0664,0
FPT.VN,2023-11-23,70548.2,70850.66,68657.84,68657.84,2864138,67924.3855,69903.97,68946.6895,68839.7554,48.7366,102.0382,-112.6942,214.7324,1708.1949,753219761,72477.1643,67924.3855,63371.6067,1
FPT.VN,2023-11-24,68657.84,69565.22,68204.16,68960.3,2973641,68083.1755,69808.6958,68947.9857,68844.4826,49.9142,85.1255,-73.1303,158.2557,1683.3996,756193402,72542.2702,68083.1755,63624.0808,0
FPT.VN,2023-11-27,69111.53,69111.53,68128.55,68582.23,2194688,68298.6765,69714.934,68913.1518,68834.1982,48.417,40.7453,-50.3552,91.1004,1633.3696,753998714,72383.1408,68298.6765,64214.2122,1
FPT.VN,2023-11-28,68657.84,69489.6,67977.31,68884.69,1442450,68604.9145,69604.537,68910.4412,68836.1783,49.7164,29.638,-34.3565,63.9945,1624.721,755441164,71751.6286,68604.9145,65458.2004,1
FPT.VN,2023-11-29,69262.76,69565.22,68884.69,69338.38,1059983,68843.1,69501.7016,68951.1973,68855.8725,51.6826,56.7897,-16.1273,72.917,1557.2788,756501147,71364.3382,68843.1,66321.8618,1
FPT.VN,2023-11-30,69111.53,70850.66,69035.91,69489.6,2621724,68952.7405,69427.5996,69002.4737,68880.7245,52.3514,89.4784,4.9939,84.4845,1575.6696,759122871,71379.8036,68952.7405,66525.6774,1
FPT.VN,2023-12-01,69716.45,70245.75,69035.91,69867.67,1574833,69156.899,69362.5712,69084.8734,68919.4283,54.0633,144.2289,32.8409,111.3881,1549.5389,760697704,71100.6475,69156.899,67213.1505,1
FPT.VN,2023-12-04,70018.91,71077.51,70018.91,70775.05,4578891,69349.716,69351.9852,69245.8426,68992.1977,57.9666,257.8646,77.8456,180.019,1525.2747,765276595,71115.5679,69349.716,67583.8641,1
FPT.VN,2023-12-05,70926.27,72438.56,70850.66,71682.42,4748039,69595.463,69371.645,69477.8976,69097.6967,61.4905,416.3396,145.5444,270.7952,1535.1487,770024634,71209.6983,69595.463,67981.2277,1
FPT.VN,2023-12-06,71833.65,72136.11,71153.12,71833.65,1614375,69686.2,69382.231,69702.2549,69204.9889,62.0614,547.8202,225.9996,321.8206,1495.7088,771639009,71580.3933,69686.2,67792.0067,0
FPT.VN,2023-12-07,71909.27,72060.49,70170.13,71304.35,4974187,69754.253,69386.7678,69854.8354,69287.3168,58.7772,602.3657,301.2728,301.0929,1523.8981,766664822,71780.5298,69754.253,67727.9762,0
FPT.VN,2023-12-08,71304.35,71909.27,70699.43,71228.73,2308820,69856.332,69407.9398,69985.6825,69363.4507,58.3025,632.2039,367.459,264.7449,1501.4654,764356002,71966.289,69856.332,67746.375,1
FPT.VN,2023-12-11,72211.72,72362.95,71531.19,71833.65,2069051,69992.438,69435.161,70161.6794,69460.3212,61.0149,696.6325,433.2937,263.3388,1475.2336,766425053,72246.3783,69992.438,67738.4977,1
FPT.VN,2023-12-12,72136.11,73194.7,72060.49,73194.7,5402280,70151.2275,69504.726,70450.5385,69606.7675,66.323,847.7458,516.1841,331.5616,1467.0776,771827333,72821.9527,70151.2275,67480.5023,0
FPT.VN,2023-12-13,73648.39,73648.39,71984.88,71984.88,2840862,70257.088,69545.5578,70596.6663,69700.0268,58.6753,859.9685,584.941,275.0275,1481.1085,768986471,73045.7273,70257.088,67468.4487,1
FPT.VN,2023-12-14,72438.56,72892.25,71984.88,72741.02,2264516,70378.071,69615.123,70800.8904,69819.2814,61.6516,920.0634,651.9655,268.0979,1440.1272,771250987,73380.227,70378.071,67375.915,0
FPT.VN,2023-12-15,72741.02,72816.63,71833.65,72741.02,1949761,70574.6685,69668.053,70985.6647,69933.8594,61.6516,956.6613,712.9046,243.7566,1407.4738,771250987,73658.0781,70574.6685,67491.2589,0
FPT.VN,2023-12-18,72514.18,72741.02,70850.66,71077.51,2997446,70699.4325,69643.8564,70994.4119,69978.7084,52.081,841.731,738.6699,103.0611,1441.9657,768253541,73642.1108,70699.4325,67756.7542,1
FPT.VN,2023-12-19,71001.89,71531.19,70775.05,71531.19,1653654,70801.512,69618.1476,71045.5336,70039.5901,54.1705,778.2846,746.5928,31.6917,1392.9781,769907195,73708.9131,70801.512,67894.1109,1
FPT.VN,2023-12-20,71304.35,71833.65,71153.12,71606.8,1784713,70865.784,69583.3648,71098.9875,70101.0493,54.5264,725.738,742.4219,-16.6839,1342.089,771691908,73785.3004,70865.784,67946.2676,1
FPT.VN,2023-12-21,71531.19,71909.27,71077.51,71909.27,2323368,71028.3555,69563.7052,71176.1573,70171.9599,55.9985,700.4272,734.023,-33.5957,1305.6369,774015276,73787.9223,71028.3555,68268.7887,0
FPT.VN,2023-12-22,71833.65,71909.27,71379.96,71531.19,1686716,71156.9,69541.0208,71209.9699,70225.263,53.6602,642.4545,715.7093,-73.2547,1250.185,772328560,73745.0412,71156.9,68568.7588,1
FPT.VN,2023-12-25,71758.03,72741.02,71682.42,72589.79,2667482,71357.278,69528.9226,71341.3814,70317.9896,58.8423,674.1596,707.3993,-33.2397,1247.3025,774996042,73716.5365,71357.278,68998.0195,1
FPT.VN,2023-12-26,72967.87,74555.77,72892.25,73497.16,4443467,71587.9015,69590.9262,71546.6936,70442.6629,62.6934,763.6999,718.6595,45.0404,1298.6366,779439509,73828.2322,71587.9015,69347.5708,0
FPT.VN,2023-12-27,73648.39,73950.85,73270.32,73270.32,1793177,71784.4985,69649.9054,71710.8485,70553.5515,61.1529,807.0539,736.3383,70.7155,1254.4861,777646332,73878.9933,71784.4985,69690.0037,0
FPT.VN,2023-12-28,73345.94,73345.94,72816.63,73043.48,1582503,71962.1925,69719.4706,71837.7658,70651.1957,59.5764,813.728,751.8163,61.9117,1202.6878,776063829,73827.3741,71962.1925,70097.0109,0
FPT.VN,2023-12-29,73043.48,73345.94,72665.41,72665.41,2468578,72102.0795,69767.8638,71916.5891,70730.1845,56.9415,779.5243,757.3579,22.1664,1165.3908,773595251,73707.3937,72102.0795,70496.7653,0
FPT.VN,2024-01-01,72665.41,72665.41,72665.41,72665.41,0,72196.5975,69844.9906,71987.9053,70806.0757,56.9415,743.843,754.6549,-10.8119,1082.1486,773595251,73691.7525,72196.5975,70701.4425,0
FPT.VN,2024-01-02,73270.32,73270.32,72362.95,72514.18,2267426,72238.1855,69903.9698,72038.0267,70873.0602,55.7967,695.3469,742.7933,-47.4464,1069.6645,771327825,73719.3273,72238.1855,70757.0437,1
FPT.VN,2024-01-03,72287.34,72967.87,72136.11,72816.63,1900300,72287.3345,69985.6332,72112.1794,70949.2786,57.6313,673.5542,728.9455,-55.3913,1052.6713,773228125,73777.1664,72287.3345,70797.5026,1
FPT.VN,2024-01-04,72816.63,74404.54,72741.02,73497.16,3932982,72396.975,70142.911,72244.0823,71049.1955,61.5029,703.0916,723.7747,-20.6831,1096.3033,777161107,73904.8557,72396.975,70889.0943,1
FPT.VN,2024-01-05,73572.78,73724.01,72967.87,73648.39,1505798,72517.958,70300.1888,72377.8259,71151.1247,62.3268,730.285,725.0768,5.2082,1072.006,778666905,74019.438,72517.958,71016.478,0
FPT.VN,2024-01-08,73648.39,74328.92,73421.55,73572.78,1908367,72604.9145,70486.2002,72491.6311,71246.0916,61.6168,737.2364,727.5087,9.7277,1060.2462,776758538,74140.5778,72604.9145,71069.2512,0
FPT.VN,2024-01-09,73572.78,73572.78,73043.48,73043.48,1602473,72597.3535,70691.8712,72544.1881,71316.5774,56.7437,692.0578,720.4185,-28.3607,1022.3215,775156065,74122.2413,72597.3535,71072.4657,0
FPT.VN,2024-01-10,73119.09,73270.32,71455.58,71606.8,4367556,72578.4495,70832.5138,72454.9131,71327.9587,46.089,534.1678,683.1684,-149.0006,1078.9228,770788509,74144.1354,72578.4495,71012.7636,1
FPT.VN,2024-01-11,71606.8,72136.11,71606.8,71833.65,1813015,72533.081,70923.251,72395.7451,71347.7897,47.7571,422.4737,631.0294,-208.5558,1039.6648,772601524,74131.1818,72533.081,70934.9802,0
FPT.VN,2024-01-12,71682.42,72287.34,71153.12,71606.8,3434532,72476.37,71039.697,72320.6075,71357.947,46.2171,312.0532,567.2342,-255.181,1046.4187,769166992,74123.1585,72476.37,70829.5815,1
FPT.VN,2024-01-15,71833.65,72514.18,71758.03,72136.11,1735384,72529.3,71144.045,72303.0363,71388.4632,50.2484,264.2095,506.6292,-242.4197,1036.4874,770902376,74050.0007,72529.3,71008.5993,1
FPT.VN,2024-01-16,71606.8,72362.95,71606.8,72362.95,1071225,72570.888,71255.9544,72308.7424,71426.6784,51.912,241.8097,453.6653,-211.8557,1016.4633,771973601,74020.4889,72570.888,71121.2871,0
FPT.VN,2024-01-17,72287.34,72589.79,71833.65,72362.95,1870015,72608.6955,71302.8352,72313.905,71463.3949,51.912,221.5043,407.2331,-185.7289,997.8688,771973601,73990.2707,72608.6955,71227.1203,0
FPT.VN,2024-01-18,72362.95,72589.79,71984.88,72287.34,1503550,72627.599,71349.7162,72311.375,71495.7065,51.2495,197.0396,365.1944,-168.1548,969.8003,770470051,73978.8938,72627.599,71276.3042,1
FPT.VN,2024-01-19,72589.79,73270.32,72362.95,72816.63,1974757,72691.871,71422.3058,72359.4945,71547.5074,55.5278,217.8493,335.7254,-117.8761,970.7417,772444808,73942.0913,72691.871,71441.6507,1
FPT.VN,2024-01-22,73194.7,73194.7,72438.56,72892.25,1465330,72706.994,71497.9202,72410.2332,71600.2424,56.1203,237.7029,316.1209,-78.418,955.413,773910138,73959.3306,72706.994,71454.6574,0
FPT.VN,2024-01-23,72665.41,72892.25,72136.11,72287.34,1957829,72646.503,71543.2888,72398.529,71627.1874,50.3424,202.2939,293.3555,-91.0616,941.1792,771952309,73854.2161,72646.503,71438.7899,0
FPT.VN,2024-01-24,72438.56,72438.56,71758.03,71833.65,2277477,72574.6695,71582.6084,72344.731,71635.284,46.4775,136.0547,261.8953,-125.8406,922.5614,769674832,73796.9704,72574.6695,71352.3686,0
FPT.VN,2024-01-25,71833.65,71833.65,71833.65,71833.65,0,72514.178,71612.8542,72296.0567,71643.063,46.4775,82.6074,226.0378,-143.4303,856.6642,769674832,73758.3421,72514.178,71270.0139,1
FPT.VN,2024-01-26,72211.72,72741.02,72060.49,72514.18,1223841,72506.6165,71686.9564,72316.8303,71677.2245,52.7836,94.0787,199.6459,-105.5673,860.286,770898673,73748.7472,72506.6165,71264.4858,0
FPT.VN,2024-01-29,72514.18,72665.41,72060.49,72514.18,1402775,72499.055,71765.5954,72335.6255,71710.0463,52.7836,101.994,180.1156,-78.1216,842.0456,770898673,73738.9547,72499.055,71259.1553,0
FPT.VN,2024-01-30,72514.18,72514.18,72136.11,72287.34,1255052,72487.713,71821.5502,72331.0269,71732.6852,50.4842,88.9376,161.88,-72.9423,808.9045,769643621,73731.1751,72487.713,71244.2509,1
FPT.VN,2024-01-31,72287.34,72589.79,72211.72,72362.95,1827033,72465.029,71862.382,72334.0672,71757.4015,51.2465,83.7263,146.2492,-62.5229,778.1306,771470654,73699.7486,72465.029,71230.3094,1
FPT.VN,2024-02-01,72514.18,75538.75,72362.95,75538.75,10307168,72567.1085,72000.0002,72639.2751,71905.6897,71.2613,332.0294,183.4053,148.6241,949.3927,781777822,74368.6044,72567.1085,70765.6126,0
FPT.VN,2024-02-02,75538.75,75538.75,75538.75,75538.75,0,72661.6265,72131.5692,72915.4155,72048.1626,71.2613,522.785,251.2812,271.5038,881.5789,781777822,74857.2394,72661.6265,70466.0136,1
FPT.VN,2024-02-05,77126.66,78714.55,77051.04,78260.87,3563344,72896.031,72325.142,73424.5064,72291.7982,79.5905,883.429,377.7108,505.7182,1045.4519,785341166,76214.9027,72896.031,69577.1593,1
FPT.VN,2024-02-06,78336.48,79395.09,77807.18,78714.55,2491986,73179.5845,72521.7392,73928.3201,72543.6708,80.5997,1192.1082,540.5903,651.5179,1084.1989,787833152,77398.494,73179.5845,68960.675,1
FPT.VN,2024-02-07,79168.24,79395.09,78563.33,79319.47,2810841,73565.218,72721.361,74441.763,72809.3884,81.8858,1468.6213,726.1965,742.4249,1066.1675,790643993,78523.9205,73565.218,68606.5155,0
FPT.VN,2024-02-08,79319.47,79319.47,79319.47,79319.47,0,73939.509,72917.9584,74906.3065,73064.6858,81.8858,1668.5263,914.6624,753.8638,990.0127,790643993,79447.5449,73939.509,68431.4731,0
FPT.VN,2024-02-09,79319.47,79319.47,79319.47,79319.47,0,74325.1425,73106.9944,75326.6078,73309.9714,81.8858,1806.1324,1092.9564,713.176,919.2975,790643993,80212.4324,74325.1425,68437.8526,0
FPT.VN,2024-02-12,79319.47,79319.47,79319.47,79319.47,0,74684.3105,73277.8828,75706.8804,73545.638,81.8858,1893.3608,1253.0373,640.3235,853.6334,790643993,80877.8093,74684.3105,68490.8117,0
FPT.VN,2024-02-13,79319.47,79319.47,79319.47,79319.47,0,75032.1365,73430.6238,76050.9365,73772.0628,81.8858,1940.1253,1390.4549,549.6704,792.6596,790643993,81453.8695,75032.1365,68610.4035,0
FPT.VN,2024-02-14,79319.47,79319.47,79319.47,79319.47,0,75379.9625,73580.3402,76362.2254,73989.6082,81.8858,1954.6545,1503.2948,451.3597,736.041,790643993,81944.9513,75379.9625,68814.9737,0
FPT.VN,2024-02-15,79546.31,79773.16,78487.71,78638.94,2973509,75697.5425,73727.032,76579.0554,74171.9349,73.3519,1889.4752,1580.5309,308.9443,775.2845,787670484,82247.1122,75697.5425,69147.9728,1
FPT.VN,2024-02-16,78638.94,79470.7,78487.71,79470.7,2732285,76030.246,73891.8714,76854.4501,74379.7296,76.5664,1883.2276,1641.0702,242.1573,790.1206,790402769,82639.3837,76030.246,69421.1083,0
FPT.VN,2024-02-19,79773.16,80907.38,79395.09,79395.09,2687055,76355.388,74043.1002,77096.4158,74576.4104,75.6728,1850.8398,1683.0242,167.8157,841.7042,787715714,82954.3375,76355.388,69756.4385,0
FPT.VN,2024-02-20,79546.31,79546.31,78638.94,78865.78,2439086,76684.31,74156.5218,77264.9267,74744.621,69.5528,1762.1485,1698.849,63.2995,846.3946,785276628,83082.2274,76684.31,70286.3926,1
FPT.VN,2024-02-21,78638.94,80831.76,78260.87,80075.62,4149343,77096.4085,74318.3366,77532.6118,74953.6798,74.6077,1769.091,1712.8974,56.1935,969.5728,789425971,83235.3091,77096.4085,70957.5079,0
FPT.VN,2024-02-22,80075.62,80151.23,79092.63,79092.63,2272980,77459.3575,74445.3688,77681.1849,75115.9916,65.1443,1675.9545,1705.5088,-29.5544,975.9319,787152991,83128.5282,77459.3575,71790.1868,0
FPT.VN,2024-02-23,79773.16,80680.53,78109.64,78563.33,5426878,77761.815,74561.815,77765.1987,75251.1813,60.6811,1541.6617,1672.7394,-131.0777,1089.8575,781726113,82944.7216,77761.815,72578.9084,1
FPT.VN,2024-02-26,78563.33,81663.52,78260.87,81663.52,5907210,78219.282,74773.5352,78136.4674,75502.6456,72.5458,1666.1864,1671.4288,-5.2424,1255.057,787633323,83055.485,78219.282,73383.079,0
FPT.VN,2024-02-27,82041.59,82797.73,81209.83,81587.9,3704058,78684.31,74974.6694,78465.1753,75741.283,71.9753,1738.7283,1684.8887,53.8396,1278.8315,783929265,82862.7437,78684.31,74505.8763,1
FPT.VN,2024-02-28,81663.52,82041.59,80378.07,82041.59,4578098,79168.242,75183.3652,78805.7862,75988.3539,73.3304,1811.9403,1710.299,101.6413,1306.3092,788507363,82398.3518,79168.242,75938.1322,1
FPT.VN,2024-02-29,81814.74,82722.12,81436.67,82419.66,3735798,79512.2875,75393.573,79149.9647,76240.5619,74.4396,1878.8106,1744.0013,134.8093,1304.8193,792243161,82576.1965,79512.2875,76448.3785,1
FPT.VN,2024-03-01,82570.89,84234.41,82495.27,83780.72,5315656,79924.386,75638.5636,79590.989,76536.2544,77.9887,2018.3656,1798.8742,219.4914,1341.2429,797558817,82954.9259,79924.386,76893.8461,1
FPT.VN,2024-03-04,83931.95,84536.86,83780.72,84234.41,4082689,80223.063,75871.456,80033.2196,76838.1429,79.0338,2140.894,1867.2782,273.6159,1299.4498,801641506,83706.8504,80223.063,76739.2756,0
FPT.VN,2024-03-05,84234.41,84234.41,83100.19,83705.1,4474017,80472.5905,76075.6148,80382.9225,77107.4353,74.5846,2170.2702,1927.8766,242.3937,1287.6477,797167489,84207.3031,80472.5905,76737.8779,0
FPT.VN,2024-03-06,83175.8,83478.26,81965.98,82495.27,4896688,80631.3805,76260.1138,80584.0984,77318.7229,65.5072,2072.0427,1956.7098,115.3329,1319.8957,792270801,84429.1813,80631.3805,76833.5797,1
FPT.VN,2024-03-07,82495.27,86124.77,81814.74,84158.79,5339726,80873.3465,76482.42,80924.5452,77586.9609,70.7743,2104.1733,1986.2025,117.9708,1533.4767,797610527,84927.2255,80873.3465,76819.4675,0
FPT.VN,2024-03-08,84158.79,85141.77,82797.73,83175.8,4120381,81066.163,76692.6278,81138.9505,77806.131,64.5061,2026.9524,1994.3525,32.5999,1591.3741,793490146,85175.3154,81066.163,76957.0106,0
FPT.VN,2024-03-11,83175.8,85822.3,83175.8,83175.8,4472033,81258.9795,76902.8356,81332.9361,78016.7063,64.5061,1943.3526,1984.1525,-40.7999,1666.7402,793490146,85384.904,81258.9795,77133.055,1
FPT.VN,2024-03-12,83175.8,85822.3,83175.8,84612.48,3845565,81523.63,77144.8016,81645.2736,78275.3641,69.139,1970.3146,1981.3849,-11.0703,1736.7231,797335711,85801.9456,81523.63,77245.3144,1
FPT.VN,2024-03-13,85293.01,88468.81,84688.09,88468.81,6763529,81981.097,77457.8452,82295.1342,78675.1071,77.5933,2276.6125,2040.4304,236.182,1888.1236,804099240,87134.2382,81981.097,76827.9558,0
FPT.VN,2024-03-14,89603.02,89603.02,87485.82,88468.81,4579817,82472.5905,77757.2782,82883.1034,79059.1738,77.5933,2490.6451,2130.4734,360.1718,1904.4862,804099240,88133.6244,82472.5905,76811.5566,0
FPT.VN,2024-03-15,88317.58,88317.58,86578.45,87712.66,5076284,82884.6885,78038.5636,83343.0611,79398.5262,73.0429,2569.6314,2218.305,351.3265,1903.4772,799022956,88818.981,82884.6885,76950.396,0
FPT.VN,2024-03-18,87561.44,87561.44,84007.56,85444.23,7782383,83187.1455,78275.9926,83543.1725,79635.6127,61.4082,2421.2744,2258.8989,162.3755,2032.1645,791240573,88987.6815,83187.1455,77386.6095,0
FPT.VN,2024-03-19,85444.23,85444.23,84007.56,84688.09,4384616,83478.261,78508.8848,83652.2122,79833.749,58.0869,2217.1285,2250.5448,-33.4163,1989.6292,786855957,88940.152,83478.261,78016.37,1
FPT.VN,2024-03-20,84914.94,86956.52,84007.56,86578.45,4596613,83803.4025,78808.3178,83930.9015,80098.2471,63.4144,2182.7166,2236.9792,-54.2625,2058.1528,791452570,89186.0661,83803.4025,78420.7389,1
FPT.VN,2024-03-21,87107.75,87863.89,86654.06,87863.89,4969690,84241.9655,79128.9226,84305.4719,80402.7821,66.5299,2233.4238,2236.2681,-2.8443,2002.959,796422260,89434.5006,84241.9655,79049.4304,0
FPT.VN,2024-03-22,87939.51,87939.51,86578.45,86880.91,3193573,84657.8445,79434.4048,84550.7517,80656.8263,62.17,2169.2851,2222.8715,-53.5864,1957.1091,793228687,89230.7514,84657.8445,80084.9376,0
FPT.VN,2024-03-25,86275.99,87032.13,86049.15,86200.38,3695594,84884.6875,79715.6902,84707.8591,80874.2206,59.274,2040.0255,2186.3023,-146.2768,1887.5285,789533093,89278.7936,84884.6875,80490.5814,1
FPT.VN,2024-03-26,86200.38,87334.59,85897.92,86956.52,2239389,85153.1185,80007.5616,84922.0173,81112.7422,61.4242,1975.8244,2144.2067,-168.3823,1855.3243,791772482,89350.7715,85153.1185,80955.4655,1
FPT.VN,2024-03-27,86729.68,87183.37,86275.99,87107.75,1745964,85406.4265,80302.4576,85130.1823,81347.8405,61.8579,1915.0719,2098.3797,-183.3079,1787.614,793518446,89420.928,85406.4265,81391.925,1
FPT.VN,2024-03-28,87637.05,88771.27,87183.37,88544.42,3707232,85712.6645,80627.5992,85455.3478,81630.0593,65.7929,1960.2557,2070.7549,-110.4993,1778.7501,797225678,89702.1942,85712.6645,81723.1348,0
FPT.VN,2024-03-29,88015.13,88620.04,87712.66,88090.73,1776778,85928.165,80933.0812,85706.3366,81883.4189,63.5628,1937.1252,2044.029,-106.9038,1716.5094,795448900,89943.835,85928.165,81912.495,1
FPT.VN,2024-04-01,87712.66,88922.49,87107.75,88317.58,2611408,86132.3235,81241.5878,85955.0265,82135.739,64.2159,1915.0238,2018.228,-103.2041,1723.5259,798060308,90200.26,86132.3235,82064.387,1
FPT.VN,2024-04-02,87258.98,88468.81,87258.98,88468.81,3022970,86370.509,81565.2172,86194.4344,82384.0947,64.6706,1887.9483,1992.172,-104.2238,1686.8333,801083278,90397.6961,86370.509,82343.3219,0
FPT.VN,2024-04-03,87788.28,88468.81,87032.13,87032.13,3371052,86597.352,81869.1868,86274.2149,82566.3706,57.2313,1730.6132,1939.8602,-209.2471,1668.9652,797712226,90193.4824,86597.352,83001.2216,0
FPT.VN,2024-04-04,86956.52,87561.44,86200.38,86200.38,3120438,86699.4315,82156.5214,86267.183,82708.8808,53.4014,1521.2724,1856.1427,-334.8703,1646.972,794591788,90115.5027,86699.4315,83283.3603,0
FPT.VN,2024-04-05,85519.85,86729.68,85141.77,85973.53,3648777,86839.318,82425.7084,86239.2161,82836.9062,52.372,1321.8263,1749.2794,-427.4531,1642.7533,790943011,89853.3175,86839.318,83825.3185,0
FPT.VN,2024-04-08,85973.53,85973.53,85141.77,85141.77,2581520,86937.6165,82678.2602,86134.6974,82927.293,48.6676,1084.1503,1616.2536,-532.1033,1584.8252,788361491,89550.0149,86937.6165,84325.2181,1
FPT.VN,2024-04-09,85141.77,85595.46,85066.16,85444.23,1894481,86979.204,82941.398,86068.9386,83025.9965,50.0512,909.7097,1474.9448,-565.2351,1509.4305,790255972,89458.8612,86979.204,84499.5468,1
FPT.VN,2024-04-10,85822.3,87410.21,85671.08,86049.15,2368729,86858.221,83215.122,86067.054,83144.5515,52.7917,810.9285,1342.1415,-531.213,1542.0412,792624701,89266.9621,86858.221,84449.4799,1
FPT.VN,2024-04-11,85822.3,87258.98,85671.08,86880.91,2049081,86778.826,83441.9652,86144.5641,83291.0754,56.339,790.6456,1231.8424,-441.1967,1545.3168,794673782,89065.6351,86778.826,84492.0169,1
FPT.VN,2024-04-12,87637.05,87637.05,86427.22,87334.59,1808254,86759.9225,83677.882,86257.8999,83449.6446,58.1846,801.9353,1145.861,-343.9256,1521.3535,796482036,89020.3271,86759.9225,84499.5179,0
FPT.VN,2024-04-15,87334.59,87410.21,84310.02,84385.63,4895762,86706.9925,83800.3772,86079.5885,83486.3499,44.8987,566.397,1029.9682,-463.5712,1634.1275,791586274,89140.0964,86706.9925,84273.8886,1
FPT.VN,2024-04-16,84688.09,85595.46,84310.02,85444.23,4817470,86744.7995,83934.9708,86019.0781,83563.1295,49.3682,459.8504,915.9446,-456.0942,1609.2213,796403744,89066.7763,86744.7995,84422.8227,0
FPT.VN,2024-04-17,85519.85,85519.85,84385.63,84536.86,2570014,86642.72,84039.3186,85877.9145,83601.315,45.9293,298.7505,792.5058,-493.7553,1575.2926,793833730,89166.2475,86642.72,84119.1925,0
FPT.VN,2024-04-18,84536.86,84536.86,84536.86,84536.86,0,86476.3685,84143.6664,85750.195,83638.003,45.9293,169.1281,667.8303,-498.7021,1462.7717,793833730,89097.6917,86476.3685,83855.0453,0
FPT.VN,2024-04-19,83553.88,84083.18,82419.66,82419.66,7090054,86253.306,84205.6702,85433.0012,83590.2249,38.6446,-103.2487,513.6145,-616.8632,1509.5166,786743676,89430.0947,86253.306,83076.5173,1
FPT.VN,2024-04-22,83175.8,84234.41,82344.05,83402.65,3170429,86113.4195,84287.3338,85239.6344,83582.869,43.1528,-237.0576,363.48,-600.5377,1536.7197,789914105,89536.8376,86113.4195,82690.0014,1
FPT.VN,2024-04-23,83856.34,85671.08,83100.19,84914.94,5339726,86011.3405,84399.2432,85208.7112,83635.1071,49.3221,-218.5536,247.0733,-465.6269,1610.589,795253831,89450.6226,86011.3405,82572.0584,1
FPT.VN,2024-04-24,85897.92,90812.85,85595.46,90812.85,13434880,86196.5955,84629.1108,85742.4387,83916.5872,65.189,268.923,251.4432,17.4797,1916.8262,808688711,90232.021,86196.5955,82161.17,1
FPT.VN,2024-04-25,92627.6,96786.39,92173.91,93156.9,7548433,86427.2195,84919.47,86448.5778,84278.9524,69.3026,834.7742,368.1094,466.6648,2206.5915,816237144,91437.1453,86427.2195,81417.2937,0
FPT.VN,2024-04-26,93005.67,94820.41,92400.76,93156.9,4491871,86680.528,85193.194,87087.4657,84627.1072,69.3026,1268.5918,548.2059,720.3859,2221.8099,816237144,92492.6745,86680.528,80868.3815,0
FPT.VN,2024-04-29,93156.9,93156.9,93156.9,93156.9,0,86922.494,85468.4302,87665.507,84961.6089,69.3026,1594.0206,757.3689,836.6517,2063.1092,816237144,93387.8262,86922.494,80457.1618,0
FPT.VN,2024-04-30,93156.9,93156.9,93156.9,93156.9,0,87156.8985,85754.2526,88188.4968,85282.9929,69.3026,1830.8206,972.0592,858.7614,1915.7443,816237144,94174.6248,87156.8985,80139.1722,0
FPT.VN,2024-05-01,93156.9,93156.9,93156.9,93156.9,0,87463.137,86015.8782,88661.6781,85591.7735,69.3026,1995.4837,1176.7441,818.7396,1778.9054,816237144,94975.0798,87463.137,79951.1942,1
FPT.VN,2024-05-02,93610.59,97542.53,93383.74,96257.09,4588149,87965.9725,86359.1674,89385.0507,86010.0212,74.9693,2349.0612,1411.2075,937.8537,1965.1,820825293,96410.4822,87965.9725,79521.4628,0
FPT.VN,2024-05-03,96862.0,97088.84,94971.65,95198.48,4220362,88427.22,86691.8704,89938.7106,86370.3529,70.2037,2514.8632,1631.9387,882.9246,1975.9636,816604931,97404.4501,88427.22,79449.9899,1
FPT.VN,2024-05-06,95652.17,96483.93,94139.88,96483.93,3576833,88994.328,86988.2786,90562.0648,86766.9638,72.4905,2718.6487,1849.2807,869.368,2002.2555,820181764,98514.2772,88994.328,79474.3788,1
FPT.VN,2024-05-07,96786.39,99508.51,96181.48,99281.66,4129903,89686.1995,87342.1538,91392.5025,87257.7362,76.6846,3070.5087,2093.5263,976.9824,2096.8822,824311667,100090.066,89686.1995,79282.333,0
FPT.VN,2024-05-08,98374.29,99054.82,97769.38,99054.82,3991040,90336.483,87682.4184,92122.247,87720.3669,75.6771,3293.0954,2333.4401,959.6553,2055.1249,820320627,101388.7762,90336.483,79284.1898,0
FPT.VN,2024-05-09,98752.36,100415.88,98298.68,98525.52,2913864,90918.7135,88004.5356,92732.0825,88144.0984,73.2587,3387.7352,2544.2991,843.4361,2059.5589,817406763,102422.1878,90918.7135,79415.2392,1
FPT.VN,2024-05-10,99281.66,99962.2,97693.77,99054.82,5011878,91504.725,88310.0176,93334.248,88571.9699,74.1484,3465.4998,2728.5393,736.9606,2074.4782,822418641,103425.9509,91504.725,79583.4991,0
FPT.VN,2024-05-13,99281.66,99432.89,97391.3,98071.84,2449534,92189.0355,88586.7662,93785.4472,88944.5138,69.5223,3408.5193,2864.5353,543.9841,2072.1291,819969107,103959.9103,92189.0355,80418.1607,1
FPT.VN,2024-05-14,98298.68,99584.12,97996.22,98676.75,3047833,92850.6615,88886.1992,94251.2856,89326.1701,70.7324,3373.2879,2966.2858,407.0021,2037.5413,823016940,104512.3139,92850.6615,81189.0091,1
FPT.VN,2024-05-15,99432.89,101701.32,99281.66,101398.87,4831224,93693.762,89264.2712,94932.0079,89799.6093,75.4553,3524.3921,3077.9071,446.485,2108.0433,827848164,105262.398,93693.762,82125.126,1
FPT.VN,2024-05-16,102533.08,103818.52,101474.48,102381.85,4124877,94586.0115,89628.7324,95641.5167,90293.0305,76.9046,3681.0289,3198.5314,482.4975,2130.301,831973041,105931.497,94586.0115,83240.526,0
FPT.VN,2024-05-17,102381.85,102835.54,101096.41,101701.32,3050214,95550.0945,89999.2428,96218.6408,90740.4144,73.6617,3707.5137,3300.3279,407.1858,2102.3602,828922827,105762.9716,95550.0945,85337.2174,0
FPT.VN,2024-05-20,102230.63,102911.16,100567.11,100567.11,2662853,96408.3175,90347.069,96632.7807,91125.775,68.4788,3595.5347,3359.3692,236.1655,2119.6237,826259974,105093.6673,96408.3175,87722.9677,1
FPT.VN,2024-05-21,101323.25,102835.54,100945.18,102835.54,4591587,97304.3475,90711.5302,97223.5197,91584.9815,72.6271,3647.7846,3417.0523,230.7322,2130.2527,830851561,104580.433,97304.3475,90028.262,1
FPT.VN,2024-05-22,104272.21,105633.27,102911.16,104347.83,5966855,97981.0965,91029.1106,97902.0254,92085.4854,74.9901,3767.7893,3487.1997,280.5896,2177.9297,836818416,105232.7107,97981.0965,90729.4823,0
FPT.VN,2024-05-23,103969.76,104196.59,102079.4,103969.76,4789433,98521.7395,91339.1296,98479.9049,92551.5354,73.2868,3788.713,3547.5024,241.2106,2184.394,832028983,105870.6154,98521.7395,91172.8636,0
FPT.VN,2024-05-24,104347.83,104347.83,98752.36,99735.35,17689231,98850.662,91579.5834,98599.4711,92833.2536,57.5264,3424.1423,3522.8304,-98.6881,2428.0423,814339752,105764.5068,98850.662,91936.8172,1
FPT.VN,2024-05-27,100567.11,100945.18,98752.36,100415.88,6821190,99213.611,91879.0164,98772.4624,93130.6115,59.0506,3153.7757,3449.0194,-295.2438,2411.2407,821160942,105611.839,99213.611,92815.383,1
FPT.VN,2024-05-28,101323.25,103591.68,100642.72,103591.68,6116959,99735.35,92257.0882,99231.4355,93540.8495,65.3072,3159.3497,3391.0855,-231.7358,2465.8521,827277901,105743.9716,99735.35,93726.7284,0
FPT.VN,2024-05-29,103667.3,104499.05,101928.16,102608.7,7720226,100207.94,92577.6932,99553.0798,93896.4514,62.1423,3049.2984,3322.7281,-273.4296,2473.3548,819557675,105479.614,100207.94,94936.266,0
FPT.VN,2024-05-30,101172.02,102079.4,99735.35,102079.4,9603069,100499.0555,92862.0034,99793.6817,94217.3514,60.4437,2886.1027,3235.403,-349.3003,2501.9259,809954606,105487.5323,100499.0555,95510.5787,0
FPT.VN,2024-05-31,102079.4,103440.45,101172.02,101776.94,3482803,100827.9785,93159.924,99982.5634,94513.8058,59.4438,2701.225,3128.5674,-427.3424,2485.2476,806471803,105170.5792,100827.9785,96485.3778,0
FPT.VN,2024-06-03,101776.94,101776.94,101776.94,101776.94,0,101092.629,93471.4552,100153.4565,94798.6346,59.4438,2525.5945,3007.9728,-482.3783,2307.7299,806471803,104937.1147,101092.629,97248.1433,1
FPT.VN,2024-06-04,105103.97,105330.81,104196.59,105179.59,9270460,101387.5255,93835.9166,100632.1358,95205.7309,66.6434,2630.647,2932.5077,-301.8606,2396.7399,815742263,105539.6257,101387.5255,97235.4253,1
FPT.VN,2024-06-05,105860.12,109565.22,105633.27,105935.73,8360316,101731.571,94212.4762,101137.24,95626.5152,68.0027,2743.2932,2894.6648,-151.3716,2538.8035,824102579,106198.2193,101731.571,97264.9227,0
FPT.VN,2024-06-06,106086.95,107145.55,104952.74,105557.66,6892605,102083.178,94552.741,101558.2324,96015.9719,66.5426,2770.1266,2869.7571,-99.6305,2514.0897,817209974,106594.0921,102083.178,97572.2639,1
FPT.VN,2024-06-07,106616.26,107372.4,106238.19,107372.4,4968500,102499.057,94938.3744,102111.9627,96461.322,69.8852,2904.3472,2876.6751,27.672,2464.1361,822178474,107354.8827,102499.057,97643.2313,1
FPT.VN,2024-06-10,108506.62,109640.83,108128.55,108884.69,4992966,103039.6995,95349.7166,102756.9843,96948.5129,72.3631,3097.0463,2920.7494,176.2969,2450.1571,827171440,108217.1938,103039.6995,97862.2052,1
FPT.VN,2024-06-11,109111.53,110775.05,108204.16,110775.05,8367854,103644.6145,95795.8414,103520.6096,97490.73,75.119,3363.5253,3009.3046,354.2208,2458.7809,835539294,109463.1421,103644.6145,97826.0869,1
FPT.VN,2024-06-12,111217.39,115391.3,111130.44,114782.61,12897825,104313.8015,96350.851,104593.1811,98168.843,79.7331,3853.6658,3178.1768,675.489,2612.8858,848437119,111865.2789,104313.8015,96762.3241,0
FPT.VN,2024-06-13,116260.87,116347.83,113043.48,113043.48,9356630,104846.883,96887.713,105397.9715,98752.1621,73.374,4055.0286,3353.5472,701.4814,2662.2761,839080489,113278.1429,104846.883,96415.6231,1
FPT.VN,2024-06-14,113130.44,115304.35,112173.91,113913.05,7367130,105457.4695,97446.5034,106208.9313,99346.7067,74.4704,4235.9477,3530.0273,705.9205,2695.7164,846447619,114662.7733,105457.4695,96252.1657,0
FPT.VN,2024-06-17,113913.05,114260.87,111739.13,112000.0,5597740,106029.114,97983.668,106760.4617,99842.9143,67.851,4176.8126,3659.3844,517.4283,2683.2895,840849879,115374.6136,106029.114,96683.6144,0
FPT.VN,2024-06-18,112000.0,112782.61,111304.35,111304.35,7682000,106452.5545,98500.8704,107193.2129,100292.3823,65.5687,4027.3892,3732.9853,294.4039,2597.216,833167879,115954.9131,106452.5545,96950.1959,1
FPT.VN,2024-06-19,111304.35,115478.26,110086.95,114347.83,11119580,106952.5545,99066.844,107874.605,100843.5764,70.279,4107.2082,3807.8299,299.3783,2796.7941,844287459,117023.9407,106952.5545,96881.1683,1
FPT.VN,2024-06-20,115652.17,118000.0,114608.7,115913.05,12035555,107549.719,99647.4868,108640.1712,101434.5361,72.3723,4247.7994,3895.8238,351.9756,2857.8924,856323014,118271.7299,107549.719,96827.7081,1
FPT.VN,2024-06-21,116434.78,118347.83,115913.05,118347.83,8801295,108480.343,100267.7516,109564.7102,102097.8025,75.288,4503.7688,4017.4128,486.356,2827.6701,865124309,119571.1721,108480.343,97389.5139,0
FPT.VN,2024-06-24,117391.3,117826.09,114782.61,114869.56,15164935,109203.027,100877.4302,110069.934,102598.6558,64.7715,4375.5207,4089.0344,286.4863,2880.3522,849959374,119959.8795,109203.027,98446.1745,0
FPT.VN,2024-06-25,113913.05,114000.0,111826.09,113043.48,15762820,109675.617,101429.4152,110353.1288,103008.2567,60.0306,4079.5078,4087.1291,-7.6213,2892.0035,834196554,120222.9235,109675.617,99128.3105,1
FPT.VN,2024-06-26,113913.05,114608.7,112521.74,114608.7,8219510,110275.617,102030.852,110758.4213,103463.1761,62.5602,3925.9596,4054.8952,-128.9356,2834.5004,842416064,120490.2705,110275.617,100060.9635,1
FPT.VN,2024-06-27,114173.91,116608.7,113739.13,115478.26,7364255,110945.56,102649.68,111207.9298,103934.3558,63.9261,3830.2846,4009.9731,-179.6885,2837.0054,849780319,120641.1802,110945.56,101249.9398,0
FPT.VN,2024-06-28,115478.26,115478.26,113391.3,113478.26,7627950,111530.626,103270.852,111424.1517,104308.6266,58.6281,3552.1315,3918.4047,-366.2733,2783.4307,842152369,120260.8388,111530.626,102800.4132,0
FPT.VN,2024-07-01,113391.3,113391.3,111739.13,111826.09,7332400,112033.0835,103839.3208,111462.4315,104603.4291,54.6023,3161.928,3767.1094,-605.1814,2708.8378,834819969,119458.9637,112033.0835,104607.2033,0
FPT.VN,2024-07-02,111826.09,114869.56,110869.56,111304.35,7728690,112339.3215,104367.109,111447.3761,104866.2103,53.3563,2778.5594,3569.3994,-790.84,2801.0637,827091279,119045.4476,112339.3215,105633.1954,1
FPT.VN,2024-07-03,113478.26,115478.26,113130.44,113913.05,8779215,112738.1875,104829.113,111682.2022,105220.9883,58.4604,2654.6364,3386.4468,-731.8104,2899.1241,835870494,118754.0675,112738.1875,106722.3075,1
FPT.VN,2024-07-04,114869.56,118086.95,114869.56,118086.95,9335585,113364.652,105327.714,112292.1782,105725.5358,65.0503,2860.254,3281.2082,-420.9542,2990.1795,845206079,118815.0308,113364.652,107914.2732,1
FPT.VN,2024-07-05,118347.83,121478.26,118347.83,120608.7,8957810,114026.467,105876.75,113084.2279,106309.1893,68.3202,3189.9203,3262.9506,-73.0304,3018.8317,854163889,119625.6334,114026.467,108427.3006,1
FPT.VN,2024-07-08,120434.78,121391.3,119565.22,121391.3,6745555,114651.7975,106441.438,113875.3776,106900.6446,69.2808,3474.283,3305.2171,169.0659,2933.6352,860909444,120614.8025,114651.7975,108688.7925,0
FPT.VN,2024-07-09,120956.52,121130.44,118260.87,119565.22,11127515,115091.306,106969.6044,114417.2674,107397.2947,64.3759,3511.8112,3346.5359,165.2753,2947.6919,849781929,121146.2645,115091.306,109036.3475,0
FPT.VN,2024-07-10,118260.87,119130.44,116521.74,116521.74,7238905,115178.2625,107436.9012,114617.6933,107755.116,57.1177,3258.4083,3328.9104,-70.5021,2954.5339,842543024,121264.4263,115178.2625,109092.0987,0
FPT.VN,2024-07-11,116608.7,117739.13,115217.39,115652.17,7868415,115308.697,107824.8028,114716.2149,108064.8044,55.2026,2953.3729,3253.8029,-300.43,2923.6201,834674609,121313.4956,115308.697,109303.8984,1
FPT.VN,2024-07-12,114956.52,118260.87,114956.52,116347.83,4086410,115430.436,108247.7898,114871.6068,108389.629,56.4603,2736.2227,3150.2869,-414.0642,2950.8151,838761019,121414.7873,115430.436,109446.0847,0
FPT.VN,2024-07-15,116086.95,117217.39,115043.48,115391.3,3527280,115600.001,108625.9372,114921.1014,108664.2043,54.2068,2458.6043,3011.9504,-553.346,2895.3219,835233739,121363.1833,115600.001,109836.8187,1
FPT.VN,2024-07-16,116173.91,116956.52,115043.48,116521.74,4602645,115860.8705,108970.7388,115073.5432,108972.343,56.4206,2303.2563,2870.2116,-566.9552,2825.1589,839836384,121266.5928,115860.8705,110455.1482,0
FPT.VN,2024-07-17,116521.74,116608.7,112956.52,114695.65,8015615,115878.2615,109283.5554,115037.5534,109196.7864,52.0437,2009.626,2698.0945,-688.4684,2884.2318,831820769,121265.6954,115878.2615,110490.8276,0
FPT.VN,2024-07-18,114260.87,114260.87,111130.44,111217.39,12420230,115643.4785,109537.3928,114673.7283,109276.0257,44.899,1479.204,2454.3164,-975.1123,2932.8731,819400539,121419.7669,115643.4785,109867.1901,0
FPT.VN,2024-07-19,111826.09,112434.78,109565.22,109565.22,7534455,115204.348,109747.6008,114187.2037,109287.3667,41.9528,914.9772,2146.4485,-1231.4714,2928.3507,811866084,121432.6562,115204.348,108976.0398,0
FPT.VN,2024-07-22,109565.22,109565.22,107130.44,107913.05,7149435,114856.5225,109944.425,113589.6652,109233.4719,39.1839,330.695,1783.2978,-1452.6029,2893.0957,804716649,121888.666,114856.5225,107824.379,1
FPT.VN,2024-07-23,108608.7,110869.56,108521.74,109130.44,6108340,114660.8705,110153.4988,113164.9771,109229.4314,42.2105,-33.7309,1419.8921,-1453.623,2897.6253,810824989,122110.7416,114660.8705,107210.9994,1
FPT.VN,2024-07-24,109130.44,110086.95,107826.09,109565.22,4774455,114408.6965,110316.8258,112822.1431,109242.5996,43.2959,-284.182,1079.0773,-1363.2592,2852.142,815599444,122199.6339,114408.6965,106617.7591,0
FPT.VN,2024-07-25,108000.0,109130.44,107913.05,108695.65,2947910,114069.566,110443.1018,112429.1438,109221.1506,41.6126,-546.5332,753.9552,-1300.4884,2766.4298,812651534,122245.4432,114069.566,105893.6888,1
FPT.VN,2024-07-26,109478.26,111304.35,108173.91,111304.35,4543765,113960.8705,110635.1624,112322.0205,109302.8447,48.1283,-537.7494,495.6143,-1033.3636,2792.4305,817195299,122227.1505,113960.8705,105694.5905,1
FPT.VN,2024-07-29,113043.48,113565.22,112173.91,112173.91,5588770,113978.2615,110867.2984,112307.9148,109415.4355,50.1262,-455.3726,305.4169,-760.7895,2754.4619,822784069,122227.076,113978.2615,105729.447,0
FPT.VN,2024-07-30,112173.91,112608.7,110434.78,111304.35,2729870,113978.2615,111036.6746,112212.3372,109489.5106,48.1298,-455.0096,153.3316,-608.3412,2712.9946,820054199,122227.076,113978.2615,105729.447,1
FPT.VN,2024-07-31,110695.65,111826.09,110086.95,111826.09,3299580,113873.9135,111186.2398,112175.5517,109581.1411,49.4312,-407.9196,41.0814,-449.0009,2643.4336,823353779,122178.8111,113873.9135,105569.0159,0
FPT.VN,2024-08-01,112695.65,112782.61,107913.05,108521.74,7900845,113395.653,111277.2794,111827.5697,109539.596,42.2085,-629.9719,-93.1293,-536.8426,2802.4426,815452934,121780.2907,113395.653,105011.0153,0
FPT.VN,2024-08-02,106173.91,108521.74,105217.39,107130.44,11436405,112721.74,111425.1812,111380.224,109445.1193,39.5857,-907.7523,-256.0539,-651.6984,2838.2931,804016529,120827.3181,112721.74,104616.1619,0
FPT.VN,2024-08-05,105304.35,106869.56,102086.95,103130.44,11977480,111808.697,111479.4724,110594.5303,109197.4848,33.1987,-1434.13,-491.6691,-942.4609,2995.8072,792039049,119916.3373,111808.697,103701.0567,1
FPT.VN,2024-08-06,104347.83,106000.0,104173.91,105043.48,7737315,111082.61,111508.5084,110065.8588,109034.5827,38.3241,-1677.5837,-728.852,-948.7317,2986.7895,799776364,118859.7176,111082.61,103305.5024,1
FPT.VN,2024-08-07,105217.39,106086.95,104521.74,106086.95,3246220,110560.8705,111578.0734,109686.9151,108918.9892,40.9839,-1765.9662,-936.2749,-829.6914,2885.2481,803022584,118200.4407,110560.8705,102921.3003,0
FPT.VN,2024-08-08,105739.13,106434.78,105130.44,105565.22,3053135,110056.523,111647.7898,109294.3727,108787.4689,40.0538,-1856.7063,-1120.3612,-736.3452,2772.3261,799969449,117612.2426,110056.523,102500.8034,1
FPT.VN,2024-08-09,106434.78,110347.83,106086.95,110347.83,6320860,109756.523,111819.2076,109394.702,108848.6595,51.0259,-1525.1212,-1201.3132,-323.808,2915.9178,806290309,116713.1796,109756.523,102799.8664,1
FPT.VN,2024-08-12,110347.83,113217.39,109739.13,113043.48,7111025,109639.132,112044.5384,109742.2047,109013.1623,55.9228,-1032.9144,-1167.6334,134.719,2956.0851,813401334,116266.8941,109639.132,103011.3699,0
FPT.VN,2024-08-13,112782.61,113217.39,111304.35,112782.61,4712585,109452.1755,112196.5988,110031.7671,109160.9837,55.346,-656.3213,-1065.371,409.0497,2881.5819,808688749,115442.8077,109452.1755,103461.5433,0
FPT.VN,2024-08-14,113652.17,114347.83,112608.7,112608.7,3291530,109347.828,112330.0582,110277.1893,109296.1883,54.9393,-367.6634,-925.8295,558.166,2799.9782,805397219,115018.0328,109347.828,103677.6232,0
FPT.VN,2024-08-15,112260.87,112608.7,111478.26,111913.05,2596240,109382.611,112457.166,110432.9855,109398.8103,53.2532,-192.8105,-779.2257,586.4151,2680.7255,802800979,115109.3573,109382.611,103655.8647,1
FPT.VN,2024-08-16,112260.87,113913.05,112260.87,113565.22,5857640,109582.611,112581.0224,110731.2936,109562.1989,56.6555,78.1768,-607.7452,685.922,2632.1022,808658619,115607.8227,109582.611,103557.3993,0
FPT.VN,2024-08-19,114000.0,114260.87,113043.48,113478.26,2873160,109860.8715,112672.8938,110992.9094,109715.77,56.4228,282.6609,-429.664,712.3249,2531.0513,805785459,116072.5778,109860.8715,103649.1652,1
FPT.VN,2024-08-20,113652.17,115217.39,113652.17,114347.83,4302610,110121.741,112744.3494,111312.4257,109897.4194,58.2691,509.0154,-241.9281,750.9435,2474.4855,810088069,116635.1823,110121.741,103608.2997,1
FPT.VN,2024-08-21,113565.22,116347.83,113565.22,116086.95,7037655,110447.8275,112770.4362,111767.1423,110140.1461,61.7589,819.2912,-29.6842,848.9754,2496.4944,817125724,117476.5762,110447.8275,103419.0788,1
FPT.VN,2024-08-22,116521.74,116956.52,116086.95,116347.83,3473575,110830.4365,112836.5232,112203.3982,110383.5847,62.2686,1073.8591,191.0244,882.8346,2380.2855,820599299,118278.1889,110830.4365,103382.6841,0
FPT.VN,2024-08-23,116260.87,116260.87,115130.44,115739.13,3513250,111052.1755,112873.0448,112540.1346,110593.606,60.2506,1212.5118,395.3219,817.1899,2297.2216,817086049,118816.6715,111052.1755,103287.6795,0
FPT.VN,2024-08-26,115913.05,116086.95,114347.83,114347.83,2978845,111160.8715,112920.0014,112712.2961,110740.8305,55.7994,1196.3382,555.5252,640.8131,2257.3572,814107204,119051.3307,111160.8715,103270.4123,1
FPT.VN,2024-08-27,114347.83,115304.35,113391.3,115217.39,2689275,111356.5235,112998.2622,112950.8764,110916.3819,57.8932,1239.3997,692.3001,547.0996,2232.7638,816796479,119453.3202,111356.5235,103259.7268,1
FPT.VN,2024-08-28,115652.17,116956.52,115565.22,115913.05,3118225,111560.8715,113029.5666,113232.9882,111112.3296,59.5443,1314.5074,816.7415,497.7659,2197.5042,819914704,119909.9318,111560.8715,103211.8112,1
FPT.VN,2024-08-29,115478.26,116347.83,114956.52,116260.87,2406605,111947.828,113036.523,113521.3579,111314.2332,60.3808,1386.1186,930.617,455.5017,2139.9189,822321309,120420.2762,111947.828,103475.3798,1
FPT.VN,2024-08-30,116086.95,117304.35,115652.17,117217.39,3813170,112452.1755,113013.9142,113873.361,111545.7295,62.6669,1502.7316,1045.0399,457.6918,2105.0804,826134479,120918.0826,112452.1755,103986.2684,0
FPT.VN,2024-09-02,117217.39,117217.39,117217.39,117217.39,0,113156.523,113060.8708,114191.8399,111768.1476,62.6669,1576.97,1151.4259,425.5441,1954.7176,826134479,120644.4843,113156.523,105668.5617,0
FPT.VN,2024-09-03,117217.39,117217.39,117217.39,117217.39,0,113765.2185,113144.349,114479.9875,111981.8434,62.6669,1617.1628,1244.5733,372.5895,1815.0949,826134479,120407.8147,113765.2185,107122.6223,0
FPT.VN,2024-09-04,115652.17,115652.17,114347.83,115652.17,5215480,114243.4795,113165.2184,114591.624,112125.7777,56.0561,1505.3628,1296.7312,208.6316,1890.4138,820918999,119855.8626,114243.4795,108631.0964,0
FPT.VN,2024-09-05,115652.17,115652.17,112782.61,113565.22,9263940,114643.4795,113126.9576,114493.8712,112182.2265,48.6821,1234.1347,1284.2119,-50.0772,1960.3528,811655059,118525.0786,114643.4795,110761.8804,1
FPT.VN,2024-09-06,113478.26,115565.22,113304.35,114869.56,4394610,114869.566,113154.7836,114529.6511,112287.6121,52.8562,1111.6198,1249.6935,-138.0737,1981.8183,816049669,118182.8109,114869.566,111556.3211,0
FPT.VN,2024-09-09,113739.13,114695.65,113130.44,114173.91,3317980,114926.0875,113201.74,114495.771,112361.5846,50.4971,947.4708,1189.2489,-241.7781,1964.4827,812731689,118145.4047,114926.0875,111706.7703,0
FPT.VN,2024-09-10,113913.05,113913.05,112695.65,113043.48,4824365,114939.131,113236.5226,114357.4576,112388.3256,46.8387,717.89,1094.9771,-377.0872,1929.7525,807907324,118123.8091,114939.131,111754.4529,1
FPT.VN,2024-09-11,113043.48,114173.91,112869.56,113565.22,3668960,114986.957,113229.566,114282.0064,112434.4783,48.6865,571.4581,990.2733,-418.8152,1885.0809,811576284,118050.7113,114986.957,111923.2027,1
FPT.VN,2024-09-12,113913.05,115217.39,113913.05,115043.48,4735700,115143.4785,113168.6966,114354.5277,112536.7921,53.6068,568.1438,905.8474,-337.7036,1868.4444,816311984,117844.3795,115143.4785,112442.5775,1
FPT.VN,2024-09-13,114956.52,116000.0,114782.61,115652.17,3664820,115247.826,113069.566,114478.1126,112658.9638,55.499,607.6291,846.2038,-238.5747,1821.9406,819976804,117851.4961,115247.826,112644.1559,0
FPT.VN,2024-09-16,114608.7,115652.17,114000.0,114000.0,2203055,115273.913,112921.74,114432.5781,112711.5534,49.5872,499.8432,776.9317,-277.0884,1809.8141,817773749,117812.5745,115273.913,112735.2515,1
FPT.VN,2024-09-17,114086.95,115565.22,114086.95,115565.22,3049110,115334.7825,112841.74,114540.4488,112823.4619,54.5289,534.5602,728.4574,-193.8971,1792.3431,820822859,117838.083,115334.7825,112831.482,1
FPT.VN,2024-09-18,116000.0,117565.22,115565.22,117043.48,6186540,115382.609,112852.1748,114778.8327,112988.9528,58.6514,673.5922,717.4843,-43.8921,1807.1757,827009399,117981.1544,115382.609,112784.0636,1
FPT.VN,2024-09-19,117391.3,118086.95,116782.61,117565.22,5927445,115443.4785,112890.4358,115044.2029,113168.4143,60.0288,816.4644,737.2804,79.1841,1771.2589,832936844,118190.0407,115443.4785,112696.9163,1
FPT.VN,2024-09-20,118521.74,119130.44,117391.3,117652.17,4277655,115539.1305,112916.5226,115292.5807,113344.2478,60.2663,926.0331,775.0309,151.0022,1768.9647,837214499,118456.9538,115539.1305,112621.3072,0
FPT.VN,2024-09-23,118173.91,118173.91,116000.0,116521.74,2807380,115647.826,112939.1314,115409.6435,113468.8554,55.6369,911.1476,802.2542,108.8934,1797.8893,834407119,118540.6509,115647.826,112755.0011,1
FPT.VN,2024-09-24,116521.74,117130.44,116260.87,116956.52,2313110,115734.7825,112947.827,115556.9651,113605.6265,57.0049,923.7851,826.5604,97.2247,1731.5808,836720229,118677.2572,115734.7825,112792.3078,1
FPT.VN,2024-09-25,116782.61,117217.39,116173.91,117217.39,5151885,115799.9995,112998.2618,115715.1008,113747.2643,57.8448,943.9689,850.0421,93.9268,1682.4308,841872114,118816.0104,115799.9995,112783.9886,0
FPT.VN,2024-09-26,117391.3,117391.3,116434.78,116782.61,3237940,115826.0865,113109.5662,115816.7683,113866.2975,55.8852,914.3417,862.902,51.4396,1630.58,838634174,118867.7979,115826.0865,112784.3751,0
FPT.VN,2024-09-27,116782.61,116869.56,116086.95,116695.65,3855720,115799.9995,113252.1748,115900.4714,113977.2525,55.4804,873.7726,865.0761,8.6965,1570.0107,834778454,118800.1344,115799.9995,112799.8646,1
FPT.VN,2024-09-30,116695.65,116956.52,115652.17,116956.52,3485075,115786.956,113433.0442,116001.0474,114094.0865,56.4985,852.8404,862.629,-9.7886,1551.0349,838263529,118763.3185,115786.956,112810.5935,1
FPT.VN,2024-10-01,117130.44,118434.78,117130.44,118173.91,5434785,115834.782,113613.9136,116207.9867,114254.0796,60.9825,923.8352,874.8702,48.965,1545.8367,843698314,118936.0431,115834.782,112733.5209,0
FPT.VN,2024-10-02,117043.48,118173.91,117043.48,117739.13,1977770,115939.13,113777.3918,116353.8099,114390.7482,58.657,934.2466,886.7455,47.5011,1516.1648,841720544,119152.9184,115939.13,112725.3416,0
FPT.VN,2024-10-03,117739.13,118347.83,116521.74,116521.74,2645920,116086.956,113933.9136,116369.8032,114474.3165,52.6078,834.6433,876.3251,-41.6818,1538.3023,839074624,119107.134,116086.956,113066.778,1
FPT.VN,2024-10-04,116782.61,117217.39,116086.95,116608.7,1688660,116173.913,114040.0006,116392.5553,114558.0178,52.9809,754.0318,851.8664,-97.8346,1509.1693,840763284,119146.2748,116173.913,113201.5512,0
FPT.VN,2024-10-07,116695.65,117304.35,116173.91,116608.7,1530075,116295.6525,114128.6964,116413.1405,114638.4367,52.9809,682.2818,817.9495,-135.6677,1482.1172,840763284,119118.8108,116295.6525,113472.4942,0
FPT.VN,2024-10-08,116608.7,117478.26,116173.91,116347.83,2424890,116460.87,114229.566,116406.9205,114705.4718,51.5687,597.4819,773.856,-176.3741,1469.4196,838338394,118833.4643,116460.87,114088.2757,1
FPT.VN,2024-10-09,116782.61,118086.95,116782.61,117739.13,3012885,116669.5655,114347.8268,116533.7976,114824.4388,57.9986,635.2212,746.129,-110.9078,1488.6839,841351279,118675.7035,116669.5655,114663.4275,1
FPT.VN,2024-10-10,118086.95,123478.26,118086.95,123217.39,11445030,117078.261,114641.7398,117170.3302,115153.5741,73.1272,1094.5623,815.8157,278.7466,1792.2872,852796309,120512.0256,117078.261,113644.4964,0
FPT.VN,2024-10-11,123478.26,124173.91,121391.3,121391.3,4385640,117365.2175,114926.957,117572.3273,115398.1908,64.7545,1296.3003,911.9126,384.3877,1863.0245,848410669,121229.4312,117365.2175,113501.0038,0
FPT.VN,2024-10-14,122695.65,122869.56,119217.39,119652.17,6446095,117647.826,115257.3916,117770.4076,115565.0135,57.9494,1300.8504,989.7002,311.1502,1990.8206,841964574,121296.4974,117647.826,113999.1546,0
FPT.VN,2024-10-15,119652.17,120521.74,118782.61,119130.44,3289920,117826.087,115539.1308,117899.9345,115704.8342,56.0465,1247.9713,1041.3544,206.6169,1972.8427,838674654,121393.8128,117826.087,114258.3612,0
FPT.VN,2024-10-16,118608.7,119217.39,118260.87,118521.74,3169400,117900.0,115787.8266,117959.154,115815.3011,53.8258,1143.7627,1061.8361,81.9266,1900.2482,835505254,121460.7027,117900.0,114339.2973,1
FPT.VN,2024-10-17,118695.65,119217.39,117826.09,119130.44,2966080,117978.261,116059.131,118070.7051,115945.3065,55.7154,1097.6407,1068.997,28.6437,1863.8948,838471334,121576.5874,117978.261,114379.9346,0
FPT.VN,2024-10-18,119478.26,119826.09,118782.61,119130.44,2494810,118052.1745,116234.7832,118171.6322,116070.2137,55.7154,1048.9965,1064.9969,-16.0004,1805.2937,838471334,121682.8825,118052.1745,114421.4665,0
FPT.VN,2024-10-21,119130.44,119739.13,117826.09,117826.09,3083495,118117.392,116330.4354,118138.7234,116139.0716,50.572,894.8799,1030.9735,-136.0936,1812.9899,835387839,121678.5423,118117.392,114556.2417,0
FPT.VN,2024-10-22,118000.0,118000.0,115652.17,115739.13,6910580,118056.5225,116389.5658,117910.1907,116123.3876,43.6316,597.454,944.2696,-346.8156,1851.1928,828477259,121740.7111,118056.5225,114372.3339,1
FPT.VN,2024-10-23,115565.22,117217.39,115304.35,116695.65,3467365,118030.4355,116471.3048,117794.5202,116145.8293,47.2077,433.923,842.2003,-408.2772,1855.6104,831944624,121746.8892,118030.4355,114313.9818,1
FPT.VN,2024-10-24,116695.65,116782.61,116347.83,116782.61,2618780,118030.4355,116568.696,117698.1478,116170.8011,47.5336,307.7925,735.3187,-427.5262,1754.1225,834563404,121746.8892,118030.4355,114313.9818,0
FPT.VN,2024-10-25,116782.61,117043.48,116173.91,116521.74,2114850,118021.74,116627.8264,117586.1089,116184.5634,46.6042,184.6545,625.1859,-440.5314,1690.9402,832448554,121752.1311,118021.74,114291.3489,1
FPT.VN,2024-10-28,116608.7,117391.3,116173.91,117304.35,1731900,118039.1315,116704.3482,117559.2748,116228.4766,49.7768,148.505,529.8497,-381.3447,1657.1152,834180454,121751.8136,118039.1315,114326.4494,1
FPT.VN,2024-10-29,117739.13,117826.09,117217.39,117739.13,2828080,118017.3925,116772.1742,117576.4038,116287.7179,51.5009,153.1736,454.5145,-301.3409,1582.2284,837008534,121731.8429,118017.3925,114302.9421,1
FPT.VN,2024-10-30,117739.13,118173.91,117565.22,118173.91,1966270,118039.1315,116813.9134,117633.3092,116361.6862,53.2299,189.7691,401.5654,-211.7963,1512.6899,838974804,121751.8136,118039.1315,114326.4494,0
FPT.VN,2024-10-31,118173.91,118260.87,117652.17,118173.91,1427955,118121.74,116850.435,117684.795,116432.7538,53.2299,216.2782,364.508,-148.2297,1448.1192,838974804,121765.1405,118121.74,114478.3395,0
FPT.VN,2024-11-01,117391.3,117391.3,116173.91,117043.48,3067625,118143.479,116876.522,117623.7174,116456.7039,48.0631,144.406,320.4876,-176.0816,1487.5393,835907179,121753.9068,118143.479,114533.0512,0
FPT.VN,2024-11-04,117043.48,117043.48,115391.3,115478.26,3660335,118086.957,116899.1306,117419.3881,116418.3335,41.9861,-38.4107,248.7079,-287.1186,1499.2993,832246844,121831.4574,118086.957,114342.4566,0
FPT.VN,2024-11-05,115652.17,116521.74,115043.48,115304.35,1905665,118034.783,116900.8698,117217.9559,116374.6479,41.3603,-195.0785,159.9506,-355.0292,1497.7965,830341179,121908.1738,118034.783,114161.3922,1
FPT.VN,2024-11-06,115739.13,117043.48,115652.17,117043.48,2071725,118000.0005,116923.4784,117201.3391,116400.8766,49.4705,-176.8669,92.5871,-269.454,1515.0346,832412904,121896.9917,118000.0005,114103.0093,1
FPT.VN,2024-11-07,117652.17,119652.17,116695.65,117478.26,4106075,117713.044,116947.8262,117227.7125,116443.1269,51.2844,-125.8996,48.8898,-174.7894,1617.9979,836518979,120740.645,117713.044,114685.443,1
FPT.VN,2024-11-08,118347.83,118956.52,117478.26,118086.95,2422245,117547.8265,116965.2174,117309.5447,116507.5906,53.7857,-35.9767,31.9165,-67.8932,1608.0166,838941224,120044.3314,117547.8265,115051.3216,1
FPT.VN,2024-11-11,118695.65,121304.35,118260.87,120260.87,6085800,117578.2615,117026.087,117590.6233,116654.778,61.4072,208.3038,67.1939,141.1098,1722.9726,845027024,120194.7423,117578.2615,114961.7807,0
FPT.VN,2024-11-12,120521.74,120782.61,118173.91,118956.52,3351905,117569.5655,117060.8696,117720.7087,116745.0424,55.4937,293.2671,112.4086,180.8585,1786.2388,841675119,120165.3999,117569.5655,114973.7311,1
FPT.VN,2024-11-13,118869.56,120086.95,118347.83,119826.09,3973710,117634.783,117144.348,117921.2212,116865.8678,58.3718,425.8591,175.0987,250.7604,1782.8732,845648829,120391.875,117634.783,114877.691,0
FPT.VN,2024-11-14,119913.05,121652.17,118260.87,118260.87,5446745,117591.3045,117238.261,117953.5687,116920.5738,51.8697,400.0278,220.0845,179.9433,1897.7608,840202084,120275.5502,117591.3045,114907.0588,0
FPT.VN,2024-11-15,117652.17,118000.0,115304.35,116434.78,7548140,117456.5215,117269.5654,117808.9222,116901.523,45.5016,229.5598,221.9796,7.5803,1973.3865,832653944,120085.5042,117456.5215,114827.5388,1
FPT.VN,2024-11-18,116521.74,117043.48,115217.39,116521.74,4488910,117391.304,117316.522,117686.3334,116886.6296,45.8426,100.3233,197.6483,-97.325,1962.8653,837142854,120046.2708,117391.304,114736.3372,0
FPT.VN,2024-11-19,116086.95,116173.91,112956.52,113043.48,8789220,117256.5215,117316.522,117244.1569,116735.9178,36.1104,-279.5418,102.2103,-381.7521,2077.3192,828353634,120477.9171,117256.5215,114035.1259,1
FPT.VN,2024-11-20,113043.48,115130.44,110173.91,115130.44,9729345,117178.261,117347.8264,117042.8505,116672.9579,43.8173,-407.4901,0.2702,-407.7603,2282.9771,838082979,120530.4245,117178.261,113826.0975,1
FPT.VN,2024-11-21,115130.44,115652.17,113913.05,115652.17,3653205,117121.739,117360.0002,116910.4047,116632.927,45.5846,-461.4712,-92.0781,-369.3931,2244.1302,841736184,120539.472,117121.739,113704.006,1
FPT.VN,2024-11-22,115565.22,116869.56,115217.39,116434.78,3353285,117117.391,117375.6524,116865.1071,116625.1565,48.2158,-436.0747,-160.8774,-275.1973,2201.8473,845089469,120538.5575,117117.391,113696.2245,0
FPT.VN,2024-11-25,116521.74,116521.74,115826.09,116434.78,2127155,117073.9125,117424.348,116824.1236,116617.6908,48.2158,-411.2077,-210.9435,-200.2642,2094.2618,845089469,120507.1556,117073.9125,113640.6694,1
FPT.VN,2024-11-26,116000.0,118173.91,115913.05,117565.22,4802515,117065.217,117464.348,116894.7042,116654.8488,52.0963,-296.8613,-228.127,-68.7343,2106.1617,849891984,120492.2415,117065.217,113638.1925,1
FPT.VN,2024-11-27,117565.22,121478.26,117565.22,120782.61,11286445,117195.652,117539.1306,117264.981,116816.7218,61.0439,52.7672,-171.9482,224.7154,2235.2244,861178429,120980.272,117195.652,113411.032,1
FPT.VN,2024-11-28,121217.39,121739.13,120260.87,121217.39,5454105,117347.826,117612.174,117641.4009,116989.297,62.0748,360.7747,-65.4036,426.1783,2181.1555,866632534,121522.692,117347.826,113172.96,1
FPT.VN,2024-11-29,121217.39,126434.78,120869.56,125478.26,13324705,117769.565,117768.6958,118387.7684,117322.1975,70.3545,937.8782,135.2528,802.6254,2422.8744,879957239,123299.2782,117769.565,112239.8518,0
FPT.VN,2024-12-02,125478.26,126956.52,123130.44,123652.17,7609320,118178.2605,117911.3044,118889.14,117570.4317,63.9144,1233.6657,354.9353,878.7304,2523.1034,872347919,124182.7944,118178.2605,112173.7266,1
FPT.VN,2024-12-03,123217.39,126869.56,123217.39,126086.95,5869255,118717.3905,118093.913,119574.6457,117904.4128,68.1064,1645.5767,613.0636,1032.513,2603.751,878217174,125518.8349,118717.3905,111915.9461,0
FPT.VN,2024-12-04,126086.95,127217.39,124173.91,124782.61,6450465,119104.347,118245.2174,120070.6423,118174.1461,63.8286,1845.496,859.5501,985.9459,2635.1602,871766709,126369.5999,119104.347,111839.0941,1
FPT.VN,2024-12-05,125217.39,129130.44,124869.56,129130.44,5576580,119686.956,118492.174,120933.4802,118603.8047,70.4838,2327.9321,1153.2265,1174.7056,2757.4938,877343289,128169.9202,119686.956,111203.9918,1
FPT.VN,2024-12-06,132086.95,132086.95,128695.65,130000.0,5222380,120282.6085,118758.261,121796.9583,119050.7143,71.6089,2748.7466,1472.3305,1276.4161,2802.7656,882565669,129890.895,120282.6085,110674.322,0
FPT.VN,2024-12-09,129739.13,130000.0,127043.48,127826.09,5219850,120660.8695,118975.6524,122371.1613,119394.8467,64.944,2873.7025,1752.6049,1121.0976,2813.7481,877345819,130844.0142,120660.8695,110477.7248,1
FPT.VN,2024-12-10,127913.05,130000.0,127826.09,130000.0,4136780,121213.0435,119212.1742,123097.7173,119810.735,68.1376,3112.2709,2024.5381,1087.7328,2768.0454,881482599,132174.9363,121213.0435,110251.1507,1
FPT.VN,2024-12-11,130434.78,131913.05,130173.91,130869.56,5539090,121765.217,119474.7828,123837.8928,120244.4144,69.3408,3333.0827,2286.247,1046.8357,2706.9743,887021689,133517.0496,121765.217,110013.3844,0
FPT.VN,2024-12-12,132086.95,132086.95,129739.13,130608.7,4770085,122382.6085,119756.522,124482.7316,120650.857,68.5051,3447.2902,2518.4557,928.8345,2681.3204,882251604,134645.5587,122382.6085,110119.6583,0
FPT.VN,2024-12-13,130000.0,131217.39,129913.05,130000.0,3886770,123060.8695,120024.348,125008.1857,121017.4901,66.4913,3448.9263,2704.5498,744.3766,2582.9647,878364834,135438.7104,123060.8695,110683.0286,1
FPT.VN,2024-12-16,130086.95,130956.52,130000.0,130347.83,3784765,123752.174,120299.1306,125516.7233,121383.3857,67.0867,3438.6514,2851.3701,587.2813,2466.79,882149599,136136.6594,123752.174,111367.6886,0
FPT.VN,2024-12-17,130521.74,130869.56,128434.78,128695.65,6839625,124534.7825,120546.087,125819.4782,121670.1412,61.4969,3259.6164,2933.0194,326.597,2464.5036,875309974,136015.1624,124534.7825,113054.4026,1
FPT.VN,2024-12-18,128695.65,130260.87,128695.65,129304.35,3361910,125243.478,120777.3914,126151.3708,121969.5219,62.7291,3130.7575,2972.567,158.1905,2400.2691,878671884,136007.0419,125243.478,114479.9141,0
FPT.VN,2024-12-19,128086.95,129565.22,128000.0,128782.61,5525980,125900.0,120888.6958,126401.965,122236.7019,60.9293,2952.5012,2968.5538,-16.0526,2340.6227,873145904,135764.5544,125900.0,116035.4456,1
FPT.VN,2024-12-20,129130.44,130956.52,128956.52,130000.0,4069735,126578.261,121060.8698,126744.635,122541.1449,63.5567,2876.3088,2950.1048,-73.7961,2328.7146,877215639,135525.3412,126578.261,117631.1808,1
FPT.VN,2024-12-23,130000.0,130347.83,129304.35,130260.87,2892020,127269.5655,121273.0438,127079.5145,122843.8792,64.1136,2804.6455,2921.013,-116.3675,2236.9122,880107659,134965.7986,127269.5655,119573.3324,1
FPT.VN,2024-12-24,130434.78,131130.44,129913.05,130782.61,2646035,127930.435,121506.0872,127432.1903,123155.202,65.2572,2758.1576,2888.4419,-130.2843,2164.0892,882753694,134268.029,127930.435,121592.841,1
FPT.VN,2024-12-25,130956.52,131478.27,130782.61,131130.44,2890065,128447.8265,121758.2612,127784.4045,123467.9565,66.0342,2718.0506,2854.3636,-136.3131,2059.2014,885643759,133964.8616,128447.8265,122930.7914,0
FPT.VN,2024-12-26,131304.34,131652.17,129652.17,130260.87,2568295,128900.0005,121980.8698,128020.2584,123734.3452,62.2837,2586.2853,2800.748,-214.4626,2054.9727,883075464,133288.9256,128900.0005,124511.0754,0
FPT.VN,2024-12-27,130000.0,130347.83,129304.35,130086.95,2945955,129130.435,122200.0,128217.0862,123983.467,61.531,2439.7032,2728.539,-288.8358,1982.7232,880129509,133237.8401,129130.435,125023.0299,1
FPT.VN,2024-12-30,129913.05,131130.44,129130.44,130869.56,2279760,129491.3045,122460.8694,128469.7027,124253.5098,63.6593,2359.4871,2654.7286,-295.2415,1983.9573,882409269,132753.3614,129491.3045,126229.2476,1
FPT.VN,2024-12-31,131043.48,133826.09,130695.65,132608.7,4143680,129817.392,122798.2608,128863.8929,124581.1644,67.9084,2408.4859,2605.4801,-196.9942,2065.8489,886552949,132947.7757,129817.392,126687.0083,0
FPT.VN,2025-01-01,132608.7,132608.7,132608.7,132608.7,0,130208.6965,123116.5218,129220.5412,124895.9697,67.9084,2419.4281,2568.2697,-148.8416,1918.2883,886552949,132544.9856,130208.6965,127872.4074,0
FPT.VN,2025-01-02,132608.7,132782.61,130521.74,132173.91,3648720,130360.87,123424.3478,129501.8144,125181.3791,65.6817,2365.7451,2527.7648,-162.0197,1942.7584,882904229,132795.8331,130360.87,127925.9069,0
FPT.VN,2025-01-03,131565.22,131565.22,129565.22,129565.22,4986515,130339.131,123685.2174,129507.8531,125353.2944,54.1987,2088.6251,2439.9368,-351.3117,1990.3249,877917714,132795.3302,130339.131,127882.9318,1
FPT.VN,2025-01-06,129652.17,130608.7,129043.48,129826.09,3987165,130439.131,123935.6522,129538.1613,125528.6982,55.0451,1868.5164,2325.6528,-457.1363,1959.9603,881904879,132610.9205,130439.131,128267.3415,1
FPT.VN,2025-01-07,130000.0,131565.22,130000.0,130521.74,3971295,130465.218,124191.3044,129631.8355,125724.5037,57.3106,1730.2665,2206.5755,-476.309,1944.1867,885876174,132627.3104,130465.218,128303.1256,0
FPT.VN,2025-01-08,130434.78,130434.78,128782.61,128956.52,4461885,130369.566,124406.9566,129567.5197,125851.2495,51.0738,1477.3719,2060.7348,-583.3628,1929.5398,881414289,132623.65,130369.566,128115.482,1
FPT.VN,2025-01-09,128956.52,129739.13,128695.65,129391.3,1971560,130308.696,124631.3044,129550.7369,125990.075,52.6164,1297.0824,1908.0043,-610.9219,1866.2498,883385849,132601.0157,130308.696,128016.3763,0
FPT.VN,2025-01-10,129391.3,129652.17,128000.0,128086.95,2903405,130213.0435,124852.1738,129411.3286,126072.3054,47.7523,1036.9976,1733.803,-696.8054,1850.9584,880482444,132710.1087,130213.0435,127715.9783,1
FPT.VN,2025-01-13,127043.48,129130.44,125826.09,128347.83,4012120,130113.0435,125109.5652,129310.043,126161.5416,48.7724,842.2208,1555.4865,-713.2658,1954.7721,884494564,132743.9806,130113.0435,127482.1064,0
FPT.VN,2025-01-14,128347.83,128695.65,126173.91,126173.91,3331780,129986.9565,125326.9564,129011.3637,126162.0267,41.5014,506.6017,1345.7096,-839.1078,1995.2698,881162784,133101.2192,129986.9565,126872.6938,1
FPT.VN,2025-01-15,126956.52,127391.3,125913.05,126521.74,3267035,129847.826,125516.5216,128774.2567,126176.1331,42.9664,265.6263,1129.6929,-864.0666,1958.3398,884429819,133318.7012,129847.826,126376.9508,0
FPT.VN,2025-01-16,126956.52,127391.3,125913.05,126521.74,3267035,129734.7825,125697.3912,128559.7313,126189.6863,42.9664,73.8007,918.5145,-844.7137,1924.0477,884429819,133487.556,129734.7825,125982.009,1
FPT.VN,2025-01-17,127478.26,130521.74,126956.52,129565.22,4067550,129713.0435,125926.9566,128655.4921,126322.0602,54.524,165.4538,767.9023,-602.4486,2072.33,888497369,133464.3851,129713.0435,125961.7019,1
FPT.VN,2025-01-20,129565.22,130782.61,128869.56,130434.78,2550355,129721.739,126130.4348,128824.9481,126483.3433,57.1931,304.7428,675.2704,-370.5276,2060.9528,891047724,133479.2285,129721.739,125964.2495,0
FPT.VN,2025-01-21,130869.56,131652.17,129565.22,130347.83,2852345,129700.0,126358.261,128969.9845,126634.8918,56.8339,403.4633,620.909,-217.4457,2062.8098,888195379,133436.6195,129700.0,125963.3805,0
FPT.VN,2025-01-22,130086.95,130956.52,129739.13,130173.91,3203440,129652.1735,126565.2174,129084.6441,126773.6768,56.0753,462.3367,589.1945,-126.8579,2002.4227,884991939,133335.8138,129652.1735,125968.5332,1
FPT.VN,2025-01-23,130521.74,135652.17,130434.78,134173.91,8116470,129847.8255,126883.4782,129569.336,127063.882,66.9892,822.282,635.812,186.47,2250.6967,893108409,134047.1669,129847.8255,125648.4841,0
FPT.VN,2025-01-24,134000.0,134347.83,133391.3,133391.3,4204055,130013.043,127222.6086,129933.3326,127312.0161,63.6566,1032.4893,715.1475,317.3418,2158.2563,888904354,134502.0194,130013.043,125524.0666,0
FPT.VN,2025-01-27,133391.3,133391.3,133391.3,133391.3,0,130139.13,127559.9998,130262.6628,127550.4194,63.6566,1185.4154,809.2011,376.2143,2004.0951,888904354,134864.8237,130139.13,125413.4363,0
FPT.VN,2025-01-28,133391.3,133391.3,133391.3,133391.3,0,130178.26,127966.9562,130560.6283,127779.4735,63.6566,1291.7203,905.7049,386.0153,1860.9455,888904354,135001.9967,130178.26,125354.5233,0
FPT.VN,2025-01-29,133391.3,133391.3,133391.3,133391.3,0,130217.39,128332.1734,130830.2161,127999.5451,63.6566,1360.2871,996.6213,363.6657,1728.0208,888904354,135135.9057,130217.39,125298.8743,0
FPT.VN,2025-01-30,133391.3,133391.3,133391.3,133391.3,0,130278.2595,128686.956,131074.1288,128210.9865,63.6566,1398.5057,1076.9982,321.5075,1604.5907,888904354,135327.1295,130278.2595,125229.3895,0
FPT.VN,2025-01-31,133391.3,133391.3,133391.3,133391.3,0,130469.5635,129026.0864,131294.8118,128414.1361,63.6566,1412.5117,1144.1009,268.4108,1489.9771,888904354,135691.6486,130469.5635,125247.4784,0
FPT.VN,2025-02-03,128695.65,129739.13,126347.83,126521.74,14659855,130304.346,129227.8256,130840.2335,128339.9244,37.8639,859.3889,1087.1585,-227.7696,1886.6552,874244499,135813.3555,130304.346,124795.3365,1
FPT.VN,2025-02-04,126956.52,127826.09,126347.83,127130.44,6287855,130134.781,129419.13,130486.9199,128292.4937,40.1769,464.7943,962.6857,-497.8914,1857.4841,880532354,135821.5155,130134.781,124448.0465,1
FPT.VN,2025-02-05,127739.13,128260.87,126782.61,127217.39,5984715,130047.8245,129547.8256,130175.5361,128250.3328,40.5175,157.2783,801.6042,-644.3259,1830.3966,886517069,135862.1743,130047.8245,124233.4747,1
FPT.VN,2025-02-06,127826.09,128086.95,126608.7,127391.3,3940590,129947.8245,129671.3038,129910.3707,128216.6452,41.2382,-71.5722,626.9689,-698.5411,1805.2433,890457659,135877.3714,129947.8245,124018.2776,0
FPT.VN,2025-02-07,127391.3,127565.22,126782.61,127043.48,4445785,129895.651,129702.6082,129637.3335,128170.6387,40.1894,-277.8017,446.0148,-723.8165,1732.1981,886011874,135911.8689,129895.651,123879.4331,0
FPT.VN,2025-02-10,126521.74,126521.74,123478.26,123478.26,8912040,129652.1725,129699.13,129050.7551,127986.6239,31.38,-720.6167,212.6885,-933.3052,1863.1282,877099834,136293.7828,129652.1725,123010.5622,1
FPT.VN,2025-02-11,123652.17,126434.78,121826.09,126434.78,6165610,129665.216,129706.0866,128801.6146,127925.7672,42.6137,-823.4916,5.4525,-828.9441,2059.2398,883265444,136279.0308,129665.216,123051.4012,0
FPT.VN,2025-02-12,126608.7,126695.65,125478.26,126086.95,2170510,129643.4765,129732.1734,128543.0751,127853.6568,41.7478,-922.4542,-180.1288,-742.3254,1999.1076,881094934,136303.4937,129643.4765,122983.4593,0
FPT.VN,2025-02-13,126086.95,126086.95,124086.95,124434.78,3278420,129539.1285,129638.2602,128151.8089,127719.5832,37.8169,-1121.2738,-368.3578,-752.9159,1999.1714,877816514,136465.1693,129539.1285,122613.0877,1
FPT.VN,2025-02-14,125217.39,126086.95,124869.56,126000.0,3739455,129360.8675,129558.2602,127946.8747,127652.1485,43.2669,-1139.4052,-522.5673,-616.8379,1974.3856,881555969,136465.3051,129360.8675,122256.4299,0
FPT.VN,2025-02-17,126086.95,126086.95,124695.65,124869.56,2836245,129082.6065,129499.1296,127653.7971,127543.0274,40.5057,-1230.8035,-664.2145,-566.589,1932.7366,878719724,136441.3375,129082.6065,121723.8755,1
FPT.VN,2025-02-18,125043.48,125565.22,124434.78,125130.44,1914060,128821.737,129401.7384,127413.4774,127448.4161,41.4346,-1267.5748,-784.8866,-482.6882,1875.4297,880633784,136359.357,128821.737,121284.117,1
FPT.VN,2025-02-19,125130.44,126000.0,124434.78,125217.39,3484270,128573.911,129288.695,127204.3262,127360.9249,41.761,-1275.0027,-882.9098,-392.0929,1853.2719,884118054,136249.0142,128573.911,120898.8078,0
FPT.VN,2025-02-20,125391.3,125739.13,124347.83,124347.83,3893210,128082.607,129163.4776,126932.279,127242.7643,39.3965,-1335.6589,-973.4596,-362.1993,1820.2739,880224844,135502.0895,128082.607,120663.1245,0
FPT.VN,2025-02-21,124173.91,124260.87,123043.48,123478.26,6109490,127586.955,129033.0428,126603.3248,127095.1367,37.1323,-1437.3278,-1066.2333,-371.0946,1783.4222,874115354,134835.7051,127586.955,120338.2049,0
FPT.VN,2025-02-24,123478.26,123478.26,121304.35,122173.91,8622585,127026.0855,128869.5644,126181.4758,126902.1474,33.9778,-1604.6539,-1173.9174,-430.7365,1811.3142,865492769,134118.037,127026.0855,119934.134,0
FPT.VN,2025-02-25,122086.95,122086.95,120173.91,120869.56,7831960,126399.9985,128713.0426,125675.579,126665.5754,31.1298,-1821.5138,-1303.4367,-518.0772,1824.7917,857660809,133335.0671,126399.9985,119464.9299,1
FPT.VN,2025-02-26,120956.52,123304.35,120782.61,123304.35,3821910,125895.651,128593.0426,125449.7477,126533.7626,41.0609,-1776.4321,-1398.0358,-378.3963,1874.5737,861482719,132120.7192,125895.651,119670.5828,0
FPT.VN,2025-02-27,123478.26,123652.17,122347.83,122869.56,3934955,125369.564,128474.7816,125204.0155,126390.0684,39.953,-1755.5515,-1469.5389,-286.0126,1833.8428,857547764,130631.2753,125369.564,120107.8527,0
FPT.VN,2025-02-28,121826.09,122695.65,120869.56,122000.0,5398560,124799.999,128314.7816,124898.8712,126217.9088,37.7586,-1788.5524,-1533.3416,-255.2108,1845.7111,852149204,128693.9688,124799.999,120906.0292,1
FPT.VN,2025-03-03,122173.91,122956.52,122000.0,122173.91,2913985,124582.6075,128153.0424,124639.3511,126059.3207,38.4863,-1780.1523,-1582.7037,-197.4485,1782.1975,855063189,128556.4966,124582.6075,120608.7184,0
FPT.VN,2025-03-04,121304.35,122260.87,121130.44,121739.13,3991995,124313.042,127972.1728,124363.1395,125889.9014,37.3118,-1787.9677,-1623.7565,-164.2111,1735.6427,851071194,128290.6537,124313.042,120335.4303,0
FPT.VN,2025-03-05,121739.13,121826.09,120956.52,120956.52,3278765,123999.9985,127768.6944,124038.6996,125696.4355,35.2279,-1836.1456,-1666.2343,-169.9112,1673.7803,847792429,128000.5959,123999.9985,119999.4011,1
FPT.VN,2025-03-06,121304.35,124782.61,121304.35,123130.44,7379665,123786.9555,127626.0858,123952.1987,125595.8082,44.5006,-1679.5489,-1668.8973,-10.6517,1827.5167,855172094,127468.2071,123786.9555,120105.7039,0
FPT.VN,2025-03-07,123217.39,124086.95,122695.65,122956.52,3397675,123582.6075,127483.4772,123857.3721,125492.3067,43.9584,-1551.593,-1645.4364,93.8434,1796.3584,851774419,126942.4218,123582.6075,120222.7932,0
FPT.VN,2025-03-10,123043.48,123043.48,121043.48,121130.44,6121450,123465.2165,127288.6948,123597.6643,125321.2531,38.6357,-1579.3309,-1632.2153,52.8844,1810.9042,845652969,126999.8957,123465.2165,119930.5373,0
FPT.VN,2025-03-11,120000.0,120434.78,119130.44,119565.22,6652060,123121.7385,127027.8252,123213.622,125095.5263,34.7516,-1707.9257,-1647.3574,-60.5683,1824.4111,839000909,126774.5217,123121.7385,119468.9553,0
FPT.VN,2025-03-12,119739.13,120608.7,118173.91,118173.91,7112750,122726.0865,126739.1294,122733.6494,124824.0904,31.7008,-1900.2007,-1697.926,-202.2746,1868.0096,831888159,126724.4055,122726.0865,118727.7675,1
FPT.VN,2025-03-13,118347.83,120000.0,118347.83,118695.65,4151730,122439.13,126469.5642,122349.078,124583.7594,34.0393,-1987.5685,-1755.8545,-231.714,1865.0153,836039889,126733.9014,122439.13,118144.3586,0
FPT.VN,2025-03-14,117913.05,118521.74,113739.13,114260.87,18508100,121852.1735,126163.4772,121578.7725,124178.9402,25.9165,-2387.1404,-1882.1117,-505.0287,2085.8371,817531789,127181.8881,121852.1735,116522.4589,0
FPT.VN,2025-03-17,114434.78,114869.56,112695.65,113043.48,7713050,121260.8695,125827.825,120765.8875,123742.2555,24.2087,-2770.1051,-2059.7104,-710.3947,2092.128,809818739,127691.4457,121260.8695,114830.2933,0
FPT.VN,2025-03-18,113130.44,114956.52,113043.48,113043.48,6334775,120656.5215,125478.2598,120030.4201,123322.6957,24.2087,-3038.5805,-2255.4844,-783.0961,2079.336,809818739,127789.4055,120656.5215,113523.6375,0
FPT.VN,2025-03-19,113130.44,113565.22,107391.3,108347.83,20847660,119813.0435,125066.086,118917.7925,122735.446,18.6972,-3588.8786,-2522.1633,-1066.7154,2371.8063,788971079,128496.2872,119813.0435,111129.7998,1
FPT.VN,2025-03-20,108347.83,110260.87,108260.87,108695.65,9433910,119030.4345,124652.173,117944.2551,122184.8658,20.1474,-3951.3786,-2808.0063,-1143.3723,2345.2487,798404989,128752.1036,119030.4345,109308.7654,1
FPT.VN,2025-03-21,108695.65,112173.91,108695.65,111304.35,7388520,118421.739,124316.521,117311.8832,121758.1789,30.2032,-3982.2572,-3042.8565,-939.4007,2426.1781,805793509,128489.1493,118421.739,108354.3287,1
FPT.VN,2025-03-24,111739.13,112434.78,110695.65,112173.91,5853730,117921.739,123993.0426,116822.5524,121382.3252,33.2219,-3891.7013,-3212.6255,-679.0759,2377.1032,811647239,128195.6932,117921.739,107647.7848,0
FPT.VN,2025-03-25,112869.56,112956.52,110000.0,110000.0,6473580,117378.261,123669.5644,116172.7855,120935.9595,29.7569,-3949.8205,-3360.0645,-589.756,2418.4901,805173659,128134.3029,117378.261,106622.2191,0
FPT.VN,2025-03-26,110000.0,110000.0,106695.65,106956.52,11194790,116560.8695,123278.26,115295.046,120387.7462,25.7135,-4193.1279,-3526.6772,-666.4508,2481.7658,793978869,127890.1111,116560.8695,105231.6279,1
FPT.VN,2025-03-27,106086.95,110000.0,105304.35,109739.13,7434060,115904.348,122942.6078,114765.9111,119970.1534,34.4796,-4113.9939,-3644.1405,-469.8534,2639.9004,801412929,127216.0727,115904.348,104592.6233,0
FPT.VN,2025-03-28,109652.17,109913.05,107826.09,107826.09,3386520,115195.6525,122507.8252,114104.9758,119493.9156,31.7092,-4157.7184,-3746.8561,-410.8623,2600.4047,798026409,126674.1733,115195.6525,103717.1317,0
FPT.VN,2025-03-31,107304.35,107304.35,105217.39,105217.39,6217245,114347.8265,122003.4774,113258.539,118934.0519,28.3626,-4352.6955,-3868.024,-484.6715,2600.9972,791809164,126156.2673,114347.8265,102539.3857,0
FPT.VN,2025-04-01,106086.95,106260.87,103304.35,104782.61,8997945,113500.0005,121492.173,112451.3077,118379.0934,27.8353,-4490.5353,-3992.5262,-498.009,2626.3917,782811219,125507.2121,113500.0005,101492.7889,1
FPT.VN,2025-04-02,105391.3,106347.83,105043.48,106086.95,4508230,112756.522,121010.4338,111845.1784,117897.0485,31.9242,-4443.3053,-4082.682,-360.6232,2550.5937,787319449,124660.7079,112756.522,100852.3361,0
FPT.VN,2025-04-03,99739.13,102260.87,98695.65,98695.65,13207635,111534.7825,120300.8686,110592.8423,117144.0525,23.7218,-4945.2851,-4255.2027,-690.0825,2896.3584,774111814,123960.2047,111534.7825,99109.3603,0
FPT.VN,2025-04-04,91826.09,99043.48,91826.09,98260.87,24810675,110300.0,119598.26,109418.3688,116403.5356,23.3419,-5316.901,-4467.5423,-849.3587,3205.0035,749301139,122853.9234,110300.0,97746.0766,0
FPT.VN,2025-04-07,98260.87,98260.87,98260.87,98260.87,0,109156.5215,118895.6514,108355.7499,115692.0585,23.3419,-5547.4615,-4683.5262,-863.9354,2976.0747,749301139,121722.9435,109156.5215,96590.0995,0
FPT.VN,2025-04-08,92173.91,93913.05,91391.3,91391.3,18717860,107747.8255,118055.6514,106740.088,114739.0876,18.0459,-6212.8811,-4989.3972,-1223.4839,3254.1815,730583279,121647.2361,107747.8255,93848.4149,1
FPT.VN,2025-04-09,85043.48,93913.05,85043.48,91565.22,19427295,106417.391,117219.1298,105294.8624,113830.3084,18.5497,-6649.5452,-5321.4268,-1328.1184,3655.2807,750010574,121181.8008,106417.391,91652.9812,1
FPT.VN,2025-04-10,97913.05,97913.05,97913.05,97913.05,1156210,105378.261,116509.5648,104591.8327,113206.1022,34.402,-6409.503,-5539.042,-870.461,3847.6057,751166784,119411.4126,105378.261,91345.1094,1
FPT.VN,2025-04-11,101739.13,103043.48,99391.3,103043.48,22107600,104817.3915,115902.6084,104444.3705,112807.568,43.9045,-5739.128,-5579.0592,-160.0688,3939.236,773274384,118239.0814,104817.3915,91395.7016,0
FPT.VN,2025-04-14,104347.83,104347.83,99130.44,103043.48,10600010,104317.3915,115433.0432,104310.9524,112424.6626,43.9045,-5148.5022,-5492.9478,344.4456,4030.5327,773274384,117182.2893,104317.3915,91452.4937,0
FPT.VN,2025-04-15,100956.52,101739.13,98869.56,100869.56,8926760,103708.6955,114907.8256,103983.2007,111971.5213,40.9867,-4800.5069,-5354.4596,553.9527,4040.7746,764347624,115973.1867,103708.6955,91444.2043,0
FPT.VN,2025-04-16,99565.22,100782.61,93826.09,93826.09,20737030,102982.6085,114239.9996,103015.8568,111259.9358,33.2716,-5035.0267,-5290.573,255.5464,4255.2529,743610594,115797.7686,102982.6085,90167.4484,1
FPT.VN,2025-04-17,91304.35,96782.61,91217.39,95130.44,9867115,102304.348,113594.7824,102264.8648,110627.4065,35.6859,-5057.3373,-5243.9259,186.5886,4348.822,753477709,115281.2629,102304.348,89327.4331,1
FPT.VN,2025-04-18,96086.95,100000.0,96086.95,97043.48,8608325,101591.3045,112994.7824,101767.59,110094.7035,39.1627,-4864.5764,-5168.056,303.4796,4386.0175,762086034,114042.5534,101591.3045,89140.0556,1
FPT.VN,2025-04-21,97391.3,97826.09,95652.17,97130.44,4982145,100839.131,112467.826,101325.9567,109586.301,39.3232,-4651.1792,-5064.6806,413.5014,4228.0106,767068179,112383.1162,100839.131,89295.1458,0
FPT.VN,2025-04-22,96521.74,96695.65,90434.78,96000.0,10496395,100139.131,111859.1304,100818.7227,109053.5049,37.922,-4521.1604,-4955.9766,434.8162,4404.2712,756571784,111023.1873,100139.131,89255.0747,0
FPT.VN,2025-04-23,97130.44,97130.44,93652.17,96000.0,6567420,99591.305,111257.3914,100359.7967,108541.6028,37.922,-4367.7705,-4838.3354,470.5648,4338.1283,756571784,110127.9687,99591.305,89054.6413,1
FPT.VN,2025-04-24,96956.52,98869.56,96173.91,97391.3,8901115,98973.9135,110716.5218,100077.0828,108104.336,40.9266,-4086.8313,-4688.0346,601.2033,4233.2306,765472899,108394.9349,98973.9135,89552.8921,1
FPT.VN,2025-04-25,97391.3,97739.13,95826.09,97739.13,6191715,98469.5655,110151.3044,99854.4206,107697.8573,41.6865,-3792.4014,-4508.9079,716.5065,4067.5027,771664614,106925.8386,98469.5655,90013.2924,0
FPT.VN,2025-04-28,97391.3,97739.13,94956.52,95217.39,4431755,97969.5655,109558.261,99412.7986,107208.4272,37.8819,-3719.669,-4351.0602,631.3911,3975.7246,767232859,105912.9062,97969.5655,90026.2248,0
FPT.VN,2025-04-29,95304.35,96086.95,94869.56,95130.44,3387325,97486.957,108958.261,99004.955,106734.7807,37.754,-3627.2317,-4206.2945,579.0628,3778.7007,763845534,104838.2044,97486.957,90135.7096,0
FPT.VN,2025-04-30,95130.44,95130.44,95130.44,95130.44,0,96939.1315,108356.522,98635.9535,106279.7085,37.754,-3513.4733,-4067.7302,554.2569,3508.7935,763845534,103133.9514,96939.1315,90744.3116,0
FPT.VN,2025-05-01,95130.44,95130.44,95130.44,95130.44,0,96760.871,107772.1742,98302.0951,105842.4823,37.754,-3384.3068,-3931.0455,546.7387,3258.1654,763845534,102948.0478,96760.871,90573.6942,0
FPT.VN,2025-05-02,95130.44,95130.44,95130.44,95130.44,0,96604.3495,107205.2178,98000.0327,105422.4022,37.754,-3244.5404,-3793.7445,549.2041,3025.4393,763845534,102790.1366,96604.3495,90418.5624,0
FPT.VN,2025-05-05,95217.39,95391.3,92956.52,94434.78,8242740,96413.045,106650.4352,97660.4848,104991.515,36.4299,-3153.5562,-3665.7069,512.1507,2983.2494,755602794,102619.745,96413.045,90206.345,0
FPT.VN,2025-05-06,95217.39,95391.3,92956.52,94434.78,8242740,96565.219,106121.7396,97353.2749,104577.5254,36.4299,-3046.3343,-3541.8323,495.498,2944.073,755602794,102391.0655,96565.219,90739.3725,1
FPT.VN,2025-05-07,94434.78,96521.74,94434.78,95391.3,6539130,96756.523,105563.4786,97166.4201,104217.2813,39.7969,-2851.3089,-3403.7277,552.4187,2882.8506,762141924,102124.3309,96756.523,91388.7151,0
FPT.VN,2025-05-08,95304.35,96695.65,94695.65,95391.3,4515820,96630.4355,105013.9134,96997.361,103871.1644,39.7969,-2666.0177,-3256.1857,590.168,2819.7899,762141924,102002.327,96630.4355,91258.544,1
FPT.VN,2025-05-09,96000.0,99652.17,94782.61,99391.3,14541635,96447.8265,104561.7394,97225.3552,103695.4834,52.101,-2171.3762,-3039.2238,867.8475,2966.202,776683559,101102.1985,96447.8265,91793.4545,1
FPT.VN,2025-05-12,101739.13,103217.39,101478.26,102869.56,10022480,96439.1305,104175.6524,97762.8985,103663.0943,59.7957,-1481.6236,-2727.7037,1246.0802,3027.6226,786706039,101041.9809,96439.1305,91836.2801,0
FPT.VN,2025-05-13,101739.13,103217.39,101478.26,102869.56,10022480,96539.1305,103798.261,98249.2473,103631.9753,59.7957,-924.3345,-2367.0299,1442.6954,2935.5874,786706039,101610.3355,96539.1305,91467.9255,1
FPT.VN,2025-05-14,104347.83,104608.7,103130.44,103913.05,9850785,97043.4785,103457.3916,98788.657,103642.9978,61.924,-393.9368,-1972.4113,1578.4744,2850.1269,796556824,102920.8764,97043.4785,91166.0806,1
FPT.VN,2025-05-15,104347.83,109826.09,104347.83,109826.09,13892345,97778.261,103191.3046,99839.8411,103885.472,71.2207,497.8017,-1478.3687,1976.1704,3068.9064,810449169,105896.0831,97778.261,89660.4389,0
FPT.VN,2025-05-16,110000.0,110347.83,107478.26,108695.65,8977245,98360.8695,102906.0872,100683.2515,104074.1065,67.8118,1100.6067,-962.5736,2063.1803,3054.6681,801471924,107818.6009,98360.8695,88903.1381,0
FPT.VN,2025-05-19,103304.35,104782.61,101391.3,102782.61,11404205,98643.478,102539.1306,100883.1904,104023.4595,53.4113,1088.6518,-552.3285,1640.9803,3358.2168,790067719,108282.4529,98643.478,89004.5031,0
FPT.VN,2025-05-20,103304.35,104782.61,101391.3,102782.61,11404205,98982.6085,102203.4784,101064.0875,103974.7988,53.4113,1066.8791,-228.487,1295.3661,3360.5806,790067719,108706.8698,98982.6085,89258.3472,1
FPT.VN,2025-05-21,101565.22,103739.13,101565.22,103652.17,9097995,99365.217,101913.0436,101310.5716,103962.1467,55.0397,1107.0292,38.6162,1068.413,3275.8184,799165714,109196.9276,99365.217,89533.5064,0
FPT.VN,2025-05-22,104347.83,104347.83,101739.13,102869.56,6928060,99639.13,101596.5218,101459.0466,103919.3001,53.2362,1063.4397,243.5809,819.8588,3228.1671,792237654,109544.2647,99639.13,89733.9953,0
FPT.VN,2025-05-23,101826.09,102260.87,100521.74,101565.22,7303305,99830.4345,101342.6088,101469.1584,103826.9833,50.2791,913.1195,377.4886,535.6308,3165.2851,784934349,109728.8492,99830.4345,89932.0198,1
FPT.VN,2025-05-26,101478.26,102434.78,100000.0,102000.0,4626910,100169.565,101121.7392,101519.7147,103755.3369,51.2512,819.6246,465.9158,353.7088,3113.1062,789561259,109865.1968,100169.565,90473.9332,0
FPT.VN,2025-05-27,101478.26,102434.78,100000.0,102000.0,4626910,100513.043,100900.8696,101565.4562,103686.5001,51.2512,737.0332,520.1393,216.8939,3064.6543,789561259,109940.0281,100513.043,91086.0579,1
FPT.VN,2025-05-28,102086.95,103826.09,102086.95,103478.26,6322930,100930.434,100803.4782,101747.628,103678.3338,54.7402,781.8495,572.4813,209.3681,2976.1855,795884189,110089.3701,100930.434,91771.4979,0
FPT.VN,2025-05-29,103652.17,103826.09,102173.91,102956.52,4523640,101321.738,100688.6956,101862.7606,103650.0274,53.2905,766.4317,611.2714,155.1603,2881.6136,791360549,110098.0427,101321.738,92545.4333,0
FPT.VN,2025-05-30,103478.26,103478.26,101826.09,101826.09,3372950,101656.5205,100499.1304,101859.2681,103578.5005,50.1891,655.4412,620.1054,35.3358,2793.7962,787987599,109935.1214,101656.5205,93377.9196,0
FPT.VN,2025-06-02,101304.35,101826.09,100521.74,100956.52,3353860,101982.6075,100274.7826,101773.2921,103475.6777,47.8807,491.646,594.4135,-102.7675,2687.4072,784633739,109546.4016,101982.6075,94418.8134,0
FPT.VN,2025-06-03,101304.35,101826.09,100521.74,100956.52,3353860,102308.6945,100093.913,101695.5043,103376.8872,47.8807,357.7137,547.0735,-189.3599,2588.6174,784633739,109016.2498,102308.6945,95601.1392,1
FPT.VN,2025-06-04,101478.26,102608.7,101130.44,102086.95,3908390,102643.477,99996.5216,101732.7848,103326.3014,51.2605,338.8811,505.435,-166.5539,2521.729,788542129,108513.3986,102643.477,96773.5554,0
FPT.VN,2025-06-05,102608.7,102782.61,101304.35,101826.09,3304295,102965.2165,99838.2608,101741.671,103267.4696,50.4475,299.4551,464.2391,-164.784,2447.1955,785237834,107770.2495,102965.2165,98160.1835,0
FPT.VN,2025-06-06,101826.09,102000.0,101304.35,101565.22,2648220,103073.9125,99713.0434,101724.8662,103200.7147,49.6003,244.343,420.2598,-175.9169,2322.0851,782589614,107630.468,103073.9125,98517.357,0
FPT.VN,2025-06-09,100434.78,101652.17,100000.0,101043.48,3512905,102982.6085,99629.5652,101659.9723,103116.1173,47.8689,156.7592,367.5597,-210.8005,2274.2341,779076709,107628.7072,102982.6085,98336.5098,0
FPT.VN,2025-06-10,100434.78,101652.17,100000.0,101043.48,3512905,102891.3045,99554.7826,101601.2587,103034.8374,47.8689,86.3529,311.3183,-224.9654,2229.8009,779076709,107617.8325,102891.3045,98164.7765,0
FPT.VN,2025-06-11,101739.13,102086.95,100608.7,100608.7,3862850,102726.087,99445.2176,101506.7293,102939.6947,46.3066,-4.476,248.1595,-252.6355,2176.1187,775213859,107532.5673,102726.087,97919.6067,1
FPT.VN,2025-06-12,100956.52,102782.61,100956.52,102521.74,6605945,102360.8695,99521.7394,101603.397,102923.3044,53.498,77.0199,213.9316,-136.9117,2175.9609,781819804,105815.8351,102360.8695,98905.9039,0
FPT.VN,2025-06-13,102260.87,102347.83,101304.35,101739.13,4776065,102013.0435,99591.3046,101616.3239,102876.8661,50.5172,77.5618,186.6576,-109.0958,2107.4916,777043739,103762.4613,102013.0435,100263.6257,1
FPT.VN,2025-06-16,100086.95,104173.91,100000.0,103478.26,9279465,102047.826,99695.6524,101793.6512,102900.4502,56.3391,215.8365,192.4934,23.3431,2255.0929,786323204,103887.0265,102047.826,100208.6255,0
FPT.VN,2025-06-17,100086.95,104173.91,100000.0,103478.26,9279465,102082.6085,99937.3916,101954.0901,102923.1094,56.3391,321.7117,218.337,103.3747,2392.1513,786323204,104004.76,102082.6085,100160.457,0
FPT.VN,2025-06-18,103478.26,103739.13,102782.61,103304.35,5290345,102065.2175,100172.1742,102082.6863,102938.06,55.5807,387.123,252.0942,135.0287,2289.6062,781032859,103933.1038,102065.2175,100197.3312,0
FPT.VN,2025-06-19,103304.35,103913.05,101217.39,101739.13,7540205,102008.696,100248.6958,102049.9667,102891.0432,49.1658,309.0986,263.4951,45.6035,2318.61,773492654,103842.1982,102008.696,100175.1938,0
FPT.VN,2025-06-20,101739.13,101826.09,100608.7,100869.56,6215635,101973.913,100205.2174,101937.547,102811.7693,45.9901,175.0785,245.8118,-70.7333,2239.9514,767277019,103868.2248,101973.913,100079.6012,0
FPT.VN,2025-06-23,100434.78,101130.44,99565.22,100782.61,5275395,101913.0435,100160.0,101827.553,102732.1944,45.6725,61.1456,208.8785,-147.7329,2191.7563,762001624,103880.6443,101913.0435,99945.4427,0
FPT.VN,2025-06-24,100434.78,101130.44,99565.22,100782.61,5275395,101852.174,100158.261,101728.0346,102655.7402,45.6725,-28.8149,161.3399,-190.1547,2147.0037,762001624,103882.7621,101852.174,99821.5859,1
FPT.VN,2025-06-25,101130.44,101739.13,101130.44,101304.35,4912685,101743.4785,100307.8262,101687.6837,102602.7445,48.1642,-57.3481,117.6023,-174.9503,2061.9692,766914309,103635.5828,101743.4785,99851.3742,1
FPT.VN,2025-06-26,101739.13,103826.09,101739.13,101826.09,6900805,101686.957,100441.7392,101700.8652,102572.2874,50.604,-37.4293,86.596,-124.0253,2094.81,773815114,103492.0224,101686.957,99881.8916,0
FPT.VN,2025-06-27,102608.7,102869.56,101391.3,101739.13,4752145,101682.609,100535.6522,101704.5095,102539.6146,50.1801,-28.3339,63.61,-91.9439,2050.7707,769062969,103486.682,101682.609,99878.536,1
FPT.VN,2025-06-30,102521.74,103913.05,102260.87,102782.61,7887965,101773.9135,100648.6956,101807.1857,102549.1438,55.0467,62.3556,63.3591,-1.0035,2059.5671,776950934,103607.8505,101773.9135,99939.9765,0
FPT.VN,2025-07-01,102521.74,103913.05,102260.87,102782.61,7887965,101865.218,100784.3478,101900.0833,102558.2994,55.0467,132.6981,77.2269,55.4712,2030.468,776950934,103709.6063,101865.218,100020.8297,1
FPT.VN,2025-07-02,103478.26,103913.05,102782.61,103304.35,5300810,101926.088,100930.4348,102033.823,102587.5562,57.4566,227.9177,107.3651,120.5526,1966.1803,782251744,103878.481,101926.088,99973.695,0
FPT.VN,2025-07-03,103043.48,103217.39,102260.87,103130.44,4210955,101991.3055,101045.2176,102138.2627,102608.8458,56.3718,286.0495,143.102,142.9475,1900.2731,778040789,104015.456,101991.3055,99967.155,0
FPT.VN,2025-07-04,103043.48,104173.91,102434.78,102608.7,7249945,102043.4795,101142.609,102183.0662,102608.8401,53.1308,286.7142,171.8244,114.8898,1888.7629,770790844,104075.1661,102043.4795,100011.7929,1
FPT.VN,2025-07-07,107217.39,108434.78,106956.52,107652.17,7340220,102373.914,101391.3046,102703.9333,102806.6177,70.6796,686.2957,274.7187,411.577,2169.9998,778131064,105548.8317,102373.914,99198.9963,0
FPT.VN,2025-07-08,107217.39,108434.78,106956.52,107652.17,7340220,102704.3485,101641.7392,103175.1939,102996.6394,70.6796,991.5371,418.0824,573.4547,2120.5898,778131064,106591.8908,102704.3485,98816.8062,1
FPT.VN,2025-07-09,107913.05,109304.35,107826.09,108260.87,9273830,103086.957,101904.3478,103659.544,103203.0798,72.1397,1267.944,588.0547,679.8893,2087.132,787404894,107567.1375,103086.957,98606.7765,0
FPT.VN,2025-07-10,108521.74,108608.7,106347.83,106782.61,14028160,103300.0005,102137.3912,103956.9789,103343.4535,63.8268,1352.1288,740.8695,611.2593,2099.5418,773376734,108063.2968,103300.0005,98536.7042,1
FPT.VN,2025-07-11,107652.17,108956.52,107391.3,107739.13,5957230,103600.0005,102389.565,104317.1837,103515.833,66.5155,1478.9802,888.4917,590.4886,2104.8539,779333964,108693.6966,103600.0005,98506.3044,1
FPT.VN,2025-07-14,110608.7,111217.39,108695.65,110521.74,6875160,103952.1745,102711.3042,104908.0939,103790.5745,72.8401,1783.4854,1067.4904,715.995,2202.9543,786209124,109910.9344,103952.1745,97993.4146,0
FPT.VN,2025-07-15,110608.7,111217.39,108695.65,110521.74,6875160,104304.3485,103033.0434,105442.7268,104054.5417,72.8401,2001.7331,1254.339,747.3942,2225.7247,786209124,110939.3666,104304.3485,97669.3304,0
FPT.VN,2025-07-16,110086.95,111130.44,109565.22,109565.22,6440000,104617.392,103316.5218,105835.3452,104270.6468,67.7393,2073.6096,1418.1931,655.4165,2178.5458,779769124,111633.5884,104617.392,97601.1956,1
FPT.VN,2025-07-17,110173.91,110434.78,108782.61,109826.09,5822450,105021.74,103605.2176,106215.4162,104488.5073,68.3895,2127.1024,1559.9749,567.1274,2140.9475,785591574,112267.8569,105021.74,97775.6231,1
FPT.VN,2025-07-18,110173.91,112260.87,109565.22,110434.78,9584330,105500.001,103826.0872,106617.2603,104721.6944,69.9131,2193.3286,1686.6457,506.683,2180.5691,795175904,112854.058,105500.001,98145.944,0
FPT.VN,2025-07-21,112400.0,112400.0,110300.0,110300.0,7563700,105975.8705,103974.696,106967.9974,104940.4515,69.1186,2209.4684,1791.2102,418.2582,2174.8142,787612204,113276.1576,105975.8705,98675.5834,0
FPT.VN,2025-07-22,112400.0,112400.0,110300.0,110300.0,7563700,106451.74,104123.3048,107285.331,105150.6299,69.1186,2196.9344,1872.3551,324.5794,2169.4703,787612204,113565.0561,106451.74,99338.4239,1
FPT.VN,2025-07-23,110300.0,112200.0,108700.0,112100.0,6889600,106991.5225,104287.0438,107743.8709,105423.1542,73.7404,2305.6678,1959.0176,346.6502,2264.5082,794501804,114098.6195,106991.5225,99884.4255,0
FPT.VN,2025-07-24,112300.0,112800.0,111300.0,111800.0,4795100,107490.218,104326.522,108130.1689,105673.2266,71.8114,2340.6507,2035.3443,305.3065,2209.9004,789706704,114469.7708,107490.218,100510.6652,0
FPT.VN,2025-07-25,112000.0,112100.0,110800.0,111100.0,6420800,107958.2615,104374.609,108413.01,105886.0412,67.3821,2285.5445,2085.3843,200.1602,2144.9075,783285904,114559.162,107958.2615,101357.361,1
FPT.VN,2025-07-28,110800.0,111600.0,110500.0,111300.0,7611000,108384.131,104544.9568,108687.9614,106098.3534,67.9896,2232.2784,2114.7631,117.5153,2070.2713,790896904,114670.608,108384.131,102097.654,0
FPT.VN,2025-07-29,110800.0,111600.0,110500.0,111300.0,7611000,108810.0005,104715.3046,108936.727,106302.3395,67.9896,2165.1066,2124.8318,40.2748,2000.9662,790896904,114635.8409,108810.0005,102984.1601,0
FPT.VN,2025-07-30,111300.0,111600.0,106000.0,106000.0,16059500,108944.783,104762.2612,108657.0387,106290.483,43.2391,1665.0136,2032.8682,-367.8546,2258.04,774837404,114343.3708,108944.783,103546.1952,1
FPT.VN,2025-07-31,107000.0,108000.0,105300.0,106100.0,7488200,109093.261,104826.87,108413.5112,106283.0131,43.6559,1262.2055,1878.7356,-616.5302,2289.6086,782325604,113955.2047,109093.261,104231.3173,0
FPT.VN,2025-08-01,106100.0,106900.0,103800.0,104000.0,8944200,109162.826,104875.5656,107993.1768,106193.4832,37.4389,764.7096,1655.9304,-891.2208,2347.4937,773381404,113660.2603,109162.826,104665.3917,1
FPT.VN,2025-08-04,106500.0,106600.0,104800.0,106600.0,4617800,109110.2175,104967.5656,107860.4933,106209.425,47.4222,573.6264,1439.4696,-865.8432,2365.5299,777999204,113705.604,109110.2175,104514.831,0
FPT.VN,2025-08-05,106500.0,106600.0,104800.0,106600.0,4617800,109057.609,105059.5656,107740.4463,106224.7417,47.4222,417.3803,1235.0517,-817.6715,2325.1349,777999204,113746.4182,109057.609,104368.7998,0
FPT.VN,2025-08-06,107000.0,108700.0,105000.0,105800.0,11395000,108934.5655,105106.0004,107555.6419,106208.0852,44.8673,226.3911,1033.3196,-806.9285,2423.3395,766604204,113835.7545,108934.5655,104033.3765,0
FPT.VN,2025-08-07,106000.0,106200.0,104500.0,104900.0,11814200,108840.435,105144.87,107302.7236,106156.7877,42.1181,2.3809,827.1319,-824.751,2371.6724,754790004,113982.0598,108840.435,103698.8102,1
FPT.VN,2025-08-08,105600.0,107400.0,104900.0,106200.0,9565800,108763.4785,105232.3482,107197.7023,106158.4823,47.155,-69.4491,647.8157,-717.2648,2380.8387,764355804,114019.3129,108763.4785,103507.6441,1
FPT.VN,2025-08-11,105900.0,109500.0,105300.0,106400.0,10278500,108557.3915,105341.2178,107121.7307,106167.9536,47.9061,-108.9804,496.4565,-605.4368,2510.7788,774634304,113846.0713,108557.3915,103268.7117,0
FPT.VN,2025-08-12,105900.0,109500.0,105300.0,106400.0,10278500,108351.3045,105450.0874,107052.9944,106177.0534,47.9061,-138.7102,369.4231,-508.1333,2631.4374,774634304,113638.9141,108351.3045,103063.6949,1
FPT.VN,2025-08-13,107400.0,108200.0,106600.0,107500.0,11011800,108248.0435,105558.3484,107095.5664,106228.9337,52.2363,-72.6727,281.004,-353.6767,2572.049,785646104,113516.4648,108248.0435,102979.6222,0
FPT.VN,2025-08-14,107600.0,107800.0,104900.0,105100.0,21845000,108011.739,105623.8266,106905.5124,106184.6618,43.701,-211.5588,182.4914,-394.0502,2595.4741,763801104,113404.6271,108011.739,102618.8509,0
FPT.VN,2025-08-15,105800.0,105800.0,103700.0,103800.0,17905400,107680.0,105668.5222,106609.7494,106091.1456,39.8981,-421.6655,61.66,-483.3255,2560.0831,745895704,113258.3793,107680.0,102101.6207,0
FPT.VN,2025-08-18,101400.0,103000.0,100000.0,100500.0,11392300,107190.0,105657.6526,106027.8685,105871.885,32.2307,-844.7215,-119.6163,-725.1052,2648.6486,734503404,113476.1251,107190.0,100903.8749,0
FPT.VN,2025-08-19,101400.0,103000.0,100000.0,100500.0,11392300,106700.0,105646.783,105501.4048,105661.2229,32.2307,-1166.5492,-329.0029,-837.5463,2673.7451,734503404,113474.2547,106700.0,99925.7453,0
FPT.VN,2025-08-20,100600.0,101500.0,100000.0,100300.0,9153600,106110.0,105640.609,105006.0329,105450.9788,31.8012,-1421.3538,-547.473,-873.8808,2589.9062,725349804,112959.0184,106110.0,99260.9816,0
FPT.VN,2025-08-21,100100.0,100300.0,97500.0,97700.0,19969500,105405.0,105544.1742,104310.2203,105147.0189,26.8005,-1812.1967,-800.4178,-1011.7789,2604.9129,705380304,112677.5801,105405.0,98132.4199,1
FPT.VN,2025-08-22,97700.0,102900.0,97700.0,101700.0,12624800,104935.0,105543.3916,104061.6279,105011.8417,41.9295,-1778.6725,-996.0687,-782.6038,2790.2763,718005104,111864.806,104935.0,98005.194,0
FPT.VN,2025-08-25,102000.0,102000.0,98800.0,98800.0,6736000,104310.0,105449.8264,103560.5204,104768.24,36.1035,-1963.4764,-1189.5502,-773.9261,2819.5422,711269104,111075.5163,104310.0,97544.4837,0
FPT.VN,2025-08-26,102000.0,102000.0,98800.0,98800.0,6736000,103685.0,105356.2612,103107.1375,104534.1914,36.1035,-2085.8899,-1368.8182,-717.0717,2846.7178,711269104,110027.9281,103685.0,97342.0719,1
FPT.VN,2025-08-27,98800.0,100000.0,97900.0,100000.0,5812500,103385.0,105290.1742,102811.2197,104356.38,40.0978,-2062.3007,-1507.5147,-554.786,2793.3808,717081604,109833.5902,103385.0,96936.4098,1
FPT.VN,2025-08-28,101400.0,105100.0,101200.0,105000.0,19436400,103330.0,105355.3916,103019.6749,104381.62,53.22,-1621.4566,-1530.3031,-91.1536,2958.1393,736518004,109699.3675,103330.0,96960.6325,0
FPT.VN,2025-08-29,105100.0,105100.0,102800.0,104500.0,6280200,103355.0,105428.0004,103160.6583,104386.2623,51.9934,-1297.4739,-1483.7372,186.2633,2911.1294,730237804,109739.3476,103355.0,96970.6524,0
FPT.VN,2025-09-01,104500.0,104500.0,104500.0,104500.0,0,103250.0,105502.3482,103288.2146,104390.7226,51.9934,-1028.8553,-1392.7609,363.9056,2703.1916,730237804,109476.7673,103250.0,97023.2327,0
FPT.VN,2025-09-02,104500.0,104500.0,104500.0,104500.0,0,103145.0,105576.696,103403.6228,104395.008,51.9934,-806.6742,-1275.5435,468.8693,2510.1064,730237804,109202.4356,103145.0,97087.5644,0
FPT.VN,2025-09-03,102000.0,103300.0,100000.0,103200.0,9744200,103015.0,105614.609,103384.2301,104348.145,48.3731,-727.1116,-1165.8571,438.7455,2652.2417,720493604,108942.7314,103015.0,97087.2686,0
FPT.VN,2025-09-04,102000.0,103300.0,100000.0,103200.0,9744200,102930.0,105642.0872,103366.6844,104303.1197,48.3731,-656.49,-1063.9837,407.4937,2698.5101,720493604,108792.315,102930.0,97067.685,1
FPT.VN,2025-09-05,103300.0,105500.0,103200.0,105000.0,11033600,102870.0,105707.3046,103522.2383,104330.4483,53.5652,-450.0886,-941.2047,491.1161,2670.0451,731527204,108614.7825,102870.0,97125.2175,0
FPT.VN,2025-09-08,103000.0,103900.0,101900.0,101900.0,10600300,102645.0,105689.6524,103367.7394,104235.1366,45.1445,-530.5424,-859.0722,328.5299,2700.7562,720926904,108155.3634,102645.0,97134.6366,0
FPT.VN,2025-09-09,103000.0,103900.0,101900.0,101900.0,10600300,102420.0,105672.0002,103227.9547,104143.5626,45.1445,-587.5299,-804.7638,217.2339,2650.7022,720926904,107644.8798,102420.0,97195.1202,1
FPT.VN,2025-09-10,102000.0,103000.0,101000.0,102100.0,6460700,102150.0,105647.9132,103120.5304,104063.4229,45.7822,-609.5283,-765.7167,156.1884,2604.2235,727387604,106795.5412,102150.0,97504.4588,0
FPT.VN,2025-09-11,102100.0,102900.0,101100.0,101200.0,5498500,101955.0,105609.3044,102937.6228,103951.1318,43.3404,-691.6122,-750.8958,59.2836,2546.7789,721889104,106402.341,101955.0,97507.659,1
FPT.VN,2025-09-12,101200.0,102900.0,100500.0,102000.0,7414200,101865.0,105597.1304,102848.3254,103874.6168,46.0927,-684.2236,-737.5613,53.3377,2536.2947,729303304,106227.1699,101865.0,97502.8301,0
FPT.VN,2025-09-15,101900.0,103500.0,101500.0,101900.0,14123100,101935.0,105482.087,102758.0087,103797.1809,45.7933,-678.6147,-725.772,47.1573,2497.988,715180204,106249.6141,101935.0,97620.3859,0
FPT.VN,2025-09-16,101900.0,103500.0,101500.0,101900.0,14123100,102005.0,105367.0436,102676.2935,103722.7816,45.7933,-666.4867,-713.9149,47.4283,2462.4174,715180204,106266.6898,102005.0,97743.3102,1
FPT.VN,2025-09-17,102700.0,104800.0,102000.0,103500.0,17531600,102165.0,105271.8262,102754.7418,103714.0451,51.625,-521.7541,-675.4828,153.7287,2493.6733,732711804,106397.3441,102165.0,97932.6559,1
FPT.VN,2025-09-18,104000.0,107800.0,104000.0,105500.0,20018000,102555.0,105246.174,103016.1949,103784.0826,57.7446,-242.8695,-588.9601,346.0906,2622.6966,752729804,106481.4153,102555.0,98628.5847,0
FPT.VN,2025-09-19,106000.0,106300.0,103000.0,103000.0,8198400,102620.0,105151.3914,103014.6526,103753.3342,49.342,-221.0327,-515.3746,294.3419,2671.0754,744531404,106529.8257,102620.0,98710.1743,0
FPT.VN,2025-09-22,102500.0,102700.0,99600.0,99700.0,16280200,102665.0,104934.9566,102698.9714,103594.3799,40.8849,-464.653,-505.2303,40.5773,2723.1415,728251204,106406.8121,102665.0,98923.1879,0
FPT.VN,2025-09-23,102500.0,102700.0,99600.0,99700.0,16280200,102710.0,104718.5218,102413.3551,103441.6592,40.8849,-650.2285,-534.2299,-115.9985,2750.0599,728251204,106273.4992,102710.0,99146.5008,0
FPT.VN,2025-09-24,100000.0,100000.0,97500.0,98000.0,18291200,102610.0,104487.2174,101993.0355,103228.2608,37.0871,-923.8249,-612.1489,-311.6759,2732.1985,709960004,106582.4843,102610.0,98637.5157,1
FPT.VN,2025-09-25,98100.0,99500.0,97400.0,99500.0,7421100,102335.0,104280.6956,101755.6036,103082.0545,42.1898,-1007.995,-691.3181,-316.6768,2687.0415,717381104,106371.8174,102335.0,98298.1826,0
FPT.VN,2025-09-26,99500.0,99500.0,97900.0,98000.0,8627700,102010.0,104032.0,101397.927,102882.7582,38.8007,-1182.1112,-789.4767,-392.6345,2609.3957,708753404,106348.2752,102010.0,97671.7248,0
FPT.VN,2025-09-29,97800.0,97800.0,95500.0,95500.0,10430900,101560.0,103736.0,100836.2197,102593.2383,33.9113,-1504.4859,-932.4786,-572.0073,2601.5817,698322504,106618.1461,101560.0,96501.8539,0
FPT.VN,2025-09-30,97800.0,97800.0,95500.0,95500.0,10430900,101110.0,103440.0,100328.0083,102315.0721,33.9113,-1739.9135,-1093.9656,-645.948,2580.0401,698322504,106645.6833,101110.0,95574.3167,0
FPT.VN,2025-10-01,95500.0,95800.0,92800.0,93000.0,12018800,100600.0,103058.0,99630.1027,101949.7751,29.5872,-2103.9675,-1295.966,-808.0016,2610.0373,686303704,107117.3453,100600.0,94082.6547,1
FPT.VN,2025-10-02,93200.0,94500.0,91400.0,93400.0,7405100,100110.0,102690.0,99036.7596,101614.4898,31.101,-2333.3093,-1503.4346,-829.8747,2645.0346,693708804,107248.3029,100110.0,92971.6971,0
FPT.VN,2025-10-03,92900.0,93400.0,92000.0,92100.0,7933800,99465.0,102310.0,98376.1159,101241.3726,28.9246,-2590.1063,-1720.769,-869.3374,2556.1036,685775004,107059.534,99465.0,91870.466,1
FPT.VN,2025-10-06,94300.0,95900.0,93500.0,95500.0,6580000,99145.0,101994.0,98102.2001,101016.2207,40.6271,-2490.5587,-1874.7269,-615.8317,2644.9533,692355004,106846.1209,99145.0,91443.8791,0
FPT.VN,2025-10-07,94300.0,95900.0,93500.0,95500.0,6580000,98825.0,101678.0,97854.3715,100799.8983,40.6271,-2384.183,-1976.6181,-407.5649,2627.4566,692355004,106575.8234,98825.0,91074.1766,0
FPT.VN,2025-10-08,96000.0,96300.0,95200.0,95500.0,5997500,98495.0,101468.0,97630.1456,100592.0592,40.6271,-2273.6701,-2036.0285,-237.6416,2518.3526,692355004,106220.6851,98495.0,90769.3149,0
FPT.VN,2025-10-09,95500.0,96900.0,94500.0,94500.0,5132100,98160.0,101236.0,97332.0365,100353.1549,38.31,-2240.9472,-2077.0123,-163.9349,2509.8988,687222904,105972.3788,98160.0,90347.6212,0
FPT.VN,2025-10-10,95000.0,95000.0,93500.0,94200.0,5716300,97770.0,101040.0,97033.7473,100111.8547,37.6169,-2213.7034,-2104.3505,-109.3529,2437.7632,681506604,105553.9511,97770.0,89986.0489,0
FPT.VN,2025-10-13,94900.0,94900.0,93700.0,94000.0,7915000,97375.0,100788.0,96744.819,99872.1741,37.1345,-2183.0855,-2120.0975,-62.988,2349.3516,673591604,105077.8703,97375.0,89672.1297,0
FPT.VN,2025-10-14,94900.0,94900.0,93700.0,94000.0,7915000,96980.0,100536.0,96483.4077,99641.8928,37.1345,-2134.2187,-2122.9217,-11.297,2267.255,673591604,104514.2307,96980.0,89445.7693,0
FPT.VN,2025-10-15,94100.0,94500.0,92400.0,92400.0,12659600,96425.0,100268.0,96094.5117,99357.897,33.1862,-2199.2465,-2138.1867,-61.0598,2255.3082,660932004,103561.8208,96425.0,89288.1792,0
FPT.VN,2025-10-16,92600.0,93100.0,89500.0,89600.0,18738600,95630.0,99962.0,95475.9868,98975.2344,27.6463,-2448.4934,-2200.248,-248.2454,2351.3576,642193404,102012.9048,95630.0,89247.0952,1
FPT.VN,2025-10-17,89800.0,91500.0,89600.0,89800.0,7928500,94970.0,99634.0,94935.4166,98615.4213,28.5636,-2599.9148,-2280.1814,-319.7334,2319.1178,650121904,100854.5382,94970.0,89085.4618,0
FPT.VN,2025-10-20,88300.0,91800.0,87000.0,87000.0,14580300,94335.0,99246.0,94179.6626,98159.9145,23.98,-2912.283,-2406.6017,-505.6813,2496.3237,635541604,100784.2431,94335.0,87885.7569,0
FPT.VN,2025-10-21,88300.0,91800.0,87000.0,87000.0,14580300,93700.0,98858.0,93495.8853,97722.2708,23.98,-3123.8275,-2550.0469,-573.7806,2660.872,635541604,100420.2757,93700.0,86979.7243,1
FPT.VN,2025-10-22,89000.0,93000.0,88500.0,93000.0,19520200,93450.0,98568.0,93448.6581,97537.0837,45.6537,-2775.3358,-2595.1047,-180.2312,2899.3811,655061804,99861.667,93450.0,87038.333,1
FPT.VN,2025-10-23,95200.0,99000.0,95000.0,97000.0,18311100,93325.0,98406.0,93786.8811,97516.0216,54.8878,-2151.585,-2506.4007,354.8158,3120.8539,673372904,99324.2543,93325.0,87325.7457,0
FPT.VN,2025-10-24,97200.0,97300.0,94000.0,95000.0,6647600,93175.0,98230.0,93902.4163,97417.3541,50.287,-1797.9159,-2364.7038,566.7878,3133.6501,666725304,98821.7503,93175.0,87528.2497,1
FPT.VN,2025-10-27,99000.0,99700.0,96300.0,98000.0,12897800,93300.0,98180.0,94292.6623,97440.203,56.2156,-1261.0195,-2143.9669,882.9474,3245.5322,679623104,99265.162,93300.0,87334.838,0
FPT.VN,2025-10-28,99000.0,99700.0,96300.0,98000.0,12897800,93425.0,98130.0,94645.7421,97462.1558,56.2156,-826.0036,-1880.3742,1054.3707,3256.5656,679623104,99681.912,93425.0,87168.088,1
FPT.VN,2025-10-29,98600.0,102200.0,98600.0,102200.0,20912700,93885.0,98168.0,95365.1952,97647.9536,63.3184,-140.7232,-1532.444,1391.7208,3323.9538,700535804,101262.7118,93885.0,86507.2882,0
FPT.VN,2025-10-30,102400.0,103200.0,101100.0,101700.0,9302800,94300.0,98248.0,95968.51,97806.8574,62.0284,357.8949,-1154.3762,1512.2712,3236.5285,691233004,102455.5922,94300.0,86144.4078,1
FPT.VN,2025-10-31,102100.0,103500.0,101600.0,102700.0,9730600,94830.0,98268.0,96609.6043,97998.7453,63.6246,824.2437,-758.6523,1582.896,3141.0622,700963604,103727.5692,94830.0,85932.4308,1
FPT.VN,2025-11-03,103800.0,106300.0,103500.0,105000.0,20963600,95305.0,98392.0,97408.6896,98273.3043,67.055,1363.6994,-334.1819,1697.8813,3173.8435,721927204,105299.8355,95305.0,85310.1645,0
FPT.VN,2025-11-04,104100.0,104700.0,101700.0,103300.0,10620700,95695.0,98482.0,97969.7668,98470.4297,62.3729,1635.1966,59.6938,1575.5028,3182.8546,711306504,106311.2685,95695.0,85078.7315,0
FPT.VN,2025-11-05,104100.0,104700.0,101700.0,103300.0,10620700,96085.0,98548.0,98477.408,98659.8246,62.3729,1829.2733,413.6097,1415.6636,3169.7936,711306504,107230.974,96085.0,84939.026,0
FPT.VN,2025-11-06,100900.0,102000.0,99400.0,100200.0,6751800,96370.0,98452.0,98641.4644,98720.2236,54.3475,1713.1879,673.5253,1039.6626,3221.9512,704554704,107636.1767,96370.0,85103.8233,1
FPT.VN,2025-11-07,99500.0,101800.0,99500.0,101000.0,5863600,96710.0,98382.0,98866.0868,98809.6266,55.9237,1666.5319,872.1266,794.4053,3156.0975,710418304,108110.0739,96710.0,85309.9261,0
FPT.VN,2025-11-10,101200.0,101200.0,96200.0,96200.0,10072600,96820.0,98216.0,98612.1738,98707.2883,45.7236,1228.0803,943.3174,284.7629,3287.8049,700345704,108152.227,96820.0,85487.773,0
FPT.VN,2025-11-11,96800.0,97900.0,96100.0,96100.0,6624200,96925.0,98048.0,98372.9192,98605.0417,45.5373,862.5916,927.1722,-64.5806,3181.5331,693721504,108185.9012,96925.0,85664.0988,1
FPT.VN,2025-11-12,96500.0,100600.0,96500.0,100600.0,6635300,97335.0,97996.0,98585.0221,98683.2754,54.5198,925.3844,926.8147,-1.4303,3275.7093,700356804,108498.9033,97335.0,86171.0967,0
FPT.VN,2025-11-13,100600.0,100700.0,98700.0,98900.0,4757400,97800.0,97910.0,98615.02,98691.7744,51.0916,828.4228,907.1363,-78.7135,3184.5872,695599404,108366.0828,97800.0,87233.9172,1
FPT.VN,2025-11-14,98900.0,100900.0,98200.0,100000.0,4699900,98310.0,97810.0,98746.9228,98743.0773,53.1446,830.7642,891.8619,-61.0976,3149.9738,700299304,108214.1512,98310.0,88405.8488,1
FPT.VN,2025-11-17,100600.0,101800.0,100600.0,101000.0,5585100,99010.0,97792.0,98961.5016,98831.5841,54.9942,902.9034,894.0702,8.8332,3053.5471,705884404,107413.7335,99010.0,90606.2665,0
FPT.VN,2025-11-18,101000.0,101100.0,98800.0,100000.0,6500100,99660.0,97754.0,99060.4062,98877.4043,52.7517,869.3611,889.1284,-19.7672,2999.7223,699384304,105879.6294,99660.0,93440.3706,0
FPT.VN,2025-11-19,99500.0,99500.0,98000.0,98000.0,5169300,99910.0,97672.0,98959.4152,98842.9963,48.4926,673.6302,846.0287,-172.3986,2928.3136,694215004,105356.3508,99910.0,94463.6492,1
FPT.VN,2025-11-20,98600.0,99700.0,98100.0,99000.0,4593100,100010.0,97628.0,98963.2804,98849.1533,50.6386,592.3751,795.298,-202.9229,2840.5769,698808104,105302.6563,100010.0,94717.3437,1
FPT.VN,2025-11-21,98000.0,101200.0,97800.0,100800.0,7936900,100300.0,97604.0,99138.2061,98925.6571,54.3272,665.5527,769.3489,-103.7962,2880.5357,706745004,105043.9712,100300.0,95556.0288,0
FPT.VN,2025-11-24,100700.0,101100.0,99600.0,100200.0,5061800,100410.0,97570.0,99239.3293,98975.6314,52.9079,667.4377,748.9667,-81.529,2781.926,701683204,105029.82,100410.0,95790.18,0
FPT.VN,2025-11-25,99700.0,100300.0,99000.0,99700.0,4494900,100495.0,97526.0,99283.2027,99004.038,51.6959,621.4224,723.4578,-102.0354,2676.0741,697188304,104988.9609,100495.0,96001.0391,0
FPT.VN,2025-11-26,99800.0,100200.0,98900.0,99000.0,5830900,100335.0,97436.0,99256.231,99003.8796,49.9701,522.4483,683.2559,-160.8076,2577.7831,691357404,104801.1416,100335.0,95868.8584,1
FPT.VN,2025-11-27,99200.0,99800.0,98100.0,99500.0,4780500,100225.0,97316.0,99279.4471,99023.3353,51.2227,478.8368,642.3721,-163.5353,2515.0843,696137904,104657.8321,100225.0,95792.1679,0
FPT.VN,2025-11-28,99100.0,99400.0,97100.0,97100.0,6210400,99945.0,97198.0,99071.8807,98947.9104,45.3529,247.7583,563.4493,-315.691,2506.864,689927504,104426.7642,99945.0,95463.2358,0
FPT.VN,2025-12-01,96900.0,97700.0,96100.0,96600.0,3125100,99525.0,97136.0,98836.4635,98855.8355,44.2161,24.0045,455.5604,-431.5559,2442.088,686802404,103564.7368,99525.0,95485.2632,0
FPT.VN,2025-12-02,96800.0,97300.0,95400.0,96600.0,5560800,99190.0,97074.0,98623.467,98767.3714,44.2161,-151.5748,334.1333,-485.7081,2403.3675,686802404,103017.2706,99190.0,95362.7294,0
FPT.VN,2025-12-03,97000.0,97000.0,96000.0,96600.0,6475300,98855.0,97046.0,98430.7558,98682.3764,44.2161,-287.4096,209.8247,-497.2343,2303.1269,686802404,102323.6415,98855.0,95386.3585,0
FPT.VN,2025-12-04,97000.0,97000.0,96000.0,96600.0,6475300,98675.0,96988.0,98256.3981,98600.7146,44.2161,-390.5575,89.7483,-480.3058,2210.0464,686802404,102222.4973,98675.0,95127.5027,0
FPT.VN,2025-12-05,97500.0,97500.0,96100.0,96200.0,5062500,98435.0,96952.0,98060.5507,98506.5689,43.0548,-498.8294,-27.9673,-470.8622,2152.186,681739904,101969.6555,98435.0,94900.3445,0
FPT.VN,2025-12-08,96600.0,97300.0,95500.0,95500.0,5278600,98400.0,96952.0,97816.6887,98388.6642,41.0243,-633.8137,-149.1365,-484.6771,2127.0298,676461304,102040.1272,98400.0,94759.8728,1
FPT.VN,2025-12-09,95500.0,97000.0,94400.0,96900.0,9961500,98440.0,96980.0,97729.385,98330.2853,46.4626,-620.6667,-243.4426,-377.2241,2160.8134,686422804,101990.1816,98440.0,94889.8184,0
FPT.VN,2025-12-10,97100.0,97100.0,95600.0,95600.0,3894100,98190.0,97032.0,97526.5865,98223.2152,42.5399,-706.9969,-336.1534,-370.8435,2113.6125,682528704,101803.367,98190.0,94576.633,1
FPT.VN,2025-12-11,95900.0,96600.0,95600.0,96000.0,5201600,98045.0,97084.0,97381.1973,98136.0303,44.1036,-734.6688,-415.8565,-318.8123,2034.0687,687730304,101769.4427,98045.0,94320.5573,0
FPT.VN,2025-12-12,96000.0,96000.0,93500.0,93700.0,5519800,97730.0,97116.0,97030.6071,97962.0684,37.7431,-931.4525,-518.9757,-412.4768,2067.3495,682210504,101807.2023,97730.0,93652.7977,1
FPT.VN,2025-12-15,93900.0,94400.0,93500.0,93800.0,3524800,97370.0,97082.0,96722.9302,97798.85,38.1607,-1067.0358,-628.5877,-438.448,1983.9674,685735304,101502.5919,97370.0,93237.4081,1
FPT.VN,2025-12-16,93900.0,95400.0,92000.0,94900.0,6295300,97115.0,97070.0,96549.3178,97685.1696,42.7126,-1073.3527,-717.5407,-355.812,2085.1126,692030604,101193.3252,97115.0,93036.6748,1
FPT.VN,2025-12-17,94400.0,96300.0,94400.0,95900.0,4967800,97010.0,97078.0,96487.478,97615.1629,46.5634,-986.2979,-771.2922,-215.0057,2071.8903,696998404,101100.5025,97010.0,92919.4975,0
FPT.VN,2025-12-18,94400.0,96300.0,94400.0,95900.0,4967800,96855.0,97106.0,96431.5277,97547.9017,46.5634,-906.8526,-798.4043,-108.4484,2059.6124,696998404,100862.0858,96855.0,92847.9142,0
FPT.VN,2025-12-19,94000.0,95000.0,93600.0,93900.0,4492600,96510.0,97100.0,96190.4298,97404.8467,40.2826,-993.8189,-837.4872,-156.3317,2076.7829,692505804,100267.3227,96510.0,92752.6773,0
FPT.VN,2025-12-22,94100.0,94300.0,93500.0,93700.0,6142400,96185.0,97094.0,95953.246,97259.5586,39.7058,-1066.5837,-883.3065,-183.2772,1985.5842,686363404,99716.08,96185.0,92653.92,1
FPT.VN,2025-12-23,94000.0,95900.0,93600.0,94000.0,6006900,95900.0,97094.0,95767.2226,97131.7328,41.0689,-1087.5067,-924.1465,-163.3602,2008.0424,692370304,99145.0772,95900.0,92654.9228,0
FPT.VN,2025-12-24,94100.0,94200.0,93100.0,93600.0,3901500,95630.0,97118.0,95560.8205,96993.2334,39.7777,-1123.415,-964.0002,-159.4148,1943.1823,688468804,98681.9019,95630.0,92578.0981,0
FPT.VN,2025-12-25,94100.0,94200.0,93100.0,93600.0,3901500,95335.0,97198.0,95374.0757,96860.1655,39.7777,-1138.7458,-998.9493,-139.7965,1882.9549,688468804,97916.1258,95335.0,92753.8742,0
FPT.VN,2025-12-26,92700.0,93000.0,91000.0,92500.0,6612400,95105.0,97252.0,95100.3542,96689.1786,36.1525,-1225.5293,-1044.2653,-181.2639,1934.1725,681856404,97839.1697,95105.0,92370.8303,1
FPT.VN,2025-12-29,92500.0,94900.0,92500.0,94300.0,6300900,94990.0,97398.0,95024.13,96595.4853,44.9876,-1135.9661,-1062.6055,-73.3606,1967.4458,688157304,97651.9344,94990.0,92328.0656,1
FPT.VN,2025-12-30,94500.0,96600.0,94300.0,96500.0,7271200,94985.0,97588.0,95164.689,96591.7408,53.4637,-877.3515,-1025.5547,148.2032,1991.1997,695428504,97634.5481,94985.0,92335.4519,0
FPT.VN,2025-12-31,96800.0,97000.0,95200.0,95800.0,3082600,94945.0,97644.0,95225.1948,96560.6921,50.7826,-720.5753,-964.5588,243.9835,1977.5426,692345904,97514.8454,94945.0,92375.1546,0
FPT.VN,2026-01-01,95800.0,95800.0,95800.0,95800.0,0,94905.0,97620.0,95279.9382,96530.8611,50.7826,-589.5333,-889.5537,300.0204,1836.2896,692345904,97389.8806,94905.0,92420.1194,0
FPT.VN,2026-01-02,95800.0,95800.0,95800.0,95800.0,0,94885.0,97636.0,95329.4679,96502.1998,50.7826,-480.1468,-807.6723,327.5256,1705.126,692345904,97332.1466,94885.0,92437.8534,0
FPT.VN,2026-01-05,95700.0,95700.0,93200.0,95000.0,7029300,94860.0,97576.0,95298.09,96443.29,47.3904,-452.791,-736.696,283.9051,1769.0456,685316604,97290.8543,94860.0,92429.1457,0
FPT.VN,2026-01-06,94700.0,94800.0,93600.0,94000.0,5397500,94715.0,97496.0,95174.4624,96347.4747,43.4805,-505.9704,-690.5509,184.5805,1742.6852,679919104,96973.3413,94715.0,92456.6587,1
FPT.VN,2026-01-07,94100.0,97600.0,94000.0,97500.0,11427400,94810.0,97402.0,95395.9421,96392.6718,56.8874,-262.6669,-604.9741,342.3072,1875.3505,691346504,97365.4071,94810.0,92254.5929,0
FPT.VN,2026-01-08,98100.0,98100.0,96500.0,96500.0,5576200,94835.0,97298.0,95501.0905,96396.8808,53.0178,-148.8232,-513.7439,364.9207,1855.6826,685770304,97448.5477,94835.0,92221.4523,1
FPT.VN,2026-01-09,96100.0,99900.0,96000.0,97400.0,10048700,95020.0,97192.0,95681.939,96436.2188,55.9237,13.8614,-408.2229,422.0843,2001.7053,695819004,97812.9234,95020.0,92227.0766,1
FPT.VN,2026-01-12,98000.0,99500.0,98000.0,99500.0,9076600,95305.0,97082.0,96045.5639,96556.3671,61.8526,308.6843,-264.8414,573.5257,2008.7264,704895604,98677.0055,95305.0,91932.9945,0
FPT.VN,2026-01-13,99700.0,101700.0,97900.0,98900.0,9411100,95505.0,96994.0,96317.4149,96648.2742,59.3943,488.2899,-114.2152,602.505,2136.6745,695484504,99231.7031,95505.0,91778.2969,1
FPT.VN,2026-01-14,99000.0,101100.0,97800.0,99800.0,11900400,95700.0,96924.0,96649.0897,96771.8713,61.844,695.2368,47.6752,647.5616,2219.7692,707384904,99892.7255,95700.0,91507.2745,0
FPT.VN,2026-01-15,99800.0,101700.0,98400.0,98500.0,7401400,95830.0,96890.0,96825.3669,96839.6411,56.5382,745.7481,187.2898,558.4583,2296.9285,699983504,100206.0593,95830.0,91453.9407,1
FPT.VN,2026-01-16,99500.0,105300.0,99500.0,105300.0,23871100,96400.0,96976.0,97632.4748,97171.4199,70.699,1319.274,413.6866,905.5874,2618.5765,723854604,102389.8159,96400.0,90410.1841,1
FPT.VN,2026-01-19,108700.0,108700.0,105500.0,105800.0,14710500,97005.0,97168.0,98410.3343,97509.7955,71.436,1793.4693,689.6432,1103.8261,2674.3924,738565104,104174.6656,97005.0,89835.3344,0
FPT.VN,2026-01-20,106100.0,107000.0,104000.0,104100.0,12213100,97510.0,97328.0,98952.2073,97768.2349,65.412,2008.9389,953.5023,1055.4366,2697.6501,726352004,105192.8997,97510.0,89827.1003,1
FPT.VN,2026-01-21,103200.0,106500.0,101100.0,105000.0,14517300,98080.0,97416.0,99528.1875,98051.8336,66.9986,2226.655,1208.1328,1018.5222,2890.6751,740869304,106219.4685,98080.0,89940.5315,0
FPT.VN,2026-01-22,105500.0,105800.0,103500.0,103500.0,8095100,98575.0,97508.0,99906.4554,98265.4871,61.9019,2252.1973,1416.9457,835.2515,2848.484,732774204,106771.2443,98575.0,90378.7557,0
FPT.VN,2026-01-23,103600.0,104600.0,101000.0,101000.0,9418000,99000.0,97528.0,100010.6025,98372.7229,54.4653,2047.1128,1542.9791,504.1336,2902.1637,723356204,106738.6249,99000.0,91261.3751,0
FPT.VN,2026-01-26,100200.0,101600.0,98000.0,98500.0,11183100,99210.0,97478.0,99866.7356,98377.7142,48.2259,1663.6749,1567.1183,96.5566,2952.0092,712173104,106633.1218,99210.0,91786.8782,1
FPT.VN,2026-01-27,99600.0,102500.0,99100.0,102100.0,10585500,99490.0,97520.0,100079.4274,98523.6862,56.0361,1631.4808,1579.9908,51.49,3026.8657,722758604,106905.1765,99490.0,92074.8235,1
FPT.VN,2026-01-28,102400.0,105800.0,102300.0,104500.0,11949800,99925.0,97650.0,100500.4343,98758.0514,60.3323,1779.1181,1619.8163,159.3019,3074.9467,734708404,107448.6819,99925.0,92401.3181,1
FPT.VN,2026-01-29,105000.0,107200.0,103700.0,106100.0,14247700,100440.0,97792.0,101033.7263,99045.971,62.9328,2002.1489,1696.2828,305.8661,3105.3076,748956104,108181.7256,100440.0,92698.2744,0
FPT.VN,2026-01-30,106400.0,106400.0,103900.0,104500.0,10833200,100875.0,97866.0,101363.8476,99259.8545,58.7827,2026.4363,1762.3135,264.1228,3062.0714,738122904,108495.7128,100875.0,93254.2872,0
FPT.VN,2026-02-02,103300.0,104300.0,101600.0,104300.0,9331400,101340.0,97948.0,101643.4812,99457.5073,58.2655,2006.4171,1811.1342,195.2829,3050.4949,728791504,108576.5738,101340.0,94103.4262,0
FPT.VN,2026-02-03,104900.0,105400.0,102900.0,103900.0,9097000,101835.0,98032.0,101858.3877,99631.7227,57.1817,1935.9586,1836.0991,99.8595,3011.1738,719694504,108267.2461,101835.0,95402.7539,0
FPT.VN,2026-02-04,103100.0,103500.0,101500.0,101900.0,11639700,102055.0,98090.0,101862.3508,99720.6747,51.9762,1699.1497,1808.7092,-109.5595,2967.5185,708054804,108155.3796,102055.0,95954.6204,0
FPT.VN,2026-02-05,101200.0,101900.0,99000.0,99000.0,18088600,102180.0,98080.0,101589.746,99692.413,45.5072,1262.9131,1699.55,-436.6369,2962.6958,689966204,107891.1525,102180.0,96468.8475,0
FPT.VN,2026-02-06,98000.0,100000.0,96700.0,97600.0,9766800,102190.0,98090.0,101209.7702,99610.3575,42.7415,795.0592,1518.6518,-723.5926,2986.7889,680199404,107866.5075,102190.0,96513.4925,1
FPT.VN,2026-02-09,98800.0,99400.0,97900.0,99000.0,5108600,102165.0,98138.0,100999.3159,99586.422,46.2589,531.1274,1321.147,-790.0195,2902.0183,685308004,107895.5369,102165.0,96434.4631,0
FPT.VN,2026-02-10,99900.0,99900.0,97300.0,97800.0,6113500,102110.0,98162.0,100694.6191,99516.3662,43.7766,222.5641,1101.4304,-878.8663,2880.4456,679194504,107991.6038,102110.0,96228.3962,1
FPT.VN,2026-02-11,98200.0,99500.0,97400.0,98600.0,5507500,102050.0,98202.0,100495.1316,99480.4303,45.8623,42.0934,889.563,-847.4696,2824.6994,684702004,108054.0337,102050.0,96045.9663,1
FPT.VN,2026-02-12,99000.0,99200.0,98400.0,98800.0,4125200,102065.0,98246.0,100333.6905,99453.7467,46.3976,-83.8262,694.8852,-778.7114,2680.0781,688827204,108033.0818,102065.0,96096.9182,0
FPT.VN,2026-02-13,98100.0,98500.0,96300.0,96300.0,18508400,101615.0,98248.0,99949.5295,99330.0704,40.9469,-380.9561,479.7169,-860.673,2667.2153,670318804,107904.5988,101615.0,95325.4012,0
FPT.VN,2026-02-16,96300.0,96300.0,96300.0,96300.0,0,101140.0,98264.0,99601.9552,99211.2441,40.9469,-609.4088,261.8918,-871.3006,2476.7,670318804,107532.8908,101140.0,94747.1092,0
FPT.VN,2026-02-17,96300.0,96300.0,96300.0,96300.0,0,100750.0,98252.0,99287.4833,99097.0777,40.9469,-781.4512,53.2232,-834.6743,2299.7928,670318804,107331.4732,100750.0,94168.5268,0
FPT.VN,2026-02-18,96300.0,96300.0,96300.0,96300.0,0,100315.0,98266.0,99002.9611,98987.3883,40.9469,-907.3367,-138.8888,-768.4479,2135.5219,670318804,106863.6921,100315.0,93766.3079,0
FPT.VN,2026-02-19,96300.0,96300.0,96300.0,96300.0,0,99955.0,98272.0,98745.5362,98882.0006,40.9469,-995.625,-310.2361,-685.389,1982.9846,670318804,106557.8622,99955.0,93352.1378,0
FPT.VN,2026-02-20,96300.0,96300.0,96300.0,96300.0,0,99720.0,98324.0,98512.628,98780.7456,40.9469,-1053.4506,-458.879,-594.5716,1841.3429,670318804,106498.4799,99720.0,92941.5201,0
FPT.VN,2026-02-23,96800.0,96800.0,93100.0,94500.0,22660400,99520.0,98338.0,98130.473,98612.8733,36.1738,-1230.3401,-613.1712,-617.1689,1974.1041,647658404,106675.5941,99520.0,92364.4059,0
FPT.VN,2026-02-24,94000.0,94000.0,92500.0,92500.0,28539000,99040.0,98290.0,97594.2374,98373.1527,31.7459,-1514.452,-793.4274,-721.0246,1975.9538,619119404,106734.5367,99040.0,91345.4633,0
FPT.VN,2026-02-25,92200.0,92500.0,89000.0,89100.0,47733100,98270.0,98154.0,96785.2624,98009.4997,25.934,-1991.0131,-1032.9445,-958.0686,2084.8142,571386304,106710.0299,98270.0,89829.9701,1
FPT.VN,2026-02-26,90000.0,92200.0,89900.0,90500.0,17525500,97490.0,98046.0,96186.666,97715.0095,31.4954,-2230.0167,-1272.359,-957.6578,2157.3275,588911804,105764.9845,97490.0,89215.0155,1
FPT.VN,2026-02-27,91000.0,93500.0,90300.0,92900.0,18705600,96910.0,98026.0,95873.6502,97526.1856,39.8354,-2200.4039,-1457.968,-742.436,2231.8041,607617404,104729.786,96910.0,89090.214,0
FPT.VN,2026-03-02,90100.0,91500.0,89300.0,89600.0,17245400,96175.0,97944.0,95276.1597,97215.3548,33.751,-2415.3751,-1649.4494,-765.9257,2329.5324,590372004,103831.8167,96175.0,88518.1833,0
FPT.VN,2026-03-03,90100.0,91500.0,89300.0,89600.0,17245400,95460.0,97856.0,94735.5731,96916.7134,33.751,-2556.2741,-1830.8143,-725.4598,2320.2801,590372004,102740.9485,95460.0,88179.0515,0
FPT.VN,2026-03-04,86900.0,87000.0,84200.0,85100.0,23755700,94620.0,97686.0,93817.8995,96453.3129,27.1844,-2996.5082,-2063.9531,-932.5551,2540.2601,566616304,102614.1031,94620.0,86625.8969,0
FPT.VN,2026-03-05,86500.0,86800.0,84400.0,84400.0,15906800,93890.0,97502.0,92920.9566,95980.634,26.3263,-3363.1131,-2323.7851,-1039.328,2530.2415,550709504,102812.5675,93890.0,84967.4325,0
FPT.VN,2026-03-06,84400.0,84600.0,81500.0,81600.0,23713900,93090.0,97284.0,91842.7703,95416.6875,23.1752,-3835.3749,-2626.1031,-1209.2718,2570.9385,526995604,103376.8132,93090.0,82803.1868,0
FPT.VN,2026-03-09,76000.0,76700.0,75900.0,75900.0,17633000,91935.0,96916.0,90324.4112,94651.3272,18.3579,-4616.3735,-3024.1571,-1592.2163,2794.4429,509362604,104387.2287,91935.0,79482.7713,1
FPT.VN,2026-03-10,76400.0,79600.0,76400.0,79500.0,21099200,91020.0,96576.0,89293.5149,94057.1575,28.4708,-4888.4792,-3397.0215,-1491.4577,2859.1256,530461804,104318.2943,91020.0,77721.7057,1
FPT.VN,2026-03-11,80000.0,81000.0,78300.0,80200.0,10652800,90100.0,96264.0,88427.4659,93513.7396,30.2792,-4990.1178,-3715.6408,-1274.477,2847.7595,541114604,103732.0057,90100.0,76467.9943,0
FPT.VN,2026-03-12,78800.0,79200.0,77500.0,77700.0,12722400,89045.0,95902.0,87405.8025,92893.5929,27.5958,-5212.312,-4014.975,-1197.337,2837.2052,528392204,103101.349,89045.0,74988.651,0
FPT.VN,2026-03-13,77100.0,78500.0,76300.0,77000.0,9026000,88080.0,95526.0,86414.7737,92270.3148,26.8775,-5382.8366,-4288.5474,-1094.2893,2791.6906,519366204,102678.7166,88080.0,73481.2834,1
FPT.VN,2026-03-16,77100.0,79300.0,77100.0,78200.0,8662000,87175.0,95190.0,85632.4143,91718.5377,30.23,-5359.3692,-4502.7117,-856.6575,2756.5698,528028204,101871.9206,87175.0,72478.0794,1
FPT.VN,2026-03-17,79400.0,81300.0,79100.0,79400.0,9218800,86330.0,94898.0,85038.851,91235.4578,33.5128,-5184.1811,-4639.0056,-545.1755,2781.1005,537247004,100758.787,86330.0,71901.213,0
FPT.VN,2026-03-18,80000.0,80200.0,78100.0,78600.0,6352700,85445.0,94520.0,84425.6271,90739.9497,32.4177,-5051.6642,-4721.5373,-330.1268,2732.4505,530894304,99464.4564,85445.0,71425.5436,0
FPT.VN,2026-03-19,77700.0,77800.0,76600.0,76800.0,11602900,84470.0,94126.0,83699.3769,90193.285,30.0393,-5033.8613,-4784.0021,-249.8591,2680.1326,519291404,98015.1059,84470.0,70924.8941,0
FPT.VN,2026-03-20,76500.0,76500.0,73600.0,74600.0,21423700,83385.0,93670.0,82832.7696,89581.7836,27.3938,-5138.0457,-4854.8108,-283.2349,2717.266,497867704,96406.4843,83385.0,70363.5157,0
FPT.VN,2026-03-23,73700.0,76100.0,71600.0,73100.0,13156200,82315.0,93142.0,81905.8391,88935.4392,25.73,-5280.7767,-4940.004,-340.7727,2844.6041,484711504,95003.5402,82315.0,69626.4598,1
FPT.VN,2026-03-24,75500.0,75900.0,74100.0,75400.0,5189700,81460.0,92672.0,81286.2354,88404.6376,32.4998,-5148.9473,-4981.7927,-167.1546,2841.4181,489901204,93549.2122,81460.0,69370.7878,1
FPT.VN,2026-03-25,76200.0,77000.0,75600.0,77000.0,7429300,80855.0,92216.0,80878.0225,87957.3969,36.8146,-4859.3494,-4957.304,97.9546,2752.7454,497330504,92538.6323,80855.0,69171.3677,0
FPT.VN,2026-03-26,77000.0,77000.0,74200.0,74200.0,9743400,80040.0,91730.0,80242.0204,87417.8912,32.8564,-4800.4411,-4925.9314,125.4903,2756.1207,487587104,91150.8103,80040.0,68929.1897,1
FPT.VN,2026-03-27,74500.0,76300.0,74000.0,76100.0,9080300,79200.0,91146.0,79847.5422,86974.0523,37.7476,-4548.015,-4850.3481,302.3331,2723.5407,496667404,88630.2983,79200.0,69769.7017,0
FPT.VN,2026-03-30,74400.0,75200.0,73500.0,74000.0,7814800,78420.0,90510.0,79290.6335,86465.2659,34.7357,-4465.9374,-4773.466,307.5286,2714.7163,488852604,86744.1184,78420.0,70095.8816,1
FPT.VN,2026-03-31,74900.0,75500.0,74400.0,74700.0,5639200,77675.0,89922.0,78853.4303,86003.883,36.553,-4294.8973,-4677.7523,382.855,2627.9509,494491804,84274.4816,77675.0,71075.5184,1
FPT.VN,2026-04-01,75900.0,76300.0,75000.0,75300.0,8534000,77185.0,89328.0,78515.0083,85584.1228,38.1429,-4064.0836,-4555.0185,490.935,2554.5258,503025804,82852.7388,77185.0,71517.2612,0
FPT.VN,2026-04-02,75200.0,75200.0,74200.0,74700.0,5224400,76700.0,88752.0,78151.6742,85157.2945,37.1406,-3884.7955,-4420.9739,536.1784,2450.6311,497801404,81333.9707,76700.0,72066.0293,0
FPT.VN,2026-04-03,74700.0,75500.0,73900.0,74000.0,6333100,76320.0,88212.0,77756.2767,84719.7535,35.9536,-3755.8969,-4287.9585,532.0616,2389.8718,491468304,80484.815,76320.0,72155.185,0
FPT.VN,2026-04-06,74000.0,74500.0,73500.0,73900.0,4593000,76220.0,87720.0,77389.0122,84295.4495,35.7777,-3620.083,-4154.3834,534.3004,2290.5952,486875304,80521.0892,76220.0,71918.9108,1
FPT.VN,2026-04-07,74500.0,74500.0,73800.0,74000.0,4713000,75945.0,87158.0,77066.2492,83891.7064,36.1143,-3464.4443,-4016.3956,551.9513,2176.9813,491588304,80062.4724,75945.0,71827.5276,1
FPT.VN,2026-04-08,76000.0,79100.0,75100.0,79100.0,14610000,75890.0,86650.0,77259.9397,83703.7963,50.3948,-2896.1867,-3792.3538,896.1671,2385.7683,506198304,79791.9024,75890.0,71988.0976,0
FPT.VN,2026-04-09,79100.0,79200.0,78100.0,78300.0,6272100,75920.0,86094.0,77358.9931,83491.8827,48.5611,-2481.7834,-3530.2397,1048.4564,2293.9277,499926204,79889.1441,75920.0,71950.8559,0
FPT.VN,2026-04-10,78600.0,79000.0,77300.0,77700.0,6099800,75955.0,85558.0,77391.4699,83264.7501,47.1747,-2176.6892,-3259.5296,1082.8404,2251.5043,493826404,79976.2462,75955.0,71933.7538,0
FPT.VN,2026-04-13,76900.0,77000.0,75900.0,76000.0,9559100,75845.0,84992.0,77258.949,82979.8579,43.3943,-2048.4622,-3017.3161,968.8539,2219.254,484267304,79725.5724,75845.0,71964.4276,1
FPT.VN,2026-04-14,77000.0,77200.0,76000.0,76200.0,7092500,75685.0,84438.0,77158.0967,82713.9811,43.9633,-1908.7008,-2795.5931,886.8923,2146.4501,491359804,79194.5509,75685.0,72175.4491,0
FPT.VN,2026-04-15,76900.0,77000.0,75000.0,75100.0,10047800,75510.0,83902.0,76962.0875,82415.3936,41.4931,-1865.1989,-2609.5142,744.3154,2135.9894,481312004,78745.9169,75510.0,72274.0831,0
FPT.VN,2026-04-16,75600.0,75600.0,74000.0,74100.0,11316400,75375.0,83404.0,76689.5077,82089.2998,39.3297,-1889.6324,-2465.5379,575.9055,2097.7045,469995604,78609.5991,75375.0,72140.4009,1
FPT.VN,2026-04-17,75000.0,78000.0,74900.0,76000.0,12349600,75445.0,82972.0,76623.8403,81850.5037,45.1784,-1735.6742,-2319.5651,583.8909,2226.4399,482345204,78669.5604,75445.0,72220.4396,1
FPT.VN,2026-04-20,76300.0,77000.0,76100.0,76900.0,6876800,75635.0,82530.0,76650.1412,81656.3663,47.7479,-1523.4771,-2160.3475,636.8704,2138.837,489222004,78722.6835,75635.0,72547.3165,0
FPT.VN,2026-04-21,77000.0,77400.0,75100.0,75100.0,7119000,75620.0,82076.0,76502.5087,81399.2539,43.3696,-1483.4539,-2024.9688,541.5149,2150.3487,482103004,78715.3956,75620.0,72524.6044,0
FPT.VN,2026-04-22,75500.0,75500.0,74100.0,74600.0,8145000,75500.0,81596.0,76321.3174,81132.6165,42.2117,-1475.0774,-1914.9905,439.9131,2096.7523,473958004,78555.9691,75500.0,72444.0309,0
FPT.VN,2026-04-23,75000.0,76000.0,74100.0,74300.0,7968500,75505.0,81106.0,76128.811,80864.6707,41.4959,-1475.6362,-1827.1196,351.4835,2082.6986,465989504,78552.3284,75505.0,72457.6716,0
FPT.VN,2026-04-24,74000.0,74100.0,73200.0,73400.0,10459800,75370.0,80648.0,75868.9242,80571.9386,39.3404,-1531.0525,-1767.9062,236.8537,2012.5058,455529704,78542.978,75370.0,72197.022,0
FPT.VN,2026-04-27,73400.0,73400.0,73400.0,73400.0,0,75340.0,80190.0,75633.7886,80290.6861,39.3404,-1557.0219,-1725.7293,168.7074,1868.7554,455529704,78578.1931,75340.0,72101.8069,1
FPT.VN,2026-04-28,73400.0,74400.0,72900.0,74400.0,9503800,75325.0,79752.0,75516.2849,80059.6788,43.146,-1479.8524,-1676.554,196.7016,1842.4157,465033504,78578.4193,75325.0,72071.5807,1
FPT.VN,2026-04-29,73400.0,75500.0,73400.0,75500.0,9163000,75335.0,79336.0,75514.734,79880.8678,47.079,-1314.7783,-1604.1988,289.4205,1860.8146,474196504,78589.3251,75335.0,72080.6749,0
FPT.VN,2026-04-30,75500.0,75500.0,75500.0,75500.0,0,75375.0,78920.0,75513.3307,79709.0691,47.079,-1170.4635,-1517.4517,346.9883,1727.8993,474196504,78616.1012,75375.0,72133.8988,0
FPT.VN,2026-05-01,75500.0,75500.0,75500.0,75500.0,0,75450.0,78504.0,75512.0612,79544.0076,47.079,-1044.0577,-1422.7729,378.7153,1604.4779,474196504,78625.8961,75450.0,72274.1039,0
FPT.VN,2026-05-04,74900.0,75100.0,73600.0,73700.0,8285900,75440.0,78088.0,75339.4839,79314.8308,41.2473,-1076.7135,-1353.561,276.8476,1625.5866,465910604,78637.6307,75440.0,72242.3693,1
FPT.VN,2026-05-05,73700.0,74500.0,72800.0,74300.0,6841400,75455.0,77724.0,75240.4854,79118.1708,43.7486,-1042.165,-1291.2818,249.1168,1630.9019,472752004,78626.8996,75455.0,72283.1004,0
FPT.VN,2026-05-06,74200.0,74200.0,73000.0,73300.0,9455600,75165.0,77408.0,75055.6773,78890.0072,40.6429,-1082.9927,-1249.624,166.6313,1607.266,463296404,77973.4646,75165.0,72356.5354,0
FPT.VN,2026-05-07,73900.0,74300.0,73000.0,73000.0,10186100,74900.0,77058.0,74859.8985,78659.0265,39.7317,-1126.57,-1225.0132,98.4432,1585.3184,453110304,77451.367,74900.0,72348.633,0
FPT.VN,2026-05-08,73200.0,73300.0,71900.0,71900.0,13444300,74610.0,76638.0,74578.0034,78393.9667,36.5002,-1235.6226,-1227.1351,-8.4876,1572.0814,439666004,77139.7389,74610.0,72080.2611,0
FPT.VN,2026-05-11,71700.0,71700.0,70000.0,70000.0,16909100,74310.0,76246.0,74142.0031,78064.7915,31.7038,-1458.5485,-1273.4178,-185.1308,1595.5042,422756904,77486.1612,74310.0,71133.8388,1
FPT.VN,2026-05-12,70100.0,71500.0,70000.0,70600.0,8533300,74030.0,75866.0,73804.6695,77772.0546,34.6254,-1568.7207,-1332.4784,-236.2423,1588.6824,431290204,77480.1564,74030.0,70579.8436,1
FPT.VN,2026-05-13,70600.0,71500.0,70000.0,70700.0,11517600,73810.0,75578.0,73508.9867,77494.7191,35.1235,-1629.1835,-1391.8194,-237.3641,1582.348,442807804,77523.9283,73810.0,70096.0717,1
FPT.VN,2026-05-14,71100.0,75300.0,71000.0,73900.0,21565500,73800.0,75368.0,73546.226,77353.7497,48.616,-1402.7179,-1393.9991,-8.7188,1797.8946,464373304,77511.7169,73800.0,70088.2831,0
FPT.VN,2026-05-15,74200.0,74200.0,72700.0,72900.0,6386100,73645.0,75194.0,73484.6807,77179.0929,45.4359,-1289.0742,-1373.0141,83.9399,1776.6164,457987204,77226.5169,73645.0,70063.4831,1
FPT.VN,2026-05-18,72900.0,75300.0,72000.0,74900.0,18323700,73545.0,75174.0,73619.473,77089.7167,52.174,-1025.8027,-1303.5718,277.7692,1885.4295,476310904,76844.4258,73545.0,70245.5742,0
FPT.VN,2026-05-19,75000.0,75800.0,74300.0,74500.0,11279900,73515.0,75074.0,73703.3327,76988.1592,50.8223,-839.7546,-1210.8084,371.0538,1857.8988,465031004,76765.4413,73515.0,70264.5587,1
FPT.VN,2026-05-20,74800.0,78500.0,72800.0,77700.0,25976600,73670.0,75024.0,74083.9677,77016.0745,59.7963,-429.1499,-1054.4767,625.3268,2132.3346,491007604,77398.7503,73670.0,69941.2497,0
FPT.VN,2026-05-21,77700.0,77900.0,75700.0,76500.0,11809100,73780.0,75000.0,74314.066,76995.8363,55.6921,-198.2869,-883.2387,684.9518,2137.1679,479198504,77711.3049,73780.0,69848.6951,0
FPT.VN,2026-05-22,76800.0,77600.0,75100.0,75100.0,11668800,73865.0,74962.0,74388.9169,76921.4898,51.2707,-126.8327,-731.9575,605.1249,2163.0844,467529704,77835.0325,73865.0,69894.9675,0
FPT.VN,2026-05-25,74600.0,75600.0,73500.0,73500.0,10441000,73870.0,74868.0,74304.2581,76787.3137,46.707,-197.0399,-624.974,427.9341,2158.5784,457088704,77837.8179,73870.0,69902.1821,1
FPT.VN,2026-05-26,73600.0,74600.0,73600.0,74500.0,5104800,73875.0,74770.0,74322.9002,76697.6151,49.7194,-170.028,-533.9848,363.9568,2082.9657,462193504,77845.8809,73875.0,69904.1191,0
FPT.VN,2026-05-27,74500.0,75300.0,73100.0,73600.0,9176300,73780.0,74670.0,74254.0526,76576.14,47.137,-218.7221,-470.9323,252.2102,2091.3253,453017204,77677.4215,73780.0,69882.5785,0
FPT.VN,2026-05-28,72800.0,73100.0,71200.0,71200.0,10646900,73565.0,74558.0,73963.1904,76365.311,41.0185,-445.8332,-465.9124,20.0793,2113.3735,442370304,77536.623,73565.0,69593.377,1
FPT.VN,2026-05-29,71200.0,72500.0,70800.0,71600.0,5446700,73370.0,74498.0,73738.1247,76178.4361,42.3614,-586.7796,-490.0859,-96.6938,2083.8468,447817004,77324.531,73370.0,69415.469,1
FPT.VN,2026-06-01,72200.0,73400.0,72100.0,72900.0,5972700,73330.0,74494.0,73658.3033,76049.8699,46.6153,-586.8171,-509.4321,-77.385,2063.572,453789704,77286.6599,73330.0,69373.3401,1
FPT.VN,2026-06-02,73000.0,75600.0,73000.0,74800.0,17368000,73355.0,74482.0,73767.0363,76000.8554,52.1714,-428.5922,-493.2641,64.672,2109.0312,471157704,77343.655,73355.0,69366.345,1
FPT.VN,2026-06-03,75100.0,77700.0,75000.0,76500.0,25278600,73515.0,74472.0,74027.3185,76020.4297,56.5306,-164.13,-427.4373,263.3073,2165.5289,496436304,77743.8607,73515.0,69286.1393,0
FPT.VN,2026-06-04,76700.0,77200.0,75800.0,76100.0,11304700,73670.0,74510.0,74224.7168,76023.5501,55.2545,13.0313,-339.3436,352.3749,2110.8483,485131604,78044.1345,73670.0,69295.8655,0
FPT.VN,2026-06-05,76000.0,76000.0,74300.0,75000.0,11218100,73825.0,74488.0,74298.5533,75983.4109,51.7921,63.9351,-258.6878,322.623,2088.6448,473913504,78154.5192,73825.0,69495.4808,0
FPT.VN,2026-06-08,73700.0,74500.0,72800.0,72900.0,10914200,73970.0,74466.0,74165.3577,75862.4928,45.8811,-64.4329,-219.8369,155.4039,2096.5988,462999304,77939.4093,73970.0,70000.5907,1
FPT.VN,2026-06-09,73400.0,74200.0,72600.0,73700.0,7772300,74125.0,74446.0,74121.0379,75777.6892,48.3017,-100.4543,-195.9603,95.5061,2061.1274,470771604,77769.1012,74125.0,70480.8988,1
FPT.VN,2026-06-10,73500.0,74500.0,73500.0,74200.0,4736000,74300.0,74424.0,74128.5581,75715.819,49.8126,-87.6453,-174.2973,86.652,1985.3326,475507604,77568.349,74300.0,71031.651,0
FPT.VN,2026-06-11,73900.0,73900.0,73100.0,73100.0,3507300,74260.0,74392.0,74030.6002,75613.2379,46.5868,-164.3602,-172.3099,7.9497,1922.0946,472000304,77568.299,74260.0,70951.701,1
FPT.VN,2026-06-12,73600.0,74300.0,73500.0,73500.0,5688200,74290.0,74382.0,73980.0669,75530.3658,47.9079,-190.6827,-175.9845,-14.6982,1870.5164,477688504,77556.996,74290.0,71023.004,1
FPT.VN,2026-06-15,74400.0,75200.0,73500.0,73600.0,6422700,74225.0,74376.0,73943.87,75454.6652,48.2525,-201.1554,-181.0186,-20.1368,1858.3366,484111204,77492.6243,74225.0,70957.3757,0
FPT.VN,2026-06-16,73700.0,74200.0,73100.0,73200.0,5819800,74160.0,74360.0,73873.0253,75366.2469,46.9156,-238.977,-192.6103,-46.3667,1804.1697,478291404,77456.186,74160.0,70863.814,0
FPT.VN,2026-06-17,73300.0,73400.0,72200.0,72300.0,10652200,73890.0,74224.0,73723.2133,75246.002,43.9643,-337.6808,-221.6244,-116.0564,1761.0148,467639204,76830.7482,73890.0,70949.2518,0
FPT.VN,2026-06-18,72300.0,72300.0,71500.0,71600.0,13665800,73645.0,74090.0,73521.0025,75103.0215,41.7637,-467.0051,-270.7006,-196.3046,1692.3709,453973404,76484.9222,73645.0,70805.0778,0
FPT.VN,2026-06-19,71600.0,71800.0,70800.0,71500.0,14295100,73465.0,73966.0,73328.5261,74961.7265,41.4445,-570.9828,-330.757,-240.2258,1642.9158,439678304,76372.178,73465.0,70557.822,0
FPT.VN,2026-06-22,71500.0,71700.0,70300.0,70600.0,9260100,73320.0,73858.0,73068.6665,74790.6784,38.5865,-717.7347,-408.1525,-309.5822,1625.5647,430418204,76496.6252,73320.0,70143.3748,1
FPT.VN,2026-06-23,70900.0,71800.0,70700.0,70800.0,5737500,73135.0,73750.0,72852.603,74634.1812,39.5836,-808.5775,-488.2375,-320.34,1595.1672,436155704,76450.2121,73135.0,69819.7879,0
FPT.VN,2026-06-24,71000.0,71200.0,70100.0,70800.0,5968500,72995.0,73664.0,72657.117,74483.8212,39.5836,-870.5362,-564.6973,-305.8389,1559.7981,436155704,76460.6054,72995.0,69529.3946,1
FPT.VN,2026-06-25,71000.0,71700.0,70800.0,71000.0,6592100,72985.0,73602.0,72499.2963,74347.2008,40.7001,-893.2042,-630.3986,-262.8055,1512.6697,442747804,76473.4924,72985.0,69496.5076,0
FPT.VN,2026-06-26,71300.0,71300.0,70300.0,70800.0,4333200,72945.0,73498.0,72337.4586,74208.0948,39.9059,-916.7395,-687.6668,-229.0727,1476.0504,438414604,76517.6888,72945.0,69372.3112,0
FPT.VN,2026-06-29,70700.0,70800.0,70200.0,70400.0,4618200,72820.0,73368.0,72152.9387,74058.7578,38.2963,-956.6405,-741.4615,-215.1789,1413.4754,433796404,76569.8632,72820.0,69070.1368,0
FPT.VN,2026-06-30,70500.0,70800.0,70200.0,70200.0,6075800,72590.0,73270.0,71966.9446,73907.434,37.4822,-992.9544,-791.7601,-201.1943,1355.37,427720604,76392.4369,72590.0,68787.5631,0
FPT.VN,2026-07-01,70500.0,70800.0,70200.0,70200.0,6075800,72275.0,73182.0,71798.6641,73762.0444,37.4822,-1010.0899,-835.4261,-174.6638,1301.415,427720604,75742.6702,72275.0,68807.3298,1
FPT.VN,2026-07-02,72900.0,73300.0,72500.0,72500.0,5690500,72095.0,73146.0,71865.458,73712.5525,51.2917,-828.5283,-834.0465,5.5182,1429.8854,433411104,75064.6535,72095.0,69125.3465,0
FPT.VN,2026-07-03,72500.0,73100.0,71700.0,72300.0,7490500,71960.0,73124.0,71906.843,73657.1582,50.2523,-692.7916,-805.7955,113.0039,1427.7507,425920604,74600.893,71960.0,69319.107,1
FPT.VN,2026-07-06,72400.0,74000.0,71900.0,73000.0,11200200,71965.0,73116.0,72010.9532,73631.3873,53.7827,-522.7098,-749.1784,226.4686,1475.7685,437120804,74613.7534,71965.0,69316.2466,1
FPT.VN,2026-07-07,73000.0,73700.0,72500.0,73200.0,4557200,71940.0,73092.0,72124.1957,73614.4702,54.7703,-367.5435,-672.8514,305.3079,1456.0707,441678004,74528.5578,71940.0,69351.4422,0
FPT.VN,2026-07-08,72400.0,72800.0,71500.0,72100.0,6741600,71835.0,73024.0,72121.8914,73555.0792,48.6168,-329.5353,-604.1882,274.6529,1473.4943,434936404,74198.1157,71835.0,69471.8843,0
FPT.VN,2026-07-09,71800.0,73000.0,71700.0,72100.0,4441900,71785.0,72956.0,72119.8065,73498.0173,48.6168,-296.0014,-542.5508,246.5495,1461.1018,434936404,74076.6553,71785.0,69493.3447,0
FPT.VN,2026-07-10,72000.0,72300.0,70600.0,70600.0,7937300,71640.0,72858.0,71975.063,73384.3695,41.2817,-386.0132,-511.2433,125.2301,1478.166,426999104,73839.9043,71640.0,69440.0957,0
FPT.VN,2026-07-13,70300.0,71300.0,70200.0,70500.0,7738400,71485.0,72794.0,71834.5808,73271.257,40.8394,-460.1135,-501.0173,40.9038,1451.1541,419260704,73535.1861,71485.0,69434.8139,0
FPT.VN,2026-07-14,70300.0,70900.0,70000.0,70300.0,6626800,71340.0,72714.0,71688.4303,73154.7371,39.918,-528.8803,-506.5899,-22.2904,1411.786,412633904,73287.0896,71340.0,69392.9104,0
FPT.VN,2026-07-15,70400.0,70400.0,66800.0,66800.0,21271900,71065.0,72584.0,71222.8655,72905.5317,28.0094,-855.9325,-576.4585,-279.4741,1568.087,391362004,73825.0725,71065.0,68304.9275,1
FPT.VN,2026-07-16,66700.0,68000.0,64700.0,68000.0,13030600,70885.0,72484.0,70915.9259,72713.1579,35.1524,-1006.6893,-662.5046,-344.1847,1691.795,404392604,73950.7874,70885.0,67819.2126,0
FPT.VN,2026-07-17,68300.0,68400.0,67000.0,67000.0,3987800,70660.0,72386.0,70542.9806,72489.1125,32.2782,-1193.1035,-768.6244,-424.4791,1670.9525,400404804,74164.8237,70660.0,67155.1763,1
FPT.VN,2026-07-20,66900.0,67700.0,66100.0,67100.0,7346800,70485.0,72328.0,70215.0777,72277.7748,32.8693,-1317.5806,-878.4156,-439.165,1665.8845,407751604,74334.9624,70485.0,66635.0376,0
FPT.VN,2026-07-21,66500.0,67900.0,64800.0,64800.0,7540400,70185.0,72212.0,69699.356,71984.5287,27.0262,-1583.5661,-1019.4457,-564.1203,1768.3213,400211204,74792.214,70185.0,65577.786,0
FPT.VN,2026-07-22,65000.0,67500.0,64600.0,64600.0,10060700,69875.0,72090.0,69213.703,71694.9394,26.5837,-1789.8673,-1173.53,-616.3372,1849.1555,390150504,75100.7963,69875.0,64649.2037,1
FPT.VN,2026-07-23,65000.0,65700.0,64200.0,64700.0,6287300,69560.0,71906.0,68783.8266,71420.628,27.2254,-1923.1247,-1323.449,-599.6758,1824.2158,396437804,75240.0297,69560.0,63879.9703,0
FPT.VN,2026-07-24,64300.0,64500.0,62800.0,62900.0,5804800,69165.0,71706.0,68223.4621,71086.4857,23.281,-2149.2025,-1488.5997,-660.6028,1829.629,390633004,75538.3904,69165.0,62791.6096,0
FPT.VN,2026-07-27,63100.0,63700.0,62200.0,62200.0,4449500,68755.0,71452.0,67649.7991,70737.9961,21.9493,-2357.6771,-1662.4152,-695.2619,1806.0841,386183504,75812.2024,68755.0,61697.7976,1
FPT.VN,2026-07-28,61900.0,63700.0,61500.0,63000.0,5399400,68395.0,71222.0,67206.9611,70434.5453,27.083,-2430.3261,-1815.9974,-614.3288,1834.2209,391582904,75864.369,68395.0,60925.631,1
FPT.VN,2026-07-29,63000.0,65300.0,62500.0,65100.0,6114000,68140.0,70970.0,67006.2981,70225.3474,38.5153,-2292.0275,-1911.2034,-380.8241,1903.2051,397696904,75697.6103,68140.0,60582.3897,1
FPT.VN,2026-07-30,65200.0,67200.0,64800.0,67000.0,7571500,67865.0,70780.0,67005.6983,70098.8632,46.6633,-2005.9869,-1930.1601,-75.8268,1938.6905,405268404,75149.9593,67865.0,60580.0407,1
FPT.VN,2026-07-31,67200.0,67900.0,66500.0,67100.0,6253600,67605.0,70620.0,67014.6794,69981.2607,47.0609,-1751.0436,-1894.3368,143.2932,1900.2126,411522004,74588.4315,67605.0,60621.5685,0
